transaction_id,transaction_date,city,customer_id,card_type,expense_type,gender,amount,payment_mode,merchant,merchant_category,approval_status
n100000,2026-06-13,Bengaluru,C13278,RuPay,Groceries,Male,3574.49,Credit,DMart,Fuel,Declined
n100001,2026-01-09,Hyderabad,C22280,MasterCard,Groceries,Male,14075.0,NetBanking,IOCL,Retail,Declined
n100002,2026-05-31,Delhi,C10851,MasterCard,Utilities,Female,8572.24,Credit,IRCTC,Travel,Approved
n100003,2026-01-24,Kolkata,C22676,RuPay,Travel,Female,20197.49,NetBanking,HPCL,Fuel,Approved
n100004,2026-04-07,Bengaluru,C82357,RuPay,Utilities,Female,14476.07,NetBanking,DMart,E-commerce,Approved
n100005,2026-03-16,Bengaluru,C40512,Visa,Dining,Female,11389.92,UPI,Reliance,Travel,Declined
n100006,2026-02-23,Delhi,C99593,Visa,Shopping,Male,13400.08,Credit,Reliance,Food,Declined
n100007,2026-03-11,Mumbai,C99733,RuPay,Fuel,Male,20562.88,UPI,IOCL,Travel,Approved
n100008,2026-02-24,Pune,C37869,Amex,Dining,Female,3657.5,Credit,IRCTC,Utilities,Declined
n100009,2026-05-30,Kolkata,C86484,Amex,Travel,Male,24933.41,Credit,HPCL,E-commerce,Approved
n100010,2026-01-29,Chennai,C92240,MasterCard,Utilities,Female,14950.58,UPI,IOCL,Fuel,Declined
n100011,2026-05-16,Delhi,C82512,Visa,Utilities,Male,17074.59,NetBanking,Swiggy,Utilities,Declined
n100012,2026-01-29,Delhi,C66985,MasterCard,Dining,Male,23850.02,NetBanking,Swiggy,Fuel,Approved
n100013,2026-05-10,Bengaluru,C91959,RuPay,Utilities,Male,3905.7,Credit,Amazon,Fuel,Declined
n100014,2026-05-06,Hyderabad,C24662,RuPay,Travel,Male,1542.34,NetBanking,DMart,E-commerce,Declined
n100015,2026-01-18,Chennai,C26828,Amex,Shopping,Male,6699.91,NetBanking,IOCL,Retail,Approved
n100016,2026-03-21,Kolkata,C98039,RuPay,Dining,Female,3113.0,Credit,DMart,Travel,Approved
n100017,2026-05-31,Mumbai,C87128,MasterCard,Fuel,Male,17725.24,Credit,IRCTC,E-commerce,Approved
n100018,2026-03-26,Bengaluru,C77391,MasterCard,Travel,Female,5434.5,Credit,HPCL,Retail,Declined
n100019,2026-04-15,Mumbai,C22363,Visa,Utilities,Female,8922.01,UPI,HPCL,Utilities,Approved
n100020,2026-06-22,Bengaluru,C17944,Amex,Utilities,Female,20034.75,Credit,IRCTC,Retail,Approved
n100021,2026-05-18,Vizag,C28373,Amex,Groceries,Female,11619.44,Credit,HPCL,Fuel,Approved
n100022,2026-01-13,Hyderabad,C22224,MasterCard,Groceries,Female,12192.46,Credit,IOCL,E-commerce,Approved
n100023,2026-04-08,Hyderabad,C61173,RuPay,Dining,Female,10632.89,NetBanking,HPCL,Retail,Approved
n100024,2026-03-17,Mumbai,C17665,Visa,Utilities,Female,1523.42,NetBanking,HPCL,Fuel,Approved
n100025,2026-01-15,Bengaluru,C34356,Visa,Shopping,Male,16912.79,Credit,IOCL,E-commerce,Approved
n100026,2026-05-29,Hyderabad,C91183,Visa,Dining,Female,23374.19,Credit,Zomato,Retail,Declined
n100027,2026-04-12,Chennai,C98039,RuPay,Dining,Female,23232.56,Credit,Amazon,Food,Approved
n100028,2026-01-19,Mumbai,C76307,RuPay,Groceries,Female,22033.52,Credit,Zomato,Travel,Approved
n100029,2026-04-23,Delhi,C90173,Visa,Utilities,Female,23300.73,Credit,Reliance,Travel,Approved
n100030,2026-01-28,Chennai,C45697,RuPay,Shopping,Male,17968.54,Credit,Swiggy,Fuel,Declined
n100031,2026-03-06,Hyderabad,C22097,Amex,Travel,Male,188.29,Credit,Swiggy,Retail,Declined
n100032,2026-05-22,Kolkata,C83519,Visa,Fuel,Male,23631.77,NetBanking,Reliance,Fuel,Approved
n100033,2026-04-05,Chennai,C66333,MasterCard,Fuel,Female,9179.82,Credit,Zomato,Retail,Approved
n100034,2026-06-20,Bengaluru,C56357,Amex,Shopping,Male,23151.52,Credit,Reliance,Retail,Declined
n100035,2026-01-07,Chennai,C53540,Amex,Utilities,Male,6743.46,NetBanking,DMart,Food,Approved
n100036,2026-05-01,Mumbai,C36158,Amex,Travel,Female,20531.36,Credit,IRCTC,E-commerce,Approved
n100037,2026-04-13,Pune,C46517,Visa,Travel,Female,16072.9,UPI,Zomato,E-commerce,Approved
n100038,2026-03-08,Chennai,C86099,RuPay,Fuel,Male,14954.62,UPI,Zomato,Food,Approved
n100039,2026-04-09,Mumbai,C43386,Visa,Utilities,Female,142.11,NetBanking,IRCTC,Travel,Declined
n100040,2026-01-18,Pune,C91678,RuPay,Utilities,Male,18021.88,UPI,Swiggy,Utilities,Declined
n100041,2026-03-25,Kolkata,C48752,MasterCard,Groceries,Female,16656.74,UPI,Reliance,Fuel,Declined
n100042,2026-04-14,Hyderabad,C49829,RuPay,Groceries,Female,19665.39,NetBanking,Zomato,Food,Declined
n100043,2026-04-24,Mumbai,C77000,Amex,Utilities,Male,16505.38,UPI,Zomato,E-commerce,Approved
n100044,2026-06-22,Delhi,C39444,MasterCard,Groceries,Male,1250.72,UPI,DMart,Food,Declined
n100045,2026-06-11,Mumbai,C60328,Amex,Dining,Male,3774.53,NetBanking,Amazon,E-commerce,Declined
n100046,2026-02-26,Chennai,C77889,Amex,Fuel,Male,22945.0,Credit,HPCL,Retail,Declined
n100047,2026-06-20,Pune,C68008,Amex,Shopping,Female,22440.48,NetBanking,HPCL,Food,Declined
n100048,2026-03-05,Delhi,C78327,Amex,Utilities,Male,6937.48,Credit,Swiggy,Retail,Declined
n100049,2026-03-27,Pune,C80798,Visa,Groceries,Male,5858.41,NetBanking,Reliance,Utilities,Approved
n100050,2026-01-17,Kolkata,C63424,RuPay,Shopping,Female,10452.78,Credit,IOCL,Food,Approved
n100051,2026-05-28,Kolkata,C72518,Visa,Travel,Female,18861.53,UPI,IRCTC,Food,Approved
n100052,2026-03-11,Kolkata,C73654,Visa,Dining,Female,16754.95,UPI,Reliance,Food,Approved
n100053,2026-06-09,Hyderabad,C61645,Visa,Fuel,Female,3478.92,UPI,Reliance,E-commerce,Declined
n100054,2026-04-08,Pune,C37742,Amex,Travel,Female,19054.62,UPI,Swiggy,Food,Declined
n100055,2026-01-21,Vizag,C12540,Visa,Travel,Male,16288.59,NetBanking,Amazon,E-commerce,Approved
n100056,2026-02-21,Hyderabad,C91439,MasterCard,Groceries,Male,11891.67,Credit,IRCTC,Food,Declined
n100057,2026-04-05,Chennai,C89415,Visa,Groceries,Female,2791.66,Credit,Swiggy,Fuel,Declined
n100058,2026-04-12,Mumbai,C19961,MasterCard,Fuel,Female,21272.3,NetBanking,DMart,Fuel,Approved
n100059,2026-03-30,Kolkata,C96706,RuPay,Fuel,Female,415.04,UPI,HPCL,E-commerce,Declined
n100060,2026-04-03,Vizag,C30052,Amex,Groceries,Female,15436.22,NetBanking,HPCL,Food,Declined
n100061,2026-06-01,Delhi,C52245,MasterCard,Fuel,Female,22052.62,Credit,HPCL,Fuel,Declined
n100062,2026-03-28,Hyderabad,C74789,RuPay,Groceries,Female,5381.78,UPI,Zomato,Travel,Declined
n100063,2026-05-23,Hyderabad,C77715,MasterCard,Fuel,Male,18029.86,UPI,IRCTC,Utilities,Declined
n100064,2026-06-15,Vizag,C68743,Visa,Fuel,Female,5617.75,NetBanking,IRCTC,Travel,Declined
n100065,2026-05-02,Pune,C65771,RuPay,Travel,Female,6845.82,UPI,IRCTC,E-commerce,Approved
n100066,2026-03-22,Bengaluru,C80236,MasterCard,Groceries,Male,18491.26,UPI,Swiggy,E-commerce,Approved
n100067,2026-03-17,Mumbai,C57301,MasterCard,Travel,Male,17729.66,Credit,Swiggy,E-commerce,Approved
n100068,2026-05-22,Delhi,C26551,Amex,Fuel,Male,14394.2,UPI,HPCL,Food,Declined
n100069,2026-02-17,Hyderabad,C43092,Amex,Fuel,Male,10077.62,Credit,Amazon,Retail,Approved
n100070,2026-05-25,Delhi,C21164,MasterCard,Fuel,Female,15197.31,NetBanking,IRCTC,Fuel,Declined
n100071,2026-04-26,Vizag,C48974,Amex,Travel,Male,15279.81,NetBanking,DMart,Retail,Approved
n100072,2026-03-09,Bengaluru,C30585,MasterCard,Groceries,Male,3997.66,UPI,HPCL,Utilities,Declined
n100073,2026-03-16,Hyderabad,C40340,RuPay,Utilities,Female,17604.39,UPI,DMart,Utilities,Approved
n100074,2026-03-09,Mumbai,C65723,Visa,Shopping,Male,16226.1,UPI,Reliance,E-commerce,Approved
n100075,2026-02-12,Delhi,C87993,RuPay,Dining,Male,11770.58,UPI,IOCL,Travel,Declined
n100076,2026-04-23,Bengaluru,C88385,Visa,Dining,Female,15132.47,Credit,DMart,Retail,Approved
n100077,2026-06-22,Delhi,C85529,Visa,Groceries,Female,13022.2,UPI,Swiggy,Retail,Declined
n100078,2026-06-12,Vizag,C21959,Amex,Travel,Female,8399.38,NetBanking,DMart,Retail,Declined
n100079,2026-04-16,Vizag,C47777,Amex,Shopping,Male,11425.17,UPI,Swiggy,Travel,Approved
n100080,2026-04-14,Hyderabad,C96200,Amex,Dining,Male,4770.81,UPI,HPCL,Utilities,Declined
n100081,2026-01-14,Mumbai,C45003,MasterCard,Travel,Female,22033.08,UPI,DMart,E-commerce,Approved
n100082,2026-02-10,Delhi,C82199,Visa,Shopping,Female,2420.91,Credit,HPCL,E-commerce,Approved
n100083,2026-05-08,Delhi,C76698,RuPay,Dining,Female,24508.09,Credit,HPCL,Fuel,Approved
n100084,2026-04-09,Mumbai,C88561,MasterCard,Fuel,Female,19339.61,UPI,Zomato,Fuel,Declined
n100085,2026-01-01,Delhi,C49132,Amex,Groceries,Female,13510.66,UPI,Zomato,Fuel,Declined
n100086,2026-04-27,Pune,C34727,MasterCard,Shopping,Female,5915.7,UPI,Amazon,Travel,Declined
n100087,2026-06-30,Kolkata,C60604,MasterCard,Dining,Male,3243.53,NetBanking,Zomato,E-commerce,Declined
n100088,2026-01-26,Vizag,C12011,MasterCard,Dining,Male,1963.22,UPI,Zomato,Fuel,Declined
n100089,2026-06-16,Bengaluru,C53065,Amex,Travel,Female,21822.34,Credit,DMart,Retail,Declined
n100090,2026-02-28,Bengaluru,C66881,Visa,Utilities,Male,11147.6,NetBanking,Swiggy,E-commerce,Approved
n100091,2026-03-25,Hyderabad,C48452,RuPay,Travel,Female,3724.69,NetBanking,IOCL,Fuel,Approved
n100092,2026-02-13,Chennai,C20350,Amex,Shopping,Male,12491.91,NetBanking,Reliance,Retail,Declined
n100093,2026-06-13,Delhi,C70236,RuPay,Utilities,Male,22482.82,UPI,Swiggy,Utilities,Approved
n100094,2026-01-19,Vizag,C55293,RuPay,Utilities,Female,17288.81,UPI,Swiggy,Retail,Declined
n100095,2026-05-04,Bengaluru,C41091,Amex,Shopping,Female,14412.82,NetBanking,Swiggy,E-commerce,Declined
n100096,2026-03-12,Hyderabad,C84177,Visa,Shopping,Female,20837.69,UPI,IRCTC,Fuel,Declined
n100097,2026-02-26,Mumbai,C91381,RuPay,Utilities,Male,15743.38,NetBanking,Amazon,Travel,Declined
n100098,2026-01-09,Pune,C27224,Visa,Travel,Female,18712.27,Credit,IRCTC,Retail,Declined
n100099,2026-05-16,Delhi,C31567,RuPay,Dining,Female,18689.33,UPI,DMart,Food,Approved
n100100,2026-02-06,Mumbai,C98647,Amex,Shopping,Female,2348.54,UPI,Amazon,Travel,Approved
n100101,2026-04-27,Pune,C98188,RuPay,Shopping,Female,20578.19,UPI,DMart,Utilities,Approved
n100102,2026-05-01,Hyderabad,C91205,RuPay,Shopping,Male,16226.54,NetBanking,HPCL,Utilities,Declined
n100103,2026-06-16,Kolkata,C25292,MasterCard,Fuel,Male,7678.68,UPI,DMart,E-commerce,Approved
n100104,2026-05-18,Chennai,C60940,Amex,Travel,Female,14724.77,NetBanking,Reliance,Food,Approved
n100105,2026-05-06,Kolkata,C46666,Visa,Utilities,Female,5510.02,UPI,IRCTC,Travel,Approved
n100106,2026-06-25,Pune,C81364,RuPay,Fuel,Female,6969.45,Credit,HPCL,E-commerce,Approved
n100107,2026-06-14,Hyderabad,C16629,RuPay,Groceries,Male,19695.75,Credit,DMart,Fuel,Approved
n100108,2026-05-31,Mumbai,C40539,RuPay,Groceries,Male,7004.14,Credit,Reliance,Fuel,Declined
n100109,2026-02-14,Bengaluru,C96646,Visa,Groceries,Male,9020.23,Credit,Zomato,E-commerce,Approved
n100110,2026-03-09,Hyderabad,C26614,Amex,Shopping,Male,18667.07,UPI,HPCL,Travel,Approved
n100111,2026-04-26,Mumbai,C90623,Visa,Utilities,Female,11505.26,Credit,Amazon,Food,Declined
n100112,2026-04-20,Bengaluru,C74260,Amex,Fuel,Male,8120.58,Credit,DMart,Retail,Declined
n100113,2026-06-09,Pune,C59925,RuPay,Dining,Female,2569.54,NetBanking,DMart,Utilities,Approved
n100114,2026-04-21,Vizag,C39949,Amex,Travel,Female,10028.38,NetBanking,DMart,Travel,Declined
n100115,2026-03-22,Delhi,C59060,MasterCard,Utilities,Female,1771.62,Credit,DMart,Food,Approved
n100116,2026-04-06,Chennai,C82924,Visa,Shopping,Female,16783.33,UPI,Zomato,Utilities,Declined
n100117,2026-01-14,Delhi,C88696,RuPay,Travel,Male,14490.17,Credit,Reliance,Utilities,Declined
n100118,2026-02-27,Bengaluru,C55890,RuPay,Fuel,Female,14395.09,UPI,Amazon,Fuel,Declined
n100119,2026-01-08,Chennai,C45818,RuPay,Travel,Female,252.03,Credit,IOCL,E-commerce,Approved
n100120,2026-06-12,Hyderabad,C22026,MasterCard,Dining,Female,11395.78,Credit,Zomato,Travel,Declined
n100121,2026-05-26,Bengaluru,C16895,MasterCard,Groceries,Male,16881.82,UPI,HPCL,Utilities,Declined
n100122,2026-05-05,Vizag,C64287,RuPay,Groceries,Male,8694.8,Credit,Swiggy,Utilities,Declined
n100123,2026-05-15,Delhi,C15952,MasterCard,Dining,Male,291.41,UPI,IRCTC,Retail,Declined
n100124,2026-03-16,Pune,C25726,Visa,Dining,Female,4474.8,UPI,IRCTC,Fuel,Declined
n100125,2026-01-19,Kolkata,C15544,Amex,Fuel,Female,23036.94,UPI,IOCL,Fuel,Declined
n100126,2026-06-13,Kolkata,C47947,Visa,Dining,Male,24158.37,Credit,HPCL,Utilities,Declined
n100127,2026-01-23,Kolkata,C23875,MasterCard,Dining,Female,13146.67,UPI,Swiggy,Utilities,Declined
n100128,2026-02-26,Pune,C32037,Visa,Shopping,Male,13312.06,Credit,Zomato,Travel,Approved
n100129,2026-03-02,Bengaluru,C29194,RuPay,Groceries,Male,15099.73,NetBanking,DMart,Retail,Declined
n100130,2026-04-29,Vizag,C99277,RuPay,Utilities,Female,3858.84,Credit,HPCL,Food,Declined
n100131,2026-03-12,Hyderabad,C56129,Visa,Travel,Female,11352.66,Credit,Zomato,Travel,Approved
n100132,2026-06-15,Bengaluru,C90610,Amex,Dining,Male,11298.37,NetBanking,IRCTC,Travel,Declined
n100133,2026-05-09,Chennai,C18109,Amex,Fuel,Female,24561.4,Credit,Reliance,E-commerce,Approved
n100134,2026-04-23,Vizag,C78690,MasterCard,Travel,Female,22956.63,UPI,IOCL,Travel,Approved
n100135,2026-06-11,Pune,C18639,RuPay,Fuel,Female,7175.26,NetBanking,Reliance,Travel,Approved
n100136,2026-05-30,Chennai,C55851,RuPay,Utilities,Female,3310.9,NetBanking,DMart,Travel,Declined
n100137,2026-06-14,Pune,C26750,Visa,Utilities,Female,12761.36,Credit,Zomato,Travel,Approved
n100138,2026-02-24,Pune,C73736,MasterCard,Groceries,Male,3958.13,UPI,DMart,Fuel,Approved
n100139,2026-06-19,Pune,C91006,MasterCard,Shopping,Female,3940.89,Credit,Reliance,Utilities,Declined
n100140,2026-01-12,Kolkata,C57749,MasterCard,Dining,Female,18834.54,UPI,IRCTC,Fuel,Approved
n100141,2026-03-21,Vizag,C35430,RuPay,Utilities,Female,11595.83,UPI,IOCL,Fuel,Declined
n100142,2026-02-11,Mumbai,C89254,MasterCard,Travel,Male,16065.36,UPI,DMart,Utilities,Approved
n100143,2026-03-14,Bengaluru,C31012,RuPay,Dining,Male,20793.06,Credit,IRCTC,Food,Declined
n100144,2026-01-07,Kolkata,C16980,Amex,Shopping,Female,5970.87,Credit,Zomato,Retail,Approved
n100145,2026-03-23,Bengaluru,C95191,RuPay,Groceries,Male,1053.75,UPI,Reliance,Utilities,Declined
n100146,2026-04-25,Hyderabad,C20384,Visa,Travel,Male,20890.58,NetBanking,IOCL,E-commerce,Declined
n100147,2026-03-02,Delhi,C25970,Visa,Groceries,Female,16009.9,NetBanking,HPCL,E-commerce,Approved
n100148,2026-05-08,Hyderabad,C92831,MasterCard,Utilities,Male,7352.67,Credit,Zomato,Retail,Declined
n100149,2026-02-17,Bengaluru,C78614,RuPay,Fuel,Male,9822.3,UPI,Amazon,Utilities,Declined
n100150,2026-04-06,Delhi,C12128,RuPay,Fuel,Female,6104.04,NetBanking,DMart,Fuel,Declined
n100151,2026-02-04,Hyderabad,C56176,RuPay,Utilities,Male,20776.55,NetBanking,HPCL,Utilities,Declined
n100152,2026-06-11,Chennai,C27675,Visa,Utilities,Female,1020.9,Credit,Amazon,Retail,Approved
n100153,2026-03-22,Delhi,C77552,Amex,Shopping,Female,6407.51,NetBanking,IRCTC,Travel,Declined
n100154,2026-01-13,Pune,C45811,Visa,Travel,Female,22248.21,NetBanking,HPCL,Food,Declined
n100155,2026-02-17,Vizag,C75211,RuPay,Shopping,Female,20048.59,NetBanking,IOCL,E-commerce,Declined
n100156,2026-06-04,Chennai,C81496,RuPay,Travel,Male,2093.72,NetBanking,Swiggy,Travel,Declined
n100157,2026-06-04,Kolkata,C31842,Amex,Travel,Female,1154.64,UPI,IOCL,Travel,Approved
n100158,2026-01-20,Kolkata,C57619,MasterCard,Fuel,Male,21231.87,NetBanking,HPCL,E-commerce,Approved
n100159,2026-01-18,Mumbai,C94562,RuPay,Travel,Female,23741.73,Credit,Reliance,Utilities,Declined
n100160,2026-04-05,Pune,C68188,Visa,Shopping,Male,13283.55,UPI,Zomato,Utilities,Declined
n100161,2026-03-05,Bengaluru,C13396,MasterCard,Dining,Female,22847.21,Credit,Swiggy,Travel,Declined
n100162,2026-02-24,Delhi,C74382,MasterCard,Fuel,Male,21335.37,UPI,Reliance,Utilities,Declined
n100163,2026-01-23,Pune,C97535,RuPay,Utilities,Male,13794.93,UPI,Swiggy,Retail,Approved
n100164,2026-04-03,Mumbai,C25907,MasterCard,Groceries,Male,19780.29,Credit,Zomato,Fuel,Declined
n100165,2026-04-30,Chennai,C90209,Visa,Fuel,Female,10014.18,NetBanking,HPCL,Fuel,Declined
n100166,2026-04-15,Bengaluru,C26426,RuPay,Utilities,Male,11304.36,NetBanking,Zomato,Retail,Approved
n100167,2026-02-03,Kolkata,C75911,Visa,Fuel,Male,7672.7,Credit,Zomato,Utilities,Approved
n100168,2026-03-30,Delhi,C20336,RuPay,Groceries,Female,3216.74,UPI,DMart,Fuel,Approved
n100169,2026-06-01,Chennai,C32439,RuPay,Shopping,Male,20648.38,Credit,DMart,E-commerce,Declined
n100170,2026-06-16,Mumbai,C84991,Amex,Shopping,Male,12501.15,NetBanking,Swiggy,Utilities,Declined
n100171,2026-05-04,Mumbai,C99783,Amex,Travel,Female,1917.03,Credit,Reliance,Food,Declined
n100172,2026-05-04,Vizag,C36741,RuPay,Shopping,Male,7883.3,NetBanking,Zomato,Utilities,Declined
n100173,2026-04-13,Chennai,C58567,Visa,Travel,Male,11715.17,UPI,HPCL,Retail,Approved
n100174,2026-01-25,Hyderabad,C48038,Amex,Shopping,Female,6281.93,Credit,Zomato,Fuel,Declined
n100175,2026-02-18,Chennai,C75308,Amex,Dining,Female,12484.52,Credit,IOCL,Fuel,Declined
n100176,2026-03-03,Mumbai,C86460,RuPay,Fuel,Male,7105.77,NetBanking,HPCL,Travel,Approved
n100177,2026-01-28,Kolkata,C27555,RuPay,Utilities,Female,19120.03,UPI,Amazon,Food,Approved
n100178,2026-05-26,Mumbai,C57516,RuPay,Fuel,Female,12655.96,NetBanking,Swiggy,Fuel,Approved
n100179,2026-02-02,Bengaluru,C61629,RuPay,Travel,Female,18898.63,Credit,IOCL,Fuel,Approved
n100180,2026-01-12,Hyderabad,C27961,RuPay,Dining,Female,3808.62,NetBanking,Reliance,Travel,Declined
n100181,2026-02-11,Kolkata,C90805,RuPay,Shopping,Female,12732.14,NetBanking,HPCL,Utilities,Declined
n100182,2026-05-02,Hyderabad,C58281,RuPay,Utilities,Male,24499.46,NetBanking,Swiggy,Utilities,Approved
n100183,2026-06-02,Vizag,C44803,MasterCard,Utilities,Male,14629.73,Credit,IOCL,Retail,Approved
n100184,2026-01-09,Bengaluru,C35006,Visa,Dining,Female,10527.63,UPI,IRCTC,Food,Declined
n100185,2026-01-16,Chennai,C77984,MasterCard,Shopping,Female,24953.26,UPI,IOCL,Travel,Approved
n100186,2026-04-28,Pune,C81601,RuPay,Utilities,Female,15290.91,Credit,IRCTC,Travel,Declined
n100187,2026-02-27,Delhi,C47880,MasterCard,Utilities,Female,7994.31,UPI,Swiggy,Travel,Approved
n100188,2026-05-27,Kolkata,C61712,RuPay,Groceries,Female,1147.46,NetBanking,DMart,Travel,Declined
n100189,2026-06-17,Delhi,C72793,MasterCard,Groceries,Female,23332.3,NetBanking,Swiggy,Retail,Approved
n100190,2026-06-07,Mumbai,C41779,Visa,Utilities,Male,15984.82,Credit,DMart,Food,Declined
n100191,2026-05-01,Bengaluru,C99285,MasterCard,Fuel,Male,10232.0,UPI,HPCL,Utilities,Approved
n100192,2026-03-15,Pune,C47409,Visa,Fuel,Male,13425.29,NetBanking,Amazon,Retail,Declined
n100193,2026-02-15,Hyderabad,C62034,Amex,Groceries,Female,21930.9,Credit,Swiggy,Fuel,Approved
n100194,2026-03-27,Delhi,C69552,Amex,Groceries,Female,6893.64,Credit,Zomato,Retail,Declined
n100195,2026-06-15,Delhi,C34405,Visa,Utilities,Female,19790.11,NetBanking,IRCTC,Retail,Declined
n100196,2026-04-20,Pune,C21368,Amex,Utilities,Male,4701.05,Credit,HPCL,Travel,Approved
n100197,2026-01-02,Delhi,C60275,MasterCard,Dining,Female,23855.47,UPI,Amazon,Travel,Declined
n100198,2026-06-27,Mumbai,C18142,Visa,Dining,Female,4076.95,NetBanking,Swiggy,Utilities,Approved
n100199,2026-06-13,Delhi,C58174,MasterCard,Groceries,Male,12006.73,UPI,Zomato,Food,Declined
n100200,2026-05-18,Mumbai,C42435,Visa,Shopping,Female,13251.51,UPI,DMart,Fuel,Approved
n100201,2026-01-16,Mumbai,C85065,MasterCard,Groceries,Female,21376.7,UPI,DMart,Utilities,Approved
n100202,2026-05-30,Vizag,C21919,Amex,Fuel,Female,3385.41,UPI,HPCL,Fuel,Approved
n100203,2026-05-24,Vizag,C98181,RuPay,Utilities,Male,9959.12,Credit,IRCTC,Fuel,Approved
n100204,2026-01-12,Kolkata,C55158,Visa,Shopping,Male,23371.11,Credit,HPCL,E-commerce,Declined
n100205,2026-04-15,Chennai,C27750,Amex,Travel,Female,11268.57,UPI,IOCL,E-commerce,Approved
n100206,2026-06-17,Pune,C25549,MasterCard,Shopping,Female,13268.18,NetBanking,IRCTC,E-commerce,Approved
n100207,2026-03-18,Vizag,C98276,Amex,Shopping,Female,20601.67,Credit,HPCL,Travel,Approved
n100208,2026-03-12,Mumbai,C24790,Visa,Utilities,Female,15411.59,Credit,IRCTC,Retail,Approved
n100209,2026-01-26,Hyderabad,C68515,Visa,Groceries,Male,10116.41,Credit,IRCTC,E-commerce,Approved
n100210,2026-05-09,Delhi,C40692,RuPay,Shopping,Female,5998.91,Credit,IRCTC,Food,Declined
n100211,2026-03-12,Hyderabad,C82970,MasterCard,Utilities,Female,13940.68,Credit,Zomato,Utilities,Declined
n100212,2026-05-15,Pune,C64568,Amex,Groceries,Female,9473.86,NetBanking,HPCL,Retail,Approved
n100213,2026-03-18,Chennai,C70689,Visa,Shopping,Female,24197.88,NetBanking,Reliance,Food,Approved
n100214,2026-03-07,Mumbai,C53288,Visa,Dining,Female,2402.35,NetBanking,IRCTC,E-commerce,Declined
n100215,2026-04-07,Hyderabad,C19539,MasterCard,Shopping,Male,12036.92,UPI,Swiggy,E-commerce,Approved
n100216,2026-02-18,Bengaluru,C72773,MasterCard,Utilities,Male,9976.14,Credit,Zomato,Travel,Declined
n100217,2026-04-30,Pune,C50425,RuPay,Travel,Female,11703.5,NetBanking,HPCL,Travel,Approved
n100218,2026-04-05,Pune,C64254,Visa,Shopping,Male,18557.18,Credit,Swiggy,Fuel,Declined
n100219,2026-03-17,Chennai,C35715,RuPay,Groceries,Female,14287.76,Credit,HPCL,Fuel,Declined
n100220,2026-03-07,Vizag,C94108,Amex,Dining,Male,18346.03,UPI,Reliance,Retail,Declined
n100221,2026-02-17,Hyderabad,C78674,Visa,Fuel,Male,19132.04,UPI,Reliance,Utilities,Approved
n100222,2026-01-18,Chennai,C11198,MasterCard,Shopping,Female,9392.7,NetBanking,HPCL,Utilities,Declined
n100223,2026-01-05,Hyderabad,C79758,Amex,Fuel,Male,13282.5,UPI,Swiggy,E-commerce,Declined
n100224,2026-02-15,Bengaluru,C22624,MasterCard,Groceries,Male,15532.54,UPI,Zomato,Travel,Declined
n100225,2026-01-21,Pune,C63218,Amex,Shopping,Male,24756.8,Credit,Swiggy,Utilities,Approved
n100226,2026-06-17,Hyderabad,C22255,Amex,Dining,Female,13862.27,Credit,Amazon,Utilities,Approved
n100227,2026-01-22,Vizag,C66873,RuPay,Shopping,Male,22380.3,Credit,IRCTC,Retail,Declined
n100228,2026-03-11,Hyderabad,C19744,RuPay,Shopping,Male,4565.93,UPI,Amazon,Retail,Approved
n100229,2026-04-12,Bengaluru,C49226,MasterCard,Shopping,Male,14210.73,UPI,Zomato,Food,Approved
n100230,2026-06-26,Bengaluru,C75639,RuPay,Fuel,Male,10983.5,Credit,Zomato,Fuel,Declined
n100231,2026-03-25,Hyderabad,C93115,RuPay,Dining,Female,5780.65,NetBanking,IOCL,Food,Approved
n100232,2026-06-24,Kolkata,C21232,RuPay,Groceries,Male,2142.75,Credit,IOCL,Utilities,Approved
n100233,2026-04-10,Pune,C57277,Visa,Fuel,Male,23579.71,UPI,Zomato,Travel,Approved
n100234,2026-02-03,Bengaluru,C34561,Amex,Dining,Female,2671.99,Credit,Zomato,Fuel,Approved
n100235,2026-06-02,Pune,C60493,Visa,Travel,Female,9756.21,Credit,IRCTC,Fuel,Approved
n100236,2026-06-25,Kolkata,C32216,MasterCard,Travel,Female,6783.33,Credit,DMart,Retail,Declined
n100237,2026-03-12,Kolkata,C49289,Amex,Fuel,Female,6367.32,Credit,HPCL,Fuel,Approved
n100238,2026-04-28,Bengaluru,C27758,RuPay,Fuel,Female,8372.21,NetBanking,IOCL,Travel,Declined
n100239,2026-03-27,Kolkata,C95332,MasterCard,Travel,Female,15119.96,NetBanking,IRCTC,Food,Declined
n100240,2026-02-15,Kolkata,C51830,RuPay,Utilities,Female,24197.3,Credit,Zomato,Food,Declined
n100241,2026-04-11,Pune,C24927,MasterCard,Shopping,Male,17074.64,NetBanking,Amazon,Utilities,Declined
n100242,2026-02-23,Vizag,C48185,Visa,Dining,Female,3565.56,UPI,IRCTC,Travel,Approved
n100243,2026-04-19,Kolkata,C19694,Amex,Shopping,Female,14597.88,NetBanking,IOCL,Fuel,Approved
n100244,2026-04-03,Bengaluru,C24335,MasterCard,Utilities,Female,4241.83,NetBanking,Amazon,Fuel,Declined
n100245,2026-03-26,Kolkata,C23886,Visa,Fuel,Female,5627.83,NetBanking,IRCTC,Food,Declined
n100246,2026-04-11,Vizag,C99070,MasterCard,Travel,Male,12121.0,UPI,IOCL,E-commerce,Approved
n100247,2026-02-06,Pune,C50880,RuPay,Dining,Male,13075.76,UPI,HPCL,E-commerce,Declined
n100248,2026-06-28,Vizag,C51800,Visa,Travel,Male,20273.63,Credit,Amazon,Travel,Approved
n100249,2026-06-23,Chennai,C41970,MasterCard,Shopping,Male,8341.64,UPI,HPCL,Retail,Declined
n100250,2026-06-11,Chennai,C34430,Amex,Dining,Male,18460.97,Credit,HPCL,Fuel,Declined
n100251,2026-04-10,Hyderabad,C38153,MasterCard,Travel,Male,14475.96,NetBanking,Reliance,Travel,Declined
n100252,2026-02-20,Vizag,C24936,RuPay,Utilities,Female,13240.1,NetBanking,Zomato,Fuel,Declined
n100253,2026-06-06,Kolkata,C86939,Visa,Travel,Female,21153.39,NetBanking,Reliance,Utilities,Declined
n100254,2026-06-07,Bengaluru,C98094,MasterCard,Travel,Male,6040.46,Credit,Reliance,Travel,Approved
n100255,2026-05-11,Kolkata,C64819,MasterCard,Shopping,Female,10633.67,UPI,Reliance,Fuel,Approved
n100256,2026-05-06,Delhi,C28388,MasterCard,Travel,Female,15523.31,UPI,Amazon,Food,Approved
n100257,2026-02-19,Kolkata,C83607,Amex,Dining,Female,10449.2,UPI,HPCL,Retail,Approved
n100258,2026-05-25,Hyderabad,C38905,RuPay,Fuel,Female,5698.6,UPI,Reliance,Food,Declined
n100259,2026-05-21,Bengaluru,C85066,Visa,Travel,Female,13596.88,Credit,HPCL,Fuel,Approved
n100260,2026-04-19,Bengaluru,C95678,MasterCard,Travel,Male,11298.34,UPI,DMart,Food,Approved
n100261,2026-03-02,Mumbai,C87060,RuPay,Utilities,Female,4232.94,Credit,IRCTC,Retail,Approved
n100262,2026-05-26,Pune,C79767,RuPay,Shopping,Male,8158.98,NetBanking,Swiggy,Travel,Declined
n100263,2026-05-12,Bengaluru,C27771,Amex,Fuel,Female,21689.49,Credit,Reliance,Retail,Approved
n100264,2026-03-24,Mumbai,C98635,Amex,Dining,Male,14477.9,UPI,IOCL,Food,Declined
n100265,2026-01-20,Bengaluru,C62802,RuPay,Utilities,Female,11421.92,UPI,Zomato,Fuel,Approved
n100266,2026-01-24,Vizag,C93209,RuPay,Fuel,Female,5523.97,UPI,IRCTC,Food,Declined
n100267,2026-03-24,Delhi,C54270,MasterCard,Shopping,Female,19728.76,NetBanking,Amazon,E-commerce,Approved
n100268,2026-06-10,Vizag,C12134,Visa,Groceries,Female,11467.3,UPI,IRCTC,Utilities,Approved
n100269,2026-06-16,Delhi,C30837,RuPay,Fuel,Female,6334.69,UPI,Reliance,E-commerce,Declined
n100270,2026-06-10,Delhi,C40689,Amex,Utilities,Male,17622.08,Credit,IRCTC,Food,Approved
n100271,2026-02-03,Mumbai,C78084,Amex,Fuel,Male,17420.37,Credit,IOCL,Utilities,Approved
n100272,2026-05-03,Bengaluru,C40008,Amex,Fuel,Male,2669.72,UPI,Swiggy,Retail,Declined
n100273,2026-02-04,Chennai,C18966,Visa,Shopping,Male,11058.48,NetBanking,IRCTC,Utilities,Approved
n100274,2026-04-16,Vizag,C38474,Visa,Fuel,Male,18835.9,NetBanking,IOCL,Travel,Declined
n100275,2026-03-22,Chennai,C42477,RuPay,Utilities,Male,6279.36,NetBanking,Swiggy,Utilities,Approved
n100276,2026-06-18,Delhi,C36928,MasterCard,Utilities,Female,7459.0,Credit,IRCTC,Food,Declined
n100277,2026-01-29,Mumbai,C75481,Visa,Shopping,Male,24673.38,UPI,Reliance,Food,Declined
n100278,2026-04-04,Chennai,C71736,Visa,Fuel,Male,443.46,Credit,Amazon,E-commerce,Declined
n100279,2026-05-10,Delhi,C92388,Amex,Dining,Female,2152.45,NetBanking,Reliance,Travel,Approved
n100280,2026-03-21,Bengaluru,C77017,MasterCard,Groceries,Female,9829.21,NetBanking,DMart,Travel,Declined
n100281,2026-03-03,Hyderabad,C42044,Visa,Dining,Male,11388.96,NetBanking,Amazon,Travel,Approved
n100282,2026-01-31,Hyderabad,C27984,Visa,Groceries,Female,23830.1,NetBanking,Swiggy,Retail,Declined
n100283,2026-02-02,Delhi,C25473,Visa,Travel,Female,6872.32,Credit,Swiggy,Utilities,Approved
n100284,2026-05-08,Vizag,C76949,RuPay,Fuel,Female,21498.06,Credit,Zomato,Retail,Declined
n100285,2026-01-27,Bengaluru,C39937,Visa,Fuel,Male,6189.33,UPI,Zomato,Food,Approved
n100286,2026-02-15,Hyderabad,C82465,Amex,Groceries,Female,6281.75,NetBanking,Zomato,Travel,Approved
n100287,2026-05-27,Pune,C25650,Visa,Groceries,Male,20128.02,Credit,IOCL,E-commerce,Declined
n100288,2026-03-14,Delhi,C52899,Visa,Shopping,Female,298.43,Credit,Swiggy,Fuel,Declined
n100289,2026-06-09,Mumbai,C70807,RuPay,Shopping,Female,24944.9,Credit,IRCTC,Retail,Approved
n100290,2026-04-15,Hyderabad,C40539,RuPay,Utilities,Male,23779.66,Credit,IOCL,Utilities,Declined
n100291,2026-01-27,Mumbai,C79443,MasterCard,Dining,Female,24033.51,Credit,Swiggy,E-commerce,Approved
n100292,2026-03-01,Kolkata,C58823,Amex,Utilities,Male,14561.19,NetBanking,Reliance,Utilities,Declined
n100293,2026-01-20,Hyderabad,C67014,MasterCard,Groceries,Female,6598.67,UPI,IOCL,Utilities,Declined
n100294,2026-03-23,Vizag,C45645,MasterCard,Fuel,Male,3489.18,NetBanking,DMart,Retail,Approved
n100295,2026-02-12,Vizag,C71086,RuPay,Dining,Male,13444.52,Credit,HPCL,Travel,Declined
n100296,2026-03-09,Bengaluru,C21851,MasterCard,Utilities,Female,20677.03,NetBanking,Amazon,Retail,Declined
n100297,2026-02-07,Bengaluru,C42534,RuPay,Dining,Male,16961.87,UPI,Reliance,E-commerce,Declined
n100298,2026-04-26,Mumbai,C22415,Amex,Fuel,Male,3124.19,Credit,IRCTC,Retail,Approved
n100299,2026-04-13,Pune,C99952,Visa,Shopping,Female,22943.97,Credit,Amazon,E-commerce,Approved
n100300,2026-06-15,Vizag,C26880,Visa,Travel,Male,1163.14,UPI,Amazon,Retail,Declined
n100301,2026-04-12,Vizag,C13864,Amex,Utilities,Female,4402.9,Credit,Reliance,Travel,Declined
n100302,2026-04-25,Chennai,C14541,MasterCard,Utilities,Female,12522.4,NetBanking,HPCL,E-commerce,Approved
n100303,2026-03-13,Kolkata,C27987,Amex,Groceries,Male,15805.78,NetBanking,Amazon,Food,Declined
n100304,2026-05-03,Vizag,C55093,RuPay,Dining,Female,4577.42,UPI,IRCTC,E-commerce,Declined
n100305,2026-01-15,Vizag,C79393,RuPay,Shopping,Male,24352.1,Credit,IRCTC,Utilities,Approved
n100306,2026-03-10,Hyderabad,C38758,Amex,Travel,Male,4484.9,NetBanking,Zomato,Utilities,Declined
n100307,2026-06-01,Hyderabad,C56095,MasterCard,Shopping,Male,20933.75,UPI,Swiggy,Retail,Declined
n100308,2026-01-10,Bengaluru,C17362,MasterCard,Shopping,Male,596.21,UPI,Amazon,Travel,Approved
n100309,2026-02-03,Pune,C33260,RuPay,Fuel,Male,3778.03,NetBanking,Reliance,E-commerce,Declined
n100310,2026-01-19,Pune,C96787,Amex,Shopping,Male,8480.37,UPI,Reliance,Retail,Declined
n100311,2026-06-13,Vizag,C95089,RuPay,Groceries,Female,5658.61,NetBanking,Reliance,Food,Declined
n100312,2026-06-26,Delhi,C26691,MasterCard,Utilities,Male,23724.82,NetBanking,IOCL,Fuel,Approved
n100313,2026-02-16,Pune,C90134,MasterCard,Utilities,Male,23423.53,Credit,Zomato,Utilities,Approved
n100314,2026-03-02,Pune,C51879,MasterCard,Utilities,Male,20559.38,NetBanking,Zomato,Food,Approved
n100315,2026-03-09,Mumbai,C42707,Visa,Travel,Female,19696.8,NetBanking,Amazon,E-commerce,Declined
n100316,2026-04-23,Kolkata,C31802,Amex,Dining,Female,8845.66,UPI,DMart,Food,Approved
n100317,2026-02-11,Vizag,C19661,Visa,Travel,Male,8036.05,Credit,DMart,Travel,Approved
n100318,2026-04-07,Chennai,C19830,Visa,Travel,Female,17642.17,UPI,Reliance,Fuel,Declined
n100319,2026-02-10,Hyderabad,C23272,RuPay,Groceries,Male,10291.07,NetBanking,Swiggy,Utilities,Declined
n100320,2026-03-18,Mumbai,C22571,Visa,Dining,Female,3924.39,UPI,Amazon,Food,Approved
n100321,2026-03-17,Vizag,C36171,Visa,Fuel,Male,4353.72,UPI,DMart,Food,Approved
n100322,2026-03-20,Kolkata,C71727,Amex,Utilities,Female,2369.31,NetBanking,IOCL,Retail,Declined
n100323,2026-04-08,Pune,C34455,Amex,Fuel,Female,11049.54,UPI,IRCTC,Travel,Approved
n100324,2026-02-08,Bengaluru,C21233,RuPay,Shopping,Female,24270.57,NetBanking,IRCTC,Fuel,Approved
n100325,2026-04-10,Kolkata,C80190,Amex,Shopping,Male,11958.93,Credit,IOCL,Utilities,Approved
n100326,2026-05-09,Chennai,C25765,Amex,Groceries,Male,24306.91,Credit,Reliance,E-commerce,Declined
n100327,2026-01-21,Kolkata,C36465,MasterCard,Shopping,Female,8061.76,NetBanking,DMart,E-commerce,Declined
n100328,2026-05-23,Kolkata,C82358,RuPay,Travel,Female,22937.33,Credit,IOCL,E-commerce,Declined
n100329,2026-02-08,Chennai,C84264,Visa,Fuel,Male,19665.07,NetBanking,Zomato,Food,Declined
n100330,2026-04-09,Vizag,C84976,Amex,Fuel,Male,6957.81,Credit,IOCL,E-commerce,Declined
n100331,2026-03-26,Mumbai,C16460,Amex,Travel,Female,603.8,UPI,Swiggy,Travel,Declined
n100332,2026-06-28,Bengaluru,C39878,MasterCard,Travel,Female,19373.37,UPI,Swiggy,Utilities,Declined
n100333,2026-06-04,Bengaluru,C34633,Amex,Groceries,Female,18549.53,NetBanking,Zomato,E-commerce,Approved
n100334,2026-01-17,Delhi,C76426,Amex,Groceries,Male,4426.06,Credit,Amazon,Retail,Approved
n100335,2026-04-27,Hyderabad,C57235,MasterCard,Travel,Female,20605.31,NetBanking,IOCL,Utilities,Approved
n100336,2026-06-24,Hyderabad,C41711,RuPay,Dining,Female,4521.83,UPI,Zomato,Travel,Approved
n100337,2026-03-08,Bengaluru,C47364,Visa,Dining,Male,4156.39,NetBanking,IRCTC,Retail,Approved
n100338,2026-06-23,Mumbai,C45269,Amex,Shopping,Male,21629.29,NetBanking,Amazon,Food,Approved
n100339,2026-06-15,Chennai,C88792,Visa,Groceries,Female,15247.76,UPI,Swiggy,Food,Declined
n100340,2026-03-31,Vizag,C43029,MasterCard,Dining,Female,16962.18,NetBanking,IOCL,Fuel,Approved
n100341,2026-01-02,Pune,C83591,RuPay,Travel,Male,12095.29,UPI,Swiggy,Utilities,Declined
n100342,2026-03-12,Delhi,C95998,RuPay,Groceries,Male,12980.61,Credit,Amazon,Fuel,Declined
n100343,2026-06-19,Pune,C99228,MasterCard,Utilities,Male,16419.47,UPI,Swiggy,Food,Declined
n100344,2026-04-10,Hyderabad,C86418,MasterCard,Travel,Male,17189.32,NetBanking,HPCL,Utilities,Declined
n100345,2026-05-10,Delhi,C32280,MasterCard,Travel,Male,11822.44,NetBanking,Swiggy,Utilities,Approved
n100346,2026-06-24,Pune,C95778,Visa,Groceries,Female,5660.87,UPI,IOCL,Travel,Declined
n100347,2026-03-08,Delhi,C70786,Visa,Dining,Male,21673.19,NetBanking,DMart,Food,Approved
n100348,2026-05-09,Bengaluru,C99220,Amex,Shopping,Female,10386.37,Credit,Reliance,Retail,Declined
n100349,2026-04-15,Vizag,C28772,RuPay,Utilities,Male,19495.64,UPI,Zomato,Utilities,Approved
n100350,2026-03-22,Hyderabad,C10617,Amex,Travel,Male,19053.71,Credit,Reliance,Food,Approved
n100351,2026-02-03,Kolkata,C93032,Amex,Dining,Female,24136.66,UPI,Amazon,E-commerce,Approved
n100352,2026-04-06,Hyderabad,C52233,MasterCard,Fuel,Male,15704.5,Credit,IRCTC,Utilities,Declined
n100353,2026-03-21,Chennai,C23462,Amex,Shopping,Female,4258.8,Credit,Swiggy,Travel,Declined
n100354,2026-05-14,Pune,C66841,MasterCard,Travel,Female,9045.35,Credit,Reliance,Food,Approved
n100355,2026-02-28,Mumbai,C27197,MasterCard,Utilities,Male,14783.35,Credit,DMart,Travel,Approved
n100356,2026-04-07,Delhi,C80088,Visa,Shopping,Male,16583.05,NetBanking,Amazon,E-commerce,Approved
n100357,2026-04-17,Vizag,C59840,Visa,Shopping,Female,11912.47,Credit,IRCTC,Utilities,Approved
n100358,2026-03-19,Kolkata,C96725,Visa,Utilities,Female,15607.66,NetBanking,Reliance,Food,Approved
n100359,2026-05-11,Bengaluru,C47054,Visa,Fuel,Female,5046.3,Credit,Swiggy,Fuel,Approved
n100360,2026-04-02,Kolkata,C48712,MasterCard,Fuel,Female,22767.88,NetBanking,HPCL,Travel,Approved
n100361,2026-01-01,Hyderabad,C98032,Visa,Fuel,Female,3813.7,Credit,DMart,Utilities,Approved
n100362,2026-03-07,Mumbai,C69867,RuPay,Travel,Female,1347.0,Credit,Amazon,Travel,Declined
n100363,2026-06-23,Pune,C65836,Visa,Fuel,Male,340.84,Credit,Reliance,Travel,Declined
n100364,2026-04-23,Delhi,C22183,RuPay,Travel,Male,2934.42,UPI,HPCL,Travel,Declined
n100365,2026-06-26,Vizag,C65278,MasterCard,Fuel,Male,17434.63,Credit,Reliance,E-commerce,Declined
n100366,2026-06-01,Vizag,C84572,Amex,Groceries,Female,19501.19,NetBanking,Amazon,Utilities,Approved
n100367,2026-05-04,Vizag,C24802,Amex,Dining,Male,1677.07,NetBanking,Zomato,E-commerce,Approved
n100368,2026-06-21,Pune,C78039,Visa,Dining,Male,12100.05,NetBanking,IOCL,Retail,Approved
n100369,2026-01-03,Chennai,C76265,Amex,Dining,Male,1964.14,UPI,Zomato,Retail,Declined
n100370,2026-03-13,Hyderabad,C76444,MasterCard,Shopping,Female,10141.6,Credit,DMart,Food,Declined
n100371,2026-05-27,Vizag,C21536,Amex,Dining,Female,3055.8,UPI,Amazon,E-commerce,Declined
n100372,2026-04-16,Hyderabad,C83024,Visa,Fuel,Female,22263.76,NetBanking,IRCTC,Utilities,Declined
n100373,2026-03-29,Pune,C17113,MasterCard,Dining,Female,14047.76,NetBanking,HPCL,Utilities,Declined
n100374,2026-04-26,Bengaluru,C22771,MasterCard,Fuel,Female,8942.96,NetBanking,Swiggy,Fuel,Declined
n100375,2026-06-29,Bengaluru,C16000,MasterCard,Dining,Male,20563.78,NetBanking,IOCL,E-commerce,Declined
n100376,2026-06-06,Mumbai,C34581,Visa,Dining,Male,11480.45,Credit,Zomato,E-commerce,Declined
n100377,2026-01-12,Bengaluru,C69048,Amex,Utilities,Male,24099.98,Credit,Amazon,Fuel,Declined
n100378,2026-05-30,Vizag,C76628,MasterCard,Utilities,Male,18289.32,Credit,DMart,Food,Declined
n100379,2026-05-10,Kolkata,C64875,MasterCard,Travel,Female,24093.48,UPI,HPCL,Retail,Approved
n100380,2026-04-16,Delhi,C81802,RuPay,Utilities,Male,5102.14,NetBanking,Swiggy,Utilities,Declined
n100381,2026-06-22,Chennai,C95208,MasterCard,Shopping,Female,17787.78,UPI,HPCL,Fuel,Declined
n100382,2026-06-22,Delhi,C65363,Visa,Shopping,Male,729.28,Credit,Amazon,Utilities,Approved
n100383,2026-02-21,Delhi,C31094,RuPay,Utilities,Female,3746.07,Credit,Swiggy,Retail,Approved
n100384,2026-04-02,Vizag,C23432,MasterCard,Utilities,Female,6016.13,NetBanking,Swiggy,Utilities,Approved
n100385,2026-04-08,Kolkata,C64600,RuPay,Shopping,Male,422.83,UPI,IRCTC,Fuel,Declined
n100386,2026-02-27,Pune,C87120,MasterCard,Utilities,Male,7425.03,Credit,DMart,Retail,Approved
n100387,2026-05-12,Bengaluru,C59440,Visa,Dining,Female,13959.31,Credit,Reliance,Fuel,Declined
n100388,2026-01-02,Pune,C71122,MasterCard,Fuel,Male,23222.84,NetBanking,Amazon,Utilities,Declined
n100389,2026-05-06,Pune,C19552,RuPay,Shopping,Male,23928.99,NetBanking,DMart,Fuel,Approved
n100390,2026-04-17,Kolkata,C22051,RuPay,Groceries,Male,16617.03,UPI,Zomato,Travel,Approved
n100391,2026-06-08,Vizag,C83575,Visa,Fuel,Female,11197.11,NetBanking,IRCTC,E-commerce,Declined
n100392,2026-04-08,Bengaluru,C60577,RuPay,Shopping,Female,715.17,NetBanking,Zomato,Fuel,Declined
n100393,2026-05-05,Hyderabad,C48854,MasterCard,Travel,Male,23710.47,Credit,Amazon,Utilities,Approved
n100394,2026-02-23,Mumbai,C99837,Amex,Fuel,Male,13490.08,NetBanking,IOCL,Utilities,Approved
n100395,2026-06-25,Chennai,C13113,Amex,Utilities,Female,1043.37,Credit,Amazon,Retail,Declined
n100396,2026-05-23,Bengaluru,C85361,MasterCard,Travel,Female,9762.01,NetBanking,IOCL,Food,Declined
n100397,2026-01-05,Kolkata,C98250,Visa,Shopping,Male,16071.43,NetBanking,DMart,Utilities,Approved
n100398,2026-06-29,Bengaluru,C56884,Visa,Travel,Female,15203.49,UPI,HPCL,Food,Declined
n100399,2026-06-19,Hyderabad,C72126,MasterCard,Shopping,Male,3495.9,UPI,Swiggy,Utilities,Approved
n100400,2026-03-18,Pune,C11461,MasterCard,Fuel,Male,225.24,NetBanking,IOCL,Fuel,Approved
n100401,2026-03-20,Mumbai,C55069,MasterCard,Dining,Male,4107.76,Credit,Swiggy,Retail,Approved
n100402,2026-02-16,Hyderabad,C81939,Amex,Utilities,Male,7337.25,Credit,Swiggy,E-commerce,Approved
n100403,2026-05-29,Vizag,C53365,RuPay,Groceries,Male,2591.12,NetBanking,DMart,Retail,Declined
n100404,2026-05-05,Vizag,C53036,RuPay,Utilities,Male,14182.24,UPI,Zomato,Food,Approved
n100405,2026-01-02,Pune,C42266,MasterCard,Utilities,Female,6989.33,UPI,Reliance,Utilities,Declined
n100406,2026-05-03,Vizag,C68373,RuPay,Travel,Female,13836.63,Credit,DMart,Travel,Approved
n100407,2026-05-18,Mumbai,C44502,Visa,Utilities,Male,22313.42,NetBanking,Amazon,Fuel,Declined
n100408,2026-06-01,Mumbai,C14804,RuPay,Shopping,Female,16382.31,Credit,Zomato,Food,Approved
n100409,2026-05-31,Delhi,C27548,Amex,Shopping,Male,9979.95,NetBanking,Amazon,Utilities,Approved
n100410,2026-06-07,Chennai,C77388,MasterCard,Dining,Male,4560.72,NetBanking,Reliance,Utilities,Declined
n100411,2026-04-02,Hyderabad,C38681,Amex,Groceries,Male,6682.49,Credit,Amazon,Utilities,Approved
n100412,2026-05-13,Pune,C60868,Amex,Dining,Male,1093.63,NetBanking,Zomato,E-commerce,Declined
n100413,2026-03-09,Chennai,C59369,Amex,Travel,Male,12964.91,UPI,IRCTC,Fuel,Declined
n100414,2026-04-01,Pune,C73813,Amex,Shopping,Male,12595.74,Credit,HPCL,Retail,Approved
n100415,2026-01-20,Delhi,C37723,MasterCard,Groceries,Male,9119.35,NetBanking,DMart,Utilities,Approved
n100416,2026-04-17,Pune,C24855,Amex,Utilities,Female,12027.63,NetBanking,Reliance,Utilities,Declined
n100417,2026-01-06,Mumbai,C15655,MasterCard,Shopping,Male,3454.63,NetBanking,Amazon,Fuel,Approved
n100418,2026-01-15,Chennai,C43850,MasterCard,Shopping,Female,15024.0,NetBanking,Amazon,Utilities,Declined
n100419,2026-01-22,Mumbai,C68877,Amex,Dining,Male,5562.16,UPI,Reliance,Fuel,Approved
n100420,2026-06-09,Delhi,C31983,RuPay,Dining,Male,5822.36,UPI,Reliance,E-commerce,Approved
n100421,2026-02-21,Kolkata,C29603,Visa,Groceries,Female,22550.04,NetBanking,Amazon,Fuel,Approved
n100422,2026-01-24,Vizag,C96427,MasterCard,Shopping,Male,22434.53,NetBanking,IOCL,Fuel,Declined
n100423,2026-04-05,Hyderabad,C79444,Amex,Groceries,Female,19759.93,UPI,Zomato,Fuel,Approved
n100424,2026-04-19,Chennai,C43360,Amex,Groceries,Male,7153.34,NetBanking,IOCL,Travel,Approved
n100425,2026-01-02,Hyderabad,C85757,Visa,Shopping,Male,9438.24,Credit,Zomato,Food,Declined
n100426,2026-01-28,Chennai,C65846,RuPay,Travel,Female,14160.29,NetBanking,Swiggy,Utilities,Declined
n100427,2026-02-22,Kolkata,C82365,Amex,Groceries,Female,14021.44,UPI,Swiggy,Travel,Declined
n100428,2026-06-30,Kolkata,C28096,Visa,Utilities,Male,11220.21,NetBanking,Reliance,E-commerce,Approved
n100429,2026-05-11,Kolkata,C54359,Visa,Groceries,Female,24117.8,Credit,DMart,Retail,Declined
n100430,2026-06-03,Kolkata,C21552,Visa,Travel,Male,9333.79,NetBanking,Amazon,Utilities,Declined
n100431,2026-04-13,Delhi,C88311,Visa,Groceries,Female,11030.4,Credit,Swiggy,Retail,Approved
n100432,2026-06-03,Mumbai,C90634,MasterCard,Utilities,Male,9057.53,NetBanking,Amazon,Retail,Approved
n100433,2026-03-12,Kolkata,C56285,Amex,Dining,Male,12991.79,NetBanking,DMart,E-commerce,Declined
n100434,2026-05-24,Pune,C55544,RuPay,Groceries,Male,11423.5,UPI,Amazon,Travel,Approved
n100435,2026-04-15,Bengaluru,C83220,Visa,Shopping,Female,8565.15,Credit,Swiggy,Fuel,Declined
n100436,2026-06-27,Vizag,C59424,Amex,Groceries,Female,24034.84,UPI,HPCL,Fuel,Approved
n100437,2026-05-04,Bengaluru,C43792,Visa,Dining,Male,16955.13,Credit,Zomato,Food,Declined
n100438,2026-05-13,Hyderabad,C44517,MasterCard,Travel,Male,10033.37,NetBanking,Zomato,E-commerce,Approved
n100439,2026-05-02,Pune,C56338,MasterCard,Shopping,Female,4651.33,NetBanking,IRCTC,Food,Approved
n100440,2026-03-02,Mumbai,C44787,MasterCard,Groceries,Male,20890.02,NetBanking,Zomato,Retail,Approved
n100441,2026-01-31,Bengaluru,C98580,Amex,Shopping,Male,19129.68,NetBanking,Amazon,Food,Declined
n100442,2026-06-08,Pune,C74532,RuPay,Dining,Male,24611.43,NetBanking,Swiggy,Food,Approved
n100443,2026-05-28,Chennai,C17097,Amex,Dining,Male,12611.63,UPI,Reliance,Food,Approved
n100444,2026-06-28,Vizag,C51373,Visa,Fuel,Male,9547.76,Credit,Zomato,Travel,Declined
n100445,2026-02-17,Delhi,C41082,RuPay,Dining,Female,9211.51,UPI,IOCL,Retail,Declined
n100446,2026-06-29,Pune,C57851,Amex,Travel,Female,4579.24,Credit,IRCTC,E-commerce,Declined
n100447,2026-03-02,Kolkata,C59923,MasterCard,Groceries,Male,11877.38,Credit,Reliance,Food,Declined
n100448,2026-02-04,Pune,C73782,RuPay,Travel,Male,10020.21,NetBanking,Reliance,E-commerce,Approved
n100449,2026-03-07,Vizag,C92557,Visa,Dining,Female,6568.25,UPI,Swiggy,Travel,Approved
n100450,2026-04-16,Bengaluru,C56018,MasterCard,Shopping,Male,24486.39,UPI,Zomato,Travel,Declined
n100451,2026-04-25,Bengaluru,C59947,RuPay,Dining,Male,21719.62,NetBanking,Zomato,Food,Declined
n100452,2026-01-19,Bengaluru,C31233,RuPay,Groceries,Female,7990.27,UPI,Swiggy,Fuel,Declined
n100453,2026-03-11,Vizag,C57600,Amex,Dining,Male,4678.77,Credit,Reliance,Utilities,Approved
n100454,2026-06-19,Delhi,C20494,MasterCard,Groceries,Female,2664.93,Credit,HPCL,Fuel,Approved
n100455,2026-01-07,Kolkata,C78679,Visa,Fuel,Female,15490.74,Credit,IOCL,Travel,Approved
n100456,2026-03-05,Delhi,C68085,MasterCard,Groceries,Male,811.43,NetBanking,Zomato,Travel,Declined
n100457,2026-04-30,Delhi,C81898,Amex,Groceries,Male,14811.69,UPI,IOCL,Fuel,Declined
n100458,2026-03-30,Vizag,C80735,MasterCard,Fuel,Female,7765.92,UPI,Swiggy,Retail,Declined
n100459,2026-01-03,Hyderabad,C78592,MasterCard,Travel,Female,11783.03,Credit,HPCL,Food,Declined
n100460,2026-01-03,Kolkata,C48393,MasterCard,Fuel,Female,4795.42,NetBanking,IOCL,Food,Approved
n100461,2026-02-11,Kolkata,C59592,MasterCard,Travel,Male,10613.76,Credit,Swiggy,Travel,Declined
n100462,2026-04-16,Mumbai,C18973,MasterCard,Groceries,Female,2847.87,UPI,HPCL,Travel,Declined
n100463,2026-02-18,Pune,C12542,MasterCard,Fuel,Male,4729.85,Credit,Swiggy,Travel,Approved
n100464,2026-04-23,Hyderabad,C40514,Visa,Groceries,Male,12390.13,UPI,IOCL,Travel,Declined
n100465,2026-04-06,Vizag,C14159,RuPay,Fuel,Male,1495.35,UPI,DMart,Fuel,Declined
n100466,2026-02-16,Mumbai,C42778,Amex,Fuel,Male,24367.5,NetBanking,IRCTC,Food,Declined
n100467,2026-03-05,Hyderabad,C36106,Amex,Utilities,Male,13076.36,Credit,HPCL,Food,Declined
n100468,2026-03-24,Chennai,C92465,Visa,Utilities,Male,6407.49,NetBanking,Swiggy,Retail,Declined
n100469,2026-01-14,Mumbai,C24801,MasterCard,Utilities,Female,8180.39,Credit,Swiggy,Fuel,Approved
n100470,2026-04-12,Mumbai,C11170,Visa,Shopping,Female,17241.32,Credit,Zomato,E-commerce,Approved
n100471,2026-02-10,Vizag,C21980,RuPay,Utilities,Male,1588.4,NetBanking,Reliance,Utilities,Approved
n100472,2026-02-02,Vizag,C40497,RuPay,Shopping,Female,20157.58,UPI,IRCTC,E-commerce,Declined
n100473,2026-04-02,Chennai,C42859,Visa,Dining,Female,14019.72,NetBanking,HPCL,Retail,Approved
n100474,2026-05-20,Pune,C52425,Amex,Travel,Male,1815.03,Credit,HPCL,Travel,Declined
n100475,2026-05-19,Pune,C69517,Visa,Utilities,Female,18368.08,Credit,Zomato,Fuel,Approved
n100476,2026-03-24,Bengaluru,C96283,Amex,Groceries,Female,19166.78,Credit,Swiggy,Travel,Declined
n100477,2026-06-14,Pune,C24478,Visa,Shopping,Male,1190.05,Credit,Reliance,E-commerce,Approved
n100478,2026-01-28,Vizag,C35115,Visa,Fuel,Female,16482.24,NetBanking,Swiggy,E-commerce,Declined
n100479,2026-02-26,Bengaluru,C11715,MasterCard,Utilities,Female,23217.25,Credit,HPCL,Utilities,Approved
n100480,2026-04-03,Kolkata,C58374,Visa,Shopping,Female,13272.62,NetBanking,DMart,Travel,Approved
n100481,2026-02-25,Bengaluru,C23267,MasterCard,Shopping,Female,4817.56,NetBanking,IRCTC,Fuel,Approved
n100482,2026-05-23,Kolkata,C23829,RuPay,Utilities,Female,17593.51,UPI,DMart,Retail,Approved
n100483,2026-05-21,Kolkata,C76151,RuPay,Utilities,Male,13394.12,NetBanking,HPCL,Travel,Declined
n100484,2026-05-21,Pune,C58722,Amex,Utilities,Female,20671.26,UPI,IRCTC,Fuel,Approved
n100485,2026-04-07,Delhi,C57187,Amex,Dining,Female,104.87,Credit,Swiggy,Fuel,Approved
n100486,2026-05-13,Chennai,C49562,Visa,Travel,Male,5449.09,UPI,Amazon,Utilities,Declined
n100487,2026-05-22,Chennai,C22358,Visa,Dining,Female,3987.07,UPI,Zomato,Fuel,Approved
n100488,2026-03-01,Delhi,C49361,Visa,Shopping,Female,14269.72,Credit,DMart,Utilities,Declined
n100489,2026-05-04,Chennai,C73999,Visa,Shopping,Female,1030.55,NetBanking,IOCL,E-commerce,Approved
n100490,2026-03-27,Pune,C66925,Amex,Fuel,Male,18717.2,NetBanking,Amazon,Utilities,Declined
n100491,2026-01-14,Delhi,C78731,Visa,Travel,Male,8238.11,NetBanking,IRCTC,Retail,Approved
n100492,2026-06-22,Kolkata,C68407,Visa,Groceries,Female,7315.6,UPI,Reliance,Retail,Declined
n100493,2026-01-22,Vizag,C84899,Visa,Shopping,Female,6637.69,UPI,IOCL,Utilities,Approved
n100494,2026-02-04,Vizag,C83308,MasterCard,Dining,Female,16340.99,Credit,IRCTC,Retail,Approved
n100495,2026-03-10,Kolkata,C52390,Visa,Fuel,Female,10646.16,UPI,IRCTC,Travel,Declined
n100496,2026-06-02,Hyderabad,C49953,MasterCard,Travel,Female,15617.24,UPI,Amazon,Retail,Approved
n100497,2026-06-25,Pune,C30446,Visa,Fuel,Male,6151.9,NetBanking,Reliance,Travel,Approved
n100498,2026-03-29,Bengaluru,C49992,Amex,Dining,Male,8363.73,NetBanking,IRCTC,Retail,Declined
n100499,2026-05-21,Vizag,C91663,MasterCard,Utilities,Male,9477.51,NetBanking,Amazon,Travel,Approved
n100500,2026-01-16,Delhi,C36305,RuPay,Fuel,Female,16403.47,Credit,DMart,Food,Declined
n100501,2026-06-19,Pune,C24141,Visa,Travel,Female,5856.1,UPI,DMart,Travel,Declined
n100502,2026-06-02,Bengaluru,C34434,MasterCard,Shopping,Female,14061.12,NetBanking,Amazon,E-commerce,Approved
n100503,2026-05-16,Delhi,C53721,Amex,Dining,Male,557.47,NetBanking,Zomato,Travel,Declined
n100504,2026-03-02,Delhi,C18127,RuPay,Dining,Male,23609.0,UPI,IRCTC,Retail,Declined
n100505,2026-04-11,Chennai,C21507,Amex,Shopping,Male,10491.6,NetBanking,Reliance,Food,Declined
n100506,2026-06-04,Pune,C68873,MasterCard,Groceries,Male,14567.66,NetBanking,IRCTC,Retail,Declined
n100507,2026-06-26,Chennai,C66369,MasterCard,Utilities,Male,8005.66,NetBanking,DMart,Retail,Declined
n100508,2026-02-07,Hyderabad,C51771,Amex,Dining,Female,11130.81,NetBanking,Swiggy,Retail,Approved
n100509,2026-01-28,Chennai,C34215,Visa,Shopping,Female,15179.55,NetBanking,IRCTC,Fuel,Approved
n100510,2026-03-01,Hyderabad,C57089,Visa,Utilities,Female,3438.76,NetBanking,HPCL,Utilities,Declined
n100511,2026-02-17,Kolkata,C74414,Amex,Groceries,Male,4912.17,Credit,IOCL,E-commerce,Declined
n100512,2026-04-16,Mumbai,C97993,MasterCard,Groceries,Male,4509.25,UPI,HPCL,Utilities,Declined
n100513,2026-04-28,Mumbai,C66040,Amex,Fuel,Female,18033.0,UPI,Amazon,Fuel,Approved
n100514,2026-04-26,Vizag,C15559,MasterCard,Shopping,Female,24597.38,Credit,IOCL,Fuel,Approved
n100515,2026-02-18,Delhi,C67613,Amex,Travel,Female,11587.54,UPI,Swiggy,Fuel,Approved
n100516,2026-06-26,Chennai,C70762,Amex,Fuel,Male,4576.31,NetBanking,Reliance,Food,Declined
n100517,2026-03-24,Vizag,C13265,MasterCard,Dining,Male,22075.46,Credit,Swiggy,Travel,Approved
n100518,2026-02-01,Bengaluru,C24963,Amex,Utilities,Female,2224.13,NetBanking,IOCL,Utilities,Approved
n100519,2026-04-07,Kolkata,C15754,MasterCard,Travel,Male,4136.89,Credit,Reliance,Utilities,Approved
n100520,2026-04-18,Delhi,C50569,Amex,Travel,Male,3027.09,Credit,IRCTC,E-commerce,Declined
n100521,2026-01-04,Vizag,C75225,Amex,Shopping,Male,15238.8,UPI,IRCTC,Retail,Declined
n100522,2026-04-27,Kolkata,C67917,Visa,Shopping,Male,6193.36,NetBanking,Swiggy,Fuel,Approved
n100523,2026-01-13,Chennai,C29432,Visa,Utilities,Female,1014.35,Credit,Swiggy,Travel,Approved
n100524,2026-01-13,Bengaluru,C64651,MasterCard,Groceries,Female,15316.13,NetBanking,Reliance,Food,Declined
n100525,2026-01-10,Bengaluru,C49229,RuPay,Travel,Female,20524.59,UPI,DMart,Travel,Declined
n100526,2026-02-04,Bengaluru,C45968,RuPay,Shopping,Female,13163.69,NetBanking,IRCTC,Fuel,Approved
n100527,2026-01-28,Bengaluru,C73394,RuPay,Dining,Female,6565.53,NetBanking,Zomato,Retail,Declined
n100528,2026-05-14,Vizag,C74553,MasterCard,Shopping,Male,17743.82,Credit,Amazon,E-commerce,Approved
n100529,2026-04-30,Bengaluru,C37175,Amex,Dining,Male,8411.43,NetBanking,IRCTC,E-commerce,Approved
n100530,2026-06-26,Delhi,C43347,Visa,Travel,Female,12716.57,UPI,Amazon,E-commerce,Declined
n100531,2026-03-29,Kolkata,C84569,Visa,Groceries,Male,8329.82,UPI,HPCL,Food,Approved
n100532,2026-06-15,Chennai,C73110,MasterCard,Utilities,Female,22312.25,NetBanking,Zomato,Food,Declined
n100533,2026-01-15,Delhi,C84048,RuPay,Shopping,Male,5285.74,NetBanking,Zomato,Travel,Approved
n100534,2026-02-08,Delhi,C14085,RuPay,Dining,Male,14317.44,UPI,Reliance,Fuel,Approved
n100535,2026-03-20,Pune,C14145,RuPay,Dining,Male,12476.66,Credit,Zomato,Food,Declined
n100536,2026-02-25,Delhi,C32939,Visa,Travel,Male,19466.98,Credit,HPCL,Fuel,Approved
n100537,2026-05-04,Chennai,C34931,RuPay,Dining,Female,19410.78,Credit,DMart,Fuel,Approved
n100538,2026-02-22,Hyderabad,C70210,Amex,Utilities,Male,202.34,Credit,DMart,Travel,Declined
n100539,2026-01-12,Bengaluru,C78233,RuPay,Fuel,Female,16007.39,Credit,Zomato,Retail,Approved
n100540,2026-03-15,Delhi,C79766,RuPay,Dining,Male,6889.09,Credit,Swiggy,E-commerce,Approved
n100541,2026-06-09,Bengaluru,C37076,RuPay,Shopping,Female,6849.2,NetBanking,Swiggy,Fuel,Approved
n100542,2026-02-13,Bengaluru,C50812,RuPay,Shopping,Female,1363.08,Credit,HPCL,Utilities,Approved
n100543,2026-01-28,Kolkata,C17051,Visa,Dining,Female,4556.68,NetBanking,HPCL,Fuel,Declined
n100544,2026-03-21,Pune,C35971,Visa,Dining,Male,2413.61,NetBanking,HPCL,E-commerce,Declined
n100545,2026-03-21,Vizag,C71675,MasterCard,Groceries,Male,21541.3,NetBanking,Swiggy,Travel,Declined
n100546,2026-02-16,Pune,C52567,Amex,Dining,Male,1727.59,Credit,Zomato,Food,Declined
n100547,2026-02-13,Delhi,C55693,MasterCard,Shopping,Male,10201.58,NetBanking,DMart,Travel,Approved
n100548,2026-03-19,Vizag,C62535,Amex,Groceries,Male,13743.93,UPI,IOCL,E-commerce,Declined
n100549,2026-02-23,Kolkata,C67062,RuPay,Shopping,Male,4409.83,NetBanking,DMart,Utilities,Declined
n100550,2026-01-30,Vizag,C52647,Visa,Dining,Male,7770.09,UPI,DMart,Fuel,Approved
n100551,2026-06-25,Kolkata,C52914,Amex,Utilities,Male,2354.27,Credit,Amazon,Retail,Approved
n100552,2026-04-26,Delhi,C61115,Amex,Groceries,Male,17069.77,UPI,Swiggy,Fuel,Declined
n100553,2026-04-22,Pune,C21703,Visa,Shopping,Female,21206.15,UPI,Amazon,Travel,Approved
n100554,2026-01-01,Pune,C24378,RuPay,Fuel,Male,10849.72,NetBanking,IOCL,Utilities,Declined
n100555,2026-04-08,Kolkata,C60012,Amex,Shopping,Male,16595.94,UPI,Reliance,Retail,Declined
n100556,2026-04-03,Kolkata,C30220,RuPay,Utilities,Male,3443.51,Credit,Amazon,Retail,Declined
n100557,2026-06-18,Kolkata,C27796,Visa,Groceries,Female,21517.8,NetBanking,IOCL,Fuel,Approved
n100558,2026-04-27,Kolkata,C82358,Amex,Dining,Female,5720.95,UPI,Amazon,Fuel,Declined
n100559,2026-03-02,Delhi,C63849,RuPay,Fuel,Male,14246.92,NetBanking,Zomato,E-commerce,Declined
n100560,2026-06-26,Bengaluru,C28623,RuPay,Dining,Male,13131.58,NetBanking,DMart,Retail,Declined
n100561,2026-06-11,Bengaluru,C99662,RuPay,Shopping,Male,22599.27,NetBanking,Amazon,Food,Declined
n100562,2026-05-12,Vizag,C85230,RuPay,Dining,Female,24018.47,UPI,Swiggy,Retail,Approved
n100563,2026-06-27,Delhi,C83886,RuPay,Fuel,Female,14495.71,NetBanking,Amazon,Utilities,Declined
n100564,2026-06-09,Hyderabad,C47593,Amex,Fuel,Male,12689.34,UPI,Swiggy,Retail,Declined
n100565,2026-03-12,Delhi,C11861,Visa,Shopping,Male,22762.27,NetBanking,Reliance,Utilities,Declined
n100566,2026-04-05,Chennai,C44242,MasterCard,Dining,Male,20004.36,Credit,Zomato,E-commerce,Approved
n100567,2026-06-02,Chennai,C75004,Amex,Dining,Male,16550.62,NetBanking,Reliance,Retail,Declined
n100568,2026-01-14,Delhi,C25203,Visa,Groceries,Female,10028.75,UPI,HPCL,Utilities,Approved
n100569,2026-04-08,Kolkata,C72205,RuPay,Groceries,Female,395.39,UPI,IOCL,Utilities,Declined
n100570,2026-05-16,Hyderabad,C22761,RuPay,Dining,Female,8440.69,UPI,DMart,Travel,Declined
n100571,2026-04-29,Mumbai,C98065,MasterCard,Shopping,Female,16975.18,Credit,Zomato,Fuel,Approved
n100572,2026-06-22,Hyderabad,C18906,Visa,Dining,Male,13179.08,NetBanking,HPCL,Travel,Approved
n100573,2026-03-14,Delhi,C35307,Visa,Fuel,Male,1516.36,NetBanking,IRCTC,Fuel,Approved
n100574,2026-01-31,Bengaluru,C89257,MasterCard,Dining,Male,22410.44,NetBanking,Reliance,Travel,Declined
n100575,2026-04-30,Bengaluru,C93726,Amex,Travel,Female,17336.32,NetBanking,Zomato,Travel,Approved
n100576,2026-01-19,Delhi,C18177,Amex,Dining,Female,24899.37,UPI,Swiggy,Retail,Declined
n100577,2026-01-18,Vizag,C36302,Amex,Groceries,Female,2799.92,NetBanking,IOCL,Retail,Approved
n100578,2026-04-24,Delhi,C23538,Visa,Fuel,Male,14326.48,UPI,HPCL,E-commerce,Declined
n100579,2026-02-08,Hyderabad,C14959,Amex,Travel,Male,17531.37,UPI,Amazon,Fuel,Declined
n100580,2026-05-03,Kolkata,C62941,Visa,Shopping,Male,182.35,NetBanking,HPCL,E-commerce,Declined
n100581,2026-03-27,Delhi,C62509,Visa,Utilities,Male,9197.35,UPI,DMart,Food,Declined
n100582,2026-06-15,Mumbai,C33149,Visa,Dining,Male,7541.87,UPI,DMart,Utilities,Declined
n100583,2026-05-05,Bengaluru,C92941,Amex,Utilities,Male,3584.58,Credit,Amazon,Utilities,Approved
n100584,2026-05-06,Kolkata,C18256,RuPay,Dining,Female,24167.7,Credit,Amazon,Travel,Approved
n100585,2026-03-28,Hyderabad,C63150,Visa,Groceries,Female,23508.24,NetBanking,Reliance,Utilities,Approved
n100586,2026-01-19,Hyderabad,C28558,Amex,Utilities,Male,11833.37,NetBanking,Amazon,Retail,Approved
n100587,2026-01-04,Chennai,C92924,Visa,Travel,Male,11459.0,Credit,DMart,E-commerce,Approved
n100588,2026-05-08,Mumbai,C18271,MasterCard,Dining,Female,20306.87,NetBanking,IOCL,Travel,Approved
n100589,2026-06-25,Chennai,C52151,MasterCard,Fuel,Male,8454.04,Credit,Swiggy,Retail,Declined
n100590,2026-02-13,Pune,C82536,MasterCard,Dining,Male,23149.32,Credit,Reliance,E-commerce,Declined
n100591,2026-02-10,Hyderabad,C73827,Visa,Fuel,Male,4567.38,Credit,Swiggy,Food,Declined
n100592,2026-06-27,Chennai,C37021,MasterCard,Utilities,Female,13124.86,UPI,IRCTC,Retail,Approved
n100593,2026-06-02,Chennai,C75521,Visa,Utilities,Female,8761.55,Credit,IRCTC,Retail,Approved
n100594,2026-05-16,Bengaluru,C91123,RuPay,Shopping,Male,11658.98,NetBanking,IRCTC,Travel,Approved
n100595,2026-02-19,Bengaluru,C29558,Amex,Dining,Male,4078.01,Credit,Amazon,Utilities,Declined
n100596,2026-03-14,Mumbai,C66973,RuPay,Travel,Female,1178.61,NetBanking,Amazon,Fuel,Approved
n100597,2026-02-10,Hyderabad,C73577,Visa,Fuel,Male,18062.94,NetBanking,Zomato,Food,Approved
n100598,2026-06-23,Pune,C40154,Visa,Travel,Male,2541.8,NetBanking,IOCL,Retail,Declined
n100599,2026-02-26,Bengaluru,C71733,Amex,Fuel,Female,3709.04,NetBanking,HPCL,Retail,Declined
n100600,2026-04-06,Chennai,C69996,MasterCard,Utilities,Female,24391.34,Credit,Zomato,Retail,Approved
n100601,2026-06-27,Hyderabad,C46779,MasterCard,Fuel,Female,11518.62,Credit,Zomato,Retail,Declined
n100602,2026-06-04,Chennai,C93623,MasterCard,Shopping,Male,2253.21,NetBanking,HPCL,Retail,Declined
n100603,2026-04-29,Delhi,C11901,Amex,Utilities,Male,6271.0,UPI,IRCTC,Fuel,Approved
n100604,2026-05-27,Hyderabad,C64758,Visa,Fuel,Female,18363.56,NetBanking,Amazon,Food,Declined
n100605,2026-05-03,Bengaluru,C69302,Amex,Groceries,Male,14006.33,Credit,IOCL,Retail,Approved
n100606,2026-04-02,Delhi,C41334,Visa,Fuel,Female,16758.99,Credit,HPCL,Fuel,Approved
n100607,2026-04-27,Vizag,C28169,Amex,Groceries,Female,15707.59,NetBanking,Amazon,Utilities,Approved
n100608,2026-04-09,Pune,C79588,Visa,Travel,Female,18846.91,NetBanking,IRCTC,Utilities,Approved
n100609,2026-06-08,Pune,C17184,RuPay,Fuel,Male,9635.58,UPI,Amazon,Travel,Declined
n100610,2026-02-14,Bengaluru,C83499,MasterCard,Groceries,Female,6041.95,Credit,HPCL,Utilities,Approved
n100611,2026-02-27,Pune,C56230,RuPay,Shopping,Female,7000.92,Credit,Zomato,Travel,Declined
n100612,2026-05-05,Bengaluru,C71625,RuPay,Dining,Female,20017.61,NetBanking,DMart,Retail,Declined
n100613,2026-01-23,Bengaluru,C61207,MasterCard,Travel,Male,2823.19,UPI,DMart,Utilities,Approved
n100614,2026-05-08,Chennai,C36772,Visa,Travel,Female,24242.41,NetBanking,Reliance,Food,Declined
n100615,2026-04-18,Vizag,C94500,Visa,Travel,Male,1667.44,Credit,Zomato,Food,Declined
n100616,2026-06-17,Pune,C73720,Amex,Dining,Female,14224.57,UPI,Reliance,Travel,Approved
n100617,2026-05-04,Pune,C47767,Visa,Groceries,Female,7181.11,Credit,Reliance,Utilities,Declined
n100618,2026-02-16,Chennai,C97340,MasterCard,Groceries,Male,3011.24,UPI,Reliance,Food,Declined
n100619,2026-04-05,Chennai,C36890,Visa,Utilities,Female,24452.76,Credit,Zomato,Food,Approved
n100620,2026-05-17,Delhi,C25923,Visa,Dining,Female,19236.1,UPI,Zomato,Retail,Approved
n100621,2026-05-20,Pune,C94835,RuPay,Dining,Female,24243.18,NetBanking,Reliance,Fuel,Declined
n100622,2026-03-28,Bengaluru,C72781,Visa,Groceries,Male,7771.25,UPI,IRCTC,Food,Declined
n100623,2026-01-24,Pune,C17213,MasterCard,Shopping,Male,19553.96,UPI,IRCTC,E-commerce,Approved
n100624,2026-05-18,Vizag,C98744,Visa,Shopping,Female,4941.81,UPI,Amazon,Utilities,Declined
n100625,2026-04-12,Chennai,C66051,RuPay,Dining,Female,403.55,UPI,Zomato,Travel,Declined
n100626,2026-05-24,Bengaluru,C38271,Amex,Utilities,Female,20111.77,UPI,Reliance,Utilities,Declined
n100627,2026-04-17,Chennai,C86962,Visa,Groceries,Male,7650.46,NetBanking,Zomato,E-commerce,Declined
n100628,2026-01-23,Hyderabad,C63668,RuPay,Dining,Male,13939.76,NetBanking,Reliance,Retail,Approved
n100629,2026-04-08,Delhi,C82596,Amex,Fuel,Female,20881.17,UPI,HPCL,Fuel,Declined
n100630,2026-02-27,Hyderabad,C10320,MasterCard,Travel,Female,23905.06,NetBanking,HPCL,E-commerce,Declined
n100631,2026-04-17,Chennai,C74472,MasterCard,Fuel,Male,19141.49,UPI,DMart,Fuel,Declined
n100632,2026-05-29,Vizag,C84130,Amex,Travel,Female,24359.04,Credit,Zomato,Fuel,Approved
n100633,2026-03-08,Chennai,C86238,Visa,Groceries,Female,11579.99,NetBanking,Reliance,Travel,Approved
n100634,2026-01-14,Delhi,C57338,Amex,Utilities,Female,1313.0,UPI,DMart,Fuel,Approved
n100635,2026-06-10,Chennai,C22387,MasterCard,Shopping,Female,21823.83,NetBanking,Swiggy,Travel,Declined
n100636,2026-01-25,Pune,C28837,Visa,Groceries,Female,9388.05,UPI,IOCL,Travel,Approved
n100637,2026-01-27,Mumbai,C30257,MasterCard,Groceries,Male,10491.92,Credit,DMart,Retail,Approved
n100638,2026-05-03,Pune,C50838,RuPay,Groceries,Female,22254.19,NetBanking,Zomato,Retail,Declined
n100639,2026-01-08,Bengaluru,C39144,MasterCard,Utilities,Male,17232.37,UPI,Reliance,Retail,Approved
n100640,2026-01-21,Kolkata,C24643,Visa,Fuel,Female,18957.62,Credit,IRCTC,E-commerce,Approved
n100641,2026-06-18,Hyderabad,C71483,Visa,Travel,Male,1749.56,NetBanking,Amazon,E-commerce,Approved
n100642,2026-06-04,Mumbai,C87018,MasterCard,Groceries,Female,828.55,Credit,Swiggy,Fuel,Declined
n100643,2026-04-01,Chennai,C75619,MasterCard,Shopping,Male,2567.73,NetBanking,Amazon,Fuel,Approved
n100644,2026-02-19,Delhi,C32514,Visa,Utilities,Male,23113.38,NetBanking,HPCL,Travel,Approved
n100645,2026-04-23,Bengaluru,C33704,RuPay,Dining,Female,5435.42,Credit,IOCL,E-commerce,Declined
n100646,2026-02-01,Vizag,C24459,MasterCard,Dining,Female,17647.8,NetBanking,Amazon,E-commerce,Declined
n100647,2026-05-07,Bengaluru,C60434,RuPay,Dining,Female,17207.46,UPI,IRCTC,Fuel,Declined
n100648,2026-03-16,Kolkata,C34744,Visa,Dining,Female,4564.5,NetBanking,HPCL,Utilities,Approved
n100649,2026-04-12,Vizag,C78506,Visa,Fuel,Male,9930.81,NetBanking,DMart,Utilities,Approved
n100650,2026-01-17,Pune,C36094,RuPay,Groceries,Female,3156.78,UPI,HPCL,Travel,Declined
n100651,2026-06-14,Kolkata,C56674,Amex,Utilities,Female,24689.33,NetBanking,Swiggy,Retail,Declined
n100652,2026-01-28,Bengaluru,C42858,Amex,Dining,Male,15746.44,Credit,Amazon,E-commerce,Approved
n100653,2026-01-18,Vizag,C98880,Visa,Groceries,Female,15154.14,UPI,Reliance,Travel,Approved
n100654,2026-01-20,Vizag,C71082,MasterCard,Travel,Female,12307.23,UPI,Zomato,Fuel,Approved
n100655,2026-01-09,Kolkata,C25615,Amex,Dining,Female,21336.57,UPI,HPCL,E-commerce,Approved
n100656,2026-02-15,Delhi,C31514,Amex,Dining,Male,7880.25,UPI,HPCL,E-commerce,Declined
n100657,2026-06-18,Vizag,C72378,MasterCard,Shopping,Male,9845.48,UPI,IOCL,Fuel,Declined
n100658,2026-03-14,Pune,C18050,Visa,Shopping,Male,3292.13,UPI,Zomato,Utilities,Approved
n100659,2026-06-10,Pune,C59882,Visa,Dining,Female,24799.44,UPI,Zomato,E-commerce,Approved
n100660,2026-03-05,Mumbai,C94945,RuPay,Shopping,Male,22768.69,Credit,Swiggy,E-commerce,Declined
n100661,2026-02-13,Hyderabad,C80571,RuPay,Fuel,Female,16478.42,UPI,IOCL,Travel,Approved
n100662,2026-06-28,Vizag,C87068,Visa,Travel,Female,14301.8,UPI,DMart,Food,Approved
n100663,2026-06-26,Mumbai,C54035,Amex,Shopping,Female,4249.02,UPI,Zomato,Food,Approved
n100664,2026-05-08,Bengaluru,C80232,MasterCard,Travel,Female,1283.53,NetBanking,IOCL,Retail,Approved
n100665,2026-05-29,Bengaluru,C87576,RuPay,Travel,Male,14204.06,NetBanking,HPCL,Food,Approved
n100666,2026-03-30,Bengaluru,C95398,RuPay,Shopping,Female,10879.47,NetBanking,Zomato,Retail,Declined
n100667,2026-04-13,Delhi,C91915,Amex,Utilities,Male,22034.32,NetBanking,Reliance,Fuel,Declined
n100668,2026-02-24,Vizag,C45118,Amex,Shopping,Male,13104.51,UPI,HPCL,Retail,Approved
n100669,2026-02-08,Delhi,C67067,Amex,Travel,Male,15884.79,UPI,Swiggy,Travel,Approved
n100670,2026-03-07,Mumbai,C63197,MasterCard,Fuel,Male,4878.71,Credit,Swiggy,Food,Declined
n100671,2026-05-24,Kolkata,C65314,Visa,Groceries,Male,6890.53,Credit,Swiggy,Travel,Approved
n100672,2026-06-14,Hyderabad,C73680,Visa,Fuel,Male,7916.23,UPI,DMart,Food,Declined
n100673,2026-06-21,Bengaluru,C62021,MasterCard,Groceries,Male,14317.24,NetBanking,DMart,Fuel,Declined
n100674,2026-05-08,Bengaluru,C41205,Visa,Travel,Female,20825.12,NetBanking,IOCL,Utilities,Approved
n100675,2026-04-19,Mumbai,C28910,Visa,Groceries,Male,24251.09,UPI,IOCL,Travel,Approved
n100676,2026-05-06,Pune,C24806,RuPay,Shopping,Female,11923.87,Credit,Swiggy,Retail,Declined
n100677,2026-05-02,Pune,C50392,Visa,Utilities,Male,21052.68,NetBanking,Amazon,Utilities,Approved
n100678,2026-03-06,Kolkata,C50536,RuPay,Utilities,Male,13419.28,Credit,HPCL,Food,Approved
n100679,2026-04-11,Delhi,C49438,Visa,Groceries,Female,5338.62,Credit,HPCL,Utilities,Declined
n100680,2026-06-14,Kolkata,C14440,RuPay,Fuel,Female,11830.17,UPI,Zomato,Utilities,Declined
n100681,2026-01-26,Chennai,C44205,Visa,Travel,Female,15092.69,NetBanking,Zomato,Food,Approved
n100682,2026-01-14,Chennai,C92595,Amex,Utilities,Male,176.59,Credit,Swiggy,Travel,Approved
n100683,2026-01-29,Chennai,C42716,MasterCard,Shopping,Female,19836.79,UPI,HPCL,Food,Approved
n100684,2026-03-08,Chennai,C87728,RuPay,Travel,Male,2201.53,UPI,Reliance,Food,Declined
n100685,2026-05-27,Mumbai,C12717,Visa,Shopping,Male,22680.44,UPI,IRCTC,Travel,Approved
n100686,2026-01-13,Kolkata,C91003,Amex,Shopping,Female,3816.35,UPI,Reliance,Fuel,Approved
n100687,2026-01-04,Kolkata,C69468,Amex,Fuel,Male,17867.74,Credit,Swiggy,Travel,Declined
n100688,2026-04-08,Chennai,C66532,MasterCard,Shopping,Male,24880.67,UPI,IRCTC,Food,Approved
n100689,2026-04-15,Chennai,C13771,RuPay,Travel,Male,15480.24,Credit,Zomato,Fuel,Declined
n100690,2026-01-22,Hyderabad,C71457,MasterCard,Travel,Female,17202.63,NetBanking,IOCL,Utilities,Declined
n100691,2026-06-02,Delhi,C19575,Visa,Shopping,Male,1397.6,Credit,HPCL,Travel,Approved
n100692,2026-01-02,Delhi,C76131,Amex,Travel,Female,16814.42,Credit,Amazon,Fuel,Approved
n100693,2026-03-08,Chennai,C76027,Amex,Travel,Female,3384.8,UPI,IOCL,Retail,Declined
n100694,2026-01-30,Pune,C15788,MasterCard,Dining,Female,18720.8,UPI,Swiggy,Travel,Declined
n100695,2026-05-13,Pune,C67117,MasterCard,Travel,Female,19115.52,Credit,HPCL,E-commerce,Approved
n100696,2026-02-08,Hyderabad,C40128,MasterCard,Fuel,Female,6579.58,NetBanking,HPCL,Food,Approved
n100697,2026-05-07,Hyderabad,C67870,RuPay,Utilities,Female,11498.22,Credit,Reliance,E-commerce,Declined
n100698,2026-01-24,Mumbai,C47239,MasterCard,Groceries,Female,14124.86,NetBanking,IRCTC,Fuel,Approved
n100699,2026-05-15,Chennai,C64580,Visa,Groceries,Female,16955.02,UPI,Amazon,Travel,Approved
n100700,2026-04-11,Pune,C87376,Visa,Travel,Male,818.98,UPI,HPCL,Food,Declined
n100701,2026-06-02,Hyderabad,C53178,Visa,Utilities,Female,8190.4,NetBanking,Reliance,Retail,Approved
n100702,2026-06-14,Delhi,C52358,Visa,Utilities,Male,13724.19,NetBanking,IOCL,E-commerce,Declined
n100703,2026-03-07,Chennai,C41467,Amex,Fuel,Male,21323.41,Credit,IOCL,Food,Declined
n100704,2026-06-15,Chennai,C25807,RuPay,Dining,Female,18423.64,UPI,Reliance,Travel,Approved
n100705,2026-04-05,Mumbai,C74175,Amex,Dining,Female,6785.14,NetBanking,IOCL,E-commerce,Declined
n100706,2026-04-05,Chennai,C66899,Amex,Fuel,Male,12882.2,UPI,IRCTC,Utilities,Approved
n100707,2026-05-07,Bengaluru,C48103,Amex,Dining,Male,22689.47,UPI,Swiggy,Retail,Approved
n100708,2026-06-25,Delhi,C42591,Amex,Travel,Male,13819.76,Credit,DMart,Fuel,Declined
n100709,2026-04-16,Bengaluru,C70903,RuPay,Travel,Female,14680.64,NetBanking,Amazon,E-commerce,Declined
n100710,2026-02-15,Chennai,C61505,Visa,Fuel,Female,21931.21,UPI,Zomato,Fuel,Declined
n100711,2026-06-21,Vizag,C91764,RuPay,Travel,Male,5355.6,Credit,Swiggy,Utilities,Approved
n100712,2026-04-22,Hyderabad,C10766,Amex,Fuel,Male,4376.21,UPI,HPCL,Utilities,Declined
n100713,2026-06-18,Vizag,C49688,RuPay,Utilities,Female,20135.55,Credit,Reliance,Retail,Approved
n100714,2026-02-18,Bengaluru,C12082,MasterCard,Fuel,Male,12079.82,Credit,IRCTC,Food,Approved
n100715,2026-01-23,Delhi,C70742,MasterCard,Dining,Female,643.24,Credit,Reliance,Utilities,Declined
n100716,2026-05-05,Vizag,C12572,Amex,Shopping,Male,5113.33,NetBanking,IOCL,E-commerce,Declined
n100717,2026-01-03,Bengaluru,C92629,Amex,Dining,Female,18453.25,NetBanking,Swiggy,E-commerce,Declined
n100718,2026-04-13,Vizag,C77286,Amex,Groceries,Male,13254.89,UPI,Zomato,Fuel,Approved
n100719,2026-03-10,Kolkata,C72041,Visa,Dining,Female,11263.3,UPI,Amazon,Retail,Declined
n100720,2026-02-19,Vizag,C55068,Amex,Groceries,Male,14732.7,NetBanking,Zomato,Fuel,Declined
n100721,2026-02-03,Delhi,C61166,Amex,Utilities,Female,19919.72,Credit,IRCTC,Travel,Approved
n100722,2026-06-20,Vizag,C26920,MasterCard,Groceries,Male,15183.15,Credit,IOCL,Food,Declined
n100723,2026-03-02,Mumbai,C82984,Visa,Fuel,Female,22034.56,UPI,Reliance,Retail,Approved
n100724,2026-01-17,Pune,C66442,Visa,Shopping,Male,3105.13,Credit,HPCL,Travel,Declined
n100725,2026-04-01,Hyderabad,C83010,RuPay,Groceries,Male,17689.48,UPI,HPCL,E-commerce,Approved
n100726,2026-06-06,Bengaluru,C83724,Visa,Shopping,Male,4259.45,Credit,IRCTC,Travel,Approved
n100727,2026-03-16,Vizag,C76308,Amex,Utilities,Male,3941.96,UPI,Zomato,Retail,Approved
n100728,2026-02-21,Vizag,C64493,Visa,Groceries,Female,8598.87,NetBanking,Reliance,E-commerce,Declined
n100729,2026-04-06,Kolkata,C57270,MasterCard,Groceries,Female,19701.67,Credit,IOCL,Food,Declined
n100730,2026-04-28,Pune,C13901,Amex,Groceries,Male,17968.88,NetBanking,DMart,E-commerce,Declined
n100731,2026-03-22,Kolkata,C31538,Amex,Fuel,Female,19003.89,NetBanking,Reliance,Fuel,Approved
n100732,2026-06-11,Delhi,C64959,Amex,Utilities,Female,18066.62,UPI,Zomato,E-commerce,Declined
n100733,2026-05-16,Chennai,C62944,Amex,Utilities,Male,22200.74,NetBanking,HPCL,Utilities,Declined
n100734,2026-06-16,Kolkata,C35859,RuPay,Fuel,Male,13482.09,UPI,Reliance,Fuel,Declined
n100735,2026-02-24,Bengaluru,C77065,RuPay,Shopping,Female,18950.45,Credit,Amazon,E-commerce,Declined
n100736,2026-03-03,Delhi,C65410,Visa,Utilities,Male,21055.43,UPI,Zomato,E-commerce,Approved
n100737,2026-06-16,Bengaluru,C68816,RuPay,Shopping,Male,11383.36,Credit,IRCTC,Travel,Declined
n100738,2026-03-14,Chennai,C59501,MasterCard,Fuel,Female,12959.65,Credit,Zomato,Food,Approved
n100739,2026-02-07,Kolkata,C64008,Visa,Fuel,Male,10679.68,Credit,HPCL,Retail,Declined
n100740,2026-01-20,Pune,C98712,Amex,Shopping,Female,21813.17,NetBanking,HPCL,Utilities,Declined
n100741,2026-04-23,Vizag,C64646,MasterCard,Groceries,Male,12170.63,UPI,Reliance,Utilities,Approved
n100742,2026-06-27,Mumbai,C69694,Amex,Fuel,Male,23607.33,UPI,DMart,Fuel,Declined
n100743,2026-01-29,Bengaluru,C58442,RuPay,Fuel,Male,3031.78,UPI,Zomato,Travel,Declined
n100744,2026-05-05,Hyderabad,C28726,MasterCard,Shopping,Female,1311.41,UPI,Swiggy,Retail,Approved
n100745,2026-05-06,Hyderabad,C26033,RuPay,Fuel,Male,10497.62,NetBanking,Swiggy,Fuel,Declined
n100746,2026-03-28,Kolkata,C72289,MasterCard,Groceries,Female,19065.8,NetBanking,HPCL,Retail,Declined
n100747,2026-01-23,Kolkata,C60755,MasterCard,Dining,Female,13570.76,NetBanking,HPCL,Utilities,Declined
n100748,2026-06-15,Bengaluru,C31707,Visa,Shopping,Female,14070.0,Credit,DMart,Retail,Approved
n100749,2026-05-26,Mumbai,C72368,Visa,Fuel,Male,24063.18,UPI,IRCTC,Retail,Declined
n100750,2026-01-22,Pune,C62664,Visa,Dining,Male,8564.92,Credit,IOCL,E-commerce,Declined
n100751,2026-04-08,Delhi,C21930,Visa,Fuel,Male,7205.26,Credit,Swiggy,E-commerce,Approved
n100752,2026-03-20,Kolkata,C98946,MasterCard,Fuel,Female,4618.3,NetBanking,Amazon,Travel,Declined
n100753,2026-01-26,Pune,C28672,Amex,Travel,Female,9450.28,Credit,Amazon,Retail,Approved
n100754,2026-06-02,Mumbai,C74615,Amex,Fuel,Female,1609.74,UPI,IOCL,E-commerce,Declined
n100755,2026-01-08,Kolkata,C93039,MasterCard,Fuel,Female,13896.47,NetBanking,DMart,Retail,Approved
n100756,2026-03-19,Kolkata,C68455,Visa,Utilities,Male,19593.75,Credit,Zomato,Fuel,Approved
n100757,2026-03-04,Kolkata,C82764,Amex,Fuel,Male,20334.83,NetBanking,Swiggy,Utilities,Approved
n100758,2026-01-01,Hyderabad,C73201,RuPay,Shopping,Female,21003.24,UPI,Zomato,Utilities,Approved
n100759,2026-05-30,Delhi,C15961,MasterCard,Utilities,Male,7585.89,UPI,DMart,Retail,Declined
n100760,2026-04-21,Mumbai,C90012,RuPay,Utilities,Female,15915.73,NetBanking,HPCL,Travel,Approved
n100761,2026-06-19,Pune,C54778,MasterCard,Dining,Female,495.28,NetBanking,Reliance,Utilities,Approved
n100762,2026-06-05,Vizag,C10560,Visa,Utilities,Male,10387.76,NetBanking,HPCL,Food,Approved
n100763,2026-06-16,Bengaluru,C80601,Visa,Utilities,Female,16838.92,UPI,IOCL,Fuel,Declined
n100764,2026-04-10,Chennai,C11105,Visa,Dining,Female,23412.57,UPI,Amazon,Retail,Approved
n100765,2026-03-13,Pune,C35101,Visa,Shopping,Female,20229.52,Credit,IRCTC,Food,Declined
n100766,2026-01-10,Delhi,C74597,MasterCard,Fuel,Male,24608.16,NetBanking,IOCL,E-commerce,Declined
n100767,2026-05-26,Vizag,C32344,MasterCard,Utilities,Male,1727.48,Credit,DMart,Retail,Declined
n100768,2026-05-26,Mumbai,C78561,RuPay,Groceries,Male,24799.59,NetBanking,Swiggy,Utilities,Declined
n100769,2026-01-01,Kolkata,C94012,Visa,Travel,Female,21124.1,UPI,Swiggy,E-commerce,Declined
n100770,2026-05-07,Pune,C77797,Visa,Utilities,Male,1269.42,UPI,HPCL,Travel,Approved
n100771,2026-04-11,Mumbai,C53870,Visa,Shopping,Male,24757.59,Credit,IOCL,E-commerce,Approved
n100772,2026-02-20,Chennai,C53152,RuPay,Fuel,Male,794.03,UPI,Amazon,Fuel,Declined
n100773,2026-03-06,Mumbai,C24134,Amex,Groceries,Female,20829.69,UPI,IRCTC,E-commerce,Declined
n100774,2026-01-25,Vizag,C85882,Visa,Fuel,Male,22926.19,UPI,Zomato,Utilities,Approved
n100775,2026-02-02,Hyderabad,C67923,Visa,Travel,Female,1738.18,NetBanking,Amazon,Fuel,Approved
n100776,2026-03-17,Kolkata,C62649,Visa,Shopping,Female,5904.49,NetBanking,Amazon,Food,Declined
n100777,2026-04-29,Kolkata,C91292,Visa,Travel,Male,11406.51,UPI,IRCTC,E-commerce,Approved
n100778,2026-01-04,Bengaluru,C87710,MasterCard,Shopping,Male,15970.36,UPI,Zomato,Food,Declined
n100779,2026-06-08,Vizag,C34369,MasterCard,Groceries,Male,1606.23,UPI,IOCL,Fuel,Declined
n100780,2026-03-21,Chennai,C29321,Amex,Travel,Female,7347.49,Credit,Reliance,E-commerce,Approved
n100781,2026-05-10,Hyderabad,C65320,RuPay,Groceries,Male,16049.81,Credit,DMart,Travel,Approved
n100782,2026-06-20,Vizag,C71263,RuPay,Shopping,Female,15440.97,UPI,Zomato,Retail,Approved
n100783,2026-04-27,Hyderabad,C75002,MasterCard,Fuel,Male,17361.19,UPI,IRCTC,Retail,Declined
n100784,2026-03-26,Kolkata,C36911,Amex,Groceries,Male,9134.15,Credit,Zomato,E-commerce,Approved
n100785,2026-02-06,Delhi,C67725,MasterCard,Utilities,Female,1193.23,Credit,IRCTC,Retail,Declined
n100786,2026-02-14,Mumbai,C44340,MasterCard,Travel,Male,4545.68,Credit,Reliance,Travel,Approved
n100787,2026-01-06,Chennai,C59666,Visa,Travel,Male,7696.3,Credit,Zomato,Travel,Approved
n100788,2026-05-15,Kolkata,C18569,Visa,Groceries,Male,19892.96,Credit,IOCL,Utilities,Declined
n100789,2026-03-23,Kolkata,C93380,MasterCard,Fuel,Male,21375.44,UPI,Reliance,Travel,Approved
n100790,2026-01-14,Delhi,C26575,Amex,Groceries,Male,19638.16,NetBanking,DMart,Retail,Declined
n100791,2026-06-15,Pune,C75350,Amex,Groceries,Female,17840.92,NetBanking,HPCL,Utilities,Declined
n100792,2026-05-02,Delhi,C86177,Amex,Utilities,Male,5259.27,Credit,HPCL,Retail,Declined
n100793,2026-02-25,Delhi,C65708,Amex,Shopping,Male,23393.92,UPI,Swiggy,Fuel,Approved
n100794,2026-02-04,Bengaluru,C48672,Amex,Shopping,Female,5831.42,Credit,HPCL,Fuel,Declined
n100795,2026-04-20,Vizag,C71282,Amex,Dining,Female,20132.16,UPI,Swiggy,Food,Approved
n100796,2026-02-15,Vizag,C40643,RuPay,Utilities,Male,9041.41,Credit,Swiggy,Fuel,Approved
n100797,2026-03-12,Mumbai,C22898,Visa,Fuel,Female,1053.21,Credit,Zomato,Retail,Declined
n100798,2026-03-06,Delhi,C99592,RuPay,Groceries,Male,24960.29,NetBanking,Swiggy,E-commerce,Declined
n100799,2026-03-14,Pune,C62928,Amex,Shopping,Male,11852.9,NetBanking,Reliance,Food,Approved
n100800,2026-02-28,Mumbai,C72185,MasterCard,Shopping,Female,18090.51,UPI,Zomato,E-commerce,Declined
n100801,2026-02-18,Kolkata,C64747,MasterCard,Dining,Female,21338.31,Credit,Zomato,Retail,Approved
n100802,2026-03-20,Hyderabad,C75509,RuPay,Travel,Male,10536.77,NetBanking,IOCL,Utilities,Declined
n100803,2026-03-25,Hyderabad,C84393,Visa,Groceries,Male,24433.36,UPI,IOCL,Food,Approved
n100804,2026-04-11,Bengaluru,C80056,Amex,Groceries,Female,2805.1,NetBanking,HPCL,Utilities,Declined
n100805,2026-01-24,Chennai,C23672,MasterCard,Fuel,Female,768.28,Credit,DMart,Food,Declined
n100806,2026-02-22,Mumbai,C48155,Visa,Dining,Male,9279.44,Credit,Reliance,Travel,Declined
n100807,2026-04-11,Chennai,C24515,MasterCard,Shopping,Female,12008.45,Credit,IOCL,Retail,Approved
n100808,2026-02-22,Delhi,C66649,Amex,Groceries,Female,14728.55,NetBanking,HPCL,Travel,Approved
n100809,2026-01-02,Chennai,C68422,Visa,Dining,Male,13193.83,NetBanking,HPCL,Food,Declined
n100810,2026-05-28,Hyderabad,C21941,RuPay,Utilities,Female,8734.87,NetBanking,Swiggy,Food,Approved
n100811,2026-04-17,Mumbai,C33537,Amex,Dining,Female,22779.74,Credit,DMart,Food,Approved
n100812,2026-03-03,Chennai,C45884,RuPay,Utilities,Male,17481.3,NetBanking,IRCTC,Food,Declined
n100813,2026-05-22,Bengaluru,C58330,Visa,Fuel,Female,10311.39,Credit,Swiggy,Retail,Approved
n100814,2026-04-29,Hyderabad,C19593,Amex,Dining,Female,18674.34,Credit,IOCL,E-commerce,Approved
n100815,2026-03-06,Bengaluru,C27888,RuPay,Utilities,Female,12170.51,Credit,DMart,Fuel,Approved
n100816,2026-04-23,Chennai,C71707,RuPay,Groceries,Male,20978.55,NetBanking,DMart,Retail,Declined
n100817,2026-02-01,Kolkata,C32079,Visa,Utilities,Male,16966.84,Credit,HPCL,Travel,Approved
n100818,2026-02-25,Hyderabad,C98479,MasterCard,Dining,Male,20928.88,NetBanking,DMart,Food,Declined
n100819,2026-04-24,Hyderabad,C88407,Visa,Fuel,Female,19201.14,Credit,Zomato,Retail,Approved
n100820,2026-01-24,Hyderabad,C65270,Visa,Fuel,Female,20531.11,NetBanking,DMart,Retail,Approved
n100821,2026-06-20,Chennai,C31895,Visa,Dining,Male,20409.05,UPI,IRCTC,Fuel,Approved
n100822,2026-05-19,Kolkata,C66083,Visa,Groceries,Male,2736.54,UPI,Reliance,E-commerce,Declined
n100823,2026-06-17,Pune,C11570,Amex,Groceries,Female,5580.4,NetBanking,Swiggy,Utilities,Declined
n100824,2026-01-12,Bengaluru,C38647,Amex,Travel,Female,24579.25,Credit,Reliance,Travel,Approved
n100825,2026-06-03,Pune,C92689,Amex,Utilities,Male,8367.96,NetBanking,Zomato,Utilities,Declined
n100826,2026-01-18,Pune,C12313,Amex,Dining,Male,12635.16,NetBanking,Amazon,Retail,Approved
n100827,2026-06-07,Bengaluru,C50481,MasterCard,Utilities,Female,18955.42,NetBanking,DMart,E-commerce,Approved
n100828,2026-04-06,Vizag,C48877,MasterCard,Groceries,Female,5189.19,Credit,IRCTC,Utilities,Declined
n100829,2026-03-26,Chennai,C46454,RuPay,Utilities,Male,13069.73,UPI,Swiggy,E-commerce,Approved
n100830,2026-03-26,Pune,C41752,MasterCard,Shopping,Male,22675.14,NetBanking,IRCTC,Utilities,Approved
n100831,2026-06-05,Kolkata,C78350,RuPay,Groceries,Female,15781.58,Credit,HPCL,E-commerce,Approved
n100832,2026-01-14,Chennai,C36767,MasterCard,Fuel,Male,14856.5,Credit,IRCTC,Fuel,Approved
n100833,2026-04-20,Vizag,C50824,MasterCard,Utilities,Male,6198.63,Credit,IRCTC,Travel,Declined
n100834,2026-05-28,Vizag,C93309,MasterCard,Travel,Female,2092.4,UPI,IOCL,Food,Approved
n100835,2026-05-01,Vizag,C65403,Amex,Groceries,Female,593.3,UPI,IOCL,E-commerce,Declined
n100836,2026-06-02,Chennai,C82463,MasterCard,Travel,Female,11644.92,UPI,Swiggy,Food,Declined
n100837,2026-01-19,Pune,C27911,Amex,Groceries,Male,22911.69,Credit,Amazon,Fuel,Declined
n100838,2026-05-06,Kolkata,C64502,Amex,Utilities,Female,9662.53,UPI,DMart,Food,Approved
n100839,2026-02-01,Kolkata,C84135,MasterCard,Groceries,Female,23931.71,NetBanking,Zomato,Fuel,Declined
n100840,2026-06-12,Pune,C17563,Amex,Dining,Male,6134.59,Credit,Zomato,Utilities,Approved
n100841,2026-06-28,Chennai,C44253,Amex,Utilities,Male,6431.77,NetBanking,Reliance,E-commerce,Approved
n100842,2026-01-24,Kolkata,C62122,Visa,Shopping,Male,21912.55,Credit,IOCL,Travel,Declined
n100843,2026-05-09,Kolkata,C86818,RuPay,Utilities,Female,18836.31,NetBanking,DMart,E-commerce,Declined
n100844,2026-02-06,Delhi,C37462,Amex,Utilities,Female,259.87,Credit,HPCL,E-commerce,Approved
n100845,2026-01-18,Kolkata,C78807,Amex,Utilities,Female,18352.75,Credit,Reliance,Travel,Approved
n100846,2026-06-30,Chennai,C35954,Amex,Groceries,Male,11321.45,Credit,Reliance,Retail,Approved
n100847,2026-02-16,Mumbai,C43993,Amex,Dining,Male,21722.21,Credit,DMart,Travel,Approved
n100848,2026-04-07,Bengaluru,C46275,Visa,Travel,Male,14682.6,UPI,HPCL,Utilities,Approved
n100849,2026-01-03,Hyderabad,C44875,Visa,Utilities,Male,2511.36,NetBanking,Amazon,Food,Declined
n100850,2026-05-05,Vizag,C54175,Amex,Travel,Female,17078.31,UPI,Zomato,Retail,Declined
n100851,2026-06-20,Kolkata,C59602,Visa,Travel,Female,20176.13,Credit,HPCL,Utilities,Declined
n100852,2026-02-05,Hyderabad,C88893,Visa,Shopping,Female,23781.44,Credit,Zomato,Food,Declined
n100853,2026-05-12,Kolkata,C96537,MasterCard,Fuel,Female,514.09,UPI,Amazon,Utilities,Declined
n100854,2026-06-23,Vizag,C40612,Amex,Dining,Male,8773.52,UPI,DMart,Utilities,Declined
n100855,2026-03-17,Mumbai,C28764,Visa,Groceries,Female,19940.84,UPI,HPCL,Retail,Declined
n100856,2026-01-30,Vizag,C96853,MasterCard,Groceries,Male,4343.78,NetBanking,DMart,E-commerce,Declined
n100857,2026-01-08,Chennai,C52795,Amex,Travel,Male,18007.46,NetBanking,HPCL,Utilities,Approved
n100858,2026-06-20,Chennai,C80063,Amex,Fuel,Female,21811.32,NetBanking,DMart,Utilities,Declined
n100859,2026-04-07,Kolkata,C95710,Amex,Groceries,Male,6551.44,UPI,DMart,E-commerce,Approved
n100860,2026-03-29,Mumbai,C25218,RuPay,Groceries,Female,23856.31,NetBanking,Amazon,Travel,Approved
n100861,2026-06-01,Mumbai,C60875,Amex,Travel,Female,19958.2,Credit,IRCTC,E-commerce,Declined
n100862,2026-01-03,Vizag,C51409,MasterCard,Travel,Male,12545.83,UPI,Reliance,Fuel,Declined
n100863,2026-02-07,Hyderabad,C88496,RuPay,Travel,Male,6908.97,NetBanking,HPCL,Utilities,Approved
n100864,2026-05-07,Delhi,C59375,Visa,Travel,Male,20714.33,Credit,IRCTC,Utilities,Approved
n100865,2026-02-15,Vizag,C61355,RuPay,Utilities,Male,24777.47,NetBanking,IOCL,Travel,Declined
n100866,2026-06-23,Vizag,C55653,Amex,Dining,Male,13243.33,UPI,Swiggy,Utilities,Approved
n100867,2026-06-29,Kolkata,C22755,MasterCard,Travel,Male,21260.26,NetBanking,Swiggy,Food,Approved
n100868,2026-05-28,Chennai,C67918,Amex,Travel,Male,5323.18,NetBanking,IRCTC,Utilities,Approved
n100869,2026-04-03,Bengaluru,C98908,MasterCard,Dining,Female,17018.19,Credit,Amazon,E-commerce,Declined
n100870,2026-05-02,Chennai,C16877,Visa,Shopping,Female,14875.47,Credit,IOCL,Retail,Approved
n100871,2026-01-31,Mumbai,C61989,Amex,Travel,Male,16354.64,UPI,DMart,Food,Declined
n100872,2026-03-12,Vizag,C58145,Visa,Fuel,Male,2157.66,UPI,IRCTC,E-commerce,Declined
n100873,2026-03-12,Bengaluru,C87709,MasterCard,Dining,Female,24998.86,NetBanking,IOCL,Travel,Approved
n100874,2026-01-26,Pune,C18322,MasterCard,Dining,Male,9905.53,NetBanking,HPCL,E-commerce,Approved
n100875,2026-02-23,Bengaluru,C33680,MasterCard,Fuel,Female,20032.77,Credit,Amazon,Retail,Approved
n100876,2026-06-17,Chennai,C21510,RuPay,Fuel,Male,24500.22,NetBanking,Swiggy,Travel,Approved
n100877,2026-04-19,Hyderabad,C42550,RuPay,Fuel,Female,16513.02,UPI,Reliance,Fuel,Declined
n100878,2026-06-27,Pune,C78506,RuPay,Shopping,Male,17229.46,NetBanking,Amazon,Retail,Approved
n100879,2026-02-18,Chennai,C49283,MasterCard,Groceries,Male,14835.4,UPI,Reliance,Utilities,Declined
n100880,2026-01-20,Delhi,C44167,Amex,Utilities,Male,10061.48,Credit,Swiggy,Utilities,Declined
n100881,2026-06-27,Chennai,C80242,MasterCard,Fuel,Female,24884.45,NetBanking,IRCTC,Utilities,Declined
n100882,2026-05-25,Chennai,C65009,MasterCard,Travel,Female,9535.65,NetBanking,IRCTC,E-commerce,Declined
n100883,2026-02-01,Bengaluru,C99650,Amex,Fuel,Female,16040.42,UPI,Zomato,Travel,Approved
n100884,2026-02-27,Delhi,C11292,Visa,Dining,Male,9527.95,Credit,DMart,Retail,Declined
n100885,2026-05-31,Vizag,C22522,RuPay,Utilities,Female,13833.4,NetBanking,DMart,E-commerce,Approved
n100886,2026-03-23,Kolkata,C33681,RuPay,Utilities,Female,11973.86,Credit,Swiggy,E-commerce,Approved
n100887,2026-06-18,Chennai,C28700,Amex,Shopping,Female,1416.33,NetBanking,Zomato,Utilities,Approved
n100888,2026-06-23,Kolkata,C70003,MasterCard,Dining,Female,19981.88,NetBanking,Swiggy,Travel,Declined
n100889,2026-05-14,Mumbai,C50001,Visa,Travel,Female,19287.4,Credit,DMart,E-commerce,Approved
n100890,2026-01-24,Chennai,C85407,Visa,Fuel,Female,13898.58,UPI,Amazon,Food,Approved
n100891,2026-05-03,Vizag,C77503,Visa,Dining,Male,15445.54,NetBanking,Amazon,Utilities,Declined
n100892,2026-06-29,Pune,C42011,Visa,Shopping,Female,24119.72,NetBanking,IRCTC,Retail,Approved
n100893,2026-04-04,Chennai,C77329,RuPay,Fuel,Female,12438.15,Credit,Zomato,E-commerce,Declined
n100894,2026-06-23,Mumbai,C80663,Visa,Travel,Female,12129.8,UPI,IRCTC,E-commerce,Declined
n100895,2026-02-25,Delhi,C94275,Visa,Dining,Female,1531.67,Credit,HPCL,Travel,Declined
n100896,2026-04-01,Bengaluru,C10675,RuPay,Utilities,Male,10111.5,Credit,DMart,Food,Declined
n100897,2026-02-20,Bengaluru,C79349,MasterCard,Dining,Male,22836.42,Credit,Reliance,Utilities,Declined
n100898,2026-02-27,Vizag,C61820,RuPay,Travel,Female,10765.7,Credit,Swiggy,E-commerce,Declined
n100899,2026-06-18,Vizag,C31211,MasterCard,Travel,Female,244.67,NetBanking,IRCTC,E-commerce,Approved
n100900,2026-03-14,Hyderabad,C27521,Amex,Dining,Female,22534.85,Credit,IRCTC,Food,Declined
n100901,2026-01-31,Kolkata,C74103,Amex,Utilities,Male,8189.7,UPI,IOCL,Retail,Approved
n100902,2026-01-28,Hyderabad,C26531,MasterCard,Travel,Male,19207.89,Credit,Amazon,Utilities,Declined
n100903,2026-04-20,Hyderabad,C66928,Amex,Travel,Female,12199.64,UPI,IRCTC,Fuel,Approved
n100904,2026-05-11,Chennai,C42698,RuPay,Fuel,Female,24857.0,Credit,IOCL,Retail,Declined
n100905,2026-06-30,Bengaluru,C75841,MasterCard,Groceries,Male,5811.67,Credit,IOCL,E-commerce,Declined
n100906,2026-02-19,Chennai,C65876,Visa,Shopping,Male,2364.29,Credit,IOCL,Food,Declined
n100907,2026-06-29,Mumbai,C39068,RuPay,Dining,Female,1627.61,UPI,Amazon,Travel,Approved
n100908,2026-03-10,Pune,C46773,RuPay,Utilities,Female,6249.52,Credit,Reliance,E-commerce,Approved
n100909,2026-01-14,Pune,C37784,RuPay,Dining,Female,22721.2,Credit,IOCL,Retail,Declined
n100910,2026-05-06,Pune,C53815,RuPay,Fuel,Male,16756.79,NetBanking,Reliance,Travel,Declined
n100911,2026-04-03,Pune,C41228,RuPay,Groceries,Female,2272.06,Credit,Reliance,Utilities,Approved
n100912,2026-01-11,Mumbai,C35287,Amex,Fuel,Male,23551.27,NetBanking,Zomato,Travel,Declined
n100913,2026-02-21,Chennai,C15742,MasterCard,Groceries,Female,13807.34,UPI,Zomato,Travel,Declined
n100914,2026-06-11,Bengaluru,C67163,Visa,Dining,Female,13141.69,NetBanking,Amazon,Retail,Declined
n100915,2026-06-28,Chennai,C47965,Visa,Shopping,Male,19880.32,NetBanking,IRCTC,Utilities,Declined
n100916,2026-05-07,Bengaluru,C31694,Amex,Shopping,Female,14106.21,UPI,IOCL,Fuel,Declined
n100917,2026-02-22,Chennai,C10471,MasterCard,Shopping,Male,14843.61,Credit,HPCL,Fuel,Declined
n100918,2026-03-19,Mumbai,C48844,RuPay,Shopping,Male,4360.62,Credit,IRCTC,Travel,Approved
n100919,2026-06-13,Chennai,C46406,MasterCard,Travel,Male,16096.09,Credit,IRCTC,Fuel,Approved
n100920,2026-01-01,Pune,C92927,RuPay,Travel,Male,23666.05,NetBanking,Swiggy,Utilities,Approved
n100921,2026-04-15,Delhi,C52550,Visa,Utilities,Male,20615.9,Credit,Swiggy,Retail,Declined
n100922,2026-01-05,Bengaluru,C60067,RuPay,Utilities,Male,20439.49,Credit,Zomato,Travel,Approved
n100923,2026-05-29,Kolkata,C30400,Amex,Groceries,Female,9279.14,UPI,DMart,Food,Approved
n100924,2026-04-28,Chennai,C33083,MasterCard,Shopping,Female,23589.54,Credit,Swiggy,E-commerce,Declined
n100925,2026-02-11,Chennai,C61668,MasterCard,Fuel,Male,1894.01,Credit,HPCL,Utilities,Declined
n100926,2026-01-26,Chennai,C11545,Visa,Dining,Female,615.83,Credit,Amazon,Retail,Approved
n100927,2026-01-22,Delhi,C28695,Visa,Fuel,Male,13605.02,UPI,DMart,Retail,Approved
n100928,2026-05-03,Vizag,C31383,RuPay,Travel,Female,3947.38,Credit,Swiggy,Utilities,Approved
n100929,2026-01-06,Hyderabad,C23476,RuPay,Fuel,Female,3631.69,Credit,Amazon,Retail,Declined
n100930,2026-04-09,Chennai,C56309,RuPay,Groceries,Female,17200.48,NetBanking,DMart,Food,Approved
n100931,2026-01-29,Mumbai,C23334,RuPay,Travel,Male,15430.85,Credit,Zomato,E-commerce,Approved
n100932,2026-06-04,Chennai,C33339,Amex,Shopping,Female,15030.33,NetBanking,IOCL,Retail,Declined
n100933,2026-06-09,Delhi,C55663,Visa,Travel,Female,16577.12,UPI,DMart,E-commerce,Approved
n100934,2026-06-17,Chennai,C51976,MasterCard,Dining,Female,18061.45,UPI,DMart,E-commerce,Declined
n100935,2026-03-13,Chennai,C21855,RuPay,Groceries,Male,19211.63,UPI,Zomato,Food,Declined
n100936,2026-05-04,Kolkata,C88871,RuPay,Groceries,Male,9641.31,NetBanking,HPCL,Fuel,Declined
n100937,2026-05-17,Mumbai,C60413,Visa,Shopping,Female,13220.95,NetBanking,IRCTC,Utilities,Approved
n100938,2026-03-02,Pune,C10375,MasterCard,Fuel,Female,14003.52,Credit,DMart,E-commerce,Declined
n100939,2026-04-03,Chennai,C48626,Amex,Groceries,Female,6138.19,Credit,Amazon,Utilities,Approved
n100940,2026-01-31,Chennai,C59474,Visa,Utilities,Female,9354.94,NetBanking,DMart,Utilities,Approved
n100941,2026-05-03,Chennai,C13956,MasterCard,Travel,Male,2066.93,Credit,Amazon,Fuel,Declined
n100942,2026-02-08,Chennai,C71573,MasterCard,Utilities,Female,11807.59,NetBanking,Zomato,Food,Approved
n100943,2026-03-15,Bengaluru,C30432,Visa,Utilities,Male,15143.92,Credit,Reliance,E-commerce,Declined
n100944,2026-04-19,Vizag,C82634,RuPay,Shopping,Female,17762.89,UPI,Reliance,Travel,Approved
n100945,2026-05-14,Kolkata,C26401,MasterCard,Dining,Male,5550.77,Credit,DMart,Utilities,Declined
n100946,2026-05-03,Pune,C95550,Amex,Dining,Male,1461.32,UPI,IOCL,Retail,Declined
n100947,2026-01-28,Bengaluru,C20198,RuPay,Shopping,Female,798.42,UPI,Reliance,Fuel,Approved
n100948,2026-01-17,Mumbai,C88264,Visa,Travel,Male,13837.12,NetBanking,Amazon,Retail,Declined
n100949,2026-01-22,Hyderabad,C83890,Amex,Fuel,Male,7933.05,UPI,Amazon,Travel,Declined
n100950,2026-04-12,Mumbai,C51218,Amex,Utilities,Female,24348.88,NetBanking,DMart,Travel,Declined
n100951,2026-05-09,Bengaluru,C75821,MasterCard,Fuel,Female,11976.13,Credit,Swiggy,Retail,Approved
n100952,2026-06-24,Vizag,C20322,Visa,Utilities,Male,22121.61,NetBanking,Reliance,Utilities,Approved
n100953,2026-05-09,Pune,C68652,MasterCard,Travel,Female,9071.88,UPI,Amazon,Utilities,Declined
n100954,2026-03-03,Mumbai,C90004,Visa,Groceries,Female,2525.41,Credit,Reliance,Travel,Approved
n100955,2026-05-08,Bengaluru,C69612,RuPay,Groceries,Female,4120.66,UPI,Zomato,Travel,Approved
n100956,2026-01-19,Chennai,C70390,RuPay,Dining,Female,19102.34,UPI,Reliance,E-commerce,Declined
n100957,2026-01-11,Pune,C47568,Amex,Dining,Male,11076.61,NetBanking,Zomato,Travel,Approved
n100958,2026-06-24,Kolkata,C76314,Amex,Travel,Male,15553.28,NetBanking,Amazon,Utilities,Approved
n100959,2026-06-29,Hyderabad,C30258,Visa,Travel,Female,4039.32,UPI,DMart,Retail,Declined
n100960,2026-04-29,Bengaluru,C55735,Amex,Dining,Female,2817.06,Credit,DMart,Food,Declined
n100961,2026-02-21,Kolkata,C53086,Visa,Travel,Female,24911.31,UPI,IRCTC,Utilities,Declined
n100962,2026-01-30,Delhi,C69582,Visa,Shopping,Male,23718.49,Credit,IRCTC,Travel,Approved
n100963,2026-06-03,Kolkata,C18178,RuPay,Dining,Female,5414.18,Credit,Amazon,Utilities,Declined
n100964,2026-03-11,Delhi,C93320,MasterCard,Fuel,Male,1824.55,UPI,DMart,Travel,Declined
n100965,2026-04-18,Mumbai,C97771,RuPay,Groceries,Male,2401.79,UPI,Zomato,Travel,Approved
n100966,2026-02-20,Pune,C64932,Amex,Dining,Male,24143.19,UPI,Zomato,Utilities,Declined
n100967,2026-01-03,Mumbai,C20198,MasterCard,Travel,Female,453.25,UPI,Reliance,Food,Declined
n100968,2026-01-30,Kolkata,C44446,Visa,Dining,Male,15893.9,NetBanking,DMart,E-commerce,Approved
n100969,2026-02-18,Kolkata,C81576,MasterCard,Shopping,Female,5481.82,Credit,IRCTC,Utilities,Approved
n100970,2026-04-05,Pune,C12122,RuPay,Travel,Male,17513.0,NetBanking,HPCL,Food,Declined
n100971,2026-04-01,Pune,C81102,Amex,Shopping,Female,2923.16,Credit,HPCL,Food,Declined
n100972,2026-02-15,Chennai,C81141,Amex,Dining,Female,21142.78,NetBanking,IOCL,Utilities,Declined
n100973,2026-06-29,Bengaluru,C21484,Visa,Fuel,Male,15444.88,UPI,DMart,Food,Approved
n100974,2026-06-12,Vizag,C75976,Visa,Utilities,Female,21307.46,Credit,IRCTC,Food,Declined
n100975,2026-01-30,Mumbai,C71548,Visa,Travel,Female,10382.08,NetBanking,IOCL,E-commerce,Declined
n100976,2026-02-27,Delhi,C45076,RuPay,Travel,Female,16865.19,Credit,IOCL,E-commerce,Approved
n100977,2026-01-07,Chennai,C59074,RuPay,Travel,Male,23983.1,UPI,IRCTC,Fuel,Declined
n100978,2026-02-19,Kolkata,C16760,Amex,Groceries,Female,24436.16,Credit,IOCL,Travel,Approved
n100979,2026-04-22,Mumbai,C23051,MasterCard,Shopping,Male,15822.88,UPI,Swiggy,Fuel,Approved
n100980,2026-03-24,Mumbai,C22223,Visa,Fuel,Female,387.3,NetBanking,Reliance,E-commerce,Approved
n100981,2026-05-27,Kolkata,C13314,MasterCard,Dining,Female,4745.22,NetBanking,IRCTC,Travel,Approved
n100982,2026-05-18,Mumbai,C59559,RuPay,Utilities,Male,6946.62,Credit,Amazon,Utilities,Approved
n100983,2026-01-29,Vizag,C88105,Visa,Fuel,Male,7133.33,Credit,DMart,E-commerce,Declined
n100984,2026-04-03,Mumbai,C61222,Visa,Dining,Male,10402.25,UPI,DMart,Retail,Declined
n100985,2026-04-07,Pune,C93040,Amex,Groceries,Male,7539.0,Credit,Amazon,E-commerce,Declined
n100986,2026-03-30,Vizag,C90478,Visa,Groceries,Female,23171.92,Credit,Amazon,Fuel,Approved
n100987,2026-05-13,Chennai,C38351,RuPay,Fuel,Male,834.49,Credit,IRCTC,E-commerce,Approved
n100988,2026-03-10,Delhi,C73120,MasterCard,Fuel,Female,17731.28,NetBanking,Swiggy,Food,Declined
n100989,2026-04-22,Kolkata,C35304,RuPay,Groceries,Male,17207.73,NetBanking,Swiggy,Food,Approved
n100990,2026-05-30,Delhi,C31712,MasterCard,Utilities,Female,10893.44,UPI,IOCL,Fuel,Declined
n100991,2026-03-23,Bengaluru,C89599,Amex,Dining,Male,14221.84,UPI,DMart,Food,Approved
n100992,2026-01-09,Delhi,C86922,Amex,Travel,Female,10017.84,Credit,Reliance,Travel,Declined
n100993,2026-02-17,Pune,C42154,Visa,Groceries,Female,9361.91,UPI,DMart,E-commerce,Declined
n100994,2026-06-26,Hyderabad,C53105,MasterCard,Dining,Female,22478.72,NetBanking,DMart,Food,Declined
n100995,2026-06-04,Mumbai,C79109,MasterCard,Fuel,Female,17935.01,NetBanking,DMart,Fuel,Declined
n100996,2026-06-24,Kolkata,C51652,RuPay,Groceries,Male,1336.53,UPI,HPCL,E-commerce,Declined
n100997,2026-04-18,Bengaluru,C26265,Amex,Groceries,Female,14820.16,Credit,Amazon,Travel,Approved
n100998,2026-06-14,Hyderabad,C70525,RuPay,Groceries,Female,1021.5,NetBanking,Amazon,Travel,Approved
n100999,2026-01-18,Vizag,C22467,Amex,Utilities,Female,6939.37,UPI,IOCL,E-commerce,Declined
n101000,2026-05-07,Hyderabad,C61554,RuPay,Utilities,Female,12384.08,NetBanking,DMart,Travel,Approved
n101001,2026-01-08,Mumbai,C16269,Visa,Groceries,Male,24839.16,NetBanking,IOCL,Retail,Approved
n101002,2026-01-23,Mumbai,C58349,Visa,Utilities,Male,6566.22,Credit,DMart,E-commerce,Declined
n101003,2026-01-20,Delhi,C53165,Amex,Travel,Male,23128.97,NetBanking,HPCL,E-commerce,Approved
n101004,2026-03-23,Chennai,C86563,Amex,Utilities,Female,16739.06,NetBanking,IRCTC,Fuel,Declined
n101005,2026-06-19,Vizag,C46771,RuPay,Utilities,Female,5723.18,UPI,Swiggy,Utilities,Approved
n101006,2026-04-01,Mumbai,C96439,MasterCard,Utilities,Male,1971.1,UPI,Amazon,Retail,Approved
n101007,2026-06-21,Mumbai,C71361,Amex,Groceries,Female,2702.91,Credit,Zomato,Travel,Declined
n101008,2026-06-17,Chennai,C76127,Visa,Groceries,Male,22925.76,UPI,HPCL,Fuel,Approved
n101009,2026-04-13,Mumbai,C18996,RuPay,Dining,Male,17188.02,NetBanking,DMart,Retail,Declined
n101010,2026-01-28,Bengaluru,C41531,Visa,Dining,Male,6742.24,UPI,HPCL,Travel,Declined
n101011,2026-01-31,Bengaluru,C56455,Amex,Groceries,Male,9983.51,UPI,Zomato,E-commerce,Declined
n101012,2026-03-11,Pune,C22820,Visa,Utilities,Female,18326.84,UPI,IRCTC,Travel,Approved
n101013,2026-04-14,Chennai,C87863,RuPay,Shopping,Female,13013.6,Credit,Amazon,Utilities,Approved
n101014,2026-01-29,Mumbai,C25097,Visa,Fuel,Female,6045.3,NetBanking,DMart,Travel,Approved
n101015,2026-06-08,Kolkata,C61368,Amex,Fuel,Male,18374.72,NetBanking,Swiggy,Food,Approved
n101016,2026-02-13,Mumbai,C55564,RuPay,Utilities,Female,18373.67,Credit,Reliance,Fuel,Declined
n101017,2026-03-20,Mumbai,C32312,RuPay,Utilities,Male,4249.47,UPI,HPCL,Retail,Approved
n101018,2026-06-20,Vizag,C66088,RuPay,Fuel,Male,24361.83,Credit,Reliance,Utilities,Approved
n101019,2026-06-02,Pune,C72105,Visa,Dining,Male,11866.95,Credit,Amazon,Fuel,Declined
n101020,2026-02-28,Chennai,C29212,Visa,Fuel,Female,20116.93,UPI,HPCL,Food,Declined
n101021,2026-05-20,Delhi,C96954,Amex,Travel,Female,11522.89,UPI,Swiggy,Utilities,Declined
n101022,2026-05-13,Vizag,C24779,RuPay,Utilities,Male,3782.72,UPI,IRCTC,Utilities,Approved
n101023,2026-04-02,Vizag,C14050,MasterCard,Shopping,Female,9049.56,NetBanking,DMart,Retail,Declined
n101024,2026-06-13,Bengaluru,C45903,Amex,Shopping,Male,6706.2,NetBanking,Zomato,Travel,Declined
n101025,2026-05-31,Kolkata,C46208,RuPay,Groceries,Male,14529.97,NetBanking,Zomato,Fuel,Approved
n101026,2026-04-21,Vizag,C84273,RuPay,Travel,Male,24239.8,UPI,Reliance,Food,Approved
n101027,2026-05-14,Delhi,C91762,MasterCard,Travel,Female,7277.67,UPI,Amazon,Food,Approved
n101028,2026-02-25,Delhi,C87735,Visa,Fuel,Female,7714.96,UPI,Zomato,Utilities,Approved
n101029,2026-01-13,Delhi,C28051,RuPay,Travel,Male,23846.76,NetBanking,Swiggy,Retail,Approved
n101030,2026-04-21,Bengaluru,C48116,MasterCard,Fuel,Female,23330.08,Credit,IOCL,Food,Declined
n101031,2026-01-26,Delhi,C49586,RuPay,Groceries,Female,17005.19,UPI,Reliance,Utilities,Approved
n101032,2026-03-06,Chennai,C64566,MasterCard,Travel,Female,2231.39,NetBanking,HPCL,Fuel,Approved
n101033,2026-04-07,Kolkata,C22588,MasterCard,Shopping,Female,17383.92,NetBanking,Zomato,Food,Declined
n101034,2026-04-20,Vizag,C65116,Amex,Dining,Male,22822.7,Credit,IOCL,E-commerce,Approved
n101035,2026-06-07,Delhi,C41804,RuPay,Groceries,Female,1433.05,UPI,Reliance,Food,Approved
n101036,2026-04-29,Vizag,C17123,Visa,Fuel,Female,20764.37,NetBanking,DMart,Travel,Approved
n101037,2026-03-16,Vizag,C53425,Visa,Fuel,Male,17569.16,NetBanking,Reliance,Fuel,Declined
n101038,2026-02-04,Mumbai,C98562,MasterCard,Travel,Female,18006.64,Credit,HPCL,Fuel,Approved
n101039,2026-01-30,Bengaluru,C10004,MasterCard,Shopping,Male,13043.58,Credit,IRCTC,E-commerce,Declined
n101040,2026-01-07,Vizag,C61211,Visa,Fuel,Female,10173.48,Credit,IRCTC,Fuel,Declined
n101041,2026-06-06,Vizag,C96266,Visa,Dining,Male,15941.31,Credit,Reliance,Utilities,Approved
n101042,2026-02-13,Mumbai,C72411,Amex,Travel,Female,16721.63,NetBanking,HPCL,Travel,Declined
n101043,2026-04-11,Kolkata,C24068,Amex,Dining,Female,3789.35,UPI,HPCL,E-commerce,Declined
n101044,2026-01-03,Delhi,C14467,Amex,Fuel,Female,24073.63,UPI,HPCL,Travel,Approved
n101045,2026-02-10,Pune,C75619,MasterCard,Travel,Female,12874.82,Credit,Reliance,Travel,Declined
n101046,2026-04-28,Chennai,C46482,RuPay,Dining,Male,22912.38,NetBanking,HPCL,Food,Declined
n101047,2026-06-05,Chennai,C85502,RuPay,Groceries,Female,14762.42,NetBanking,Zomato,Fuel,Declined
n101048,2026-01-18,Hyderabad,C13869,MasterCard,Groceries,Male,16665.0,UPI,HPCL,Travel,Approved
n101049,2026-03-02,Bengaluru,C32806,Amex,Dining,Male,1641.97,UPI,DMart,E-commerce,Approved
n101050,2026-04-24,Pune,C89499,Visa,Groceries,Female,2780.76,UPI,IOCL,Retail,Approved
n101051,2026-02-20,Delhi,C74369,Amex,Utilities,Female,5714.86,NetBanking,Reliance,Food,Approved
n101052,2026-01-23,Hyderabad,C92459,Visa,Groceries,Male,20269.22,Credit,Zomato,Food,Approved
n101053,2026-03-29,Chennai,C99438,Amex,Groceries,Male,14302.21,UPI,Zomato,Travel,Approved
n101054,2026-01-18,Vizag,C66034,Amex,Fuel,Male,3267.09,NetBanking,Swiggy,E-commerce,Approved
n101055,2026-05-08,Mumbai,C16747,RuPay,Fuel,Male,20551.06,UPI,Swiggy,Food,Declined
n101056,2026-01-18,Chennai,C47757,Visa,Shopping,Male,21344.56,NetBanking,Swiggy,Food,Approved
n101057,2026-05-20,Bengaluru,C86385,Amex,Travel,Male,903.64,UPI,Swiggy,Retail,Declined
n101058,2026-01-16,Chennai,C36769,RuPay,Utilities,Male,5966.87,Credit,Amazon,Travel,Approved
n101059,2026-04-17,Bengaluru,C82276,Amex,Groceries,Female,18110.91,Credit,Amazon,Food,Approved
n101060,2026-06-16,Pune,C66559,Amex,Travel,Male,633.94,Credit,Amazon,Retail,Declined
n101061,2026-06-24,Hyderabad,C82416,Amex,Fuel,Female,19165.47,NetBanking,Reliance,Food,Declined
n101062,2026-05-21,Chennai,C25149,Amex,Fuel,Female,8859.55,UPI,IOCL,E-commerce,Approved
n101063,2026-03-01,Bengaluru,C87151,Visa,Groceries,Female,18712.14,NetBanking,Amazon,E-commerce,Approved
n101064,2026-01-15,Bengaluru,C17425,MasterCard,Dining,Male,7136.64,UPI,Zomato,Fuel,Approved
n101065,2026-03-16,Chennai,C89445,Amex,Dining,Male,16449.1,Credit,Swiggy,Fuel,Approved
n101066,2026-05-07,Pune,C38873,Amex,Utilities,Female,23541.53,NetBanking,Swiggy,Utilities,Approved
n101067,2026-05-15,Delhi,C51793,Visa,Fuel,Female,22520.59,NetBanking,HPCL,Travel,Approved
n101068,2026-02-22,Chennai,C78287,MasterCard,Travel,Male,3156.43,NetBanking,Reliance,E-commerce,Approved
n101069,2026-06-28,Vizag,C95184,Amex,Fuel,Male,12522.8,Credit,Swiggy,Travel,Declined
n101070,2026-03-18,Bengaluru,C17827,RuPay,Shopping,Female,12434.4,UPI,IOCL,Food,Approved
n101071,2026-02-27,Mumbai,C59719,MasterCard,Utilities,Female,13359.05,NetBanking,Swiggy,E-commerce,Declined
n101072,2026-01-07,Pune,C44410,MasterCard,Fuel,Female,18172.08,NetBanking,IOCL,Food,Approved
n101073,2026-01-28,Kolkata,C98862,RuPay,Shopping,Female,10653.49,NetBanking,Swiggy,Retail,Declined
n101074,2026-04-30,Mumbai,C27284,Visa,Travel,Female,2229.87,Credit,Swiggy,Travel,Declined
n101075,2026-01-10,Delhi,C57408,RuPay,Utilities,Female,19582.41,NetBanking,Amazon,E-commerce,Declined
n101076,2026-05-26,Pune,C44670,MasterCard,Dining,Female,529.94,Credit,HPCL,E-commerce,Declined
n101077,2026-05-03,Mumbai,C63557,Visa,Shopping,Male,6983.5,NetBanking,Zomato,E-commerce,Declined
n101078,2026-02-16,Delhi,C46194,RuPay,Dining,Male,5762.73,Credit,Reliance,Fuel,Approved
n101079,2026-03-01,Bengaluru,C95799,Visa,Groceries,Female,14539.28,Credit,IRCTC,E-commerce,Declined
n101080,2026-03-07,Hyderabad,C98917,RuPay,Shopping,Male,15054.41,UPI,DMart,E-commerce,Declined
n101081,2026-01-29,Bengaluru,C41061,MasterCard,Travel,Female,20745.53,NetBanking,IOCL,E-commerce,Declined
n101082,2026-03-14,Chennai,C13236,RuPay,Shopping,Female,8441.15,UPI,Zomato,Food,Declined
n101083,2026-06-09,Hyderabad,C31012,RuPay,Fuel,Female,23264.68,NetBanking,Amazon,E-commerce,Approved
n101084,2026-03-22,Pune,C38163,Amex,Shopping,Male,16460.78,Credit,IOCL,Utilities,Approved
n101085,2026-01-20,Mumbai,C84108,Amex,Shopping,Male,21205.12,NetBanking,Amazon,Fuel,Declined
n101086,2026-06-18,Vizag,C51541,RuPay,Groceries,Female,22785.63,UPI,IRCTC,Travel,Approved
n101087,2026-04-27,Pune,C25127,MasterCard,Dining,Female,9110.84,UPI,DMart,Travel,Declined
n101088,2026-06-04,Mumbai,C68847,Amex,Groceries,Male,23150.35,Credit,IOCL,Utilities,Approved
n101089,2026-06-05,Delhi,C47602,RuPay,Travel,Male,2129.5,UPI,Reliance,Fuel,Declined
n101090,2026-06-11,Mumbai,C33581,Amex,Fuel,Male,3107.64,UPI,HPCL,Utilities,Approved
n101091,2026-02-02,Hyderabad,C66547,Visa,Utilities,Male,24749.34,Credit,IOCL,Food,Declined
n101092,2026-02-02,Kolkata,C82999,MasterCard,Utilities,Female,3063.84,UPI,DMart,Utilities,Approved
n101093,2026-01-19,Pune,C68837,Amex,Utilities,Female,18543.37,UPI,Swiggy,Food,Approved
n101094,2026-02-16,Bengaluru,C29956,Visa,Shopping,Female,16880.29,UPI,IOCL,Travel,Declined
n101095,2026-02-15,Delhi,C22700,MasterCard,Travel,Female,8593.82,NetBanking,IOCL,Travel,Declined
n101096,2026-04-09,Pune,C33385,MasterCard,Fuel,Male,10820.39,UPI,Zomato,E-commerce,Declined
n101097,2026-03-14,Chennai,C25538,RuPay,Travel,Female,11029.03,Credit,Swiggy,Travel,Approved
n101098,2026-03-01,Delhi,C28481,Visa,Groceries,Male,781.02,Credit,IRCTC,E-commerce,Declined
n101099,2026-01-07,Pune,C36626,RuPay,Shopping,Female,18329.03,NetBanking,Reliance,Food,Declined
n101100,2026-01-29,Bengaluru,C68249,Amex,Dining,Female,2262.91,Credit,Swiggy,Utilities,Approved
n101101,2026-04-01,Bengaluru,C39155,Visa,Travel,Male,12725.8,UPI,HPCL,Utilities,Approved
n101102,2026-06-30,Pune,C15027,Amex,Fuel,Female,4840.93,NetBanking,Amazon,Utilities,Approved
n101103,2026-03-04,Chennai,C86853,Amex,Groceries,Male,6705.62,Credit,HPCL,Retail,Declined
n101104,2026-03-14,Chennai,C36027,Visa,Shopping,Male,179.62,Credit,HPCL,Fuel,Approved
n101105,2026-02-15,Hyderabad,C64808,RuPay,Shopping,Female,15812.56,Credit,Zomato,Food,Approved
n101106,2026-03-18,Mumbai,C48288,Amex,Dining,Female,14986.27,NetBanking,HPCL,Travel,Approved
n101107,2026-02-26,Bengaluru,C47653,Amex,Dining,Female,6260.17,UPI,DMart,Retail,Declined
n101108,2026-03-23,Bengaluru,C55557,Amex,Utilities,Male,19364.68,UPI,HPCL,Fuel,Declined
n101109,2026-06-25,Mumbai,C13796,RuPay,Travel,Male,22256.28,UPI,Amazon,Fuel,Declined
n101110,2026-03-08,Pune,C63900,Amex,Dining,Female,10027.12,Credit,Swiggy,Food,Approved
n101111,2026-03-28,Hyderabad,C50437,Amex,Dining,Male,14355.39,Credit,IRCTC,Utilities,Approved
n101112,2026-06-07,Pune,C26936,Visa,Utilities,Male,20080.08,Credit,Zomato,Travel,Approved
n101113,2026-06-17,Hyderabad,C77980,MasterCard,Travel,Male,24631.91,NetBanking,IOCL,Utilities,Approved
n101114,2026-03-16,Chennai,C59005,RuPay,Dining,Male,13868.48,Credit,Amazon,E-commerce,Approved
n101115,2026-05-15,Bengaluru,C75732,Amex,Dining,Male,4007.94,UPI,Amazon,Retail,Approved
n101116,2026-01-09,Delhi,C26206,Amex,Utilities,Female,3366.71,NetBanking,Swiggy,E-commerce,Approved
n101117,2026-01-19,Kolkata,C12641,Visa,Utilities,Male,2479.36,NetBanking,IOCL,Retail,Declined
n101118,2026-03-24,Kolkata,C77155,Visa,Travel,Female,11526.75,Credit,Swiggy,Utilities,Declined
n101119,2026-04-07,Delhi,C66299,Visa,Groceries,Female,14068.81,UPI,Swiggy,Utilities,Approved
n101120,2026-04-08,Hyderabad,C75147,Amex,Travel,Male,11361.53,NetBanking,Amazon,Food,Approved
n101121,2026-04-25,Pune,C72495,Visa,Utilities,Female,8377.64,NetBanking,DMart,E-commerce,Approved
n101122,2026-02-23,Vizag,C87779,MasterCard,Fuel,Male,10139.56,UPI,IRCTC,E-commerce,Declined
n101123,2026-03-06,Kolkata,C50823,RuPay,Groceries,Male,8103.93,NetBanking,IOCL,E-commerce,Declined
n101124,2026-06-26,Mumbai,C83716,Amex,Shopping,Female,7894.1,NetBanking,IRCTC,Travel,Declined
n101125,2026-05-04,Bengaluru,C23768,Amex,Utilities,Male,9454.58,Credit,Reliance,Fuel,Approved
n101126,2026-02-12,Mumbai,C67357,Visa,Fuel,Female,12430.09,NetBanking,HPCL,Retail,Declined
n101127,2026-04-13,Hyderabad,C48895,Visa,Dining,Female,18026.58,NetBanking,Swiggy,Fuel,Declined
n101128,2026-06-07,Pune,C83899,MasterCard,Groceries,Female,13128.96,Credit,Zomato,Fuel,Declined
n101129,2026-05-01,Vizag,C37606,RuPay,Utilities,Male,4189.53,NetBanking,HPCL,E-commerce,Declined
n101130,2026-04-17,Chennai,C29706,Amex,Fuel,Male,7864.83,Credit,IRCTC,Utilities,Approved
n101131,2026-05-18,Vizag,C53389,Visa,Fuel,Female,14901.92,Credit,Zomato,Utilities,Approved
n101132,2026-03-30,Hyderabad,C35249,RuPay,Travel,Female,14653.26,UPI,Zomato,Fuel,Declined
n101133,2026-03-07,Mumbai,C20154,MasterCard,Fuel,Male,7071.64,UPI,DMart,Retail,Declined
n101134,2026-03-26,Delhi,C90725,Amex,Groceries,Male,166.5,Credit,IRCTC,E-commerce,Approved
n101135,2026-02-06,Chennai,C72320,Visa,Travel,Male,22409.24,Credit,Reliance,Fuel,Declined
n101136,2026-04-19,Vizag,C52872,RuPay,Shopping,Male,6095.25,UPI,IOCL,Food,Declined
n101137,2026-04-01,Delhi,C78417,RuPay,Shopping,Male,22093.81,Credit,Reliance,Utilities,Declined
n101138,2026-02-06,Kolkata,C83464,Amex,Dining,Female,17165.65,NetBanking,IOCL,Utilities,Declined
n101139,2026-02-15,Hyderabad,C57931,Amex,Utilities,Female,18239.44,Credit,IRCTC,Food,Declined
n101140,2026-02-15,Hyderabad,C35668,Amex,Travel,Male,239.8,UPI,Zomato,E-commerce,Declined
n101141,2026-03-06,Hyderabad,C89531,RuPay,Fuel,Female,16077.68,UPI,Amazon,Utilities,Declined
n101142,2026-03-12,Hyderabad,C84996,Visa,Utilities,Female,24931.07,NetBanking,HPCL,Food,Approved
n101143,2026-05-02,Bengaluru,C15006,RuPay,Fuel,Male,17670.43,Credit,Reliance,E-commerce,Declined
n101144,2026-01-31,Hyderabad,C68114,Visa,Travel,Male,21461.47,UPI,IRCTC,Utilities,Approved
n101145,2026-03-27,Pune,C32179,RuPay,Shopping,Male,23519.57,UPI,IOCL,Utilities,Approved
n101146,2026-01-17,Mumbai,C75735,MasterCard,Utilities,Female,2190.82,UPI,Amazon,Travel,Approved
n101147,2026-06-26,Kolkata,C32671,Visa,Travel,Female,14057.93,Credit,Zomato,Food,Approved
n101148,2026-05-25,Vizag,C21555,Visa,Fuel,Male,18265.8,Credit,Zomato,Fuel,Approved
n101149,2026-02-13,Hyderabad,C38511,RuPay,Dining,Male,21942.24,Credit,Swiggy,Utilities,Approved
n101150,2026-02-03,Delhi,C16990,Amex,Utilities,Female,4532.3,Credit,Zomato,Food,Approved
n101151,2026-02-18,Delhi,C36112,MasterCard,Travel,Female,17469.2,UPI,DMart,Food,Declined
n101152,2026-05-29,Pune,C55725,Amex,Utilities,Male,1014.6,NetBanking,IOCL,Retail,Approved
n101153,2026-06-29,Kolkata,C55471,RuPay,Groceries,Female,17521.38,NetBanking,Swiggy,E-commerce,Approved
n101154,2026-03-08,Mumbai,C71300,RuPay,Fuel,Male,12974.04,NetBanking,Reliance,Food,Approved
n101155,2026-04-30,Pune,C58795,Amex,Utilities,Male,8127.06,Credit,Zomato,E-commerce,Approved
n101156,2026-04-18,Vizag,C53871,RuPay,Utilities,Male,4759.08,UPI,Swiggy,Retail,Declined
n101157,2026-05-20,Chennai,C12850,Amex,Shopping,Female,14880.01,NetBanking,IOCL,Utilities,Declined
n101158,2026-05-02,Mumbai,C43105,RuPay,Shopping,Female,12115.68,UPI,Swiggy,E-commerce,Approved
n101159,2026-05-10,Bengaluru,C65179,Amex,Travel,Female,14867.59,Credit,Reliance,Travel,Approved
n101160,2026-05-26,Chennai,C27025,RuPay,Fuel,Male,7800.91,Credit,Zomato,Food,Declined
n101161,2026-02-12,Vizag,C10110,MasterCard,Groceries,Male,7601.93,Credit,Reliance,Retail,Approved
n101162,2026-04-22,Bengaluru,C42077,MasterCard,Utilities,Female,223.13,Credit,Zomato,E-commerce,Declined
n101163,2026-05-21,Kolkata,C37851,Amex,Utilities,Female,20800.54,NetBanking,IRCTC,E-commerce,Declined
n101164,2026-02-02,Pune,C27501,Amex,Travel,Female,20512.8,NetBanking,IOCL,Fuel,Declined
n101165,2026-05-17,Bengaluru,C55464,Amex,Utilities,Male,5620.18,NetBanking,Reliance,Retail,Declined
n101166,2026-04-03,Pune,C75726,Visa,Shopping,Female,22873.19,NetBanking,IRCTC,Retail,Declined
n101167,2026-02-18,Hyderabad,C37686,RuPay,Dining,Male,8555.71,NetBanking,Reliance,Food,Approved
n101168,2026-03-14,Delhi,C60700,Amex,Fuel,Female,23966.97,UPI,Reliance,Retail,Declined
n101169,2026-06-24,Bengaluru,C70938,Visa,Travel,Male,16431.13,UPI,Amazon,Retail,Declined
n101170,2026-02-02,Kolkata,C99954,Amex,Fuel,Female,16380.05,NetBanking,IOCL,Food,Approved
n101171,2026-03-19,Kolkata,C43901,Visa,Shopping,Female,12601.33,UPI,Zomato,Fuel,Declined
n101172,2026-01-29,Chennai,C65583,Amex,Utilities,Male,3844.64,UPI,Swiggy,Retail,Declined
n101173,2026-04-22,Hyderabad,C70917,RuPay,Fuel,Male,21710.63,UPI,Zomato,E-commerce,Declined
n101174,2026-03-06,Kolkata,C54231,RuPay,Fuel,Female,4550.33,UPI,IOCL,E-commerce,Declined
n101175,2026-03-25,Delhi,C93359,Visa,Shopping,Male,8995.39,Credit,IOCL,Retail,Approved
n101176,2026-01-22,Bengaluru,C26522,MasterCard,Utilities,Female,10834.4,UPI,Zomato,Food,Approved
n101177,2026-05-15,Vizag,C15326,Visa,Travel,Female,1053.36,NetBanking,DMart,Food,Approved
n101178,2026-03-28,Delhi,C65381,Amex,Fuel,Male,23763.94,UPI,DMart,Food,Approved
n101179,2026-02-19,Delhi,C49741,MasterCard,Utilities,Male,9418.49,UPI,IRCTC,Food,Declined
n101180,2026-06-26,Chennai,C46287,Visa,Shopping,Female,22752.69,NetBanking,Swiggy,Travel,Approved
n101181,2026-04-15,Mumbai,C12453,Amex,Utilities,Male,6941.74,UPI,Zomato,E-commerce,Approved
n101182,2026-02-27,Hyderabad,C52547,MasterCard,Fuel,Female,18231.28,NetBanking,HPCL,Fuel,Declined
n101183,2026-06-12,Pune,C80969,Amex,Dining,Male,8639.47,UPI,Zomato,Food,Approved
n101184,2026-04-29,Vizag,C37608,MasterCard,Utilities,Female,6466.75,Credit,DMart,Utilities,Declined
n101185,2026-05-24,Pune,C20891,MasterCard,Utilities,Female,7670.41,UPI,HPCL,Utilities,Declined
n101186,2026-01-08,Chennai,C91902,MasterCard,Shopping,Female,14165.82,UPI,Amazon,Travel,Declined
n101187,2026-03-02,Kolkata,C80463,MasterCard,Dining,Male,2514.8,Credit,IRCTC,E-commerce,Declined
n101188,2026-02-15,Chennai,C62575,Amex,Travel,Male,10512.68,NetBanking,Swiggy,Travel,Declined
n101189,2026-06-11,Bengaluru,C97062,RuPay,Shopping,Female,5704.97,UPI,HPCL,Food,Declined
n101190,2026-04-26,Chennai,C33281,Amex,Travel,Male,13363.38,UPI,HPCL,Utilities,Approved
n101191,2026-06-24,Bengaluru,C60246,Amex,Dining,Female,4802.99,Credit,IRCTC,Retail,Approved
n101192,2026-06-03,Kolkata,C12992,RuPay,Shopping,Male,4244.83,NetBanking,HPCL,Utilities,Approved
n101193,2026-04-05,Hyderabad,C88819,Amex,Shopping,Male,21272.69,Credit,HPCL,Travel,Approved
n101194,2026-02-14,Vizag,C36186,RuPay,Groceries,Female,1713.84,Credit,IRCTC,Fuel,Declined
n101195,2026-04-28,Mumbai,C99610,Amex,Groceries,Male,24322.85,NetBanking,DMart,Fuel,Declined
n101196,2026-02-10,Mumbai,C70583,Visa,Fuel,Male,17082.39,UPI,HPCL,Food,Approved
n101197,2026-04-17,Delhi,C80430,Visa,Utilities,Male,11019.18,NetBanking,Amazon,Travel,Declined
n101198,2026-01-11,Pune,C62354,Amex,Dining,Male,2680.21,UPI,DMart,Utilities,Approved
n101199,2026-04-04,Kolkata,C96053,RuPay,Groceries,Male,19909.27,Credit,Swiggy,E-commerce,Declined
n101200,2026-06-14,Bengaluru,C70062,Amex,Groceries,Female,8626.83,NetBanking,HPCL,Travel,Declined
n101201,2026-06-29,Delhi,C84479,RuPay,Shopping,Male,19056.94,Credit,Swiggy,E-commerce,Approved
n101202,2026-04-05,Pune,C48170,RuPay,Utilities,Male,14234.23,UPI,HPCL,Utilities,Declined
n101203,2026-06-22,Delhi,C30242,MasterCard,Groceries,Female,21492.78,UPI,IRCTC,E-commerce,Approved
n101204,2026-05-30,Delhi,C29446,Visa,Travel,Female,18056.37,NetBanking,IOCL,Food,Approved
n101205,2026-03-30,Chennai,C86957,RuPay,Shopping,Female,9511.67,UPI,Reliance,Fuel,Declined
n101206,2026-02-14,Vizag,C59790,Visa,Utilities,Male,8624.94,UPI,IRCTC,Retail,Approved
n101207,2026-03-13,Bengaluru,C95196,MasterCard,Travel,Female,11537.11,NetBanking,Amazon,Utilities,Approved
n101208,2026-02-21,Pune,C97063,Visa,Dining,Male,23805.5,NetBanking,DMart,Travel,Approved
n101209,2026-01-15,Vizag,C84278,MasterCard,Groceries,Female,19952.02,Credit,IRCTC,Retail,Declined
n101210,2026-02-15,Hyderabad,C89840,RuPay,Shopping,Female,2374.84,Credit,DMart,Retail,Declined
n101211,2026-01-16,Mumbai,C39830,MasterCard,Shopping,Female,11660.36,NetBanking,Amazon,Travel,Approved
n101212,2026-02-20,Vizag,C25257,Amex,Fuel,Female,5015.17,NetBanking,IRCTC,Fuel,Declined
n101213,2026-03-18,Hyderabad,C86246,Amex,Fuel,Female,19457.16,Credit,HPCL,E-commerce,Declined
n101214,2026-04-15,Delhi,C74566,MasterCard,Travel,Female,12903.59,NetBanking,Swiggy,Travel,Approved
n101215,2026-03-29,Delhi,C98846,RuPay,Utilities,Female,2875.6,Credit,HPCL,E-commerce,Declined
n101216,2026-05-11,Vizag,C74983,MasterCard,Groceries,Male,19034.9,NetBanking,Swiggy,E-commerce,Declined
n101217,2026-03-29,Chennai,C35374,Visa,Groceries,Male,7749.29,UPI,Zomato,Fuel,Declined
n101218,2026-01-27,Delhi,C89891,MasterCard,Shopping,Male,8161.76,Credit,IOCL,Retail,Approved
n101219,2026-06-06,Chennai,C52687,Amex,Utilities,Female,19515.9,UPI,IRCTC,Travel,Declined
n101220,2026-03-19,Pune,C29003,RuPay,Travel,Female,20747.86,UPI,HPCL,Travel,Declined
n101221,2026-05-25,Kolkata,C64673,Visa,Dining,Male,24220.13,UPI,Reliance,Food,Declined
n101222,2026-01-05,Mumbai,C37342,RuPay,Travel,Female,689.61,UPI,IOCL,Travel,Approved
n101223,2026-02-25,Vizag,C45908,Visa,Fuel,Male,4094.41,NetBanking,HPCL,Utilities,Declined
n101224,2026-01-12,Kolkata,C73837,MasterCard,Travel,Female,1576.99,Credit,Zomato,Travel,Declined
n101225,2026-04-23,Delhi,C24553,Amex,Groceries,Male,8181.18,NetBanking,IOCL,Retail,Approved
n101226,2026-05-31,Delhi,C85246,MasterCard,Shopping,Male,11012.7,UPI,Swiggy,Fuel,Declined
n101227,2026-06-26,Hyderabad,C28411,Visa,Utilities,Female,23934.28,UPI,HPCL,Utilities,Approved
n101228,2026-02-17,Pune,C71384,MasterCard,Dining,Female,8392.0,NetBanking,Swiggy,Travel,Approved
n101229,2026-02-05,Bengaluru,C94179,Amex,Dining,Female,20171.01,Credit,Amazon,Fuel,Declined
n101230,2026-01-05,Kolkata,C14205,RuPay,Shopping,Female,7137.9,UPI,DMart,Utilities,Approved
n101231,2026-05-25,Bengaluru,C83176,Visa,Shopping,Male,19984.92,Credit,HPCL,Fuel,Approved
n101232,2026-01-19,Kolkata,C46289,Amex,Dining,Male,16296.05,Credit,Reliance,Utilities,Declined
n101233,2026-04-27,Kolkata,C12815,Amex,Shopping,Female,258.21,UPI,Amazon,E-commerce,Approved
n101234,2026-03-24,Kolkata,C29725,RuPay,Groceries,Female,13355.87,NetBanking,IRCTC,Fuel,Declined
n101235,2026-05-28,Chennai,C34752,MasterCard,Groceries,Female,4621.51,Credit,Amazon,Retail,Declined
n101236,2026-01-18,Pune,C51331,MasterCard,Utilities,Male,5122.37,Credit,IOCL,Travel,Approved
n101237,2026-02-25,Pune,C13577,MasterCard,Dining,Male,20870.52,UPI,Amazon,Food,Approved
n101238,2026-04-08,Hyderabad,C68564,Amex,Dining,Male,5220.24,UPI,DMart,E-commerce,Approved
n101239,2026-05-10,Bengaluru,C31349,MasterCard,Fuel,Female,18541.99,UPI,Zomato,Food,Approved
n101240,2026-02-23,Bengaluru,C76441,RuPay,Dining,Female,12767.51,UPI,Amazon,E-commerce,Declined
n101241,2026-04-18,Kolkata,C23115,RuPay,Travel,Female,20929.71,UPI,Swiggy,Retail,Approved
n101242,2026-06-16,Kolkata,C71782,Visa,Travel,Female,1229.7,Credit,Reliance,Fuel,Approved
n101243,2026-02-02,Chennai,C28378,Amex,Fuel,Male,14945.49,Credit,Swiggy,Travel,Declined
n101244,2026-02-10,Kolkata,C32599,MasterCard,Shopping,Male,18574.97,NetBanking,Reliance,Travel,Approved
n101245,2026-02-11,Hyderabad,C75215,MasterCard,Travel,Female,15670.28,UPI,Zomato,E-commerce,Approved
n101246,2026-03-26,Hyderabad,C71669,Visa,Utilities,Male,22848.07,Credit,IOCL,Fuel,Approved
n101247,2026-02-10,Bengaluru,C11958,RuPay,Groceries,Male,10555.08,Credit,DMart,Food,Declined
n101248,2026-04-17,Vizag,C27616,Visa,Travel,Female,11790.23,UPI,Reliance,Travel,Declined
n101249,2026-06-07,Bengaluru,C72624,Amex,Utilities,Male,3233.24,NetBanking,Reliance,Retail,Approved
n101250,2026-06-18,Bengaluru,C22424,Amex,Travel,Male,6319.49,UPI,Reliance,Utilities,Declined
n101251,2026-03-26,Vizag,C97602,RuPay,Groceries,Female,10608.32,NetBanking,Reliance,Fuel,Approved
n101252,2026-04-09,Hyderabad,C35938,MasterCard,Fuel,Male,15902.3,Credit,Reliance,Food,Declined
n101253,2026-01-03,Vizag,C73418,RuPay,Groceries,Female,11357.39,Credit,HPCL,Fuel,Declined
n101254,2026-05-20,Vizag,C25442,RuPay,Utilities,Female,8497.64,Credit,Swiggy,Travel,Declined
n101255,2026-05-21,Vizag,C96933,Visa,Utilities,Female,19105.41,UPI,DMart,Travel,Declined
n101256,2026-06-14,Hyderabad,C81213,MasterCard,Fuel,Male,24379.69,Credit,DMart,Fuel,Declined
n101257,2026-02-02,Pune,C50243,Amex,Dining,Male,24160.68,NetBanking,Reliance,Food,Approved
n101258,2026-02-06,Mumbai,C12191,MasterCard,Utilities,Female,13186.81,Credit,Amazon,Fuel,Declined
n101259,2026-05-19,Mumbai,C79582,MasterCard,Travel,Male,2593.44,Credit,IRCTC,Utilities,Approved
n101260,2026-05-19,Kolkata,C36502,RuPay,Fuel,Female,7482.76,NetBanking,IOCL,Food,Declined
n101261,2026-03-24,Chennai,C49320,Visa,Fuel,Female,17737.69,NetBanking,Swiggy,Retail,Approved
n101262,2026-01-16,Kolkata,C28389,MasterCard,Dining,Male,19138.36,Credit,IOCL,Retail,Declined
n101263,2026-04-11,Mumbai,C42580,RuPay,Fuel,Male,24087.6,UPI,Reliance,Food,Approved
n101264,2026-05-30,Chennai,C36978,Amex,Groceries,Female,19038.56,Credit,DMart,Fuel,Declined
n101265,2026-05-15,Bengaluru,C92384,Amex,Groceries,Female,7540.67,Credit,HPCL,Retail,Approved
n101266,2026-03-29,Delhi,C15370,Amex,Travel,Male,15709.77,UPI,Reliance,Utilities,Declined
n101267,2026-03-16,Mumbai,C78529,Visa,Fuel,Female,6108.19,NetBanking,HPCL,Utilities,Declined
n101268,2026-04-18,Hyderabad,C93631,Visa,Travel,Female,22627.81,NetBanking,Zomato,Food,Declined
n101269,2026-04-02,Bengaluru,C11694,Visa,Utilities,Female,6144.33,UPI,IRCTC,Fuel,Declined
n101270,2026-06-20,Delhi,C23626,Amex,Shopping,Female,15205.03,NetBanking,IOCL,E-commerce,Approved
n101271,2026-06-01,Bengaluru,C85448,Visa,Fuel,Male,9081.45,NetBanking,IOCL,Food,Approved
n101272,2026-03-30,Vizag,C70390,Visa,Dining,Female,16759.8,Credit,IRCTC,Fuel,Approved
n101273,2026-01-07,Pune,C22950,RuPay,Dining,Male,18253.53,UPI,Zomato,Utilities,Declined
n101274,2026-04-01,Mumbai,C46258,Amex,Fuel,Female,11509.29,NetBanking,Swiggy,Retail,Approved
n101275,2026-05-23,Pune,C62601,RuPay,Groceries,Female,21430.49,UPI,Zomato,Fuel,Approved
n101276,2026-03-23,Delhi,C23277,Visa,Utilities,Female,7891.82,UPI,Reliance,Food,Approved
n101277,2026-03-09,Vizag,C55953,RuPay,Dining,Female,18893.79,Credit,Zomato,E-commerce,Approved
n101278,2026-02-18,Delhi,C76338,RuPay,Shopping,Male,10009.48,NetBanking,DMart,Retail,Approved
n101279,2026-01-24,Kolkata,C44520,MasterCard,Utilities,Female,13367.41,UPI,Reliance,Food,Approved
n101280,2026-03-17,Bengaluru,C52445,MasterCard,Dining,Male,6223.0,Credit,Swiggy,E-commerce,Declined
n101281,2026-02-27,Mumbai,C42158,MasterCard,Dining,Male,3719.88,UPI,IRCTC,E-commerce,Declined
n101282,2026-04-23,Kolkata,C82918,MasterCard,Dining,Male,21212.83,NetBanking,IOCL,Utilities,Declined
n101283,2026-03-08,Pune,C44544,Amex,Travel,Female,22511.32,Credit,Zomato,Fuel,Declined
n101284,2026-01-20,Chennai,C52160,MasterCard,Shopping,Male,2505.87,NetBanking,HPCL,Fuel,Declined
n101285,2026-01-27,Mumbai,C55657,MasterCard,Dining,Female,14399.05,Credit,HPCL,Fuel,Declined
n101286,2026-05-08,Kolkata,C18474,MasterCard,Fuel,Female,14019.0,Credit,Zomato,Food,Approved
n101287,2026-01-17,Pune,C18573,RuPay,Shopping,Female,23689.04,NetBanking,Amazon,Utilities,Declined
n101288,2026-04-21,Chennai,C61936,MasterCard,Utilities,Female,7814.65,NetBanking,Swiggy,Travel,Approved
n101289,2026-05-26,Kolkata,C28904,RuPay,Fuel,Male,17831.63,UPI,DMart,E-commerce,Approved
n101290,2026-05-16,Kolkata,C31129,MasterCard,Groceries,Male,20909.91,Credit,HPCL,Utilities,Approved
n101291,2026-03-26,Bengaluru,C22341,Amex,Shopping,Female,20142.36,UPI,HPCL,Retail,Declined
n101292,2026-02-16,Bengaluru,C50789,RuPay,Groceries,Female,21988.71,UPI,DMart,Retail,Declined
n101293,2026-04-13,Mumbai,C39706,RuPay,Utilities,Male,8559.03,Credit,Swiggy,E-commerce,Approved
n101294,2026-05-23,Hyderabad,C99484,RuPay,Fuel,Male,143.05,NetBanking,Amazon,E-commerce,Declined
n101295,2026-04-09,Delhi,C13624,RuPay,Fuel,Male,4793.2,NetBanking,HPCL,Retail,Approved
n101296,2026-03-30,Bengaluru,C99545,MasterCard,Shopping,Female,14392.23,UPI,Reliance,Fuel,Approved
n101297,2026-04-24,Hyderabad,C91537,Visa,Shopping,Male,20199.4,UPI,Swiggy,E-commerce,Declined
n101298,2026-06-24,Chennai,C87346,MasterCard,Fuel,Female,4909.68,Credit,Zomato,Food,Declined
n101299,2026-04-25,Bengaluru,C97648,Visa,Travel,Male,9205.77,Credit,HPCL,Retail,Declined
n101300,2026-01-11,Pune,C17683,Amex,Utilities,Male,21209.58,Credit,Zomato,Fuel,Declined
n101301,2026-05-20,Mumbai,C47035,RuPay,Groceries,Female,19111.71,UPI,IOCL,Food,Declined
n101302,2026-04-07,Bengaluru,C74286,Visa,Dining,Male,8105.71,UPI,IOCL,Travel,Declined
n101303,2026-03-15,Hyderabad,C79147,Visa,Groceries,Male,7747.28,NetBanking,Reliance,Utilities,Declined
n101304,2026-01-13,Hyderabad,C16187,RuPay,Dining,Male,8858.96,NetBanking,Amazon,Utilities,Declined
n101305,2026-05-11,Chennai,C76682,RuPay,Utilities,Male,22775.49,Credit,HPCL,Retail,Approved
n101306,2026-03-23,Bengaluru,C36687,Amex,Groceries,Male,1226.32,UPI,IRCTC,Utilities,Approved
n101307,2026-03-16,Hyderabad,C41508,RuPay,Groceries,Female,20681.65,UPI,IOCL,E-commerce,Approved
n101308,2026-02-06,Mumbai,C91495,RuPay,Dining,Female,5201.42,NetBanking,Swiggy,Food,Approved
n101309,2026-04-17,Kolkata,C59431,RuPay,Groceries,Female,6410.29,Credit,IOCL,E-commerce,Declined
n101310,2026-02-02,Mumbai,C19243,Visa,Fuel,Male,22565.21,UPI,DMart,Retail,Declined
n101311,2026-02-12,Delhi,C99247,Amex,Travel,Female,7189.15,NetBanking,Swiggy,E-commerce,Approved
n101312,2026-04-12,Mumbai,C21338,Amex,Groceries,Male,13003.82,Credit,HPCL,Food,Approved
n101313,2026-01-29,Mumbai,C14984,Amex,Groceries,Male,19087.28,Credit,IRCTC,Food,Declined
n101314,2026-04-23,Chennai,C67936,Visa,Utilities,Male,19236.88,NetBanking,Zomato,E-commerce,Approved
n101315,2026-02-09,Pune,C42873,MasterCard,Travel,Female,5096.17,NetBanking,Amazon,Food,Declined
n101316,2026-02-09,Delhi,C76269,Visa,Groceries,Male,15717.62,UPI,HPCL,E-commerce,Declined
n101317,2026-01-18,Mumbai,C88860,RuPay,Shopping,Male,3669.75,UPI,Amazon,E-commerce,Approved
n101318,2026-04-15,Hyderabad,C91079,MasterCard,Utilities,Female,9322.27,Credit,DMart,Utilities,Approved
n101319,2026-01-02,Kolkata,C10448,Visa,Dining,Male,21439.38,NetBanking,Amazon,Fuel,Approved
n101320,2026-01-06,Vizag,C84906,Amex,Travel,Female,11296.81,NetBanking,IRCTC,Utilities,Declined
n101321,2026-06-06,Delhi,C55239,Amex,Dining,Male,11410.16,UPI,IRCTC,Retail,Declined
n101322,2026-06-13,Chennai,C60915,RuPay,Groceries,Female,18526.14,UPI,Swiggy,Retail,Approved
n101323,2026-04-28,Kolkata,C80975,MasterCard,Dining,Male,21019.37,UPI,IRCTC,Food,Declined
n101324,2026-04-17,Vizag,C69285,Amex,Dining,Female,9152.65,UPI,IOCL,Retail,Approved
n101325,2026-03-04,Mumbai,C35030,MasterCard,Utilities,Female,22518.82,NetBanking,IOCL,Travel,Declined
n101326,2026-02-24,Kolkata,C28524,Amex,Fuel,Female,7577.97,NetBanking,IOCL,E-commerce,Approved
n101327,2026-02-25,Pune,C82311,MasterCard,Utilities,Female,23434.34,UPI,Reliance,Food,Approved
n101328,2026-06-27,Mumbai,C60589,MasterCard,Travel,Male,16066.83,NetBanking,IRCTC,Retail,Declined
n101329,2026-03-23,Vizag,C42204,MasterCard,Dining,Female,15297.92,NetBanking,Amazon,Utilities,Approved
n101330,2026-01-17,Bengaluru,C12813,Visa,Fuel,Female,21329.76,UPI,Zomato,Retail,Approved
n101331,2026-02-24,Delhi,C18653,RuPay,Shopping,Female,14627.87,UPI,HPCL,Travel,Approved
n101332,2026-03-16,Delhi,C23303,MasterCard,Groceries,Male,10438.13,NetBanking,IOCL,Retail,Declined
n101333,2026-06-29,Delhi,C42688,Visa,Utilities,Male,22738.7,Credit,Amazon,Retail,Declined
n101334,2026-05-02,Kolkata,C72505,MasterCard,Fuel,Female,23280.46,NetBanking,Reliance,Food,Approved
n101335,2026-05-06,Pune,C54535,Visa,Travel,Male,4513.16,NetBanking,Swiggy,Utilities,Declined
n101336,2026-02-08,Bengaluru,C97674,MasterCard,Utilities,Female,7379.5,Credit,Zomato,Fuel,Declined
n101337,2026-01-05,Kolkata,C32159,RuPay,Travel,Male,12884.23,NetBanking,Amazon,Food,Declined
n101338,2026-02-12,Hyderabad,C95118,MasterCard,Utilities,Female,6651.52,UPI,Zomato,E-commerce,Declined
n101339,2026-06-18,Vizag,C96430,Visa,Travel,Male,3353.18,NetBanking,Amazon,Utilities,Approved
n101340,2026-03-19,Kolkata,C36167,Amex,Dining,Female,995.98,NetBanking,Swiggy,Utilities,Declined
n101341,2026-03-27,Pune,C77185,Amex,Dining,Female,3395.27,UPI,Swiggy,Fuel,Approved
n101342,2026-05-06,Delhi,C44953,Visa,Dining,Male,20156.33,UPI,DMart,E-commerce,Approved
n101343,2026-01-28,Mumbai,C19753,MasterCard,Travel,Male,3934.75,Credit,DMart,E-commerce,Approved
n101344,2026-01-04,Pune,C90931,Visa,Groceries,Female,15811.97,UPI,DMart,Fuel,Approved
n101345,2026-01-15,Chennai,C36151,Visa,Groceries,Male,17984.53,Credit,Amazon,Food,Approved
n101346,2026-02-23,Hyderabad,C20408,Amex,Travel,Male,11953.5,Credit,HPCL,Fuel,Approved
n101347,2026-05-01,Delhi,C98625,Visa,Dining,Male,12738.85,Credit,Reliance,Retail,Declined
n101348,2026-02-06,Mumbai,C26254,Visa,Groceries,Male,21230.55,Credit,Reliance,Food,Declined
n101349,2026-06-03,Kolkata,C76408,RuPay,Groceries,Female,6348.65,UPI,IRCTC,Fuel,Approved
n101350,2026-06-17,Delhi,C46890,MasterCard,Fuel,Male,1663.3,UPI,Amazon,Fuel,Declined
n101351,2026-01-21,Vizag,C11572,Visa,Travel,Female,17482.09,NetBanking,DMart,Fuel,Declined
n101352,2026-03-23,Vizag,C56938,Amex,Travel,Female,7576.15,UPI,Zomato,Fuel,Approved
n101353,2026-02-28,Chennai,C15596,RuPay,Dining,Female,22011.37,UPI,IOCL,Food,Declined
n101354,2026-04-26,Chennai,C28623,Amex,Dining,Male,21846.71,UPI,IOCL,Utilities,Approved
n101355,2026-04-13,Pune,C11828,Amex,Utilities,Male,3860.86,Credit,IRCTC,E-commerce,Approved
n101356,2026-04-11,Vizag,C29647,RuPay,Travel,Male,639.85,UPI,Reliance,Travel,Declined
n101357,2026-02-28,Mumbai,C73771,Amex,Dining,Female,23688.54,Credit,HPCL,Utilities,Approved
n101358,2026-04-01,Bengaluru,C18769,RuPay,Utilities,Female,15234.66,Credit,IRCTC,Fuel,Declined
n101359,2026-02-25,Kolkata,C74291,Visa,Travel,Male,8530.65,UPI,IOCL,Fuel,Approved
n101360,2026-06-03,Chennai,C79420,RuPay,Travel,Female,20197.39,Credit,Zomato,Fuel,Declined
n101361,2026-01-17,Hyderabad,C68599,RuPay,Dining,Male,5315.45,UPI,IRCTC,Travel,Declined
n101362,2026-03-13,Pune,C85657,RuPay,Utilities,Male,22556.21,UPI,IRCTC,Utilities,Approved
n101363,2026-03-05,Vizag,C83832,Amex,Fuel,Female,12822.92,Credit,IOCL,Retail,Declined
n101364,2026-01-21,Vizag,C70645,RuPay,Fuel,Female,9800.45,Credit,Swiggy,Utilities,Approved
n101365,2026-04-04,Hyderabad,C72094,MasterCard,Groceries,Male,8247.64,NetBanking,HPCL,Fuel,Approved
n101366,2026-03-11,Pune,C73530,RuPay,Shopping,Male,20621.0,NetBanking,IRCTC,Fuel,Approved
n101367,2026-03-17,Hyderabad,C35551,RuPay,Groceries,Female,10632.48,Credit,Swiggy,Travel,Approved
n101368,2026-02-06,Delhi,C13313,Visa,Utilities,Female,2059.87,UPI,Reliance,Food,Declined
n101369,2026-05-23,Chennai,C87836,Amex,Travel,Male,23428.88,UPI,Swiggy,Retail,Declined
n101370,2026-03-14,Chennai,C86871,MasterCard,Travel,Male,3185.48,UPI,HPCL,Travel,Approved
n101371,2026-03-22,Kolkata,C82106,Visa,Utilities,Female,16193.58,UPI,Reliance,Travel,Approved
n101372,2026-06-14,Delhi,C52469,Visa,Shopping,Male,18097.14,NetBanking,Reliance,Food,Approved
n101373,2026-01-18,Chennai,C29866,Visa,Shopping,Male,23509.06,Credit,DMart,Travel,Declined
n101374,2026-03-28,Bengaluru,C64085,RuPay,Fuel,Female,10073.94,Credit,IOCL,Utilities,Declined
n101375,2026-06-27,Chennai,C81840,Visa,Groceries,Female,4060.61,UPI,IRCTC,Retail,Approved
n101376,2026-06-15,Hyderabad,C16879,MasterCard,Dining,Male,1150.18,Credit,Reliance,Retail,Declined
n101377,2026-03-24,Kolkata,C93142,Amex,Fuel,Female,12356.46,NetBanking,IOCL,Fuel,Approved
n101378,2026-01-11,Mumbai,C87289,Visa,Groceries,Male,14610.21,Credit,Zomato,Utilities,Approved
n101379,2026-05-29,Pune,C76735,MasterCard,Dining,Male,3891.17,Credit,Swiggy,Travel,Declined
n101380,2026-05-11,Kolkata,C30953,MasterCard,Shopping,Female,8428.69,UPI,Swiggy,Food,Approved
n101381,2026-06-16,Delhi,C69198,Visa,Dining,Female,5194.29,Credit,Amazon,Food,Approved
n101382,2026-02-22,Mumbai,C84738,RuPay,Utilities,Male,22177.64,UPI,Zomato,Food,Approved
n101383,2026-06-15,Mumbai,C84297,RuPay,Groceries,Male,7816.55,Credit,Reliance,Travel,Approved
n101384,2026-05-08,Kolkata,C52907,Amex,Dining,Male,23028.39,UPI,Swiggy,Utilities,Approved
n101385,2026-01-20,Bengaluru,C10035,Visa,Shopping,Male,21443.43,UPI,Amazon,Travel,Declined
n101386,2026-04-08,Chennai,C22744,Visa,Travel,Male,16179.73,UPI,Zomato,E-commerce,Declined
n101387,2026-04-17,Hyderabad,C48989,Visa,Fuel,Female,3631.77,UPI,IRCTC,E-commerce,Approved
n101388,2026-05-02,Chennai,C11880,Visa,Fuel,Male,11435.59,NetBanking,Swiggy,Travel,Approved
n101389,2026-06-29,Vizag,C18294,MasterCard,Groceries,Male,9998.72,UPI,Amazon,E-commerce,Declined
n101390,2026-04-21,Vizag,C64057,MasterCard,Fuel,Male,16449.59,UPI,Swiggy,Utilities,Declined
n101391,2026-02-21,Delhi,C13199,RuPay,Groceries,Male,17272.91,Credit,Amazon,Fuel,Declined
n101392,2026-05-24,Vizag,C40345,Visa,Travel,Female,2301.56,UPI,HPCL,Food,Approved
n101393,2026-04-06,Pune,C82223,MasterCard,Travel,Female,10234.34,NetBanking,IOCL,Travel,Declined
n101394,2026-03-30,Delhi,C29350,Amex,Utilities,Female,9072.19,UPI,DMart,Fuel,Declined
n101395,2026-02-05,Pune,C57011,Amex,Dining,Male,22254.55,UPI,Reliance,Fuel,Declined
n101396,2026-05-19,Chennai,C85195,MasterCard,Groceries,Female,2135.41,UPI,DMart,Fuel,Approved
n101397,2026-05-14,Bengaluru,C85427,Visa,Travel,Male,18518.81,NetBanking,Zomato,Food,Approved
n101398,2026-03-25,Pune,C81886,Amex,Shopping,Female,5554.88,UPI,IOCL,Utilities,Approved
n101399,2026-02-27,Vizag,C30408,MasterCard,Utilities,Male,22340.27,NetBanking,DMart,Food,Approved
n101400,2026-01-19,Delhi,C41697,Amex,Travel,Male,13594.98,Credit,IRCTC,E-commerce,Approved
n101401,2026-01-08,Delhi,C25869,MasterCard,Groceries,Male,1768.84,UPI,DMart,Food,Declined
n101402,2026-06-19,Kolkata,C11385,RuPay,Travel,Female,9435.41,UPI,IOCL,Fuel,Declined
n101403,2026-06-12,Hyderabad,C99013,Amex,Fuel,Female,8058.83,Credit,Swiggy,Utilities,Declined
n101404,2026-04-09,Bengaluru,C65404,RuPay,Utilities,Female,24866.49,UPI,Amazon,Food,Approved
n101405,2026-05-02,Delhi,C81268,Visa,Fuel,Male,18134.54,NetBanking,DMart,Food,Declined
n101406,2026-03-28,Mumbai,C89116,Amex,Fuel,Female,7814.36,NetBanking,HPCL,Retail,Declined
n101407,2026-01-25,Hyderabad,C99630,MasterCard,Shopping,Male,23394.9,UPI,DMart,Fuel,Approved
n101408,2026-04-29,Delhi,C84062,Amex,Shopping,Male,6404.79,Credit,HPCL,Retail,Declined
n101409,2026-03-17,Chennai,C15218,RuPay,Shopping,Female,10725.62,NetBanking,Reliance,E-commerce,Approved
n101410,2026-05-04,Vizag,C42642,Visa,Dining,Male,19334.32,Credit,Swiggy,Retail,Approved
n101411,2026-03-29,Vizag,C39980,Amex,Utilities,Male,2628.29,Credit,Reliance,Utilities,Approved
n101412,2026-04-23,Vizag,C58060,Amex,Fuel,Female,15907.32,Credit,IOCL,Food,Approved
n101413,2026-03-13,Kolkata,C83044,Amex,Fuel,Male,2272.35,NetBanking,Zomato,Food,Declined
n101414,2026-05-10,Mumbai,C28025,Visa,Fuel,Male,2250.8,Credit,IRCTC,Food,Declined
n101415,2026-05-23,Delhi,C72636,Visa,Utilities,Male,14594.8,Credit,Amazon,Retail,Approved
n101416,2026-02-07,Delhi,C27460,Amex,Fuel,Female,1593.85,Credit,DMart,Fuel,Declined
n101417,2026-05-30,Hyderabad,C49759,MasterCard,Travel,Male,21528.58,Credit,IRCTC,Utilities,Declined
n101418,2026-05-03,Vizag,C38065,Visa,Groceries,Female,13870.51,NetBanking,DMart,Retail,Approved
n101419,2026-05-11,Chennai,C18912,Amex,Shopping,Male,14197.32,Credit,IOCL,Utilities,Declined
n101420,2026-02-27,Delhi,C63266,Visa,Dining,Male,21779.65,UPI,Amazon,Retail,Declined
n101421,2026-04-11,Vizag,C89486,MasterCard,Utilities,Male,12036.21,NetBanking,IOCL,Utilities,Approved
n101422,2026-03-03,Delhi,C75160,Visa,Dining,Male,10491.18,NetBanking,DMart,Utilities,Approved
n101423,2026-06-14,Hyderabad,C58433,RuPay,Dining,Female,11666.23,UPI,Swiggy,Fuel,Declined
n101424,2026-03-20,Vizag,C77035,Amex,Dining,Male,11786.27,Credit,HPCL,Travel,Approved
n101425,2026-03-06,Delhi,C45553,RuPay,Shopping,Male,7894.99,UPI,IRCTC,Fuel,Approved
n101426,2026-03-31,Delhi,C35145,RuPay,Shopping,Female,7035.2,NetBanking,IOCL,Utilities,Approved
n101427,2026-06-06,Chennai,C48668,MasterCard,Utilities,Female,17844.26,NetBanking,Zomato,Retail,Declined
n101428,2026-05-29,Chennai,C25363,RuPay,Utilities,Male,5222.77,NetBanking,Zomato,Retail,Declined
n101429,2026-04-06,Mumbai,C61331,Amex,Utilities,Female,23318.85,UPI,Zomato,Retail,Declined
n101430,2026-06-05,Bengaluru,C43100,Visa,Dining,Female,181.35,Credit,Swiggy,Food,Declined
n101431,2026-05-21,Delhi,C76993,Amex,Groceries,Female,1369.73,UPI,HPCL,Fuel,Approved
n101432,2026-05-02,Kolkata,C60709,RuPay,Fuel,Male,4609.51,UPI,Amazon,E-commerce,Approved
n101433,2026-03-13,Bengaluru,C81891,RuPay,Groceries,Male,23151.12,NetBanking,IOCL,Retail,Approved
n101434,2026-06-19,Hyderabad,C11291,Visa,Travel,Female,7176.28,Credit,IRCTC,Retail,Declined
n101435,2026-05-22,Pune,C40980,MasterCard,Fuel,Female,19082.55,Credit,IOCL,Retail,Approved
n101436,2026-02-11,Bengaluru,C84873,RuPay,Dining,Male,2482.52,UPI,IRCTC,Retail,Declined
n101437,2026-06-06,Chennai,C32746,MasterCard,Travel,Male,178.89,NetBanking,Swiggy,Food,Declined
n101438,2026-04-25,Mumbai,C40432,Visa,Fuel,Female,17839.38,UPI,Reliance,Utilities,Declined
n101439,2026-06-07,Kolkata,C13018,RuPay,Groceries,Female,10972.59,NetBanking,Zomato,Travel,Approved
n101440,2026-05-08,Kolkata,C67958,MasterCard,Travel,Male,17616.06,NetBanking,IOCL,Retail,Declined
n101441,2026-02-23,Mumbai,C51184,RuPay,Dining,Female,6294.26,UPI,IRCTC,Food,Declined
n101442,2026-01-07,Mumbai,C94603,Visa,Dining,Male,9782.86,UPI,Zomato,Food,Approved
n101443,2026-05-06,Kolkata,C68369,Amex,Fuel,Female,6447.65,Credit,Swiggy,Travel,Declined
n101444,2026-05-03,Chennai,C32091,MasterCard,Shopping,Male,21162.97,UPI,Zomato,E-commerce,Approved
n101445,2026-01-24,Chennai,C22108,Visa,Travel,Male,13178.82,UPI,HPCL,Retail,Declined
n101446,2026-02-06,Kolkata,C46505,MasterCard,Groceries,Female,7858.8,NetBanking,DMart,Retail,Approved
n101447,2026-06-08,Hyderabad,C85053,MasterCard,Travel,Female,23556.2,Credit,IRCTC,E-commerce,Approved
n101448,2026-06-04,Bengaluru,C18831,Visa,Travel,Male,13395.44,UPI,Zomato,Utilities,Approved
n101449,2026-02-09,Chennai,C42197,Visa,Travel,Male,19182.11,NetBanking,Amazon,Fuel,Approved
n101450,2026-04-11,Chennai,C31889,Visa,Dining,Male,21178.77,Credit,Zomato,Fuel,Declined
n101451,2026-04-29,Mumbai,C69630,MasterCard,Utilities,Male,17864.4,Credit,Amazon,E-commerce,Declined
n101452,2026-02-04,Hyderabad,C47644,Amex,Shopping,Female,16970.38,UPI,IOCL,Fuel,Declined
n101453,2026-06-15,Pune,C89366,Amex,Travel,Female,4255.7,UPI,Reliance,E-commerce,Approved
n101454,2026-01-19,Pune,C49117,Visa,Shopping,Female,9626.05,UPI,Zomato,E-commerce,Declined
n101455,2026-05-05,Mumbai,C12102,MasterCard,Dining,Male,11303.52,NetBanking,Reliance,Utilities,Declined
n101456,2026-04-12,Mumbai,C28653,Visa,Groceries,Female,6397.71,UPI,HPCL,Utilities,Declined
n101457,2026-04-06,Mumbai,C70725,MasterCard,Dining,Male,6209.61,Credit,DMart,Travel,Declined
n101458,2026-01-14,Pune,C70960,Amex,Utilities,Female,2045.27,UPI,Zomato,Fuel,Declined
n101459,2026-01-11,Vizag,C18880,RuPay,Travel,Male,7827.51,NetBanking,Reliance,E-commerce,Approved
n101460,2026-02-07,Delhi,C17849,Visa,Shopping,Male,15803.8,UPI,Amazon,Food,Declined
n101461,2026-03-27,Vizag,C55472,RuPay,Travel,Female,1367.82,NetBanking,DMart,Food,Declined
n101462,2026-04-21,Hyderabad,C97335,Visa,Groceries,Female,8320.79,NetBanking,HPCL,Utilities,Declined
n101463,2026-02-06,Chennai,C35733,Visa,Shopping,Female,6966.42,Credit,Amazon,E-commerce,Declined
n101464,2026-01-04,Chennai,C35492,Amex,Shopping,Male,10497.97,Credit,IOCL,Fuel,Declined
n101465,2026-02-23,Hyderabad,C18680,MasterCard,Fuel,Female,18208.22,Credit,IRCTC,Food,Approved
n101466,2026-06-22,Vizag,C24973,Visa,Utilities,Female,20311.08,UPI,Zomato,Food,Declined
n101467,2026-05-28,Pune,C92775,RuPay,Shopping,Male,16727.02,NetBanking,Swiggy,Fuel,Approved
n101468,2026-02-27,Hyderabad,C66868,Amex,Travel,Female,23504.51,UPI,HPCL,Utilities,Declined
n101469,2026-01-14,Delhi,C43769,Visa,Groceries,Male,21127.76,Credit,IRCTC,Food,Approved
n101470,2026-01-26,Pune,C64086,Amex,Dining,Female,7547.2,Credit,Reliance,Fuel,Declined
n101471,2026-06-19,Bengaluru,C51150,Visa,Dining,Female,20395.01,Credit,IOCL,Food,Approved
n101472,2026-03-27,Pune,C25496,RuPay,Groceries,Female,21989.74,UPI,IOCL,Fuel,Approved
n101473,2026-04-14,Kolkata,C40816,RuPay,Groceries,Male,8469.17,NetBanking,Zomato,Fuel,Declined
n101474,2026-01-22,Bengaluru,C20760,Visa,Utilities,Male,3836.15,UPI,HPCL,E-commerce,Approved
n101475,2026-01-14,Hyderabad,C71762,MasterCard,Fuel,Male,7356.43,UPI,Zomato,Utilities,Approved
n101476,2026-01-11,Chennai,C50601,RuPay,Fuel,Male,24908.26,Credit,Amazon,Fuel,Approved
n101477,2026-02-19,Chennai,C61231,Amex,Fuel,Female,14874.92,NetBanking,DMart,Fuel,Declined
n101478,2026-02-05,Bengaluru,C70599,RuPay,Groceries,Male,12460.75,Credit,Swiggy,E-commerce,Declined
n101479,2026-03-28,Chennai,C71952,Amex,Travel,Female,7411.97,NetBanking,IOCL,Food,Approved
n101480,2026-03-21,Pune,C37596,MasterCard,Dining,Male,17610.54,Credit,DMart,E-commerce,Approved
n101481,2026-02-07,Bengaluru,C68840,MasterCard,Groceries,Male,7133.63,UPI,Zomato,Fuel,Approved
n101482,2026-05-04,Kolkata,C63723,Visa,Utilities,Female,23442.16,Credit,HPCL,Utilities,Approved
n101483,2026-04-04,Chennai,C61222,MasterCard,Travel,Male,1317.91,UPI,IOCL,Retail,Declined
n101484,2026-04-29,Kolkata,C52412,Amex,Groceries,Female,18657.5,NetBanking,IOCL,Utilities,Declined
n101485,2026-05-26,Chennai,C10975,MasterCard,Travel,Female,2421.09,UPI,Reliance,E-commerce,Approved
n101486,2026-03-03,Vizag,C46419,MasterCard,Utilities,Male,10504.97,Credit,Zomato,Utilities,Declined
n101487,2026-06-07,Pune,C54194,Visa,Fuel,Female,19312.04,NetBanking,IRCTC,Retail,Approved
n101488,2026-03-27,Delhi,C79582,Amex,Shopping,Male,10929.95,NetBanking,Amazon,Food,Declined
n101489,2026-05-18,Vizag,C15834,RuPay,Travel,Male,10242.67,NetBanking,DMart,Food,Declined
n101490,2026-04-29,Mumbai,C51311,MasterCard,Dining,Female,7577.03,NetBanking,Amazon,Retail,Declined
n101491,2026-04-12,Delhi,C10561,MasterCard,Fuel,Male,23805.01,UPI,IRCTC,Food,Approved
n101492,2026-04-21,Hyderabad,C19975,RuPay,Shopping,Female,506.95,NetBanking,Swiggy,Fuel,Approved
n101493,2026-05-08,Mumbai,C80004,RuPay,Fuel,Male,23148.17,UPI,Zomato,Retail,Approved
n101494,2026-01-04,Kolkata,C20443,RuPay,Utilities,Male,23669.81,Credit,DMart,Retail,Declined
n101495,2026-02-13,Delhi,C98055,RuPay,Dining,Male,22658.27,Credit,Reliance,Travel,Approved
n101496,2026-03-15,Delhi,C81082,Visa,Fuel,Male,21843.21,Credit,IRCTC,E-commerce,Declined
n101497,2026-02-15,Bengaluru,C69151,RuPay,Fuel,Female,12818.41,UPI,Swiggy,E-commerce,Declined
n101498,2026-01-24,Pune,C33120,Amex,Groceries,Female,18160.35,NetBanking,DMart,E-commerce,Approved
n101499,2026-02-07,Pune,C31016,MasterCard,Dining,Female,841.75,UPI,IOCL,E-commerce,Declined
n101500,2026-02-24,Chennai,C34922,Amex,Shopping,Male,24405.82,NetBanking,IRCTC,Utilities,Declined
n101501,2026-05-23,Vizag,C60760,RuPay,Utilities,Female,5057.92,Credit,Amazon,Food,Approved
n101502,2026-01-01,Pune,C12244,RuPay,Utilities,Female,10446.79,Credit,Zomato,Food,Approved
n101503,2026-02-04,Bengaluru,C87941,Visa,Shopping,Male,11888.4,NetBanking,Zomato,E-commerce,Approved
n101504,2026-06-13,Pune,C42248,RuPay,Shopping,Female,7406.94,Credit,Amazon,Travel,Approved
n101505,2026-06-28,Delhi,C59752,MasterCard,Travel,Female,21258.45,Credit,Zomato,E-commerce,Declined
n101506,2026-03-20,Delhi,C63329,Visa,Fuel,Female,8261.07,NetBanking,DMart,Retail,Approved
n101507,2026-04-03,Bengaluru,C22472,RuPay,Travel,Female,22221.37,Credit,IRCTC,Fuel,Approved
n101508,2026-03-01,Hyderabad,C46243,RuPay,Shopping,Male,20308.27,NetBanking,Swiggy,Fuel,Declined
n101509,2026-01-26,Kolkata,C15339,RuPay,Dining,Male,16481.65,UPI,Amazon,Retail,Approved
n101510,2026-01-25,Hyderabad,C24002,Amex,Fuel,Female,20256.56,UPI,DMart,Travel,Approved
n101511,2026-06-01,Mumbai,C20749,RuPay,Groceries,Male,16247.3,NetBanking,DMart,Utilities,Approved
n101512,2026-05-01,Mumbai,C26601,MasterCard,Utilities,Male,24742.21,Credit,Swiggy,Fuel,Approved
n101513,2026-05-07,Mumbai,C17781,Amex,Groceries,Female,4892.55,NetBanking,Swiggy,Travel,Approved
n101514,2026-04-14,Kolkata,C85803,RuPay,Travel,Male,15447.98,Credit,IOCL,Travel,Declined
n101515,2026-01-01,Bengaluru,C63155,MasterCard,Utilities,Female,17313.37,NetBanking,Reliance,Utilities,Approved
n101516,2026-06-21,Mumbai,C27360,Visa,Groceries,Male,18647.52,NetBanking,DMart,Utilities,Declined
n101517,2026-02-04,Mumbai,C46247,Visa,Shopping,Male,16331.14,NetBanking,DMart,Utilities,Approved
n101518,2026-04-16,Bengaluru,C54742,MasterCard,Dining,Male,3759.99,NetBanking,DMart,Travel,Declined
n101519,2026-04-16,Kolkata,C96444,RuPay,Dining,Male,21458.13,Credit,IRCTC,Food,Declined
n101520,2026-02-18,Mumbai,C74213,Amex,Travel,Female,1318.44,Credit,IOCL,Food,Approved
n101521,2026-01-16,Hyderabad,C70128,RuPay,Groceries,Female,2849.37,UPI,Reliance,Travel,Declined
n101522,2026-02-15,Kolkata,C11804,Amex,Shopping,Male,14703.46,UPI,Swiggy,Utilities,Approved
n101523,2026-04-26,Mumbai,C46125,Amex,Dining,Female,4095.41,Credit,HPCL,Retail,Approved
n101524,2026-03-02,Vizag,C60407,MasterCard,Shopping,Male,2834.63,NetBanking,Zomato,Fuel,Declined
n101525,2026-06-26,Bengaluru,C45626,RuPay,Utilities,Female,605.46,NetBanking,DMart,Retail,Declined
n101526,2026-03-06,Mumbai,C97614,MasterCard,Utilities,Female,24438.55,Credit,Reliance,E-commerce,Declined
n101527,2026-06-26,Kolkata,C84442,RuPay,Fuel,Female,4916.14,Credit,Swiggy,Utilities,Declined
n101528,2026-03-06,Delhi,C86833,MasterCard,Utilities,Female,16778.92,NetBanking,Zomato,E-commerce,Declined
n101529,2026-05-01,Mumbai,C42097,RuPay,Fuel,Female,8986.33,Credit,Zomato,Food,Approved
n101530,2026-04-21,Hyderabad,C19996,Visa,Shopping,Male,5859.48,Credit,IRCTC,Food,Declined
n101531,2026-05-17,Bengaluru,C23449,Amex,Utilities,Male,5596.23,Credit,IRCTC,Travel,Approved
n101532,2026-01-10,Delhi,C11533,Amex,Fuel,Female,16111.18,UPI,IRCTC,E-commerce,Declined
n101533,2026-03-02,Bengaluru,C22256,RuPay,Shopping,Male,1199.85,NetBanking,Swiggy,Fuel,Approved
n101534,2026-06-18,Hyderabad,C74166,MasterCard,Dining,Female,2592.33,NetBanking,IRCTC,Fuel,Declined
n101535,2026-01-01,Kolkata,C55738,RuPay,Dining,Male,769.79,Credit,Amazon,Utilities,Declined
n101536,2026-02-19,Chennai,C30572,MasterCard,Utilities,Male,18337.76,Credit,IRCTC,Retail,Approved
n101537,2026-03-17,Vizag,C18031,Amex,Groceries,Male,884.12,NetBanking,IRCTC,Travel,Declined
n101538,2026-06-25,Kolkata,C30175,Visa,Groceries,Female,9514.34,Credit,Zomato,E-commerce,Approved
n101539,2026-06-25,Kolkata,C24224,Visa,Groceries,Male,1923.0,UPI,DMart,Food,Approved
n101540,2026-06-29,Chennai,C44883,RuPay,Dining,Male,20736.51,NetBanking,IRCTC,Food,Declined
n101541,2026-02-14,Vizag,C46592,RuPay,Travel,Male,23162.71,Credit,IRCTC,Food,Declined
n101542,2026-04-07,Vizag,C21930,Visa,Utilities,Male,22530.69,Credit,DMart,Fuel,Declined
n101543,2026-04-12,Chennai,C16924,MasterCard,Shopping,Male,19993.68,Credit,Amazon,Fuel,Approved
n101544,2026-03-03,Bengaluru,C54448,Visa,Travel,Female,8368.69,Credit,Reliance,E-commerce,Declined
n101545,2026-05-06,Mumbai,C28312,MasterCard,Utilities,Male,12997.08,NetBanking,HPCL,E-commerce,Declined
n101546,2026-06-12,Bengaluru,C52184,Amex,Groceries,Female,24819.52,UPI,Amazon,E-commerce,Approved
n101547,2026-01-07,Hyderabad,C13977,Visa,Travel,Male,18963.21,NetBanking,DMart,E-commerce,Approved
n101548,2026-05-04,Bengaluru,C67537,RuPay,Fuel,Male,18008.71,UPI,Zomato,Food,Approved
n101549,2026-05-10,Delhi,C48291,RuPay,Groceries,Male,13689.8,Credit,HPCL,Travel,Declined
n101550,2026-05-14,Bengaluru,C29736,MasterCard,Travel,Male,7921.43,UPI,Amazon,Fuel,Declined
n101551,2026-04-30,Hyderabad,C15786,Visa,Fuel,Female,22156.24,UPI,Zomato,Utilities,Declined
n101552,2026-01-23,Pune,C77618,RuPay,Shopping,Male,10189.07,NetBanking,DMart,Retail,Declined
n101553,2026-02-08,Delhi,C77067,MasterCard,Travel,Female,16566.97,UPI,Swiggy,Retail,Declined
n101554,2026-01-11,Hyderabad,C91922,Amex,Fuel,Female,5277.12,UPI,HPCL,Fuel,Declined
n101555,2026-01-05,Chennai,C26484,Visa,Fuel,Female,20069.64,Credit,IOCL,Travel,Approved
n101556,2026-05-23,Hyderabad,C44289,RuPay,Utilities,Male,13732.19,UPI,HPCL,Retail,Approved
n101557,2026-04-07,Mumbai,C79248,Visa,Dining,Female,6131.46,NetBanking,DMart,Retail,Declined
n101558,2026-06-08,Delhi,C32396,RuPay,Dining,Female,4048.96,Credit,IOCL,Utilities,Approved
n101559,2026-04-05,Kolkata,C38032,Visa,Travel,Female,2145.99,Credit,IOCL,Travel,Declined
n101560,2026-02-10,Pune,C58977,RuPay,Fuel,Male,10141.65,Credit,Zomato,Travel,Approved
n101561,2026-03-17,Mumbai,C13049,Visa,Dining,Female,7762.46,UPI,Swiggy,Fuel,Approved
n101562,2026-02-27,Bengaluru,C58283,MasterCard,Shopping,Male,20777.35,UPI,Zomato,Utilities,Approved
n101563,2026-04-30,Hyderabad,C98300,RuPay,Fuel,Female,17202.0,Credit,Swiggy,Retail,Approved
n101564,2026-02-25,Mumbai,C56538,MasterCard,Shopping,Female,14719.33,NetBanking,DMart,Food,Approved
n101565,2026-02-06,Bengaluru,C21804,Visa,Utilities,Female,13202.66,NetBanking,DMart,Fuel,Approved
n101566,2026-06-05,Mumbai,C41600,Visa,Utilities,Male,12365.27,Credit,IOCL,Utilities,Declined
n101567,2026-02-27,Hyderabad,C63300,Visa,Utilities,Male,23909.64,NetBanking,HPCL,Travel,Declined
n101568,2026-01-25,Vizag,C75625,Amex,Shopping,Male,365.73,Credit,IRCTC,E-commerce,Approved
n101569,2026-05-31,Bengaluru,C53855,Amex,Fuel,Male,20956.16,NetBanking,Amazon,Retail,Declined
n101570,2026-03-27,Vizag,C93471,Amex,Travel,Female,20593.72,NetBanking,DMart,Utilities,Declined
n101571,2026-01-01,Mumbai,C61348,RuPay,Shopping,Female,3434.76,Credit,DMart,Travel,Approved
n101572,2026-02-01,Delhi,C24267,RuPay,Groceries,Male,9985.35,UPI,Zomato,E-commerce,Approved
n101573,2026-04-15,Mumbai,C32360,MasterCard,Groceries,Male,1930.19,UPI,Swiggy,Travel,Declined
n101574,2026-04-18,Bengaluru,C22088,RuPay,Fuel,Female,3338.31,NetBanking,IOCL,Utilities,Approved
n101575,2026-04-04,Hyderabad,C54235,MasterCard,Dining,Female,10773.87,NetBanking,Amazon,Fuel,Approved
n101576,2026-01-30,Chennai,C65904,Visa,Fuel,Male,21883.24,Credit,IRCTC,Travel,Declined
n101577,2026-04-12,Bengaluru,C13574,Amex,Groceries,Female,1909.72,NetBanking,IRCTC,E-commerce,Approved
n101578,2026-02-25,Delhi,C54634,RuPay,Fuel,Female,12775.99,Credit,IOCL,Fuel,Approved
n101579,2026-05-05,Vizag,C65636,MasterCard,Shopping,Male,24599.6,UPI,Swiggy,Utilities,Approved
n101580,2026-01-30,Mumbai,C49846,Visa,Shopping,Female,19528.06,UPI,Swiggy,Retail,Declined
n101581,2026-06-20,Chennai,C63406,Visa,Groceries,Male,16163.88,NetBanking,DMart,E-commerce,Approved
n101582,2026-06-20,Pune,C69183,Visa,Shopping,Male,12734.25,NetBanking,DMart,Travel,Declined
n101583,2026-05-27,Chennai,C12067,Amex,Travel,Male,10131.09,NetBanking,IOCL,Fuel,Declined
n101584,2026-06-18,Delhi,C82443,Amex,Fuel,Female,3715.01,UPI,IOCL,Utilities,Approved
n101585,2026-02-07,Pune,C84100,Visa,Travel,Male,19330.26,UPI,IRCTC,Retail,Approved
n101586,2026-01-28,Chennai,C39232,RuPay,Groceries,Female,10164.88,NetBanking,Amazon,Food,Approved
n101587,2026-05-23,Vizag,C30316,Amex,Utilities,Male,11483.82,UPI,Amazon,Utilities,Declined
n101588,2026-02-14,Mumbai,C50567,MasterCard,Shopping,Male,8211.87,NetBanking,Zomato,Utilities,Approved
n101589,2026-05-14,Chennai,C96148,Visa,Travel,Male,22441.54,UPI,DMart,Retail,Declined
n101590,2026-03-29,Hyderabad,C81991,MasterCard,Dining,Female,13658.06,Credit,IOCL,Utilities,Declined
n101591,2026-01-24,Kolkata,C85092,Amex,Travel,Female,15795.79,Credit,Amazon,Fuel,Declined
n101592,2026-04-20,Bengaluru,C98081,MasterCard,Groceries,Female,14330.52,Credit,Swiggy,Retail,Declined
n101593,2026-04-13,Chennai,C41536,RuPay,Shopping,Female,15688.43,Credit,Amazon,Retail,Declined
n101594,2026-02-27,Hyderabad,C10853,Amex,Shopping,Female,22692.74,UPI,DMart,E-commerce,Approved
n101595,2026-04-10,Mumbai,C19837,Visa,Utilities,Male,20376.41,UPI,Amazon,E-commerce,Approved
n101596,2026-04-07,Hyderabad,C90224,RuPay,Fuel,Female,15783.56,Credit,Zomato,E-commerce,Declined
n101597,2026-04-15,Chennai,C92514,MasterCard,Shopping,Female,16087.62,NetBanking,Reliance,E-commerce,Declined
n101598,2026-02-26,Delhi,C45405,Visa,Dining,Female,11123.1,UPI,IOCL,Retail,Approved
n101599,2026-04-25,Chennai,C62850,Amex,Utilities,Male,14948.17,UPI,Amazon,Fuel,Approved
n101600,2026-05-06,Vizag,C60393,Visa,Groceries,Male,19250.92,UPI,Amazon,Food,Declined
n101601,2026-01-18,Mumbai,C36009,MasterCard,Dining,Male,2320.75,Credit,Zomato,Travel,Approved
n101602,2026-02-21,Pune,C62600,Visa,Dining,Male,11659.95,Credit,Reliance,Utilities,Approved
n101603,2026-01-21,Chennai,C10060,Amex,Fuel,Male,18783.41,Credit,Zomato,Retail,Declined
n101604,2026-05-07,Pune,C59280,Visa,Groceries,Male,11242.48,NetBanking,Swiggy,Travel,Declined
n101605,2026-06-01,Hyderabad,C32111,RuPay,Fuel,Male,21616.66,UPI,Amazon,E-commerce,Declined
n101606,2026-03-12,Delhi,C16933,MasterCard,Dining,Male,17083.01,Credit,IOCL,Food,Approved
n101607,2026-02-06,Vizag,C75491,MasterCard,Groceries,Male,448.94,Credit,DMart,Food,Approved
n101608,2026-01-27,Mumbai,C44222,Amex,Groceries,Female,18390.24,UPI,HPCL,Retail,Declined
n101609,2026-03-01,Mumbai,C25071,MasterCard,Shopping,Female,10269.79,UPI,IRCTC,Fuel,Declined
n101610,2026-01-06,Vizag,C87150,Amex,Dining,Male,11393.99,NetBanking,Amazon,Food,Declined
n101611,2026-03-02,Kolkata,C77931,MasterCard,Fuel,Female,19136.95,UPI,Reliance,E-commerce,Approved
n101612,2026-02-16,Mumbai,C92467,RuPay,Travel,Male,2246.11,UPI,Zomato,E-commerce,Declined
n101613,2026-05-19,Vizag,C23749,RuPay,Dining,Male,18338.99,NetBanking,Reliance,E-commerce,Approved
n101614,2026-03-25,Kolkata,C69863,Visa,Shopping,Female,5956.96,NetBanking,Swiggy,Fuel,Approved
n101615,2026-02-10,Chennai,C14952,RuPay,Fuel,Male,16591.61,NetBanking,IOCL,Utilities,Declined
n101616,2026-05-10,Delhi,C94983,MasterCard,Travel,Female,21168.77,NetBanking,DMart,Utilities,Approved
n101617,2026-03-14,Pune,C69226,Amex,Fuel,Female,2382.48,Credit,IRCTC,Fuel,Declined
n101618,2026-04-25,Kolkata,C72600,MasterCard,Shopping,Male,752.83,NetBanking,HPCL,Travel,Declined
n101619,2026-01-20,Bengaluru,C92289,Amex,Dining,Female,9673.41,Credit,IOCL,Fuel,Declined
n101620,2026-02-09,Chennai,C51958,MasterCard,Dining,Male,19784.15,NetBanking,Zomato,Utilities,Approved
n101621,2026-04-13,Chennai,C99435,MasterCard,Travel,Male,17417.99,Credit,Zomato,Food,Declined
n101622,2026-06-08,Pune,C99864,Amex,Shopping,Male,862.79,Credit,Reliance,Travel,Approved
n101623,2026-03-29,Pune,C45169,RuPay,Groceries,Female,11571.08,UPI,IRCTC,Retail,Declined
n101624,2026-06-06,Delhi,C34338,MasterCard,Utilities,Male,17119.79,NetBanking,Swiggy,Food,Approved
n101625,2026-02-19,Bengaluru,C54588,Amex,Groceries,Female,2082.21,NetBanking,Zomato,Retail,Declined
n101626,2026-05-04,Chennai,C55003,Amex,Groceries,Male,10150.92,NetBanking,IRCTC,Utilities,Approved
n101627,2026-03-29,Pune,C23398,MasterCard,Shopping,Male,14042.34,UPI,Zomato,Travel,Approved
n101628,2026-06-15,Vizag,C78017,RuPay,Dining,Female,489.25,UPI,HPCL,Utilities,Declined
n101629,2026-03-08,Mumbai,C10996,MasterCard,Travel,Male,21955.98,NetBanking,DMart,E-commerce,Declined
n101630,2026-06-03,Vizag,C31602,Visa,Groceries,Female,14591.23,UPI,Amazon,E-commerce,Declined
n101631,2026-02-23,Kolkata,C50315,Visa,Travel,Female,11396.55,UPI,Zomato,Retail,Approved
n101632,2026-02-25,Chennai,C57986,MasterCard,Dining,Female,18223.26,NetBanking,DMart,Retail,Declined
n101633,2026-04-25,Pune,C16002,Visa,Shopping,Female,23822.99,Credit,DMart,Travel,Approved
n101634,2026-01-10,Pune,C33242,Amex,Dining,Male,17432.36,NetBanking,HPCL,Fuel,Approved
n101635,2026-06-04,Chennai,C72654,Visa,Travel,Female,3331.42,NetBanking,Zomato,Food,Approved
n101636,2026-02-05,Pune,C83060,Amex,Dining,Male,23893.1,NetBanking,IOCL,Food,Declined
n101637,2026-03-13,Delhi,C31966,MasterCard,Dining,Female,12804.19,NetBanking,Swiggy,Fuel,Declined
n101638,2026-05-31,Kolkata,C57672,RuPay,Utilities,Female,4526.6,Credit,Swiggy,Fuel,Approved
n101639,2026-01-22,Kolkata,C53554,Visa,Groceries,Male,22074.0,Credit,Reliance,Travel,Declined
n101640,2026-06-13,Mumbai,C86851,MasterCard,Fuel,Male,3365.08,Credit,Zomato,Travel,Approved
n101641,2026-02-23,Hyderabad,C52464,RuPay,Dining,Male,13092.49,NetBanking,IOCL,Fuel,Approved
n101642,2026-06-24,Bengaluru,C47212,RuPay,Travel,Female,9707.06,NetBanking,HPCL,Retail,Declined
n101643,2026-06-26,Mumbai,C65452,Amex,Utilities,Female,18012.08,UPI,IOCL,Retail,Approved
n101644,2026-02-03,Pune,C77543,MasterCard,Travel,Female,5307.86,Credit,IRCTC,Retail,Approved
n101645,2026-02-04,Mumbai,C18246,MasterCard,Groceries,Male,21978.73,NetBanking,Amazon,Utilities,Declined
n101646,2026-06-09,Bengaluru,C17731,Amex,Utilities,Male,22148.51,NetBanking,IRCTC,Food,Declined
n101647,2026-05-06,Chennai,C36733,Amex,Travel,Male,13359.58,UPI,IOCL,Fuel,Approved
n101648,2026-06-20,Vizag,C33192,MasterCard,Travel,Female,11660.11,UPI,Zomato,Fuel,Declined
n101649,2026-05-04,Chennai,C59664,MasterCard,Shopping,Male,8203.31,NetBanking,DMart,Fuel,Declined
n101650,2026-04-08,Mumbai,C23402,Amex,Fuel,Male,17985.4,Credit,HPCL,Retail,Approved
n101651,2026-04-28,Mumbai,C35994,Amex,Utilities,Male,23152.29,NetBanking,Reliance,E-commerce,Declined
n101652,2026-02-16,Chennai,C30341,MasterCard,Utilities,Female,22050.81,Credit,IOCL,Travel,Approved
n101653,2026-06-13,Delhi,C40968,MasterCard,Groceries,Male,8195.05,UPI,IRCTC,Fuel,Approved
n101654,2026-03-23,Delhi,C44967,Amex,Fuel,Female,18147.17,UPI,HPCL,Retail,Approved
n101655,2026-04-11,Delhi,C42392,Visa,Shopping,Female,6599.84,UPI,HPCL,Fuel,Approved
n101656,2026-02-16,Vizag,C89116,Amex,Fuel,Male,14318.98,UPI,DMart,Retail,Approved
n101657,2026-03-26,Mumbai,C97388,Amex,Shopping,Female,17997.24,Credit,HPCL,Utilities,Declined
n101658,2026-02-05,Mumbai,C27126,MasterCard,Fuel,Male,3454.44,UPI,IOCL,Utilities,Approved
n101659,2026-05-21,Mumbai,C32710,Visa,Fuel,Female,19048.82,UPI,HPCL,Fuel,Declined
n101660,2026-03-31,Mumbai,C58784,RuPay,Groceries,Male,15971.94,UPI,Amazon,E-commerce,Approved
n101661,2026-01-05,Delhi,C49597,MasterCard,Dining,Male,20385.35,NetBanking,Zomato,E-commerce,Declined
n101662,2026-01-18,Pune,C31365,MasterCard,Utilities,Male,668.73,Credit,Reliance,Utilities,Declined
n101663,2026-06-19,Hyderabad,C22120,RuPay,Groceries,Female,7001.89,NetBanking,IRCTC,E-commerce,Approved
n101664,2026-01-02,Kolkata,C71616,Visa,Groceries,Female,2413.94,Credit,Reliance,Food,Approved
n101665,2026-06-12,Chennai,C29895,Visa,Groceries,Male,3040.17,NetBanking,HPCL,Food,Declined
n101666,2026-06-19,Chennai,C17012,Visa,Shopping,Male,2986.75,UPI,IOCL,E-commerce,Approved
n101667,2026-02-16,Hyderabad,C25854,Visa,Dining,Male,18102.68,NetBanking,HPCL,Retail,Approved
n101668,2026-06-09,Mumbai,C14852,RuPay,Shopping,Male,10843.07,UPI,IRCTC,Fuel,Approved
n101669,2026-06-19,Chennai,C69682,RuPay,Shopping,Male,3825.83,UPI,Reliance,E-commerce,Approved
n101670,2026-03-14,Hyderabad,C83188,Amex,Utilities,Male,23056.03,Credit,Zomato,Retail,Approved
n101671,2026-06-02,Delhi,C59227,MasterCard,Fuel,Male,17545.58,UPI,Zomato,Utilities,Declined
n101672,2026-01-17,Hyderabad,C38130,RuPay,Groceries,Female,20604.99,Credit,IRCTC,Food,Approved
n101673,2026-02-06,Delhi,C35002,Amex,Travel,Female,13537.02,UPI,Swiggy,Retail,Approved
n101674,2026-01-07,Delhi,C19823,MasterCard,Fuel,Male,24753.49,Credit,IOCL,E-commerce,Declined
n101675,2026-06-07,Chennai,C72824,MasterCard,Shopping,Female,7020.48,Credit,Amazon,Food,Approved
n101676,2026-04-21,Kolkata,C87438,Visa,Dining,Male,3336.69,UPI,DMart,Travel,Declined
n101677,2026-03-08,Chennai,C99712,Visa,Groceries,Female,906.34,Credit,DMart,E-commerce,Declined
n101678,2026-04-14,Vizag,C83980,Amex,Travel,Female,22336.76,UPI,DMart,Travel,Declined
n101679,2026-06-01,Pune,C58754,RuPay,Dining,Male,23649.68,UPI,HPCL,E-commerce,Approved
n101680,2026-03-06,Vizag,C66909,Visa,Fuel,Male,13918.04,Credit,DMart,E-commerce,Approved
n101681,2026-01-07,Kolkata,C82593,MasterCard,Fuel,Female,10026.09,Credit,HPCL,Retail,Declined
n101682,2026-05-13,Hyderabad,C81352,Visa,Shopping,Male,20327.17,NetBanking,Zomato,Food,Approved
n101683,2026-02-07,Hyderabad,C24179,RuPay,Utilities,Male,11640.04,Credit,Amazon,Food,Declined
n101684,2026-01-27,Mumbai,C17062,Amex,Utilities,Male,8370.27,Credit,Swiggy,Travel,Declined
n101685,2026-05-06,Delhi,C36148,Amex,Groceries,Male,17631.21,Credit,Amazon,Fuel,Declined
n101686,2026-02-16,Pune,C79689,RuPay,Dining,Female,17614.85,NetBanking,Swiggy,Food,Approved
n101687,2026-02-22,Bengaluru,C83565,Visa,Travel,Male,24993.99,Credit,IOCL,Retail,Declined
n101688,2026-03-07,Kolkata,C61593,Amex,Groceries,Male,8895.52,Credit,IRCTC,Retail,Declined
n101689,2026-01-05,Hyderabad,C17547,RuPay,Dining,Female,10696.53,UPI,Zomato,Utilities,Approved
n101690,2026-01-18,Bengaluru,C16629,Amex,Shopping,Female,16696.76,Credit,Swiggy,E-commerce,Approved
n101691,2026-06-17,Delhi,C86751,MasterCard,Shopping,Male,20531.63,NetBanking,Swiggy,Fuel,Approved
n101692,2026-03-22,Mumbai,C97518,Visa,Travel,Male,1153.19,NetBanking,Amazon,Fuel,Declined
n101693,2026-06-15,Vizag,C61773,Amex,Utilities,Male,16235.87,Credit,HPCL,Fuel,Declined
n101694,2026-06-25,Bengaluru,C64339,Amex,Shopping,Female,2641.18,UPI,DMart,Retail,Approved
n101695,2026-05-05,Delhi,C16436,Amex,Dining,Female,6281.22,Credit,Zomato,Food,Approved
n101696,2026-02-23,Delhi,C86397,Visa,Shopping,Female,20194.63,Credit,Swiggy,Retail,Declined
n101697,2026-06-19,Chennai,C13448,MasterCard,Dining,Male,12937.72,NetBanking,Reliance,E-commerce,Approved
n101698,2026-04-16,Hyderabad,C30756,Visa,Utilities,Female,2467.44,NetBanking,DMart,Retail,Declined
n101699,2026-06-25,Vizag,C29215,Visa,Fuel,Female,24066.73,NetBanking,Swiggy,Utilities,Approved
n101700,2026-01-19,Kolkata,C44083,RuPay,Shopping,Male,4101.84,Credit,HPCL,Travel,Approved
n101701,2026-05-27,Vizag,C76433,RuPay,Dining,Male,13523.58,Credit,Amazon,Travel,Approved
n101702,2026-04-18,Vizag,C51969,Amex,Utilities,Male,20737.38,Credit,IRCTC,Food,Approved
n101703,2026-03-18,Kolkata,C21993,Visa,Groceries,Female,16891.08,NetBanking,Swiggy,Retail,Declined
n101704,2026-05-24,Chennai,C70733,Amex,Shopping,Female,16648.13,Credit,Swiggy,E-commerce,Declined
n101705,2026-02-28,Bengaluru,C43901,Visa,Shopping,Female,2901.08,UPI,Amazon,Food,Approved
n101706,2026-02-15,Vizag,C47239,MasterCard,Travel,Female,8915.66,UPI,IOCL,Retail,Declined
n101707,2026-06-13,Hyderabad,C89265,Amex,Utilities,Female,20893.66,UPI,IOCL,Fuel,Approved
n101708,2026-03-09,Kolkata,C13358,RuPay,Dining,Female,3877.07,UPI,Amazon,Retail,Declined
n101709,2026-01-27,Kolkata,C28656,MasterCard,Travel,Male,20655.44,UPI,Swiggy,Fuel,Approved
n101710,2026-01-01,Mumbai,C44854,Amex,Shopping,Male,15390.6,UPI,Reliance,Travel,Declined
n101711,2026-05-03,Chennai,C79102,Amex,Shopping,Male,10680.37,NetBanking,DMart,E-commerce,Declined
n101712,2026-01-19,Mumbai,C24804,MasterCard,Travel,Male,24964.62,Credit,IOCL,E-commerce,Approved
n101713,2026-02-24,Vizag,C63429,Visa,Travel,Male,24527.21,Credit,Swiggy,Travel,Approved
n101714,2026-04-13,Pune,C12874,MasterCard,Travel,Female,18786.86,UPI,Reliance,Travel,Approved
n101715,2026-06-07,Bengaluru,C66219,RuPay,Utilities,Male,21838.74,NetBanking,Swiggy,Travel,Approved
n101716,2026-05-26,Kolkata,C62699,Visa,Dining,Female,22424.74,NetBanking,DMart,Fuel,Approved
n101717,2026-06-29,Delhi,C87928,Visa,Shopping,Male,21670.84,UPI,Reliance,E-commerce,Declined
n101718,2026-01-21,Vizag,C45503,Amex,Shopping,Male,19703.19,UPI,Reliance,Food,Declined
n101719,2026-03-09,Kolkata,C90801,MasterCard,Utilities,Female,17442.33,NetBanking,HPCL,Travel,Declined
n101720,2026-05-26,Delhi,C21835,RuPay,Travel,Female,24474.52,NetBanking,Amazon,E-commerce,Approved
n101721,2026-06-07,Chennai,C88526,MasterCard,Fuel,Female,24867.63,Credit,IOCL,Utilities,Approved
n101722,2026-03-31,Bengaluru,C19225,Amex,Fuel,Female,17100.87,Credit,IRCTC,Fuel,Declined
n101723,2026-02-23,Kolkata,C51207,MasterCard,Dining,Male,2590.21,NetBanking,Swiggy,Travel,Declined
n101724,2026-06-03,Hyderabad,C59674,Amex,Fuel,Male,716.85,NetBanking,Swiggy,Retail,Declined
n101725,2026-05-16,Delhi,C33452,Visa,Travel,Female,24966.14,NetBanking,Swiggy,Utilities,Declined
n101726,2026-04-21,Vizag,C63799,Visa,Travel,Female,6627.06,Credit,Swiggy,Travel,Declined
n101727,2026-04-04,Vizag,C68077,RuPay,Shopping,Male,14323.13,UPI,Zomato,Retail,Approved
n101728,2026-05-10,Hyderabad,C65725,MasterCard,Groceries,Female,6526.4,UPI,IOCL,Retail,Approved
n101729,2026-04-18,Pune,C47904,Visa,Fuel,Female,15852.34,NetBanking,Zomato,Retail,Approved
n101730,2026-01-03,Kolkata,C31006,MasterCard,Fuel,Male,3888.68,Credit,HPCL,Food,Declined
n101731,2026-06-27,Vizag,C50713,Amex,Groceries,Female,15370.5,UPI,Amazon,E-commerce,Approved
n101732,2026-02-15,Delhi,C23096,Visa,Travel,Female,13381.88,NetBanking,IOCL,E-commerce,Approved
n101733,2026-05-18,Hyderabad,C24201,Amex,Shopping,Female,12081.89,UPI,Reliance,Retail,Approved
n101734,2026-02-14,Pune,C68207,Visa,Travel,Female,3459.26,NetBanking,IOCL,Travel,Approved
n101735,2026-06-13,Kolkata,C19979,MasterCard,Utilities,Male,22996.09,Credit,IRCTC,Fuel,Declined
n101736,2026-02-28,Vizag,C54846,MasterCard,Dining,Female,17441.21,NetBanking,IOCL,Fuel,Approved
n101737,2026-04-29,Pune,C93303,MasterCard,Travel,Female,23704.9,Credit,Swiggy,Retail,Approved
n101738,2026-06-21,Mumbai,C75989,RuPay,Travel,Female,19943.21,UPI,Amazon,E-commerce,Declined
n101739,2026-03-07,Delhi,C95566,RuPay,Travel,Female,8529.63,Credit,IRCTC,E-commerce,Approved
n101740,2026-02-05,Mumbai,C30206,Amex,Travel,Female,17086.09,NetBanking,DMart,Food,Declined
n101741,2026-04-12,Mumbai,C41836,RuPay,Utilities,Male,12283.2,Credit,IRCTC,Fuel,Declined
n101742,2026-06-25,Chennai,C19538,Amex,Travel,Male,16410.86,Credit,DMart,Fuel,Declined
n101743,2026-03-05,Hyderabad,C43414,RuPay,Utilities,Male,926.68,NetBanking,IRCTC,Travel,Approved
n101744,2026-03-10,Mumbai,C53387,MasterCard,Travel,Male,990.52,NetBanking,DMart,Fuel,Approved
n101745,2026-04-12,Vizag,C72150,RuPay,Shopping,Male,21079.75,UPI,Reliance,Travel,Declined
n101746,2026-03-07,Pune,C44295,RuPay,Dining,Male,20663.71,Credit,Zomato,Utilities,Approved
n101747,2026-05-02,Mumbai,C69026,Visa,Fuel,Female,6099.0,NetBanking,DMart,Retail,Declined
n101748,2026-05-09,Delhi,C80630,Amex,Shopping,Female,24705.48,NetBanking,Reliance,Utilities,Approved
n101749,2026-03-20,Pune,C73077,MasterCard,Dining,Male,6928.6,UPI,Reliance,Travel,Declined
n101750,2026-03-01,Hyderabad,C21736,Amex,Utilities,Female,4458.24,Credit,IRCTC,Fuel,Approved
n101751,2026-06-01,Vizag,C31329,MasterCard,Groceries,Male,3858.6,Credit,HPCL,E-commerce,Declined
n101752,2026-02-10,Mumbai,C32597,Visa,Utilities,Male,4277.8,Credit,Amazon,E-commerce,Approved
n101753,2026-02-17,Mumbai,C33033,Visa,Fuel,Male,17322.46,UPI,HPCL,Food,Declined
n101754,2026-01-30,Hyderabad,C13906,Amex,Utilities,Female,3130.4,NetBanking,DMart,Travel,Approved
n101755,2026-04-06,Kolkata,C22181,RuPay,Fuel,Male,22453.75,UPI,Zomato,Utilities,Approved
n101756,2026-06-14,Bengaluru,C87284,Visa,Dining,Female,10586.39,NetBanking,Reliance,Retail,Declined
n101757,2026-03-21,Kolkata,C87162,RuPay,Utilities,Male,968.24,Credit,Amazon,Food,Declined
n101758,2026-02-16,Hyderabad,C58504,RuPay,Travel,Female,10994.62,Credit,Zomato,E-commerce,Approved
n101759,2026-04-22,Kolkata,C97614,Amex,Dining,Female,2391.49,Credit,IOCL,Travel,Declined
n101760,2026-01-23,Bengaluru,C39464,RuPay,Fuel,Female,13587.18,Credit,IOCL,Fuel,Declined
n101761,2026-06-08,Vizag,C15499,Visa,Travel,Male,10804.42,NetBanking,IRCTC,Travel,Approved
n101762,2026-04-07,Kolkata,C30880,Amex,Shopping,Female,19644.3,NetBanking,IRCTC,Fuel,Declined
n101763,2026-05-23,Bengaluru,C71928,Amex,Shopping,Male,9165.7,UPI,IOCL,Retail,Declined
n101764,2026-04-27,Bengaluru,C84625,Amex,Dining,Male,17361.02,Credit,Reliance,E-commerce,Approved
n101765,2026-02-03,Kolkata,C56990,Amex,Utilities,Male,9565.5,UPI,DMart,Fuel,Approved
n101766,2026-05-27,Pune,C28245,Visa,Dining,Female,8456.8,UPI,DMart,Food,Declined
n101767,2026-04-27,Delhi,C21824,MasterCard,Dining,Female,9688.9,Credit,DMart,E-commerce,Approved
n101768,2026-03-13,Bengaluru,C89764,Amex,Groceries,Female,6730.15,Credit,Reliance,Fuel,Declined
n101769,2026-03-27,Bengaluru,C68887,Visa,Utilities,Female,18053.05,UPI,Swiggy,Retail,Approved
n101770,2026-05-22,Pune,C99262,RuPay,Travel,Female,20852.63,Credit,Zomato,Food,Approved
n101771,2026-01-01,Chennai,C26558,RuPay,Dining,Male,17786.63,Credit,Amazon,E-commerce,Declined
n101772,2026-02-26,Pune,C63740,RuPay,Fuel,Female,4374.76,Credit,Swiggy,Food,Approved
n101773,2026-05-09,Chennai,C83399,RuPay,Utilities,Female,225.92,Credit,HPCL,Fuel,Approved
n101774,2026-02-11,Delhi,C69326,MasterCard,Fuel,Male,24842.78,Credit,IOCL,Fuel,Declined
n101775,2026-01-02,Vizag,C18639,Visa,Travel,Male,2377.52,NetBanking,Zomato,E-commerce,Approved
n101776,2026-04-29,Bengaluru,C96106,Visa,Travel,Male,10742.35,NetBanking,Amazon,Utilities,Declined
n101777,2026-02-28,Vizag,C16978,MasterCard,Groceries,Male,917.42,Credit,IOCL,Fuel,Declined
n101778,2026-06-24,Hyderabad,C10603,Amex,Travel,Male,21943.69,NetBanking,Swiggy,Fuel,Declined
n101779,2026-06-28,Delhi,C39753,MasterCard,Shopping,Female,10388.79,NetBanking,IRCTC,Food,Declined
n101780,2026-02-03,Delhi,C46572,Amex,Fuel,Female,20924.68,Credit,Reliance,Food,Approved
n101781,2026-03-21,Bengaluru,C37946,Visa,Fuel,Female,8374.02,Credit,Zomato,Fuel,Declined
n101782,2026-02-26,Chennai,C19007,Amex,Travel,Male,24273.42,NetBanking,Zomato,Food,Declined
n101783,2026-05-15,Mumbai,C54223,MasterCard,Dining,Male,10200.23,UPI,IOCL,E-commerce,Declined
n101784,2026-04-25,Mumbai,C87107,MasterCard,Utilities,Female,22285.79,NetBanking,IRCTC,Fuel,Declined
n101785,2026-02-15,Pune,C39864,Amex,Utilities,Female,10206.72,Credit,Amazon,Travel,Declined
n101786,2026-01-14,Vizag,C68239,RuPay,Utilities,Male,9897.49,UPI,Zomato,Travel,Approved
n101787,2026-04-04,Kolkata,C30900,MasterCard,Shopping,Male,18256.74,Credit,Amazon,Fuel,Declined
n101788,2026-03-25,Bengaluru,C15571,Amex,Utilities,Female,18292.43,NetBanking,DMart,Retail,Approved
n101789,2026-01-22,Bengaluru,C70646,Amex,Fuel,Male,3643.87,UPI,HPCL,Utilities,Declined
n101790,2026-01-14,Chennai,C32045,Visa,Dining,Female,22992.49,UPI,Swiggy,Utilities,Approved
n101791,2026-06-24,Chennai,C10085,Visa,Utilities,Male,4637.8,UPI,Zomato,E-commerce,Approved
n101792,2026-02-10,Kolkata,C16655,Visa,Travel,Male,8497.79,NetBanking,Reliance,Travel,Declined
n101793,2026-04-23,Pune,C14193,Amex,Travel,Male,23900.95,UPI,DMart,Food,Approved
n101794,2026-02-03,Vizag,C87982,Visa,Travel,Female,16133.44,Credit,DMart,E-commerce,Approved
n101795,2026-04-11,Delhi,C98806,MasterCard,Travel,Male,5161.26,NetBanking,DMart,E-commerce,Declined
n101796,2026-03-31,Chennai,C14119,MasterCard,Dining,Male,12711.41,NetBanking,Swiggy,E-commerce,Approved
n101797,2026-05-19,Delhi,C92163,Visa,Groceries,Female,22024.45,NetBanking,Reliance,Fuel,Declined
n101798,2026-03-30,Mumbai,C58994,RuPay,Groceries,Male,9097.52,Credit,Amazon,E-commerce,Declined
n101799,2026-05-05,Hyderabad,C94426,Visa,Dining,Female,23578.32,NetBanking,Amazon,E-commerce,Declined
n101800,2026-04-23,Vizag,C44441,Visa,Utilities,Male,24903.29,NetBanking,Swiggy,Utilities,Approved
n101801,2026-02-25,Mumbai,C84747,RuPay,Travel,Female,21561.01,Credit,Amazon,Food,Declined
n101802,2026-04-28,Kolkata,C30601,RuPay,Travel,Male,5527.36,NetBanking,Zomato,E-commerce,Approved
n101803,2026-05-07,Mumbai,C59739,RuPay,Travel,Male,22481.21,Credit,Swiggy,E-commerce,Declined
n101804,2026-05-18,Delhi,C34087,Visa,Utilities,Male,16571.14,NetBanking,Reliance,Retail,Approved
n101805,2026-03-20,Pune,C22484,Visa,Fuel,Male,14325.81,NetBanking,IOCL,Utilities,Approved
n101806,2026-04-02,Mumbai,C10736,Amex,Shopping,Female,6150.1,Credit,DMart,E-commerce,Declined
n101807,2026-04-11,Vizag,C38828,MasterCard,Shopping,Male,7111.59,NetBanking,Zomato,Food,Declined
n101808,2026-05-25,Vizag,C52372,MasterCard,Fuel,Male,14876.14,NetBanking,IOCL,Travel,Approved
n101809,2026-04-12,Hyderabad,C40270,MasterCard,Dining,Male,19953.75,NetBanking,Reliance,Food,Declined
n101810,2026-04-01,Chennai,C20189,RuPay,Dining,Female,22259.21,NetBanking,Reliance,E-commerce,Declined
n101811,2026-01-30,Bengaluru,C55121,MasterCard,Groceries,Male,4605.22,UPI,Reliance,E-commerce,Approved
n101812,2026-01-18,Pune,C78738,Visa,Shopping,Female,18097.46,NetBanking,Zomato,Fuel,Approved
n101813,2026-04-22,Bengaluru,C24688,Amex,Groceries,Female,8374.66,NetBanking,DMart,Utilities,Declined
n101814,2026-05-26,Vizag,C71662,MasterCard,Utilities,Male,9604.82,NetBanking,Amazon,Utilities,Approved
n101815,2026-03-28,Mumbai,C72750,MasterCard,Fuel,Female,15255.55,Credit,HPCL,Retail,Declined
n101816,2026-03-26,Delhi,C17001,Visa,Shopping,Male,4286.22,UPI,Reliance,E-commerce,Approved
n101817,2026-02-15,Mumbai,C90614,RuPay,Shopping,Male,15669.27,Credit,Reliance,Utilities,Approved
n101818,2026-01-16,Delhi,C21623,RuPay,Travel,Female,24686.33,NetBanking,IRCTC,Utilities,Approved
n101819,2026-05-15,Bengaluru,C18655,Amex,Travel,Male,17557.41,NetBanking,Reliance,Utilities,Approved
n101820,2026-02-02,Hyderabad,C93105,MasterCard,Fuel,Female,23433.9,NetBanking,Reliance,Retail,Approved
n101821,2026-02-03,Vizag,C75277,RuPay,Groceries,Male,6168.11,NetBanking,IRCTC,E-commerce,Approved
n101822,2026-05-09,Bengaluru,C64778,RuPay,Fuel,Female,6411.29,Credit,Amazon,Utilities,Approved
n101823,2026-03-30,Mumbai,C67667,Amex,Dining,Female,10007.3,NetBanking,DMart,Fuel,Approved
n101824,2026-02-03,Bengaluru,C99625,Visa,Utilities,Male,24767.64,Credit,IOCL,Utilities,Approved
n101825,2026-05-01,Delhi,C59560,Visa,Groceries,Male,3071.36,Credit,Swiggy,Retail,Declined
n101826,2026-01-18,Kolkata,C61364,MasterCard,Groceries,Male,20056.32,Credit,DMart,Food,Declined
n101827,2026-01-04,Hyderabad,C58089,Amex,Shopping,Female,24224.09,UPI,IOCL,Food,Approved
n101828,2026-04-09,Mumbai,C61642,MasterCard,Fuel,Female,9115.06,Credit,Swiggy,Fuel,Declined
n101829,2026-03-07,Delhi,C95986,Visa,Dining,Female,9848.75,Credit,Swiggy,Fuel,Approved
n101830,2026-02-27,Kolkata,C55061,Visa,Travel,Female,4265.14,Credit,Reliance,Retail,Declined
n101831,2026-02-04,Kolkata,C25397,Visa,Travel,Male,6467.59,UPI,Reliance,Utilities,Declined
n101832,2026-06-17,Pune,C44937,MasterCard,Fuel,Male,13391.64,UPI,DMart,Utilities,Declined
n101833,2026-02-07,Mumbai,C50781,Visa,Utilities,Female,6665.38,Credit,Zomato,Retail,Approved
n101834,2026-03-14,Vizag,C34465,RuPay,Utilities,Male,9180.3,Credit,IRCTC,Retail,Declined
n101835,2026-02-21,Hyderabad,C41573,Visa,Fuel,Female,21223.65,NetBanking,HPCL,Food,Approved
n101836,2026-04-06,Delhi,C58469,Amex,Utilities,Female,22911.83,NetBanking,Swiggy,Food,Declined
n101837,2026-04-27,Kolkata,C86916,RuPay,Utilities,Female,23680.04,UPI,IRCTC,Food,Declined
n101838,2026-05-25,Vizag,C45501,Amex,Dining,Female,24060.65,Credit,IOCL,Retail,Declined
n101839,2026-02-02,Bengaluru,C33210,RuPay,Travel,Female,650.94,NetBanking,Amazon,Fuel,Declined
n101840,2026-06-08,Delhi,C76590,Visa,Travel,Male,19034.4,NetBanking,Reliance,Travel,Declined
n101841,2026-05-28,Kolkata,C62045,RuPay,Dining,Male,2909.76,Credit,Amazon,Food,Declined
n101842,2026-02-04,Mumbai,C58226,Visa,Travel,Male,9681.67,UPI,Amazon,Utilities,Declined
n101843,2026-06-16,Mumbai,C42481,MasterCard,Dining,Male,7594.84,UPI,Swiggy,Retail,Approved
n101844,2026-04-26,Kolkata,C38837,Amex,Groceries,Male,24030.16,NetBanking,Amazon,E-commerce,Approved
n101845,2026-05-07,Pune,C31890,MasterCard,Fuel,Male,9272.17,NetBanking,HPCL,E-commerce,Declined
n101846,2026-03-23,Chennai,C37409,RuPay,Utilities,Female,18504.2,Credit,IOCL,Fuel,Declined
n101847,2026-03-08,Delhi,C99165,Amex,Fuel,Male,12480.78,NetBanking,Reliance,Utilities,Approved
n101848,2026-06-27,Kolkata,C54752,MasterCard,Groceries,Female,11623.7,Credit,IOCL,Food,Declined
n101849,2026-04-15,Mumbai,C35556,Amex,Fuel,Male,7038.57,Credit,Amazon,Utilities,Declined
n101850,2026-02-09,Vizag,C80386,Visa,Fuel,Female,8204.54,NetBanking,Amazon,E-commerce,Approved
n101851,2026-02-08,Vizag,C99445,MasterCard,Utilities,Male,1736.24,Credit,Zomato,Food,Approved
n101852,2026-01-31,Kolkata,C13469,RuPay,Groceries,Male,19254.06,Credit,IOCL,Fuel,Approved
n101853,2026-05-07,Chennai,C14598,MasterCard,Fuel,Male,9514.28,UPI,Zomato,Utilities,Approved
n101854,2026-05-13,Kolkata,C33070,Visa,Shopping,Male,14432.78,NetBanking,HPCL,Retail,Declined
n101855,2026-02-02,Pune,C90657,RuPay,Utilities,Male,22747.66,Credit,Reliance,Retail,Declined
n101856,2026-02-28,Mumbai,C78447,MasterCard,Fuel,Female,9153.41,UPI,IRCTC,Travel,Approved
n101857,2026-02-03,Mumbai,C65473,Amex,Fuel,Female,24302.62,UPI,IOCL,E-commerce,Approved
n101858,2026-05-22,Vizag,C15971,MasterCard,Dining,Female,19719.01,Credit,Reliance,Retail,Declined
n101859,2026-01-10,Bengaluru,C11855,Amex,Fuel,Male,9971.0,UPI,IRCTC,Fuel,Approved
n101860,2026-06-30,Bengaluru,C74617,Amex,Utilities,Female,13399.9,UPI,IOCL,Food,Approved
n101861,2026-03-25,Vizag,C44426,MasterCard,Groceries,Male,24493.98,Credit,Reliance,Retail,Approved
n101862,2026-05-11,Hyderabad,C93196,Visa,Shopping,Female,6418.53,Credit,Zomato,Fuel,Approved
n101863,2026-06-20,Chennai,C33414,RuPay,Dining,Male,9487.97,NetBanking,Zomato,Retail,Declined
n101864,2026-06-17,Hyderabad,C61067,MasterCard,Utilities,Female,21625.88,Credit,DMart,Utilities,Approved
n101865,2026-05-17,Hyderabad,C45593,Amex,Utilities,Female,6966.91,Credit,Amazon,Food,Declined
n101866,2026-02-28,Delhi,C25994,RuPay,Groceries,Male,22223.12,Credit,IRCTC,Food,Approved
n101867,2026-04-13,Hyderabad,C76678,RuPay,Utilities,Female,5808.04,NetBanking,HPCL,Utilities,Declined
n101868,2026-04-09,Bengaluru,C51134,RuPay,Dining,Male,9102.15,UPI,DMart,Retail,Approved
n101869,2026-04-05,Bengaluru,C66114,RuPay,Fuel,Male,14199.04,NetBanking,Zomato,Travel,Declined
n101870,2026-03-11,Hyderabad,C84655,Visa,Shopping,Female,14851.38,Credit,Zomato,Food,Declined
n101871,2026-04-02,Chennai,C17890,Amex,Fuel,Male,552.19,Credit,IOCL,Retail,Approved
n101872,2026-01-19,Vizag,C22595,MasterCard,Utilities,Male,3826.81,Credit,IRCTC,Fuel,Approved
n101873,2026-04-21,Kolkata,C70654,Amex,Dining,Male,14203.23,NetBanking,HPCL,Retail,Approved
n101874,2026-02-12,Kolkata,C74297,Amex,Groceries,Male,19967.46,Credit,Reliance,Food,Declined
n101875,2026-06-22,Hyderabad,C70343,RuPay,Utilities,Female,16253.83,UPI,Zomato,Retail,Approved
n101876,2026-06-11,Delhi,C36609,Visa,Shopping,Male,15786.14,UPI,Zomato,Travel,Approved
n101877,2026-01-08,Pune,C33814,MasterCard,Fuel,Male,1237.45,Credit,DMart,Travel,Approved
n101878,2026-03-31,Vizag,C59563,RuPay,Travel,Female,20008.57,UPI,HPCL,E-commerce,Approved
n101879,2026-01-01,Chennai,C65163,Amex,Dining,Female,7798.75,NetBanking,IOCL,Food,Declined
n101880,2026-03-18,Vizag,C87736,Amex,Travel,Male,10552.76,Credit,IOCL,Travel,Declined
n101881,2026-06-26,Hyderabad,C43676,RuPay,Fuel,Male,10226.98,UPI,Zomato,Utilities,Approved
n101882,2026-05-01,Mumbai,C14932,Amex,Travel,Female,15449.82,UPI,HPCL,E-commerce,Approved
n101883,2026-06-12,Pune,C28003,Amex,Groceries,Female,5226.63,NetBanking,Zomato,Fuel,Declined
n101884,2026-01-03,Chennai,C58235,RuPay,Fuel,Male,13272.5,UPI,IOCL,Utilities,Approved
n101885,2026-04-20,Delhi,C40771,Visa,Travel,Female,22912.51,NetBanking,Zomato,Fuel,Declined
n101886,2026-03-31,Delhi,C64256,Amex,Groceries,Female,24312.13,UPI,Swiggy,Utilities,Approved
n101887,2026-03-20,Delhi,C19567,RuPay,Shopping,Male,9948.5,NetBanking,IRCTC,Fuel,Approved
n101888,2026-06-30,Delhi,C46148,Amex,Travel,Male,14415.51,UPI,IOCL,Travel,Approved
n101889,2026-05-15,Chennai,C29150,MasterCard,Fuel,Female,12562.56,Credit,HPCL,Utilities,Approved
n101890,2026-05-28,Delhi,C23075,MasterCard,Groceries,Male,24186.72,NetBanking,HPCL,Retail,Approved
n101891,2026-06-26,Chennai,C25092,Amex,Fuel,Female,8237.9,NetBanking,Zomato,Retail,Declined
n101892,2026-06-11,Kolkata,C58567,RuPay,Dining,Male,21492.67,Credit,Amazon,Retail,Approved
n101893,2026-01-11,Delhi,C46456,Amex,Travel,Female,23229.62,Credit,IRCTC,Fuel,Approved
n101894,2026-01-08,Chennai,C56631,Visa,Groceries,Male,5180.6,UPI,Zomato,Food,Declined
n101895,2026-05-16,Kolkata,C34944,RuPay,Shopping,Female,15737.31,UPI,Amazon,Fuel,Declined
n101896,2026-01-21,Mumbai,C19015,RuPay,Utilities,Female,13858.51,Credit,Swiggy,Utilities,Declined
n101897,2026-04-12,Kolkata,C39004,Visa,Fuel,Male,23370.27,NetBanking,Zomato,E-commerce,Approved
n101898,2026-03-17,Chennai,C34968,Amex,Groceries,Male,933.79,Credit,IRCTC,Travel,Declined
n101899,2026-03-16,Chennai,C44750,Amex,Groceries,Male,566.04,Credit,HPCL,Utilities,Declined
n101900,2026-05-10,Kolkata,C80814,Visa,Fuel,Female,17797.81,Credit,Swiggy,Food,Approved
n101901,2026-02-09,Bengaluru,C94755,Amex,Dining,Female,1703.84,UPI,IRCTC,E-commerce,Declined
n101902,2026-02-23,Pune,C17660,MasterCard,Groceries,Female,23686.5,Credit,Reliance,Fuel,Declined
n101903,2026-04-19,Kolkata,C54346,MasterCard,Dining,Female,18272.83,Credit,IRCTC,Retail,Approved
n101904,2026-05-14,Chennai,C91737,MasterCard,Fuel,Male,504.42,UPI,IOCL,Fuel,Approved
n101905,2026-02-25,Mumbai,C11305,MasterCard,Fuel,Male,5011.99,UPI,HPCL,Food,Approved
n101906,2026-06-27,Bengaluru,C97861,Amex,Dining,Female,23327.09,Credit,HPCL,Food,Approved
n101907,2026-05-03,Pune,C51312,MasterCard,Utilities,Male,4421.66,NetBanking,Zomato,Retail,Approved
n101908,2026-01-21,Chennai,C40255,RuPay,Dining,Male,5951.2,Credit,Swiggy,Utilities,Approved
n101909,2026-01-12,Chennai,C80802,RuPay,Dining,Male,23669.05,NetBanking,Amazon,E-commerce,Declined
n101910,2026-02-11,Chennai,C96758,MasterCard,Travel,Male,22038.89,Credit,HPCL,Utilities,Declined
n101911,2026-03-08,Vizag,C23315,Amex,Utilities,Female,8095.76,UPI,IOCL,E-commerce,Approved
n101912,2026-03-09,Hyderabad,C60635,RuPay,Utilities,Male,13466.89,UPI,Reliance,Utilities,Declined
n101913,2026-06-11,Chennai,C54496,Visa,Groceries,Male,7984.78,Credit,Zomato,Food,Declined
n101914,2026-05-17,Delhi,C43386,MasterCard,Groceries,Female,6302.68,Credit,HPCL,Fuel,Approved
n101915,2026-02-17,Bengaluru,C27038,Visa,Fuel,Male,3068.72,UPI,Amazon,Retail,Declined
n101916,2026-06-26,Kolkata,C90503,Visa,Utilities,Male,11414.92,Credit,HPCL,Travel,Approved
n101917,2026-06-11,Mumbai,C88415,MasterCard,Travel,Male,14735.15,NetBanking,Swiggy,Utilities,Declined
n101918,2026-02-15,Pune,C24338,Amex,Fuel,Male,4470.02,UPI,IOCL,Utilities,Declined
n101919,2026-03-05,Mumbai,C83080,Amex,Groceries,Male,634.45,UPI,Reliance,Retail,Approved
n101920,2026-04-07,Chennai,C59398,RuPay,Utilities,Female,14818.45,NetBanking,IOCL,Retail,Approved
n101921,2026-01-01,Mumbai,C36523,RuPay,Travel,Female,11126.18,Credit,Swiggy,Fuel,Declined
n101922,2026-05-11,Pune,C11539,RuPay,Dining,Male,20130.54,Credit,Zomato,Fuel,Declined
n101923,2026-05-10,Pune,C19354,RuPay,Groceries,Female,12471.2,NetBanking,Reliance,Food,Declined
n101924,2026-06-12,Mumbai,C30966,RuPay,Dining,Male,6773.39,UPI,HPCL,Food,Declined
n101925,2026-02-13,Chennai,C57014,MasterCard,Fuel,Female,2105.78,UPI,Zomato,Fuel,Approved
n101926,2026-02-06,Chennai,C13640,RuPay,Shopping,Male,3857.64,UPI,DMart,E-commerce,Declined
n101927,2026-04-16,Mumbai,C15510,MasterCard,Shopping,Female,7963.54,NetBanking,IOCL,Retail,Declined
n101928,2026-03-04,Vizag,C97605,MasterCard,Utilities,Female,4391.78,NetBanking,Swiggy,Utilities,Approved
n101929,2026-01-11,Kolkata,C59411,Visa,Travel,Female,15625.21,Credit,Zomato,E-commerce,Approved
n101930,2026-02-22,Bengaluru,C39233,Visa,Fuel,Female,14390.03,Credit,Reliance,E-commerce,Approved
n101931,2026-02-15,Chennai,C22368,MasterCard,Fuel,Female,18754.66,NetBanking,DMart,Utilities,Declined
n101932,2026-05-18,Chennai,C67074,Amex,Shopping,Female,24786.71,UPI,Amazon,E-commerce,Approved
n101933,2026-05-16,Pune,C44359,Visa,Dining,Female,24721.66,Credit,Amazon,E-commerce,Declined
n101934,2026-02-15,Vizag,C67965,Amex,Groceries,Female,13067.45,NetBanking,IOCL,Utilities,Declined
n101935,2026-03-14,Kolkata,C50736,Visa,Shopping,Female,18133.09,Credit,Swiggy,Utilities,Approved
n101936,2026-01-29,Chennai,C67162,MasterCard,Groceries,Male,4913.37,Credit,Swiggy,Utilities,Approved
n101937,2026-01-12,Delhi,C31377,RuPay,Shopping,Male,19916.36,Credit,Swiggy,Utilities,Declined
n101938,2026-05-11,Bengaluru,C21802,Amex,Shopping,Female,3920.26,UPI,Swiggy,Fuel,Approved
n101939,2026-06-16,Chennai,C77330,MasterCard,Fuel,Male,1519.63,UPI,IOCL,Food,Approved
n101940,2026-06-26,Chennai,C10279,Visa,Fuel,Female,23412.53,NetBanking,Reliance,Fuel,Declined
n101941,2026-02-19,Kolkata,C34713,Visa,Fuel,Female,15832.03,UPI,Reliance,Travel,Approved
n101942,2026-05-16,Mumbai,C82067,Visa,Travel,Male,23130.13,NetBanking,Reliance,Utilities,Approved
n101943,2026-01-16,Vizag,C62180,Amex,Groceries,Female,18931.53,Credit,IRCTC,Retail,Approved
n101944,2026-05-09,Kolkata,C98234,MasterCard,Groceries,Female,10246.98,NetBanking,DMart,Fuel,Declined
n101945,2026-06-12,Bengaluru,C92720,Amex,Groceries,Female,11426.41,Credit,IOCL,Fuel,Declined
n101946,2026-01-28,Hyderabad,C19749,MasterCard,Groceries,Male,5108.01,Credit,Reliance,E-commerce,Approved
n101947,2026-03-31,Chennai,C70435,Visa,Shopping,Female,8201.63,NetBanking,Amazon,Food,Declined
n101948,2026-05-07,Kolkata,C22448,Visa,Dining,Female,20655.49,Credit,Amazon,Utilities,Approved
n101949,2026-06-17,Delhi,C42422,Visa,Shopping,Male,11730.51,UPI,IOCL,E-commerce,Declined
n101950,2026-05-09,Bengaluru,C56182,Amex,Shopping,Male,13571.34,UPI,Zomato,Utilities,Declined
n101951,2026-02-15,Hyderabad,C29749,Amex,Dining,Female,17428.69,UPI,IOCL,Retail,Declined
n101952,2026-05-28,Bengaluru,C28135,RuPay,Dining,Male,7770.39,NetBanking,Reliance,Travel,Declined
n101953,2026-02-27,Delhi,C97970,Amex,Utilities,Male,19123.51,NetBanking,Swiggy,Retail,Approved
n101954,2026-04-24,Delhi,C92234,Amex,Groceries,Female,10633.98,UPI,DMart,Food,Declined
n101955,2026-05-05,Hyderabad,C83719,Visa,Shopping,Female,7744.14,NetBanking,HPCL,Travel,Declined
n101956,2026-06-25,Delhi,C63166,RuPay,Fuel,Male,20087.92,NetBanking,Swiggy,E-commerce,Declined
n101957,2026-04-29,Mumbai,C47876,Amex,Shopping,Female,5235.82,NetBanking,DMart,Food,Declined
n101958,2026-05-30,Hyderabad,C44763,RuPay,Travel,Male,19829.15,Credit,IOCL,E-commerce,Declined
n101959,2026-02-13,Bengaluru,C14115,MasterCard,Dining,Male,24033.37,Credit,IOCL,Food,Declined
n101960,2026-05-22,Hyderabad,C12369,MasterCard,Travel,Female,9028.37,Credit,IRCTC,E-commerce,Approved
n101961,2026-06-20,Hyderabad,C53238,Amex,Travel,Male,15509.47,NetBanking,HPCL,Travel,Approved
n101962,2026-05-22,Pune,C64525,MasterCard,Fuel,Male,23143.81,UPI,Zomato,E-commerce,Approved
n101963,2026-01-01,Mumbai,C16019,RuPay,Utilities,Female,19018.33,UPI,DMart,Fuel,Declined
n101964,2026-06-15,Mumbai,C12265,RuPay,Dining,Female,2517.58,UPI,IRCTC,Food,Declined
n101965,2026-04-21,Vizag,C84643,Visa,Shopping,Female,22858.12,Credit,DMart,Fuel,Declined
n101966,2026-02-11,Kolkata,C94245,Visa,Fuel,Male,15812.48,Credit,IOCL,Travel,Approved
n101967,2026-01-13,Mumbai,C45570,RuPay,Travel,Female,3375.01,NetBanking,Amazon,Food,Declined
n101968,2026-03-12,Pune,C65304,Amex,Travel,Male,7592.0,Credit,IOCL,Retail,Approved
n101969,2026-01-30,Pune,C55114,Amex,Dining,Male,7954.12,UPI,Reliance,Retail,Approved
n101970,2026-02-01,Hyderabad,C53487,MasterCard,Groceries,Female,11045.46,Credit,Swiggy,Food,Declined
n101971,2026-05-03,Kolkata,C49790,RuPay,Utilities,Female,9371.9,Credit,IOCL,Travel,Approved
n101972,2026-01-25,Mumbai,C80041,MasterCard,Travel,Male,12278.56,Credit,Reliance,Travel,Declined
n101973,2026-03-31,Mumbai,C23320,MasterCard,Utilities,Male,182.78,Credit,IOCL,Retail,Approved
n101974,2026-01-24,Bengaluru,C71905,MasterCard,Utilities,Male,15869.35,UPI,HPCL,Retail,Declined
n101975,2026-03-11,Mumbai,C90935,RuPay,Shopping,Female,17837.9,UPI,Zomato,Retail,Approved
n101976,2026-05-30,Delhi,C32323,RuPay,Groceries,Female,2624.94,Credit,Zomato,Food,Declined
n101977,2026-06-07,Bengaluru,C68802,Visa,Fuel,Female,22914.3,NetBanking,Amazon,Travel,Declined
n101978,2026-06-03,Bengaluru,C43859,Amex,Dining,Female,6804.2,Credit,Zomato,Utilities,Approved
n101979,2026-04-02,Chennai,C49002,Amex,Shopping,Female,2892.16,UPI,DMart,Travel,Declined
n101980,2026-06-29,Vizag,C36140,RuPay,Travel,Male,1012.51,Credit,HPCL,Fuel,Approved
n101981,2026-02-26,Mumbai,C26359,MasterCard,Dining,Male,21858.79,Credit,IRCTC,Retail,Approved
n101982,2026-04-20,Hyderabad,C77237,Amex,Shopping,Male,20320.92,NetBanking,DMart,Travel,Approved
n101983,2026-05-03,Vizag,C35729,Visa,Travel,Female,4680.47,NetBanking,DMart,Travel,Approved
n101984,2026-02-01,Vizag,C50072,Amex,Travel,Male,23171.9,NetBanking,IRCTC,Food,Approved
n101985,2026-01-26,Bengaluru,C56693,Amex,Utilities,Female,4780.99,UPI,IOCL,Food,Approved
n101986,2026-05-03,Vizag,C59663,MasterCard,Shopping,Female,14762.37,Credit,Swiggy,Retail,Approved
n101987,2026-04-12,Chennai,C87025,RuPay,Dining,Female,6623.63,UPI,Amazon,Fuel,Approved
n101988,2026-06-26,Hyderabad,C24701,Visa,Shopping,Female,12044.29,NetBanking,Amazon,Fuel,Approved
n101989,2026-06-25,Pune,C31459,Visa,Utilities,Male,13553.53,UPI,Swiggy,Travel,Approved
n101990,2026-06-16,Delhi,C61100,RuPay,Utilities,Female,15519.4,NetBanking,HPCL,Fuel,Declined
n101991,2026-04-23,Chennai,C83536,RuPay,Dining,Female,15914.23,NetBanking,Zomato,Fuel,Approved
n101992,2026-05-13,Bengaluru,C87638,Visa,Groceries,Male,1879.28,NetBanking,HPCL,Utilities,Approved
n101993,2026-02-05,Delhi,C79313,MasterCard,Utilities,Female,22477.97,UPI,Amazon,Travel,Declined
n101994,2026-03-09,Pune,C22960,RuPay,Groceries,Female,12458.86,Credit,IOCL,Fuel,Approved
n101995,2026-01-22,Chennai,C38526,Visa,Groceries,Female,18824.44,NetBanking,DMart,E-commerce,Approved
n101996,2026-06-06,Vizag,C80617,Visa,Travel,Female,14453.3,Credit,Reliance,E-commerce,Declined
n101997,2026-04-30,Hyderabad,C58549,RuPay,Groceries,Female,23122.83,NetBanking,IRCTC,Retail,Declined
n101998,2026-01-23,Pune,C76137,Visa,Utilities,Female,24033.5,Credit,Zomato,Retail,Approved
n101999,2026-06-22,Kolkata,C12618,Visa,Fuel,Male,19702.89,Credit,Amazon,Retail,Approved
n102000,2026-05-27,Vizag,C50288,MasterCard,Utilities,Female,8804.09,Credit,IOCL,E-commerce,Approved
n102001,2026-06-26,Pune,C80125,Visa,Shopping,Male,1163.64,UPI,Amazon,Retail,Declined
n102002,2026-02-24,Vizag,C37077,Amex,Fuel,Female,23323.39,NetBanking,HPCL,Retail,Declined
n102003,2026-04-13,Chennai,C67654,Visa,Groceries,Female,12790.46,NetBanking,IOCL,Fuel,Approved
n102004,2026-02-23,Pune,C41718,Visa,Utilities,Male,15703.12,NetBanking,Zomato,Food,Approved
n102005,2026-04-04,Delhi,C69029,MasterCard,Fuel,Female,21533.28,UPI,IRCTC,Fuel,Declined
n102006,2026-05-26,Chennai,C56801,RuPay,Fuel,Male,9557.79,Credit,IOCL,Utilities,Approved
n102007,2026-06-18,Chennai,C76592,MasterCard,Dining,Female,4624.6,Credit,Reliance,Fuel,Declined
n102008,2026-06-16,Kolkata,C63721,Visa,Travel,Male,7445.13,NetBanking,DMart,Food,Declined
n102009,2026-03-07,Bengaluru,C99516,Amex,Fuel,Male,22343.2,NetBanking,HPCL,Travel,Approved
n102010,2026-03-27,Delhi,C63686,RuPay,Fuel,Female,24087.03,Credit,IRCTC,Utilities,Approved
n102011,2026-02-04,Vizag,C38048,Visa,Travel,Male,12216.5,Credit,IOCL,Retail,Approved
n102012,2026-03-09,Delhi,C98661,RuPay,Dining,Male,13268.83,NetBanking,IRCTC,Fuel,Declined
n102013,2026-02-24,Hyderabad,C85411,Amex,Shopping,Male,10517.89,UPI,Swiggy,Utilities,Approved
n102014,2026-05-26,Chennai,C32692,RuPay,Shopping,Female,19154.99,UPI,Zomato,E-commerce,Approved
n102015,2026-03-26,Vizag,C27797,Amex,Fuel,Female,6720.46,Credit,Amazon,Utilities,Declined
n102016,2026-05-22,Bengaluru,C23848,Amex,Travel,Male,5157.07,Credit,DMart,Fuel,Declined
n102017,2026-02-22,Vizag,C68089,RuPay,Shopping,Male,18334.22,Credit,IOCL,Travel,Declined
n102018,2026-04-26,Hyderabad,C42908,Visa,Groceries,Male,15165.57,NetBanking,DMart,Travel,Approved
n102019,2026-05-12,Kolkata,C13039,MasterCard,Shopping,Male,9957.86,UPI,Swiggy,Retail,Approved
n102020,2026-03-09,Bengaluru,C95879,MasterCard,Groceries,Male,15319.21,NetBanking,Zomato,Food,Declined
n102021,2026-02-04,Hyderabad,C45196,RuPay,Fuel,Male,1509.27,NetBanking,HPCL,Utilities,Declined
n102022,2026-01-26,Mumbai,C30913,RuPay,Travel,Male,21020.7,NetBanking,DMart,E-commerce,Declined
n102023,2026-06-07,Delhi,C22948,MasterCard,Groceries,Female,13645.25,UPI,Amazon,Fuel,Declined
n102024,2026-02-08,Kolkata,C43522,Amex,Groceries,Male,4518.66,Credit,HPCL,Travel,Approved
n102025,2026-02-17,Delhi,C11833,RuPay,Utilities,Male,4392.54,Credit,DMart,Fuel,Approved
n102026,2026-01-10,Mumbai,C50039,Amex,Shopping,Female,2570.5,UPI,IRCTC,E-commerce,Declined
n102027,2026-01-04,Chennai,C81585,Amex,Dining,Male,1496.65,Credit,Amazon,E-commerce,Declined
n102028,2026-03-02,Kolkata,C64277,MasterCard,Fuel,Female,4995.19,NetBanking,Amazon,E-commerce,Declined
n102029,2026-04-30,Vizag,C89287,RuPay,Fuel,Male,2484.91,Credit,Reliance,Travel,Approved
n102030,2026-01-07,Vizag,C38336,Amex,Fuel,Male,18840.62,Credit,HPCL,Retail,Approved
n102031,2026-01-24,Bengaluru,C36764,Amex,Shopping,Male,18606.79,UPI,DMart,Utilities,Declined
n102032,2026-05-07,Chennai,C34331,Visa,Fuel,Female,7973.71,NetBanking,Swiggy,Utilities,Declined
n102033,2026-01-29,Vizag,C24543,MasterCard,Shopping,Male,11901.63,Credit,HPCL,Travel,Declined
n102034,2026-03-04,Kolkata,C17050,MasterCard,Groceries,Female,7399.08,Credit,Reliance,Travel,Approved
n102035,2026-01-24,Kolkata,C12018,MasterCard,Travel,Male,5445.38,NetBanking,Swiggy,E-commerce,Approved
n102036,2026-06-20,Hyderabad,C86459,RuPay,Travel,Female,19966.12,UPI,Reliance,Food,Approved
n102037,2026-02-23,Chennai,C65137,RuPay,Travel,Male,5693.77,Credit,HPCL,Food,Approved
n102038,2026-06-16,Vizag,C88994,RuPay,Utilities,Male,24265.73,NetBanking,Reliance,Travel,Declined
n102039,2026-06-27,Pune,C86591,RuPay,Fuel,Female,1022.68,Credit,DMart,Fuel,Approved
n102040,2026-03-23,Bengaluru,C32377,Amex,Shopping,Female,24834.86,NetBanking,Swiggy,Utilities,Declined
n102041,2026-03-07,Vizag,C82876,Amex,Shopping,Female,3259.85,UPI,IOCL,E-commerce,Approved
n102042,2026-05-09,Delhi,C50889,Amex,Travel,Male,12828.18,Credit,HPCL,Utilities,Approved
n102043,2026-05-25,Bengaluru,C84958,Visa,Dining,Female,15530.81,NetBanking,Reliance,E-commerce,Declined
n102044,2026-03-18,Hyderabad,C16599,Amex,Shopping,Male,9886.65,NetBanking,Reliance,Retail,Declined
n102045,2026-02-28,Delhi,C80822,RuPay,Shopping,Female,6833.43,Credit,Reliance,E-commerce,Approved
n102046,2026-05-27,Kolkata,C51754,RuPay,Dining,Male,3786.05,Credit,Reliance,E-commerce,Approved
n102047,2026-02-21,Vizag,C99957,MasterCard,Fuel,Female,22576.29,Credit,IRCTC,Retail,Approved
n102048,2026-01-16,Hyderabad,C12382,Amex,Groceries,Female,18620.04,UPI,HPCL,Retail,Approved
n102049,2026-06-06,Hyderabad,C10440,Visa,Fuel,Female,3065.86,Credit,Amazon,Fuel,Approved
n102050,2026-04-09,Chennai,C40814,MasterCard,Utilities,Female,5118.38,UPI,HPCL,Utilities,Approved
n102051,2026-04-10,Hyderabad,C81011,RuPay,Travel,Male,23575.79,NetBanking,IOCL,Food,Declined
n102052,2026-04-10,Mumbai,C15325,Visa,Fuel,Female,17138.99,Credit,IOCL,E-commerce,Approved
n102053,2026-03-04,Vizag,C20811,Visa,Shopping,Male,8026.69,NetBanking,Zomato,Utilities,Declined
n102054,2026-03-26,Chennai,C85147,RuPay,Groceries,Male,4808.9,UPI,Amazon,E-commerce,Declined
n102055,2026-02-22,Pune,C41348,RuPay,Dining,Female,846.29,UPI,IOCL,Fuel,Declined
n102056,2026-03-14,Delhi,C63008,Amex,Dining,Male,17931.24,Credit,Amazon,Fuel,Approved
n102057,2026-03-10,Hyderabad,C28255,Visa,Utilities,Male,23024.2,NetBanking,IRCTC,Fuel,Declined
n102058,2026-06-02,Delhi,C10147,MasterCard,Dining,Male,938.65,UPI,DMart,Food,Declined
n102059,2026-06-26,Pune,C27818,Amex,Groceries,Female,15965.62,Credit,IOCL,Travel,Approved
n102060,2026-02-26,Pune,C69563,Visa,Fuel,Female,2271.03,NetBanking,DMart,Fuel,Approved
n102061,2026-05-22,Pune,C24048,Visa,Utilities,Female,23462.88,NetBanking,Reliance,Utilities,Declined
n102062,2026-03-30,Hyderabad,C47599,Amex,Fuel,Male,1614.72,NetBanking,Reliance,Retail,Approved
n102063,2026-03-09,Kolkata,C63529,Visa,Fuel,Male,3281.89,Credit,Reliance,Food,Approved
n102064,2026-01-08,Bengaluru,C33039,MasterCard,Groceries,Female,1809.23,Credit,Reliance,E-commerce,Declined
n102065,2026-05-17,Pune,C11511,Amex,Utilities,Female,10937.13,UPI,IRCTC,Utilities,Declined
n102066,2026-03-21,Kolkata,C16029,RuPay,Utilities,Male,22356.46,UPI,IOCL,Retail,Declined
n102067,2026-04-09,Hyderabad,C24034,Visa,Travel,Male,270.41,UPI,IRCTC,Utilities,Declined
n102068,2026-05-06,Chennai,C44009,MasterCard,Travel,Female,2168.55,UPI,Reliance,Retail,Declined
n102069,2026-01-26,Chennai,C70142,MasterCard,Dining,Female,24672.95,NetBanking,IOCL,Food,Declined
n102070,2026-03-31,Kolkata,C30007,MasterCard,Travel,Male,23914.18,NetBanking,HPCL,Food,Declined
n102071,2026-05-11,Delhi,C91729,RuPay,Dining,Female,20763.75,NetBanking,Reliance,Fuel,Approved
n102072,2026-06-13,Mumbai,C57396,Visa,Fuel,Female,24376.68,Credit,Swiggy,Fuel,Declined
n102073,2026-03-19,Chennai,C26456,MasterCard,Travel,Female,20311.21,UPI,Amazon,Travel,Declined
n102074,2026-04-07,Chennai,C24478,MasterCard,Fuel,Female,19786.68,UPI,Swiggy,Fuel,Declined
n102075,2026-02-11,Pune,C43656,MasterCard,Fuel,Female,16532.13,UPI,Swiggy,Utilities,Approved
n102076,2026-02-01,Bengaluru,C97894,Amex,Groceries,Male,13326.79,UPI,IRCTC,E-commerce,Declined
n102077,2026-03-01,Delhi,C39536,RuPay,Utilities,Female,12561.03,NetBanking,Reliance,Utilities,Approved
n102078,2026-05-16,Delhi,C86898,Amex,Shopping,Male,24827.5,UPI,Swiggy,E-commerce,Declined
n102079,2026-01-26,Bengaluru,C15733,MasterCard,Fuel,Male,20397.92,UPI,Swiggy,Retail,Declined
n102080,2026-01-22,Chennai,C42392,Visa,Fuel,Female,1368.85,NetBanking,IOCL,E-commerce,Approved
n102081,2026-05-08,Chennai,C23170,Amex,Fuel,Male,5145.63,Credit,IRCTC,E-commerce,Declined
n102082,2026-05-21,Hyderabad,C20509,Visa,Travel,Male,23465.12,Credit,Swiggy,Food,Approved
n102083,2026-03-03,Bengaluru,C75061,Visa,Shopping,Female,19072.0,NetBanking,IOCL,E-commerce,Approved
n102084,2026-06-11,Kolkata,C30393,RuPay,Utilities,Male,18071.79,UPI,DMart,Fuel,Declined
n102085,2026-06-12,Vizag,C78666,RuPay,Travel,Male,15754.29,Credit,IRCTC,Food,Declined
n102086,2026-02-27,Pune,C79482,MasterCard,Utilities,Male,663.58,Credit,HPCL,Fuel,Approved
n102087,2026-05-01,Chennai,C71339,Visa,Utilities,Male,11751.91,UPI,DMart,Food,Approved
n102088,2026-05-22,Bengaluru,C90683,Amex,Groceries,Male,22354.56,NetBanking,IOCL,Travel,Declined
n102089,2026-05-06,Bengaluru,C80185,MasterCard,Dining,Female,20953.78,Credit,HPCL,Food,Approved
n102090,2026-01-02,Chennai,C47590,Visa,Utilities,Female,19631.02,UPI,Amazon,E-commerce,Approved
n102091,2026-06-16,Delhi,C97704,RuPay,Groceries,Male,5410.85,UPI,Reliance,Retail,Approved
n102092,2026-04-11,Hyderabad,C60390,Amex,Shopping,Female,21188.21,UPI,IOCL,Utilities,Declined
n102093,2026-01-06,Kolkata,C67997,RuPay,Fuel,Female,15531.62,Credit,IRCTC,Fuel,Declined
n102094,2026-06-28,Chennai,C21723,RuPay,Fuel,Male,20984.37,UPI,Reliance,Food,Approved
n102095,2026-01-02,Vizag,C11264,MasterCard,Groceries,Female,1255.87,NetBanking,Swiggy,Retail,Declined
n102096,2026-02-24,Bengaluru,C91265,MasterCard,Shopping,Male,7285.1,UPI,DMart,Retail,Approved
n102097,2026-01-03,Delhi,C24042,Amex,Shopping,Male,20369.78,UPI,IRCTC,E-commerce,Approved
n102098,2026-01-26,Pune,C19341,Amex,Dining,Female,19114.9,NetBanking,IOCL,Utilities,Declined
n102099,2026-04-14,Mumbai,C40289,RuPay,Groceries,Female,13793.77,Credit,Amazon,Travel,Approved
n102100,2026-01-31,Delhi,C75361,Amex,Travel,Male,12315.54,NetBanking,IOCL,E-commerce,Declined
n102101,2026-05-01,Mumbai,C82326,RuPay,Travel,Male,3506.71,Credit,HPCL,Food,Declined
n102102,2026-01-26,Chennai,C40698,RuPay,Shopping,Female,12716.57,UPI,Zomato,Travel,Approved
n102103,2026-04-07,Hyderabad,C98007,Amex,Groceries,Male,18385.36,Credit,Reliance,Travel,Declined
n102104,2026-04-22,Pune,C46724,Amex,Dining,Female,3619.53,UPI,DMart,Food,Approved
n102105,2026-01-07,Vizag,C36682,Visa,Shopping,Female,3150.33,UPI,Swiggy,Utilities,Declined
n102106,2026-05-17,Mumbai,C73065,Visa,Groceries,Male,12218.23,UPI,IRCTC,Fuel,Approved
n102107,2026-02-17,Vizag,C48863,Visa,Travel,Female,17671.38,NetBanking,Reliance,Food,Approved
n102108,2026-02-11,Chennai,C53559,RuPay,Dining,Female,24533.5,UPI,Reliance,Fuel,Declined
n102109,2026-01-12,Vizag,C64607,Amex,Travel,Male,356.11,NetBanking,IOCL,Utilities,Approved
n102110,2026-02-06,Vizag,C18860,MasterCard,Travel,Male,18193.07,UPI,HPCL,Food,Approved
n102111,2026-04-02,Chennai,C38559,Amex,Utilities,Female,15223.8,UPI,Amazon,Travel,Declined
n102112,2026-06-01,Mumbai,C33116,Visa,Utilities,Female,19526.29,Credit,Swiggy,E-commerce,Declined
n102113,2026-01-07,Chennai,C72162,MasterCard,Shopping,Female,18580.87,UPI,HPCL,Food,Declined
n102114,2026-01-03,Pune,C35146,RuPay,Dining,Female,1538.55,UPI,HPCL,Food,Declined
n102115,2026-03-30,Delhi,C30812,Amex,Fuel,Male,6106.88,NetBanking,Swiggy,Retail,Approved
n102116,2026-05-03,Mumbai,C62748,MasterCard,Dining,Male,4588.53,NetBanking,Reliance,Retail,Approved
n102117,2026-05-04,Bengaluru,C23948,Visa,Dining,Female,16316.1,UPI,IOCL,Fuel,Approved
n102118,2026-05-06,Bengaluru,C65434,MasterCard,Fuel,Female,4024.6,NetBanking,Zomato,E-commerce,Declined
n102119,2026-03-10,Kolkata,C85644,MasterCard,Fuel,Female,4475.46,Credit,IOCL,Fuel,Approved
n102120,2026-02-23,Chennai,C34534,Visa,Groceries,Female,24873.05,NetBanking,Amazon,E-commerce,Declined
n102121,2026-02-17,Kolkata,C45210,Amex,Fuel,Male,10615.34,Credit,DMart,Food,Declined
n102122,2026-01-05,Mumbai,C20536,Amex,Groceries,Female,22188.64,Credit,Zomato,Utilities,Approved
n102123,2026-01-09,Delhi,C86454,MasterCard,Groceries,Male,10390.39,UPI,Reliance,Travel,Declined
n102124,2026-04-07,Mumbai,C24828,Amex,Groceries,Female,19584.74,UPI,IRCTC,Fuel,Approved
n102125,2026-05-19,Mumbai,C83770,Visa,Utilities,Female,18930.18,UPI,Swiggy,E-commerce,Approved
n102126,2026-03-31,Pune,C24250,MasterCard,Utilities,Male,3267.79,NetBanking,Reliance,Food,Approved
n102127,2026-05-19,Bengaluru,C30980,Visa,Dining,Male,8766.74,Credit,Swiggy,Fuel,Declined
n102128,2026-01-16,Chennai,C66419,Amex,Dining,Female,16182.45,Credit,HPCL,Retail,Declined
n102129,2026-04-02,Mumbai,C87085,Amex,Travel,Female,682.53,NetBanking,Amazon,Fuel,Declined
n102130,2026-03-19,Hyderabad,C64879,Amex,Travel,Female,21177.54,Credit,Reliance,E-commerce,Approved
n102131,2026-06-20,Bengaluru,C84061,MasterCard,Shopping,Male,4231.01,Credit,Zomato,Travel,Approved
n102132,2026-06-08,Hyderabad,C46633,RuPay,Shopping,Male,14661.06,Credit,Reliance,Travel,Approved
n102133,2026-03-05,Mumbai,C32716,Visa,Groceries,Male,9002.27,Credit,Reliance,Travel,Declined
n102134,2026-03-30,Hyderabad,C24879,MasterCard,Travel,Female,8281.16,NetBanking,Amazon,Retail,Declined
n102135,2026-05-29,Delhi,C37282,MasterCard,Groceries,Male,21891.16,UPI,IRCTC,Food,Approved
n102136,2026-06-01,Kolkata,C27335,Visa,Shopping,Male,8735.81,NetBanking,IRCTC,E-commerce,Approved
n102137,2026-03-10,Delhi,C21857,MasterCard,Shopping,Male,11163.84,UPI,IOCL,Travel,Approved
n102138,2026-01-15,Bengaluru,C28696,MasterCard,Dining,Female,5032.39,UPI,HPCL,Travel,Declined
n102139,2026-03-13,Chennai,C18593,Visa,Dining,Male,14922.91,UPI,DMart,Fuel,Approved
n102140,2026-04-25,Pune,C91544,Visa,Shopping,Male,4602.21,UPI,DMart,Utilities,Approved
n102141,2026-01-26,Vizag,C58808,MasterCard,Utilities,Female,3289.91,UPI,Swiggy,Food,Declined
n102142,2026-02-08,Kolkata,C43013,Amex,Fuel,Male,17560.37,NetBanking,IOCL,E-commerce,Declined
n102143,2026-02-28,Hyderabad,C10591,MasterCard,Utilities,Female,7953.59,Credit,Swiggy,E-commerce,Approved
n102144,2026-02-12,Bengaluru,C18230,RuPay,Utilities,Male,21515.49,UPI,Amazon,Travel,Approved
n102145,2026-03-11,Mumbai,C28294,Visa,Shopping,Male,7557.87,NetBanking,Amazon,Fuel,Declined
n102146,2026-05-05,Vizag,C93586,MasterCard,Travel,Female,15176.07,Credit,Zomato,Utilities,Declined
n102147,2026-02-03,Chennai,C22245,MasterCard,Utilities,Female,15744.24,NetBanking,Zomato,Utilities,Approved
n102148,2026-06-01,Chennai,C10973,RuPay,Shopping,Female,12366.69,UPI,HPCL,Utilities,Declined
n102149,2026-05-28,Mumbai,C37390,MasterCard,Groceries,Female,8921.82,UPI,Amazon,Retail,Declined
n102150,2026-04-30,Delhi,C66792,RuPay,Fuel,Female,15949.84,UPI,IRCTC,Utilities,Approved
n102151,2026-03-24,Kolkata,C72629,MasterCard,Dining,Male,547.94,NetBanking,Swiggy,Food,Declined
n102152,2026-02-02,Chennai,C57502,RuPay,Groceries,Female,18454.13,Credit,IOCL,Retail,Approved
n102153,2026-02-14,Chennai,C55922,Visa,Fuel,Male,8881.45,NetBanking,IOCL,Retail,Declined
n102154,2026-04-25,Chennai,C82413,Amex,Groceries,Female,22032.22,NetBanking,Amazon,E-commerce,Approved
n102155,2026-02-11,Mumbai,C45851,Visa,Travel,Male,14891.14,Credit,IOCL,Food,Approved
n102156,2026-06-27,Vizag,C15211,MasterCard,Dining,Female,106.14,UPI,Amazon,Fuel,Declined
n102157,2026-04-21,Mumbai,C34262,Visa,Dining,Female,16210.7,Credit,IRCTC,Fuel,Approved
n102158,2026-01-13,Bengaluru,C85356,MasterCard,Groceries,Female,19099.09,NetBanking,Reliance,Retail,Approved
n102159,2026-03-18,Vizag,C22274,Visa,Shopping,Male,9619.81,Credit,Amazon,Food,Approved
n102160,2026-05-16,Chennai,C70477,Amex,Utilities,Male,8077.23,UPI,IOCL,E-commerce,Declined
n102161,2026-01-15,Vizag,C67137,MasterCard,Dining,Female,5537.88,NetBanking,Zomato,E-commerce,Approved
n102162,2026-05-27,Pune,C39919,Amex,Groceries,Male,6857.28,Credit,HPCL,Food,Approved
n102163,2026-02-27,Bengaluru,C36946,MasterCard,Dining,Male,409.53,NetBanking,Swiggy,Travel,Approved
n102164,2026-04-22,Delhi,C27985,MasterCard,Utilities,Male,9788.33,UPI,Swiggy,E-commerce,Approved
n102165,2026-04-28,Chennai,C70807,Amex,Utilities,Female,13131.64,UPI,IOCL,E-commerce,Declined
n102166,2026-06-27,Mumbai,C42900,RuPay,Groceries,Male,20487.86,UPI,DMart,Food,Declined
n102167,2026-03-29,Bengaluru,C77056,Amex,Fuel,Male,20913.75,UPI,IRCTC,Retail,Declined
n102168,2026-06-28,Chennai,C15397,MasterCard,Travel,Male,11187.88,UPI,Swiggy,E-commerce,Declined
n102169,2026-02-13,Mumbai,C45214,RuPay,Dining,Female,19923.65,NetBanking,IOCL,Fuel,Declined
n102170,2026-04-25,Hyderabad,C31693,RuPay,Travel,Female,18659.4,UPI,Reliance,Food,Approved
n102171,2026-03-13,Vizag,C32669,MasterCard,Shopping,Female,18375.16,UPI,DMart,Utilities,Approved
n102172,2026-01-01,Pune,C39771,RuPay,Utilities,Female,12094.55,UPI,Reliance,E-commerce,Declined
n102173,2026-03-13,Mumbai,C52111,Visa,Fuel,Male,11976.19,Credit,Swiggy,Utilities,Declined
n102174,2026-01-13,Delhi,C74058,Amex,Utilities,Male,7410.64,UPI,Swiggy,Travel,Approved
n102175,2026-04-28,Hyderabad,C61928,Amex,Fuel,Female,21096.71,UPI,IOCL,Travel,Declined
n102176,2026-04-30,Chennai,C99055,Amex,Groceries,Female,13880.97,Credit,Zomato,Utilities,Declined
n102177,2026-06-27,Bengaluru,C78087,RuPay,Shopping,Male,23465.72,Credit,HPCL,Food,Approved
n102178,2026-05-28,Bengaluru,C11453,RuPay,Travel,Male,17467.86,NetBanking,IOCL,E-commerce,Declined
n102179,2026-03-02,Pune,C63988,Amex,Fuel,Female,22495.69,Credit,IRCTC,Food,Declined
n102180,2026-04-19,Mumbai,C37692,Visa,Dining,Female,16150.84,NetBanking,IRCTC,E-commerce,Declined
n102181,2026-05-01,Bengaluru,C81826,MasterCard,Groceries,Male,10573.68,UPI,Swiggy,E-commerce,Approved
n102182,2026-05-12,Vizag,C76595,Amex,Travel,Male,12609.3,UPI,Amazon,Food,Declined
n102183,2026-02-22,Kolkata,C36784,RuPay,Utilities,Male,17439.75,NetBanking,HPCL,Food,Approved
n102184,2026-03-22,Pune,C12871,RuPay,Shopping,Male,3561.07,Credit,HPCL,E-commerce,Declined
n102185,2026-06-15,Kolkata,C20190,Amex,Utilities,Female,840.51,UPI,IRCTC,Retail,Approved
n102186,2026-01-18,Kolkata,C31346,Visa,Dining,Male,23593.28,NetBanking,Reliance,Fuel,Approved
n102187,2026-06-22,Chennai,C74295,Visa,Shopping,Male,10525.12,UPI,IRCTC,Retail,Declined
n102188,2026-01-24,Vizag,C10796,Amex,Travel,Female,4373.23,NetBanking,Swiggy,Retail,Approved
n102189,2026-02-22,Mumbai,C21416,MasterCard,Travel,Female,17208.49,NetBanking,Amazon,E-commerce,Declined
n102190,2026-04-02,Kolkata,C68935,Visa,Dining,Male,1681.38,UPI,HPCL,Retail,Approved
n102191,2026-04-05,Delhi,C89594,MasterCard,Travel,Male,14079.14,NetBanking,Swiggy,Utilities,Approved
n102192,2026-01-14,Chennai,C98905,Visa,Dining,Male,10415.7,NetBanking,Amazon,Food,Declined
n102193,2026-06-14,Delhi,C96943,MasterCard,Utilities,Male,8659.12,NetBanking,Amazon,E-commerce,Declined
n102194,2026-06-16,Delhi,C86142,MasterCard,Utilities,Male,8281.33,Credit,HPCL,E-commerce,Approved
n102195,2026-05-02,Hyderabad,C88522,MasterCard,Dining,Female,1159.03,Credit,IRCTC,E-commerce,Approved
n102196,2026-05-13,Bengaluru,C69540,MasterCard,Dining,Male,13264.43,NetBanking,IOCL,Fuel,Approved
n102197,2026-06-16,Delhi,C49209,RuPay,Fuel,Male,11495.32,NetBanking,Zomato,Fuel,Approved
n102198,2026-06-14,Vizag,C92751,RuPay,Fuel,Male,10531.81,Credit,IOCL,Fuel,Approved
n102199,2026-06-03,Kolkata,C24441,MasterCard,Dining,Female,9858.64,Credit,Amazon,Fuel,Approved
n102200,2026-01-05,Mumbai,C91906,Visa,Dining,Male,15926.51,Credit,IOCL,Retail,Declined
n102201,2026-03-13,Delhi,C38618,RuPay,Shopping,Female,15792.33,Credit,Swiggy,Travel,Declined
n102202,2026-01-02,Bengaluru,C33415,Visa,Utilities,Female,20281.61,NetBanking,Reliance,Travel,Approved
n102203,2026-06-18,Pune,C38173,Amex,Shopping,Male,14680.62,Credit,IRCTC,Food,Declined
n102204,2026-03-05,Hyderabad,C33938,RuPay,Shopping,Female,10186.22,NetBanking,Amazon,Retail,Declined
n102205,2026-06-16,Vizag,C10100,MasterCard,Travel,Male,9448.27,Credit,Swiggy,E-commerce,Declined
n102206,2026-04-01,Mumbai,C65694,RuPay,Shopping,Male,17527.82,UPI,Zomato,Travel,Approved
n102207,2026-03-04,Kolkata,C45648,MasterCard,Fuel,Female,21869.53,NetBanking,HPCL,Food,Approved
n102208,2026-05-13,Pune,C46234,Amex,Dining,Male,24976.66,Credit,IRCTC,Food,Approved
n102209,2026-04-08,Kolkata,C70764,Amex,Travel,Male,3320.76,NetBanking,Swiggy,Fuel,Declined
n102210,2026-06-20,Chennai,C27680,Visa,Travel,Male,15160.32,UPI,Reliance,Retail,Declined
n102211,2026-05-25,Chennai,C11452,Amex,Dining,Female,1909.52,UPI,IOCL,Retail,Approved
n102212,2026-03-30,Kolkata,C89989,MasterCard,Shopping,Male,5461.87,NetBanking,HPCL,Food,Declined
n102213,2026-05-07,Vizag,C90073,MasterCard,Travel,Female,407.7,Credit,IRCTC,Travel,Approved
n102214,2026-01-13,Delhi,C89692,MasterCard,Fuel,Female,5083.54,NetBanking,IRCTC,Fuel,Approved
n102215,2026-02-09,Chennai,C62750,Visa,Fuel,Male,22430.44,UPI,Swiggy,E-commerce,Declined
n102216,2026-04-13,Chennai,C90863,Visa,Travel,Male,21337.39,UPI,DMart,Retail,Declined
n102217,2026-01-31,Hyderabad,C36755,Amex,Travel,Male,22538.22,NetBanking,HPCL,Retail,Approved
n102218,2026-06-01,Kolkata,C94466,RuPay,Utilities,Female,7498.35,NetBanking,Reliance,Travel,Approved
n102219,2026-03-26,Chennai,C17289,MasterCard,Groceries,Female,20808.11,Credit,HPCL,Food,Declined
n102220,2026-06-05,Bengaluru,C91577,RuPay,Shopping,Female,3215.05,NetBanking,Amazon,Utilities,Declined
n102221,2026-04-13,Chennai,C10565,Visa,Dining,Female,6225.52,Credit,HPCL,Fuel,Declined
n102222,2026-04-15,Bengaluru,C78969,Amex,Shopping,Female,24456.45,Credit,Swiggy,E-commerce,Declined
n102223,2026-03-05,Delhi,C74323,RuPay,Fuel,Male,8017.89,Credit,IRCTC,Food,Declined
n102224,2026-04-14,Bengaluru,C11668,Visa,Dining,Female,12447.12,NetBanking,Reliance,E-commerce,Declined
n102225,2026-03-31,Hyderabad,C39590,Amex,Fuel,Male,24153.35,Credit,Zomato,Fuel,Approved
n102226,2026-06-01,Mumbai,C77585,Amex,Groceries,Male,11544.58,Credit,Swiggy,Utilities,Approved
n102227,2026-03-17,Delhi,C46052,Amex,Travel,Male,19515.3,UPI,IOCL,E-commerce,Declined
n102228,2026-05-17,Kolkata,C26865,MasterCard,Travel,Male,23082.82,Credit,HPCL,Food,Declined
n102229,2026-01-20,Bengaluru,C71763,Visa,Utilities,Female,2336.73,NetBanking,IRCTC,Utilities,Approved
n102230,2026-05-18,Pune,C20283,RuPay,Travel,Female,4895.38,UPI,Amazon,Fuel,Approved
n102231,2026-05-23,Pune,C76700,Visa,Travel,Female,13660.77,Credit,DMart,Travel,Declined
n102232,2026-03-08,Delhi,C91153,Amex,Utilities,Female,6297.02,NetBanking,DMart,Food,Approved
n102233,2026-06-15,Vizag,C71970,Visa,Fuel,Female,381.57,Credit,Amazon,Utilities,Declined
n102234,2026-03-23,Delhi,C25365,RuPay,Fuel,Male,15144.75,NetBanking,Reliance,Retail,Approved
n102235,2026-05-19,Hyderabad,C99256,MasterCard,Shopping,Female,9902.04,Credit,Amazon,Retail,Declined
n102236,2026-05-20,Kolkata,C99717,RuPay,Utilities,Male,16535.78,NetBanking,Amazon,Retail,Declined
n102237,2026-03-24,Chennai,C89702,RuPay,Fuel,Female,7133.87,UPI,IRCTC,Retail,Approved
n102238,2026-03-29,Kolkata,C27321,MasterCard,Fuel,Male,15162.04,UPI,Swiggy,Travel,Approved
n102239,2026-05-09,Hyderabad,C66623,Amex,Fuel,Female,24810.77,Credit,Reliance,E-commerce,Approved
n102240,2026-06-03,Bengaluru,C80890,RuPay,Groceries,Male,2387.7,NetBanking,Reliance,Food,Declined
n102241,2026-01-26,Bengaluru,C53946,RuPay,Shopping,Female,14065.84,UPI,Reliance,Food,Approved
n102242,2026-02-17,Bengaluru,C24606,Amex,Fuel,Female,24855.46,NetBanking,Reliance,Retail,Approved
n102243,2026-03-22,Mumbai,C88724,Amex,Utilities,Male,11953.61,UPI,Zomato,Utilities,Declined
n102244,2026-03-17,Vizag,C17432,MasterCard,Utilities,Male,2090.21,Credit,Swiggy,Food,Approved
n102245,2026-06-08,Pune,C41965,RuPay,Dining,Female,20117.27,UPI,Reliance,Food,Approved
n102246,2026-03-05,Pune,C85526,Amex,Fuel,Female,5879.02,Credit,Reliance,Utilities,Declined
n102247,2026-01-19,Delhi,C12155,MasterCard,Travel,Female,20342.57,UPI,Amazon,Retail,Declined
n102248,2026-05-13,Kolkata,C16346,RuPay,Fuel,Female,5988.95,UPI,IOCL,Retail,Declined
n102249,2026-01-03,Pune,C15769,MasterCard,Utilities,Male,16209.79,UPI,Swiggy,E-commerce,Approved
n102250,2026-01-03,Mumbai,C86892,Visa,Shopping,Male,24712.07,Credit,IRCTC,Utilities,Approved
n102251,2026-02-06,Pune,C27728,Visa,Shopping,Female,8540.26,NetBanking,IRCTC,Food,Declined
n102252,2026-05-26,Vizag,C88309,RuPay,Groceries,Male,14404.5,Credit,IOCL,E-commerce,Approved
n102253,2026-06-09,Kolkata,C15635,MasterCard,Dining,Female,22939.06,UPI,Swiggy,Utilities,Declined
n102254,2026-03-07,Delhi,C92596,MasterCard,Fuel,Female,7217.17,NetBanking,Swiggy,Utilities,Declined
n102255,2026-03-26,Mumbai,C77344,Visa,Fuel,Male,15802.48,Credit,IOCL,Travel,Declined
n102256,2026-05-16,Mumbai,C47144,RuPay,Travel,Female,24510.74,Credit,Reliance,Fuel,Declined
n102257,2026-02-08,Bengaluru,C74660,Amex,Fuel,Female,17515.34,UPI,Amazon,Retail,Declined
n102258,2026-01-27,Kolkata,C28289,RuPay,Shopping,Female,859.04,Credit,Swiggy,Food,Approved
n102259,2026-04-18,Kolkata,C12101,MasterCard,Groceries,Female,20014.45,Credit,Zomato,Fuel,Declined
n102260,2026-01-07,Bengaluru,C59081,MasterCard,Utilities,Male,1789.5,Credit,DMart,Food,Declined
n102261,2026-01-25,Pune,C65475,Visa,Travel,Female,14344.83,UPI,Reliance,Retail,Declined
n102262,2026-03-19,Bengaluru,C37418,MasterCard,Shopping,Female,7759.01,NetBanking,Swiggy,E-commerce,Declined
n102263,2026-03-09,Pune,C38022,Visa,Utilities,Female,17390.48,UPI,Amazon,Travel,Declined
n102264,2026-02-01,Bengaluru,C94277,Amex,Dining,Female,21205.55,UPI,IRCTC,Food,Declined
n102265,2026-04-10,Bengaluru,C82578,MasterCard,Groceries,Female,17865.73,UPI,Swiggy,Utilities,Declined
n102266,2026-04-12,Hyderabad,C59054,Amex,Fuel,Male,24267.17,NetBanking,HPCL,Food,Approved
n102267,2026-05-19,Delhi,C42028,Visa,Utilities,Male,14135.18,Credit,Amazon,Fuel,Declined
n102268,2026-04-21,Vizag,C41705,MasterCard,Groceries,Male,17286.06,NetBanking,HPCL,Retail,Approved
n102269,2026-02-23,Kolkata,C47892,RuPay,Fuel,Male,21727.57,Credit,Zomato,Retail,Approved
n102270,2026-04-12,Vizag,C59291,MasterCard,Travel,Male,11038.47,Credit,Reliance,Retail,Declined
n102271,2026-06-16,Chennai,C16125,MasterCard,Groceries,Male,640.11,Credit,Swiggy,Utilities,Approved
n102272,2026-01-17,Kolkata,C90851,MasterCard,Groceries,Male,12955.02,UPI,Reliance,Retail,Declined
n102273,2026-05-07,Bengaluru,C89252,MasterCard,Shopping,Male,20012.42,UPI,Zomato,Travel,Approved
n102274,2026-03-26,Delhi,C54839,MasterCard,Dining,Male,22879.48,UPI,Zomato,Food,Approved
n102275,2026-02-21,Mumbai,C26294,Visa,Fuel,Female,19736.2,Credit,IRCTC,Utilities,Approved
n102276,2026-02-17,Kolkata,C91974,MasterCard,Groceries,Female,11290.07,UPI,IRCTC,Retail,Approved
n102277,2026-04-17,Hyderabad,C62222,Amex,Travel,Female,804.1,UPI,Amazon,Retail,Declined
n102278,2026-01-14,Mumbai,C59604,Visa,Travel,Female,4319.7,NetBanking,Swiggy,Retail,Declined
n102279,2026-01-22,Hyderabad,C93927,Amex,Utilities,Female,18225.32,Credit,HPCL,Travel,Approved
n102280,2026-06-22,Kolkata,C72028,RuPay,Shopping,Male,10757.89,UPI,Reliance,Travel,Approved
n102281,2026-04-21,Chennai,C11807,Visa,Groceries,Female,4853.67,NetBanking,Zomato,Utilities,Declined
n102282,2026-03-09,Kolkata,C19302,RuPay,Shopping,Female,6754.92,NetBanking,HPCL,Utilities,Approved
n102283,2026-01-27,Mumbai,C86949,Amex,Utilities,Female,21068.63,NetBanking,DMart,Travel,Declined
n102284,2026-01-09,Pune,C51101,Visa,Travel,Male,3658.77,UPI,IOCL,Travel,Approved
n102285,2026-02-02,Chennai,C39154,RuPay,Dining,Male,3355.98,Credit,DMart,Utilities,Approved
n102286,2026-03-26,Delhi,C83712,RuPay,Groceries,Female,505.46,NetBanking,DMart,Retail,Declined
n102287,2026-04-22,Chennai,C28018,MasterCard,Shopping,Female,23482.27,UPI,Reliance,Utilities,Approved
n102288,2026-03-29,Kolkata,C70436,Amex,Fuel,Male,22733.94,Credit,IRCTC,Food,Declined
n102289,2026-01-15,Pune,C96148,RuPay,Fuel,Female,13101.7,UPI,DMart,Utilities,Approved
n102290,2026-06-28,Delhi,C85436,RuPay,Dining,Female,11741.71,NetBanking,Swiggy,Food,Approved
n102291,2026-06-23,Pune,C77543,Amex,Utilities,Female,15625.95,NetBanking,IOCL,Retail,Approved
n102292,2026-01-01,Vizag,C30206,MasterCard,Dining,Male,1362.31,NetBanking,Amazon,Fuel,Approved
n102293,2026-04-17,Bengaluru,C60356,Amex,Groceries,Male,2564.02,UPI,Zomato,Travel,Declined
n102294,2026-06-25,Kolkata,C46409,RuPay,Dining,Female,8129.6,UPI,HPCL,Travel,Approved
n102295,2026-02-14,Delhi,C71637,Amex,Travel,Male,270.53,UPI,HPCL,Travel,Declined
n102296,2026-05-16,Chennai,C48164,Visa,Travel,Male,10426.61,UPI,Swiggy,Travel,Approved
n102297,2026-02-09,Chennai,C43644,RuPay,Travel,Male,19269.02,NetBanking,HPCL,Travel,Approved
n102298,2026-02-06,Mumbai,C36422,Amex,Shopping,Female,523.02,Credit,Zomato,Food,Approved
n102299,2026-01-17,Vizag,C12605,MasterCard,Dining,Male,1234.99,NetBanking,Swiggy,Travel,Approved
n102300,2026-02-24,Kolkata,C17964,MasterCard,Fuel,Female,18309.92,NetBanking,IRCTC,E-commerce,Declined
n102301,2026-01-18,Mumbai,C45273,Visa,Shopping,Female,15985.45,NetBanking,HPCL,Fuel,Declined
n102302,2026-05-28,Vizag,C27685,RuPay,Travel,Male,13925.44,Credit,IRCTC,Travel,Declined
n102303,2026-06-06,Delhi,C79026,Visa,Travel,Female,22867.89,UPI,IRCTC,Travel,Declined
n102304,2026-06-26,Vizag,C49210,Visa,Shopping,Female,12506.81,NetBanking,IRCTC,Fuel,Declined
n102305,2026-06-23,Hyderabad,C54142,Visa,Groceries,Female,127.14,NetBanking,Swiggy,Travel,Approved
n102306,2026-06-16,Hyderabad,C40574,Visa,Travel,Male,8369.88,UPI,Amazon,Food,Approved
n102307,2026-03-21,Chennai,C15356,MasterCard,Fuel,Female,16658.2,UPI,Swiggy,Fuel,Declined
n102308,2026-04-28,Pune,C89909,RuPay,Fuel,Female,1760.67,UPI,Swiggy,Utilities,Approved
n102309,2026-02-21,Hyderabad,C75648,MasterCard,Shopping,Female,19689.03,NetBanking,IOCL,Utilities,Declined
n102310,2026-01-28,Kolkata,C30863,MasterCard,Utilities,Male,4291.05,UPI,Amazon,Utilities,Declined
n102311,2026-05-21,Kolkata,C91619,RuPay,Groceries,Female,10557.75,UPI,Swiggy,Fuel,Approved
n102312,2026-01-26,Vizag,C35227,Visa,Dining,Female,4626.65,NetBanking,IRCTC,Utilities,Approved
n102313,2026-04-06,Bengaluru,C79419,Visa,Dining,Male,7443.04,Credit,IOCL,Travel,Declined
n102314,2026-05-25,Delhi,C64305,Visa,Dining,Male,5965.61,UPI,Reliance,Retail,Declined
n102315,2026-01-31,Vizag,C91877,Visa,Groceries,Male,5777.17,NetBanking,Amazon,E-commerce,Declined
n102316,2026-03-22,Delhi,C81061,Amex,Fuel,Female,20267.0,UPI,Zomato,Utilities,Declined
n102317,2026-01-19,Vizag,C65144,Amex,Travel,Female,5142.87,NetBanking,DMart,Fuel,Approved
n102318,2026-04-26,Mumbai,C70656,Visa,Travel,Male,8078.1,NetBanking,Amazon,Fuel,Declined
n102319,2026-04-05,Kolkata,C31973,Amex,Shopping,Male,12687.65,NetBanking,HPCL,Food,Approved
n102320,2026-05-15,Hyderabad,C30388,Visa,Utilities,Female,10024.98,Credit,IRCTC,Fuel,Declined
n102321,2026-06-24,Bengaluru,C33646,Visa,Utilities,Male,15837.67,UPI,DMart,Fuel,Approved
n102322,2026-02-09,Kolkata,C95939,Visa,Shopping,Male,20405.44,Credit,HPCL,E-commerce,Declined
n102323,2026-04-10,Hyderabad,C25521,Visa,Dining,Male,5564.21,Credit,Reliance,Food,Approved
n102324,2026-02-27,Delhi,C77027,Amex,Utilities,Female,15226.05,UPI,Amazon,Retail,Declined
n102325,2026-01-12,Kolkata,C74334,RuPay,Dining,Female,21570.08,NetBanking,IRCTC,Retail,Declined
n102326,2026-04-01,Vizag,C11739,Amex,Dining,Male,18519.4,Credit,IRCTC,E-commerce,Declined
n102327,2026-03-26,Pune,C92853,Visa,Utilities,Female,11055.46,Credit,Zomato,Retail,Approved
n102328,2026-05-15,Vizag,C90985,MasterCard,Shopping,Female,17801.62,UPI,Swiggy,E-commerce,Declined
n102329,2026-04-05,Mumbai,C23719,Visa,Travel,Male,7783.36,UPI,Amazon,Utilities,Approved
n102330,2026-02-09,Mumbai,C94957,RuPay,Fuel,Male,10074.85,UPI,DMart,Travel,Declined
n102331,2026-05-17,Bengaluru,C14911,Amex,Dining,Female,13489.4,Credit,IRCTC,Utilities,Declined
n102332,2026-06-10,Delhi,C56813,Amex,Shopping,Female,6658.77,UPI,Swiggy,E-commerce,Approved
n102333,2026-04-19,Kolkata,C49080,Visa,Fuel,Female,5526.44,Credit,Zomato,Food,Approved
n102334,2026-05-08,Mumbai,C25600,RuPay,Shopping,Female,9214.68,NetBanking,Reliance,Fuel,Approved
n102335,2026-06-19,Vizag,C40608,Visa,Shopping,Female,24047.12,NetBanking,IRCTC,Utilities,Approved
n102336,2026-02-04,Bengaluru,C53440,RuPay,Utilities,Female,16099.07,Credit,IRCTC,Retail,Declined
n102337,2026-01-24,Kolkata,C58869,Visa,Shopping,Female,15708.04,UPI,IRCTC,Fuel,Declined
n102338,2026-04-10,Hyderabad,C71153,MasterCard,Travel,Female,19888.26,UPI,Swiggy,Food,Approved
n102339,2026-02-01,Pune,C92862,RuPay,Shopping,Female,16292.51,NetBanking,HPCL,Travel,Approved
n102340,2026-04-19,Bengaluru,C67927,Visa,Travel,Male,23712.78,Credit,DMart,Fuel,Approved
n102341,2026-04-14,Bengaluru,C94610,RuPay,Fuel,Male,19714.62,UPI,Swiggy,Utilities,Declined
n102342,2026-04-09,Hyderabad,C87437,RuPay,Shopping,Male,17380.47,UPI,Swiggy,E-commerce,Approved
n102343,2026-06-01,Chennai,C80256,Amex,Travel,Male,24280.23,Credit,Reliance,Food,Declined
n102344,2026-01-08,Kolkata,C34532,Visa,Shopping,Male,10448.84,UPI,HPCL,E-commerce,Declined
n102345,2026-04-17,Kolkata,C67082,Visa,Fuel,Male,24934.81,NetBanking,IOCL,Retail,Declined
n102346,2026-02-14,Hyderabad,C27619,MasterCard,Groceries,Male,6789.76,NetBanking,Amazon,E-commerce,Approved
n102347,2026-04-23,Kolkata,C82578,MasterCard,Dining,Female,9016.28,NetBanking,Amazon,E-commerce,Declined
n102348,2026-04-26,Bengaluru,C52912,MasterCard,Utilities,Female,6974.35,UPI,DMart,Travel,Declined
n102349,2026-01-07,Chennai,C37694,MasterCard,Travel,Male,11502.24,UPI,Zomato,Food,Declined
n102350,2026-02-05,Kolkata,C16887,Visa,Shopping,Female,6233.69,Credit,IOCL,Retail,Approved
n102351,2026-05-26,Pune,C94259,Amex,Shopping,Female,8964.77,Credit,Reliance,Food,Declined
n102352,2026-04-07,Delhi,C22147,RuPay,Shopping,Male,755.51,NetBanking,Zomato,E-commerce,Approved
n102353,2026-03-27,Pune,C18329,MasterCard,Travel,Female,23141.45,UPI,IOCL,Food,Approved
n102354,2026-02-16,Mumbai,C85060,Visa,Travel,Female,18900.2,Credit,DMart,Travel,Declined
n102355,2026-03-12,Kolkata,C20969,RuPay,Utilities,Female,7381.03,Credit,Reliance,Travel,Approved
n102356,2026-01-30,Delhi,C87117,Amex,Shopping,Female,14782.17,UPI,IRCTC,E-commerce,Approved
n102357,2026-06-26,Hyderabad,C47947,Visa,Shopping,Female,7206.83,UPI,HPCL,Utilities,Declined
n102358,2026-04-19,Bengaluru,C77349,MasterCard,Fuel,Female,12601.01,Credit,DMart,Utilities,Declined
n102359,2026-03-04,Bengaluru,C50897,MasterCard,Shopping,Male,8181.85,Credit,Swiggy,Retail,Declined
n102360,2026-05-04,Kolkata,C32391,Visa,Fuel,Female,19980.95,Credit,HPCL,E-commerce,Approved
n102361,2026-06-07,Kolkata,C92688,RuPay,Dining,Female,3308.96,UPI,Amazon,Food,Approved
n102362,2026-02-06,Kolkata,C85784,MasterCard,Groceries,Male,9369.96,UPI,Reliance,Utilities,Approved
n102363,2026-01-04,Kolkata,C14356,Visa,Groceries,Male,1450.32,NetBanking,IOCL,Travel,Declined
n102364,2026-06-28,Hyderabad,C98510,RuPay,Groceries,Male,7278.84,Credit,DMart,Travel,Approved
n102365,2026-01-07,Kolkata,C63589,Amex,Fuel,Male,7944.42,UPI,Zomato,Utilities,Approved
n102366,2026-01-05,Bengaluru,C62664,Amex,Groceries,Male,21235.23,NetBanking,Reliance,Retail,Approved
n102367,2026-02-04,Delhi,C14896,Visa,Travel,Male,21739.62,NetBanking,Reliance,Retail,Approved
n102368,2026-01-13,Pune,C59516,MasterCard,Utilities,Male,2480.58,NetBanking,Amazon,E-commerce,Approved
n102369,2026-02-23,Delhi,C80016,RuPay,Groceries,Male,14439.31,Credit,IRCTC,Utilities,Approved
n102370,2026-04-04,Chennai,C77767,Amex,Fuel,Male,4042.26,NetBanking,Swiggy,Travel,Declined
n102371,2026-06-23,Delhi,C53680,MasterCard,Groceries,Female,4723.19,UPI,Swiggy,Travel,Declined
n102372,2026-04-20,Hyderabad,C32709,RuPay,Shopping,Female,10792.03,UPI,Reliance,Utilities,Approved
n102373,2026-05-30,Pune,C42442,Amex,Dining,Female,15665.05,Credit,Swiggy,Utilities,Declined
n102374,2026-02-15,Vizag,C40415,RuPay,Dining,Male,8431.75,Credit,IOCL,Food,Declined
n102375,2026-03-27,Bengaluru,C45063,Amex,Dining,Male,9306.33,Credit,Amazon,Fuel,Declined
n102376,2026-04-17,Delhi,C23792,RuPay,Dining,Female,5557.47,UPI,Zomato,Retail,Declined
n102377,2026-04-24,Delhi,C61617,Amex,Utilities,Female,16706.39,UPI,IRCTC,Fuel,Declined
n102378,2026-02-02,Pune,C42747,MasterCard,Travel,Male,21948.0,NetBanking,IOCL,Food,Approved
n102379,2026-03-18,Bengaluru,C54401,Amex,Fuel,Male,16059.75,NetBanking,IOCL,Retail,Approved
n102380,2026-03-24,Delhi,C37853,RuPay,Dining,Female,12555.26,UPI,IRCTC,Utilities,Approved
n102381,2026-04-16,Bengaluru,C61550,MasterCard,Travel,Female,14796.92,Credit,DMart,Food,Approved
n102382,2026-04-01,Mumbai,C98317,Visa,Fuel,Female,22433.74,NetBanking,IRCTC,Utilities,Declined
n102383,2026-01-23,Hyderabad,C42092,Visa,Dining,Male,11902.2,UPI,Amazon,Food,Approved
n102384,2026-01-02,Bengaluru,C45896,Amex,Dining,Male,13942.71,Credit,IOCL,Utilities,Declined
n102385,2026-05-27,Mumbai,C25443,MasterCard,Fuel,Female,10015.97,Credit,Swiggy,Food,Declined
n102386,2026-02-17,Pune,C94206,RuPay,Groceries,Male,9776.15,NetBanking,Swiggy,Travel,Declined
n102387,2026-02-22,Mumbai,C88361,Visa,Dining,Male,18726.48,NetBanking,Swiggy,E-commerce,Approved
n102388,2026-04-12,Delhi,C76273,Visa,Utilities,Male,4619.9,UPI,IOCL,Utilities,Declined
n102389,2026-05-26,Vizag,C21590,Amex,Dining,Male,10351.18,NetBanking,IRCTC,Retail,Declined
n102390,2026-02-26,Bengaluru,C14307,Visa,Dining,Male,4328.23,NetBanking,Amazon,E-commerce,Declined
n102391,2026-03-05,Delhi,C86690,Visa,Fuel,Male,5737.89,UPI,Swiggy,Retail,Declined
n102392,2026-06-20,Kolkata,C73180,MasterCard,Utilities,Female,13383.63,Credit,Swiggy,E-commerce,Declined
n102393,2026-01-23,Hyderabad,C19326,Amex,Dining,Male,1038.66,UPI,DMart,E-commerce,Declined
n102394,2026-01-03,Delhi,C85804,Visa,Fuel,Male,21225.68,NetBanking,Reliance,E-commerce,Approved
n102395,2026-05-16,Kolkata,C64656,Visa,Dining,Male,18724.94,Credit,Amazon,Retail,Declined
n102396,2026-02-06,Bengaluru,C36289,RuPay,Shopping,Female,7628.85,UPI,Reliance,E-commerce,Approved
n102397,2026-03-23,Mumbai,C19789,Amex,Fuel,Female,14180.31,NetBanking,DMart,Food,Approved
n102398,2026-02-22,Kolkata,C17701,Visa,Travel,Female,2562.16,NetBanking,DMart,Food,Approved
n102399,2026-02-22,Chennai,C22813,RuPay,Fuel,Male,7656.03,UPI,Amazon,Retail,Approved
n102400,2026-03-16,Bengaluru,C25627,MasterCard,Shopping,Female,21292.0,UPI,Zomato,Retail,Declined
n102401,2026-06-28,Bengaluru,C89635,MasterCard,Dining,Female,21243.42,UPI,HPCL,Food,Declined
n102402,2026-04-20,Mumbai,C89324,Visa,Groceries,Male,1033.98,NetBanking,HPCL,Travel,Approved
n102403,2026-06-18,Kolkata,C26005,RuPay,Groceries,Male,16071.25,Credit,Zomato,Travel,Approved
n102404,2026-01-20,Mumbai,C20800,RuPay,Groceries,Female,1379.84,NetBanking,IOCL,Utilities,Approved
n102405,2026-04-10,Bengaluru,C63283,RuPay,Travel,Female,4263.8,UPI,Reliance,Utilities,Declined
n102406,2026-03-21,Bengaluru,C10264,MasterCard,Utilities,Female,7146.59,NetBanking,DMart,Utilities,Declined
n102407,2026-05-30,Delhi,C78235,RuPay,Dining,Female,15152.27,NetBanking,IRCTC,E-commerce,Approved
n102408,2026-04-05,Bengaluru,C87443,RuPay,Dining,Female,8761.92,NetBanking,IOCL,Retail,Declined
n102409,2026-04-04,Delhi,C29089,MasterCard,Dining,Male,11446.55,UPI,IOCL,Retail,Declined
n102410,2026-04-14,Pune,C13393,RuPay,Dining,Male,11962.63,NetBanking,Amazon,E-commerce,Declined
n102411,2026-06-17,Delhi,C24579,MasterCard,Fuel,Female,12780.18,UPI,Reliance,Travel,Approved
n102412,2026-06-29,Vizag,C23448,Visa,Fuel,Female,10288.53,NetBanking,Amazon,Utilities,Declined
n102413,2026-01-26,Vizag,C27770,MasterCard,Fuel,Female,10250.33,Credit,DMart,E-commerce,Declined
n102414,2026-06-18,Chennai,C28350,MasterCard,Groceries,Male,4606.43,NetBanking,Reliance,Travel,Approved
n102415,2026-05-18,Delhi,C71740,RuPay,Groceries,Male,9012.1,NetBanking,Swiggy,E-commerce,Approved
n102416,2026-03-11,Bengaluru,C15113,RuPay,Dining,Male,5781.51,Credit,DMart,Retail,Declined
n102417,2026-06-20,Hyderabad,C51211,MasterCard,Travel,Female,23198.38,Credit,Reliance,E-commerce,Declined
n102418,2026-03-16,Bengaluru,C93827,RuPay,Dining,Male,15009.99,UPI,IRCTC,E-commerce,Approved
n102419,2026-05-19,Hyderabad,C19540,Visa,Travel,Male,15589.29,NetBanking,Zomato,Retail,Declined
n102420,2026-01-20,Pune,C26547,Visa,Utilities,Female,7268.99,NetBanking,IOCL,Food,Declined
n102421,2026-06-10,Chennai,C82168,Visa,Groceries,Male,16074.83,NetBanking,IRCTC,E-commerce,Declined
n102422,2026-02-26,Pune,C75237,Visa,Utilities,Male,11670.01,NetBanking,DMart,Utilities,Approved
n102423,2026-01-25,Mumbai,C96593,Amex,Travel,Male,20568.28,UPI,Amazon,Travel,Declined
n102424,2026-05-22,Pune,C55151,Amex,Travel,Female,17477.03,Credit,Swiggy,Retail,Approved
n102425,2026-04-18,Kolkata,C84244,Visa,Utilities,Female,9046.22,Credit,IOCL,E-commerce,Declined
n102426,2026-01-18,Hyderabad,C60922,RuPay,Dining,Female,6090.76,UPI,Swiggy,Travel,Declined
n102427,2026-01-12,Bengaluru,C62307,RuPay,Groceries,Female,10417.92,Credit,IOCL,Utilities,Approved
n102428,2026-03-18,Hyderabad,C28351,RuPay,Groceries,Male,12849.5,Credit,HPCL,Utilities,Declined
n102429,2026-06-07,Chennai,C93905,Amex,Travel,Female,7602.22,UPI,Reliance,Travel,Approved
n102430,2026-05-17,Delhi,C98514,MasterCard,Groceries,Male,22533.76,Credit,IRCTC,Travel,Approved
n102431,2026-01-09,Delhi,C20487,Amex,Utilities,Male,7764.57,NetBanking,Zomato,Travel,Approved
n102432,2026-04-12,Bengaluru,C52942,RuPay,Travel,Female,7116.54,NetBanking,Amazon,Food,Approved
n102433,2026-05-08,Kolkata,C11959,MasterCard,Travel,Male,9286.17,Credit,IRCTC,Retail,Approved
n102434,2026-06-18,Chennai,C91341,RuPay,Utilities,Female,9035.02,Credit,DMart,Travel,Approved
n102435,2026-05-15,Kolkata,C39669,Visa,Travel,Male,22800.05,Credit,IOCL,Food,Approved
n102436,2026-06-26,Bengaluru,C68015,MasterCard,Fuel,Female,7457.72,Credit,Reliance,Retail,Approved
n102437,2026-03-19,Bengaluru,C63381,Amex,Shopping,Male,22638.8,UPI,IRCTC,Fuel,Approved
n102438,2026-04-14,Kolkata,C89183,MasterCard,Dining,Male,9965.76,Credit,Zomato,E-commerce,Approved
n102439,2026-02-01,Mumbai,C86856,MasterCard,Shopping,Male,7621.55,UPI,Amazon,Retail,Approved
n102440,2026-01-12,Kolkata,C22480,Visa,Fuel,Male,16110.38,Credit,Zomato,Fuel,Approved
n102441,2026-05-06,Vizag,C21108,Visa,Fuel,Male,16188.58,Credit,Zomato,Food,Approved
n102442,2026-04-07,Chennai,C34144,RuPay,Dining,Female,17530.35,Credit,Zomato,Travel,Declined
n102443,2026-01-01,Vizag,C85938,MasterCard,Groceries,Male,7212.8,UPI,IRCTC,Retail,Approved
n102444,2026-01-22,Kolkata,C95313,Amex,Dining,Male,7193.11,UPI,Swiggy,Food,Declined
n102445,2026-03-04,Vizag,C11684,Visa,Shopping,Female,23630.02,UPI,IRCTC,Utilities,Approved
n102446,2026-01-21,Vizag,C75398,Amex,Dining,Female,8565.54,UPI,Reliance,Utilities,Declined
n102447,2026-06-15,Kolkata,C18768,MasterCard,Fuel,Male,13888.98,NetBanking,Zomato,Food,Approved
n102448,2026-04-15,Bengaluru,C91913,Visa,Groceries,Male,6223.07,NetBanking,DMart,Food,Declined
n102449,2026-06-10,Vizag,C13151,Amex,Utilities,Female,15852.02,Credit,Zomato,Retail,Approved
n102450,2026-02-08,Mumbai,C99647,Amex,Fuel,Female,14685.77,Credit,Reliance,Food,Declined
n102451,2026-06-15,Pune,C64274,MasterCard,Dining,Male,2169.85,Credit,Swiggy,Retail,Approved
n102452,2026-01-11,Hyderabad,C42091,Amex,Travel,Male,14287.96,NetBanking,Reliance,Retail,Approved
n102453,2026-02-23,Chennai,C44033,Amex,Travel,Female,9561.74,Credit,Reliance,Food,Declined
n102454,2026-01-27,Vizag,C96390,MasterCard,Utilities,Female,10377.09,NetBanking,DMart,Travel,Approved
n102455,2026-05-15,Chennai,C15405,Visa,Fuel,Female,16715.74,Credit,IOCL,Travel,Approved
n102456,2026-06-29,Kolkata,C61500,RuPay,Groceries,Female,11183.4,Credit,Zomato,E-commerce,Approved
n102457,2026-05-05,Chennai,C46654,RuPay,Travel,Male,24059.68,Credit,HPCL,Travel,Declined
n102458,2026-03-22,Kolkata,C90425,Amex,Dining,Female,13270.48,NetBanking,Swiggy,Fuel,Declined
n102459,2026-02-10,Chennai,C46527,RuPay,Utilities,Female,20778.48,Credit,Swiggy,Food,Approved
n102460,2026-03-22,Hyderabad,C64168,MasterCard,Shopping,Female,8242.08,NetBanking,Zomato,E-commerce,Approved
n102461,2026-06-22,Hyderabad,C65273,MasterCard,Dining,Female,17802.95,Credit,IRCTC,Utilities,Declined
n102462,2026-06-29,Hyderabad,C90463,Amex,Shopping,Male,6509.28,UPI,Reliance,E-commerce,Approved
n102463,2026-05-28,Bengaluru,C49473,Amex,Utilities,Female,22535.76,Credit,Reliance,Retail,Declined
n102464,2026-05-07,Vizag,C82103,Visa,Travel,Female,24314.4,NetBanking,HPCL,Retail,Declined
n102465,2026-01-30,Delhi,C95909,Visa,Dining,Male,5169.93,NetBanking,Reliance,E-commerce,Declined
n102466,2026-04-26,Chennai,C41852,MasterCard,Dining,Male,17366.05,NetBanking,Swiggy,Travel,Approved
n102467,2026-04-12,Vizag,C62455,Amex,Fuel,Female,5008.55,NetBanking,IRCTC,Utilities,Approved
n102468,2026-05-14,Kolkata,C36274,Visa,Fuel,Male,24712.14,Credit,Amazon,E-commerce,Declined
n102469,2026-05-09,Delhi,C26580,Amex,Travel,Male,5194.36,Credit,IOCL,Food,Declined
n102470,2026-01-06,Chennai,C80812,Amex,Dining,Male,17463.07,UPI,Amazon,Travel,Declined
n102471,2026-06-05,Delhi,C66998,MasterCard,Fuel,Female,22938.95,UPI,Amazon,E-commerce,Approved
n102472,2026-02-07,Delhi,C91478,RuPay,Fuel,Male,9417.59,NetBanking,Amazon,E-commerce,Approved
n102473,2026-03-26,Delhi,C61315,Visa,Dining,Female,19698.37,NetBanking,Amazon,Fuel,Approved
n102474,2026-02-25,Hyderabad,C47465,RuPay,Utilities,Male,1625.15,Credit,Swiggy,Retail,Approved
n102475,2026-03-31,Kolkata,C60457,RuPay,Fuel,Male,20857.58,Credit,DMart,Travel,Approved
n102476,2026-05-03,Delhi,C70041,RuPay,Travel,Male,5007.42,NetBanking,Amazon,E-commerce,Declined
n102477,2026-05-13,Pune,C59995,RuPay,Dining,Male,12227.75,UPI,Swiggy,E-commerce,Approved
n102478,2026-06-05,Hyderabad,C30285,Amex,Utilities,Male,10179.48,NetBanking,IRCTC,Food,Approved
n102479,2026-04-22,Bengaluru,C23985,RuPay,Shopping,Female,10664.9,NetBanking,IOCL,E-commerce,Approved
n102480,2026-05-26,Vizag,C60512,Amex,Travel,Male,16633.49,Credit,IOCL,E-commerce,Declined
n102481,2026-01-11,Pune,C13681,RuPay,Shopping,Male,9435.61,UPI,Zomato,Utilities,Approved
n102482,2026-05-31,Pune,C65310,RuPay,Dining,Male,13681.27,Credit,Zomato,Retail,Approved
n102483,2026-05-29,Chennai,C47000,MasterCard,Dining,Female,16520.51,Credit,HPCL,Utilities,Declined
n102484,2026-03-27,Hyderabad,C18720,RuPay,Shopping,Female,23232.86,UPI,HPCL,Fuel,Approved
n102485,2026-01-02,Mumbai,C10846,MasterCard,Shopping,Female,5192.26,UPI,Reliance,Food,Declined
n102486,2026-04-21,Mumbai,C43429,RuPay,Fuel,Female,20294.05,NetBanking,Amazon,Retail,Declined
n102487,2026-02-02,Pune,C49298,Amex,Fuel,Male,210.01,NetBanking,HPCL,Retail,Approved
n102488,2026-05-18,Vizag,C26392,Visa,Utilities,Female,19161.59,Credit,Reliance,Food,Declined
n102489,2026-05-01,Vizag,C25198,Visa,Shopping,Female,3591.19,Credit,HPCL,Utilities,Declined
n102490,2026-02-20,Hyderabad,C88976,Visa,Fuel,Female,22694.26,Credit,DMart,E-commerce,Approved
n102491,2026-03-13,Chennai,C35357,RuPay,Utilities,Female,12272.61,NetBanking,Amazon,Travel,Declined
n102492,2026-06-27,Vizag,C71558,Visa,Shopping,Female,23373.42,NetBanking,HPCL,E-commerce,Declined
n102493,2026-04-04,Kolkata,C55857,Amex,Dining,Female,10227.32,Credit,IOCL,Fuel,Approved
n102494,2026-02-19,Delhi,C44867,Visa,Fuel,Female,3893.24,UPI,Reliance,Utilities,Declined
n102495,2026-06-24,Pune,C35726,Amex,Shopping,Male,23933.98,Credit,Reliance,E-commerce,Approved
n102496,2026-03-08,Mumbai,C91758,Visa,Dining,Male,9109.96,UPI,HPCL,Utilities,Approved
n102497,2026-04-18,Hyderabad,C24944,RuPay,Dining,Male,2157.14,UPI,Amazon,Utilities,Approved
n102498,2026-01-12,Bengaluru,C62031,MasterCard,Dining,Male,865.18,Credit,Reliance,Food,Declined
n102499,2026-05-24,Mumbai,C97742,RuPay,Dining,Female,14987.05,NetBanking,IRCTC,Retail,Declined
n102500,2026-03-15,Mumbai,C56944,Amex,Fuel,Male,2784.14,NetBanking,IOCL,Food,Approved
n102501,2026-03-06,Kolkata,C41780,Amex,Utilities,Female,21341.29,NetBanking,IRCTC,Retail,Approved
n102502,2026-02-23,Bengaluru,C74861,MasterCard,Utilities,Female,10639.74,Credit,Reliance,Travel,Declined
n102503,2026-05-18,Pune,C44585,MasterCard,Utilities,Female,16778.28,UPI,Amazon,E-commerce,Approved
n102504,2026-06-26,Chennai,C12725,Amex,Utilities,Male,2250.38,NetBanking,IOCL,E-commerce,Declined
n102505,2026-01-23,Hyderabad,C83331,RuPay,Travel,Male,20615.15,UPI,DMart,Food,Approved
n102506,2026-01-15,Mumbai,C40732,RuPay,Dining,Male,9596.6,NetBanking,IRCTC,E-commerce,Approved
n102507,2026-01-15,Hyderabad,C14943,Visa,Shopping,Male,1742.57,UPI,DMart,Utilities,Approved
n102508,2026-03-21,Hyderabad,C32739,MasterCard,Travel,Female,1705.28,NetBanking,Reliance,Fuel,Approved
n102509,2026-06-09,Mumbai,C16470,RuPay,Utilities,Male,15870.59,UPI,IOCL,E-commerce,Approved
n102510,2026-04-17,Kolkata,C32333,Visa,Shopping,Male,3594.23,Credit,IOCL,Fuel,Approved
n102511,2026-03-31,Delhi,C70144,RuPay,Dining,Male,21808.19,NetBanking,IRCTC,E-commerce,Approved
n102512,2026-01-10,Pune,C99244,MasterCard,Utilities,Male,308.34,NetBanking,IOCL,Food,Approved
n102513,2026-06-04,Vizag,C91098,RuPay,Groceries,Male,13986.72,Credit,Swiggy,Retail,Declined
n102514,2026-06-05,Mumbai,C72176,Amex,Utilities,Female,16226.21,NetBanking,DMart,Food,Declined
n102515,2026-04-20,Vizag,C22883,Amex,Dining,Female,21756.35,Credit,IRCTC,Food,Approved
n102516,2026-04-21,Pune,C13221,Visa,Utilities,Female,21989.54,NetBanking,Reliance,Food,Declined
n102517,2026-02-14,Chennai,C34127,Amex,Dining,Female,11151.95,NetBanking,Amazon,Fuel,Approved
n102518,2026-04-25,Kolkata,C21223,Amex,Travel,Male,4762.81,NetBanking,Amazon,Food,Declined
n102519,2026-05-29,Mumbai,C51679,Visa,Groceries,Female,8600.82,UPI,HPCL,Food,Approved
n102520,2026-04-22,Pune,C89070,Amex,Dining,Female,720.94,Credit,Zomato,Utilities,Approved
n102521,2026-03-23,Hyderabad,C19494,RuPay,Fuel,Female,2823.08,UPI,Zomato,Food,Approved
n102522,2026-05-27,Bengaluru,C28228,RuPay,Dining,Female,20055.67,NetBanking,HPCL,E-commerce,Approved
n102523,2026-03-20,Kolkata,C15161,Visa,Utilities,Female,19369.31,Credit,Reliance,Travel,Declined
n102524,2026-06-02,Chennai,C78531,Amex,Shopping,Female,8804.56,UPI,Amazon,Utilities,Approved
n102525,2026-06-14,Hyderabad,C28519,MasterCard,Fuel,Male,2631.72,Credit,Zomato,Utilities,Approved
n102526,2026-01-17,Kolkata,C91993,Visa,Dining,Female,4355.79,Credit,IOCL,Utilities,Declined
n102527,2026-02-08,Chennai,C31240,MasterCard,Groceries,Female,15157.73,Credit,Amazon,Food,Approved
n102528,2026-01-11,Hyderabad,C75336,MasterCard,Fuel,Male,20328.42,Credit,IOCL,Utilities,Declined
n102529,2026-02-05,Delhi,C85263,Amex,Travel,Male,11792.38,NetBanking,Swiggy,E-commerce,Declined
n102530,2026-05-07,Bengaluru,C94148,RuPay,Travel,Female,23656.32,NetBanking,Zomato,Food,Declined
n102531,2026-03-07,Hyderabad,C59863,Amex,Groceries,Female,16183.94,UPI,Zomato,Retail,Declined
n102532,2026-03-26,Bengaluru,C46790,Amex,Utilities,Female,22418.45,NetBanking,IOCL,Travel,Approved
n102533,2026-06-20,Delhi,C76411,MasterCard,Travel,Male,16567.63,UPI,IOCL,Utilities,Approved
n102534,2026-04-17,Vizag,C38289,Amex,Dining,Female,12987.87,Credit,Reliance,E-commerce,Declined
n102535,2026-05-02,Pune,C78750,Amex,Fuel,Female,6168.21,NetBanking,IOCL,Fuel,Approved
n102536,2026-06-18,Delhi,C49422,MasterCard,Utilities,Female,24920.74,NetBanking,Zomato,Fuel,Approved
n102537,2026-04-02,Hyderabad,C50055,RuPay,Fuel,Female,24863.7,Credit,Reliance,Fuel,Declined
n102538,2026-04-13,Vizag,C31651,Visa,Fuel,Female,5007.14,Credit,IRCTC,Fuel,Approved
n102539,2026-06-28,Vizag,C68567,MasterCard,Utilities,Female,22683.94,NetBanking,Zomato,Travel,Declined
n102540,2026-06-20,Hyderabad,C41678,Visa,Fuel,Female,3528.91,NetBanking,Zomato,E-commerce,Declined
n102541,2026-01-10,Chennai,C93365,Visa,Travel,Female,676.67,Credit,DMart,Travel,Approved
n102542,2026-03-29,Mumbai,C18484,MasterCard,Dining,Female,19317.29,NetBanking,IRCTC,Retail,Declined
n102543,2026-06-08,Pune,C34653,Visa,Utilities,Male,2880.72,Credit,Zomato,Fuel,Approved
n102544,2026-03-12,Chennai,C62573,RuPay,Groceries,Female,20446.16,Credit,IOCL,Utilities,Declined
n102545,2026-02-16,Pune,C24550,Visa,Shopping,Female,12448.16,NetBanking,IRCTC,Fuel,Declined
n102546,2026-03-31,Delhi,C54855,Visa,Travel,Female,24422.3,NetBanking,DMart,Fuel,Approved
n102547,2026-03-24,Bengaluru,C20275,Amex,Utilities,Female,8666.1,UPI,Zomato,Utilities,Approved
n102548,2026-06-26,Vizag,C14096,Amex,Groceries,Female,4743.28,Credit,IOCL,Food,Approved
n102549,2026-03-05,Vizag,C42791,Amex,Fuel,Male,21161.82,NetBanking,Zomato,Food,Declined
n102550,2026-04-19,Chennai,C65758,RuPay,Fuel,Male,18856.11,Credit,Swiggy,Fuel,Approved
n102551,2026-05-11,Vizag,C61413,MasterCard,Fuel,Male,10655.02,Credit,DMart,Fuel,Declined
n102552,2026-03-03,Hyderabad,C40785,RuPay,Fuel,Female,18643.82,Credit,Swiggy,Travel,Approved
n102553,2026-03-26,Chennai,C26389,Amex,Dining,Male,16949.8,Credit,Reliance,Retail,Declined
n102554,2026-02-28,Hyderabad,C50445,RuPay,Fuel,Female,16290.3,Credit,Reliance,Travel,Approved
n102555,2026-04-13,Delhi,C58007,Visa,Utilities,Male,13869.13,NetBanking,IRCTC,E-commerce,Approved
n102556,2026-03-07,Chennai,C71784,RuPay,Travel,Female,9527.06,Credit,DMart,E-commerce,Declined
n102557,2026-03-16,Hyderabad,C47386,RuPay,Groceries,Male,13081.3,NetBanking,IRCTC,Utilities,Declined
n102558,2026-03-05,Kolkata,C90614,RuPay,Groceries,Male,22176.31,NetBanking,Reliance,Utilities,Declined
n102559,2026-05-04,Bengaluru,C98893,Visa,Travel,Male,10259.21,NetBanking,DMart,Utilities,Declined
n102560,2026-06-04,Chennai,C61095,RuPay,Fuel,Female,5419.37,Credit,DMart,Food,Approved
n102561,2026-06-25,Bengaluru,C17022,Amex,Groceries,Male,4002.6,NetBanking,IRCTC,Food,Approved
n102562,2026-03-24,Vizag,C38551,Amex,Dining,Female,2936.32,Credit,Zomato,Retail,Declined
n102563,2026-05-05,Hyderabad,C67943,RuPay,Travel,Male,9391.69,Credit,Amazon,Travel,Declined
n102564,2026-03-23,Hyderabad,C11356,MasterCard,Fuel,Male,19425.23,UPI,IRCTC,Fuel,Declined
n102565,2026-05-23,Hyderabad,C37924,RuPay,Utilities,Female,22024.39,Credit,Zomato,Fuel,Declined
n102566,2026-04-26,Kolkata,C16190,MasterCard,Utilities,Male,6877.8,NetBanking,IRCTC,Travel,Declined
n102567,2026-06-25,Vizag,C99052,RuPay,Travel,Male,13458.09,NetBanking,Reliance,Retail,Declined
n102568,2026-05-19,Bengaluru,C15852,Visa,Groceries,Male,11215.54,Credit,Amazon,Travel,Approved
n102569,2026-03-04,Mumbai,C46807,Amex,Fuel,Male,13682.75,Credit,Reliance,E-commerce,Approved
n102570,2026-03-02,Chennai,C57403,MasterCard,Groceries,Male,19296.61,NetBanking,IRCTC,Utilities,Approved
n102571,2026-06-22,Kolkata,C78546,Visa,Utilities,Female,5634.36,Credit,IRCTC,Fuel,Approved
n102572,2026-06-16,Vizag,C42182,Amex,Shopping,Male,11699.83,NetBanking,Swiggy,Utilities,Declined
n102573,2026-04-20,Vizag,C34141,Visa,Fuel,Male,8904.35,Credit,Swiggy,Utilities,Approved
n102574,2026-01-13,Vizag,C11158,Amex,Fuel,Female,6111.96,NetBanking,Zomato,E-commerce,Declined
n102575,2026-01-27,Chennai,C38402,Amex,Fuel,Female,2115.08,Credit,DMart,Fuel,Declined
n102576,2026-06-14,Delhi,C57422,RuPay,Travel,Female,15177.15,Credit,IOCL,Travel,Declined
n102577,2026-04-10,Bengaluru,C88648,MasterCard,Dining,Female,12513.06,Credit,HPCL,Food,Approved
n102578,2026-06-26,Kolkata,C28529,Amex,Groceries,Female,10079.72,Credit,IOCL,Food,Declined
n102579,2026-05-20,Mumbai,C13310,RuPay,Travel,Female,5266.08,Credit,IRCTC,Fuel,Declined
n102580,2026-03-15,Hyderabad,C31741,MasterCard,Groceries,Female,16713.7,Credit,Swiggy,Travel,Declined
n102581,2026-04-08,Chennai,C74780,Amex,Groceries,Male,121.13,NetBanking,DMart,E-commerce,Declined
n102582,2026-04-17,Bengaluru,C99679,RuPay,Groceries,Male,9427.37,UPI,IRCTC,E-commerce,Declined
n102583,2026-05-17,Kolkata,C37159,Amex,Travel,Female,777.61,UPI,IOCL,Travel,Declined
n102584,2026-05-18,Kolkata,C87746,Amex,Fuel,Male,9497.37,NetBanking,IRCTC,E-commerce,Approved
n102585,2026-03-13,Mumbai,C73756,MasterCard,Dining,Male,17283.37,Credit,Zomato,Fuel,Approved
n102586,2026-02-07,Bengaluru,C96680,MasterCard,Dining,Male,9644.21,NetBanking,IRCTC,Travel,Approved
n102587,2026-01-12,Delhi,C16537,Amex,Utilities,Male,14517.33,Credit,HPCL,Retail,Approved
n102588,2026-05-12,Chennai,C46800,Amex,Fuel,Male,608.51,NetBanking,DMart,Food,Declined
n102589,2026-06-16,Hyderabad,C72974,RuPay,Utilities,Female,13192.93,NetBanking,Swiggy,Fuel,Declined
n102590,2026-03-14,Vizag,C91825,Visa,Travel,Male,23253.48,Credit,DMart,Food,Approved
n102591,2026-01-29,Delhi,C81602,Amex,Travel,Female,8963.06,NetBanking,DMart,Fuel,Approved
n102592,2026-01-03,Kolkata,C20088,Amex,Groceries,Female,10218.92,Credit,DMart,Food,Approved
n102593,2026-01-25,Chennai,C88168,Amex,Travel,Female,11270.92,Credit,IOCL,E-commerce,Declined
n102594,2026-06-02,Delhi,C89796,Amex,Groceries,Female,22855.01,NetBanking,DMart,E-commerce,Approved
n102595,2026-05-15,Hyderabad,C61375,MasterCard,Utilities,Male,2934.33,Credit,Amazon,Food,Approved
n102596,2026-04-20,Vizag,C55620,MasterCard,Utilities,Male,2961.49,Credit,IRCTC,Food,Approved
n102597,2026-03-03,Bengaluru,C71630,RuPay,Travel,Male,18882.39,Credit,Swiggy,Utilities,Approved
n102598,2026-03-04,Vizag,C98153,MasterCard,Shopping,Female,18768.4,UPI,Zomato,Fuel,Approved
n102599,2026-03-29,Kolkata,C40725,Visa,Groceries,Female,21280.22,NetBanking,IRCTC,Fuel,Approved
n102600,2026-02-07,Pune,C54829,Visa,Dining,Female,1836.52,NetBanking,Reliance,Travel,Approved
n102601,2026-06-11,Delhi,C74688,Amex,Groceries,Male,20490.62,Credit,IRCTC,Food,Approved
n102602,2026-02-01,Kolkata,C40575,RuPay,Travel,Female,2531.93,Credit,Swiggy,Travel,Approved
n102603,2026-01-25,Pune,C61067,MasterCard,Fuel,Male,316.06,UPI,IOCL,Fuel,Declined
n102604,2026-06-09,Hyderabad,C95277,Amex,Utilities,Female,9122.83,NetBanking,HPCL,Retail,Declined
n102605,2026-01-09,Chennai,C24104,Amex,Dining,Male,8282.69,Credit,IOCL,Food,Approved
n102606,2026-01-18,Mumbai,C38284,Amex,Groceries,Female,11375.25,UPI,Reliance,E-commerce,Declined
n102607,2026-06-18,Mumbai,C48500,Visa,Utilities,Male,7710.18,NetBanking,Reliance,Utilities,Approved
n102608,2026-03-11,Bengaluru,C90835,MasterCard,Fuel,Female,16875.36,Credit,Reliance,Utilities,Approved
n102609,2026-04-22,Pune,C50441,Visa,Fuel,Male,16255.46,UPI,Swiggy,Travel,Approved
n102610,2026-03-17,Delhi,C30355,Visa,Groceries,Female,6191.8,UPI,Amazon,Utilities,Declined
n102611,2026-04-23,Kolkata,C56011,Visa,Fuel,Female,16468.51,UPI,IOCL,Travel,Approved
n102612,2026-06-06,Delhi,C23506,RuPay,Dining,Female,4890.9,NetBanking,DMart,Retail,Declined
n102613,2026-01-10,Pune,C50769,MasterCard,Travel,Female,24753.95,NetBanking,Amazon,Fuel,Approved
n102614,2026-04-09,Bengaluru,C97477,Visa,Fuel,Male,8025.82,UPI,Swiggy,Retail,Approved
n102615,2026-01-10,Chennai,C41701,Amex,Dining,Female,10876.28,NetBanking,IOCL,Fuel,Approved
n102616,2026-02-12,Pune,C40635,MasterCard,Shopping,Female,2422.44,UPI,DMart,E-commerce,Approved
n102617,2026-06-05,Hyderabad,C91410,MasterCard,Travel,Male,7083.02,NetBanking,Reliance,Travel,Approved
n102618,2026-04-07,Kolkata,C98257,MasterCard,Shopping,Male,6826.96,Credit,IRCTC,Travel,Approved
n102619,2026-03-02,Delhi,C37353,Amex,Travel,Male,23482.86,NetBanking,IOCL,Food,Declined
n102620,2026-01-10,Kolkata,C57444,RuPay,Groceries,Female,6302.33,NetBanking,Reliance,Food,Approved
n102621,2026-05-22,Pune,C55026,Visa,Dining,Female,5184.64,Credit,Zomato,Retail,Declined
n102622,2026-06-05,Delhi,C72862,Visa,Groceries,Female,20186.05,NetBanking,IOCL,Travel,Declined
n102623,2026-02-23,Pune,C88766,Visa,Dining,Female,8270.62,UPI,HPCL,E-commerce,Approved
n102624,2026-01-02,Hyderabad,C87583,RuPay,Travel,Male,13806.92,UPI,IRCTC,Travel,Declined
n102625,2026-06-06,Kolkata,C97420,Amex,Shopping,Female,10799.52,NetBanking,Swiggy,Food,Approved
n102626,2026-04-15,Bengaluru,C69975,Visa,Dining,Male,2216.59,UPI,HPCL,E-commerce,Approved
n102627,2026-01-07,Mumbai,C78629,RuPay,Utilities,Female,2655.46,UPI,HPCL,Travel,Declined
n102628,2026-04-21,Pune,C10006,RuPay,Fuel,Female,23597.7,NetBanking,DMart,Food,Declined
n102629,2026-06-19,Delhi,C44178,MasterCard,Groceries,Female,17387.93,UPI,IOCL,Fuel,Declined
n102630,2026-01-05,Delhi,C52494,Visa,Utilities,Female,19560.34,UPI,IRCTC,Food,Declined
n102631,2026-03-21,Hyderabad,C27788,RuPay,Groceries,Female,1895.31,NetBanking,Reliance,Travel,Declined
n102632,2026-02-01,Delhi,C14363,MasterCard,Travel,Male,24510.41,NetBanking,IRCTC,Fuel,Declined
n102633,2026-06-30,Vizag,C66076,MasterCard,Dining,Female,12902.64,Credit,IOCL,Retail,Declined
n102634,2026-05-27,Mumbai,C63373,Visa,Utilities,Female,4976.97,NetBanking,Zomato,Retail,Approved
n102635,2026-01-22,Hyderabad,C20415,MasterCard,Dining,Female,15066.95,Credit,IRCTC,E-commerce,Declined
n102636,2026-06-14,Pune,C29323,Amex,Dining,Female,13152.1,UPI,Amazon,Retail,Declined
n102637,2026-03-25,Kolkata,C29225,Visa,Groceries,Female,5469.24,UPI,Swiggy,Retail,Declined
n102638,2026-04-14,Kolkata,C42060,MasterCard,Fuel,Male,16889.2,Credit,IRCTC,Retail,Declined
n102639,2026-04-23,Kolkata,C21636,Amex,Utilities,Male,11267.48,Credit,DMart,Food,Declined
n102640,2026-03-13,Pune,C70422,Amex,Dining,Male,16912.53,Credit,IOCL,Retail,Declined
n102641,2026-04-24,Pune,C15392,Amex,Dining,Female,19610.56,UPI,Swiggy,Utilities,Declined
n102642,2026-06-16,Mumbai,C47389,RuPay,Groceries,Female,21226.2,UPI,HPCL,Travel,Approved
n102643,2026-03-03,Vizag,C61025,Amex,Dining,Female,7106.67,UPI,Reliance,E-commerce,Declined
n102644,2026-04-18,Vizag,C56490,Visa,Travel,Female,8833.23,UPI,DMart,E-commerce,Declined
n102645,2026-05-01,Mumbai,C95424,MasterCard,Fuel,Male,19740.28,NetBanking,Amazon,Fuel,Declined
n102646,2026-01-09,Kolkata,C58837,Amex,Travel,Male,6129.99,UPI,Swiggy,Travel,Approved
n102647,2026-05-15,Pune,C95812,Amex,Travel,Male,8614.72,Credit,IRCTC,Utilities,Approved
n102648,2026-04-16,Kolkata,C14180,Visa,Fuel,Female,11713.73,NetBanking,DMart,E-commerce,Approved
n102649,2026-03-04,Delhi,C86665,RuPay,Dining,Male,2058.74,NetBanking,IOCL,Travel,Approved
n102650,2026-01-23,Bengaluru,C99502,RuPay,Shopping,Male,18747.01,UPI,Swiggy,Food,Declined
n102651,2026-01-20,Delhi,C50162,Amex,Dining,Female,23090.59,NetBanking,IOCL,Fuel,Declined
n102652,2026-06-21,Hyderabad,C46787,Amex,Utilities,Female,10057.39,NetBanking,IOCL,Fuel,Approved
n102653,2026-06-07,Hyderabad,C58872,MasterCard,Travel,Female,8643.03,NetBanking,Zomato,E-commerce,Approved
n102654,2026-03-12,Chennai,C40496,MasterCard,Fuel,Male,14398.86,Credit,HPCL,Food,Declined
n102655,2026-01-05,Pune,C46469,Amex,Utilities,Male,15616.23,UPI,Reliance,Retail,Approved
n102656,2026-03-06,Hyderabad,C56472,Visa,Groceries,Male,13345.16,UPI,Amazon,Travel,Declined
n102657,2026-03-20,Vizag,C41933,MasterCard,Shopping,Male,6407.93,NetBanking,Zomato,Retail,Declined
n102658,2026-04-27,Delhi,C49642,MasterCard,Fuel,Male,8250.13,UPI,Swiggy,E-commerce,Approved
n102659,2026-06-22,Chennai,C39613,Amex,Utilities,Male,20973.74,Credit,IOCL,Food,Declined
n102660,2026-05-08,Vizag,C49642,Visa,Groceries,Male,24237.43,UPI,DMart,Fuel,Approved
n102661,2026-01-03,Chennai,C56575,RuPay,Groceries,Female,22527.48,UPI,Zomato,Fuel,Approved
n102662,2026-03-31,Mumbai,C91526,RuPay,Utilities,Male,17374.78,UPI,Zomato,Travel,Approved
n102663,2026-05-28,Delhi,C98790,Visa,Groceries,Female,8324.27,NetBanking,DMart,Food,Declined
n102664,2026-03-30,Chennai,C38197,MasterCard,Fuel,Male,7845.12,NetBanking,DMart,Fuel,Approved
n102665,2026-01-15,Mumbai,C79844,Visa,Travel,Female,4808.06,Credit,Reliance,Travel,Approved
n102666,2026-01-27,Pune,C85265,Amex,Utilities,Male,24454.07,Credit,DMart,Retail,Approved
n102667,2026-05-12,Pune,C30281,Amex,Groceries,Female,2357.88,Credit,Swiggy,Utilities,Declined
n102668,2026-01-23,Mumbai,C42697,Visa,Travel,Female,9124.84,Credit,DMart,Travel,Approved
n102669,2026-01-10,Mumbai,C17718,RuPay,Travel,Male,11299.53,NetBanking,DMart,Utilities,Approved
n102670,2026-01-13,Kolkata,C57259,RuPay,Utilities,Female,8062.19,UPI,IOCL,Retail,Declined
n102671,2026-03-25,Delhi,C25686,MasterCard,Shopping,Male,3619.84,NetBanking,Swiggy,Travel,Approved
n102672,2026-01-15,Kolkata,C50211,Visa,Shopping,Male,670.4,Credit,IOCL,Utilities,Declined
n102673,2026-06-26,Bengaluru,C12263,Visa,Utilities,Male,4084.93,UPI,Reliance,Utilities,Approved
n102674,2026-04-14,Chennai,C64709,MasterCard,Groceries,Male,15857.21,UPI,Zomato,Utilities,Declined
n102675,2026-02-13,Kolkata,C91039,Amex,Groceries,Male,13274.05,NetBanking,Swiggy,Food,Approved
n102676,2026-01-01,Hyderabad,C55254,MasterCard,Groceries,Female,12357.69,Credit,HPCL,E-commerce,Approved
n102677,2026-02-10,Chennai,C13998,Visa,Utilities,Female,22830.44,UPI,Zomato,Fuel,Declined
n102678,2026-02-02,Delhi,C35083,Amex,Fuel,Male,15290.5,Credit,Swiggy,Travel,Approved
n102679,2026-01-12,Pune,C98721,Visa,Utilities,Male,22846.83,NetBanking,IOCL,E-commerce,Declined
n102680,2026-01-12,Delhi,C82406,Visa,Groceries,Male,6627.47,UPI,Zomato,Travel,Declined
n102681,2026-03-09,Vizag,C62315,RuPay,Fuel,Male,6503.67,Credit,Zomato,Food,Declined
n102682,2026-06-26,Delhi,C36769,Visa,Fuel,Female,8297.8,UPI,IOCL,Retail,Approved
n102683,2026-05-12,Vizag,C79578,Amex,Utilities,Female,8755.11,NetBanking,IRCTC,E-commerce,Approved
n102684,2026-04-10,Hyderabad,C64616,MasterCard,Groceries,Male,22129.55,Credit,IRCTC,Fuel,Declined
n102685,2026-01-03,Delhi,C73175,RuPay,Utilities,Female,22573.51,Credit,Amazon,Retail,Approved
n102686,2026-02-23,Pune,C25892,RuPay,Shopping,Female,18273.33,NetBanking,Reliance,Utilities,Declined
n102687,2026-03-20,Bengaluru,C87217,Visa,Travel,Female,20241.09,NetBanking,Amazon,Travel,Approved
n102688,2026-03-20,Vizag,C26796,MasterCard,Shopping,Female,22079.35,NetBanking,IOCL,Food,Approved
n102689,2026-06-13,Hyderabad,C83976,RuPay,Utilities,Male,3239.75,NetBanking,IOCL,Food,Approved
n102690,2026-05-23,Delhi,C76916,Amex,Utilities,Female,20884.36,UPI,IOCL,Utilities,Approved
n102691,2026-06-01,Chennai,C58176,MasterCard,Groceries,Male,17950.91,Credit,DMart,Fuel,Approved
n102692,2026-02-09,Mumbai,C58957,MasterCard,Fuel,Female,22467.12,NetBanking,Zomato,Food,Declined
n102693,2026-06-24,Kolkata,C73564,Amex,Utilities,Female,12609.31,NetBanking,IOCL,Travel,Declined
n102694,2026-05-22,Mumbai,C72866,RuPay,Utilities,Female,14405.85,NetBanking,HPCL,Travel,Approved
n102695,2026-01-21,Mumbai,C56846,MasterCard,Fuel,Female,8127.19,UPI,Zomato,Fuel,Approved
n102696,2026-05-09,Vizag,C45984,Amex,Travel,Male,24177.5,Credit,Swiggy,Fuel,Declined
n102697,2026-06-25,Chennai,C66169,Amex,Travel,Male,20991.86,NetBanking,DMart,Fuel,Declined
n102698,2026-04-19,Delhi,C53862,MasterCard,Travel,Female,8954.26,UPI,DMart,Travel,Declined
n102699,2026-03-21,Bengaluru,C90134,Amex,Dining,Female,6015.81,NetBanking,Amazon,E-commerce,Approved
n102700,2026-03-31,Chennai,C17998,Visa,Dining,Male,20944.38,Credit,Zomato,Fuel,Declined
n102701,2026-06-16,Chennai,C32616,RuPay,Groceries,Male,13155.71,NetBanking,IRCTC,Travel,Approved
n102702,2026-05-03,Kolkata,C63767,Visa,Shopping,Female,10953.76,NetBanking,Amazon,E-commerce,Approved
n102703,2026-03-12,Hyderabad,C36736,MasterCard,Travel,Male,1892.54,UPI,IRCTC,Food,Approved
n102704,2026-04-06,Kolkata,C62460,Amex,Fuel,Female,8224.77,UPI,IOCL,E-commerce,Declined
n102705,2026-03-04,Chennai,C61504,Visa,Shopping,Female,12165.44,UPI,IOCL,Utilities,Approved
n102706,2026-05-07,Chennai,C16301,RuPay,Utilities,Male,9937.68,NetBanking,Swiggy,Fuel,Approved
n102707,2026-01-28,Chennai,C79561,RuPay,Dining,Female,18498.26,NetBanking,Reliance,Fuel,Declined
n102708,2026-01-11,Chennai,C21205,RuPay,Travel,Male,13971.36,Credit,HPCL,Food,Declined
n102709,2026-03-23,Chennai,C21710,MasterCard,Dining,Male,10477.95,Credit,Zomato,Food,Declined
n102710,2026-06-14,Delhi,C47823,Amex,Fuel,Female,14073.35,Credit,HPCL,Travel,Approved
n102711,2026-06-20,Bengaluru,C89580,Visa,Dining,Female,9428.64,Credit,Reliance,Fuel,Declined
n102712,2026-03-18,Bengaluru,C50215,MasterCard,Travel,Male,16837.39,UPI,Swiggy,Fuel,Approved
n102713,2026-05-14,Mumbai,C77810,RuPay,Utilities,Female,6875.62,UPI,IOCL,Travel,Declined
n102714,2026-03-23,Hyderabad,C73099,Visa,Travel,Female,7644.51,NetBanking,Swiggy,Utilities,Approved
n102715,2026-06-13,Delhi,C39183,Amex,Shopping,Female,16465.34,Credit,Zomato,Food,Approved
n102716,2026-02-06,Hyderabad,C86318,RuPay,Shopping,Male,12223.23,NetBanking,IRCTC,Travel,Approved
n102717,2026-03-30,Mumbai,C57178,Amex,Dining,Male,24853.32,NetBanking,Amazon,E-commerce,Approved
n102718,2026-03-27,Delhi,C70600,Amex,Groceries,Female,15402.58,UPI,IRCTC,Utilities,Approved
n102719,2026-06-18,Delhi,C80327,Amex,Groceries,Male,8874.7,UPI,HPCL,Fuel,Declined
n102720,2026-04-13,Delhi,C23613,MasterCard,Travel,Female,16239.13,NetBanking,HPCL,Travel,Approved
n102721,2026-04-11,Pune,C95026,RuPay,Dining,Male,15527.41,UPI,Reliance,Retail,Approved
n102722,2026-05-18,Pune,C58874,RuPay,Shopping,Male,20866.35,NetBanking,Zomato,Food,Declined
n102723,2026-05-05,Pune,C75743,Visa,Utilities,Female,10121.05,Credit,Swiggy,Utilities,Approved
n102724,2026-02-19,Kolkata,C31973,MasterCard,Groceries,Female,11156.59,UPI,Amazon,Food,Approved
n102725,2026-03-06,Kolkata,C87712,Amex,Utilities,Male,6436.69,UPI,HPCL,Utilities,Approved
n102726,2026-03-16,Bengaluru,C82872,RuPay,Utilities,Female,14340.45,Credit,IRCTC,Food,Declined
n102727,2026-04-06,Kolkata,C14860,Visa,Dining,Male,4854.99,UPI,DMart,E-commerce,Approved
n102728,2026-04-28,Pune,C90710,Visa,Utilities,Male,18973.66,UPI,Amazon,Food,Declined
n102729,2026-05-27,Delhi,C85317,Visa,Dining,Female,17548.15,Credit,Zomato,Travel,Approved
n102730,2026-04-12,Chennai,C24397,RuPay,Shopping,Male,16648.1,NetBanking,IOCL,Food,Declined
n102731,2026-06-23,Mumbai,C56260,MasterCard,Dining,Female,24996.44,UPI,Zomato,Utilities,Declined
n102732,2026-01-12,Vizag,C17575,Amex,Groceries,Male,13396.06,Credit,Swiggy,E-commerce,Approved
n102733,2026-03-01,Pune,C23955,MasterCard,Shopping,Male,1952.83,Credit,Amazon,Fuel,Declined
n102734,2026-03-21,Chennai,C74552,RuPay,Shopping,Male,10862.11,NetBanking,IRCTC,Travel,Declined
n102735,2026-05-26,Kolkata,C67885,Visa,Utilities,Female,13051.99,Credit,IRCTC,Utilities,Approved
n102736,2026-06-20,Hyderabad,C69805,MasterCard,Travel,Female,21102.67,NetBanking,Reliance,Food,Approved
n102737,2026-05-12,Chennai,C54919,MasterCard,Utilities,Female,6008.39,NetBanking,HPCL,Fuel,Declined
n102738,2026-01-18,Chennai,C76398,Amex,Dining,Male,2302.67,Credit,Reliance,Retail,Approved
n102739,2026-01-20,Delhi,C92132,MasterCard,Travel,Male,20147.09,Credit,DMart,Fuel,Declined
n102740,2026-06-14,Chennai,C53666,RuPay,Dining,Female,11342.47,UPI,Swiggy,Food,Declined
n102741,2026-06-29,Mumbai,C33706,RuPay,Utilities,Female,7076.08,Credit,DMart,Fuel,Approved
n102742,2026-06-26,Pune,C21184,MasterCard,Dining,Female,4770.75,Credit,Zomato,Retail,Approved
n102743,2026-02-22,Bengaluru,C87740,MasterCard,Dining,Female,12873.48,Credit,Swiggy,Food,Approved
n102744,2026-03-08,Kolkata,C97917,MasterCard,Groceries,Male,23658.35,UPI,IRCTC,Retail,Approved
n102745,2026-03-24,Delhi,C17820,Visa,Fuel,Male,11128.61,NetBanking,IRCTC,Food,Approved
n102746,2026-02-20,Hyderabad,C76605,Amex,Dining,Female,11770.95,UPI,Amazon,Utilities,Approved
n102747,2026-04-18,Vizag,C67080,Visa,Shopping,Male,19409.44,UPI,Reliance,Utilities,Declined
n102748,2026-01-01,Vizag,C65190,Amex,Utilities,Male,15949.06,Credit,DMart,Food,Approved
n102749,2026-01-11,Delhi,C81512,Amex,Shopping,Male,16453.59,Credit,IOCL,Fuel,Approved
n102750,2026-01-12,Mumbai,C97986,MasterCard,Dining,Female,16393.1,UPI,Swiggy,Fuel,Declined
n102751,2026-04-30,Delhi,C24311,Visa,Dining,Male,8140.24,NetBanking,IRCTC,Fuel,Approved
n102752,2026-04-10,Delhi,C84596,Visa,Shopping,Female,16164.81,Credit,Swiggy,Retail,Declined
n102753,2026-06-19,Bengaluru,C88142,Amex,Utilities,Male,3172.23,Credit,Zomato,Fuel,Approved
n102754,2026-02-18,Kolkata,C81411,MasterCard,Shopping,Female,11667.22,Credit,HPCL,Travel,Approved
n102755,2026-01-31,Pune,C42322,Visa,Shopping,Male,15976.65,UPI,Reliance,Travel,Approved
n102756,2026-04-13,Hyderabad,C28428,MasterCard,Fuel,Female,14327.53,Credit,HPCL,Travel,Declined
n102757,2026-05-12,Hyderabad,C28555,MasterCard,Groceries,Female,13676.39,NetBanking,Swiggy,Retail,Approved
n102758,2026-01-02,Kolkata,C57459,Amex,Groceries,Female,21296.95,UPI,Swiggy,Travel,Declined
n102759,2026-04-07,Mumbai,C55240,Visa,Fuel,Male,18386.68,UPI,Amazon,E-commerce,Approved
n102760,2026-05-20,Mumbai,C34824,Visa,Shopping,Female,9254.32,NetBanking,HPCL,Fuel,Approved
n102761,2026-02-26,Pune,C89023,Amex,Fuel,Female,23230.78,Credit,HPCL,Utilities,Approved
n102762,2026-02-19,Hyderabad,C55272,Amex,Shopping,Female,22698.11,NetBanking,Swiggy,E-commerce,Approved
n102763,2026-03-06,Kolkata,C10630,RuPay,Fuel,Female,6408.91,Credit,Zomato,Retail,Approved
n102764,2026-04-25,Kolkata,C83218,RuPay,Fuel,Female,19122.7,UPI,HPCL,Food,Declined
n102765,2026-01-16,Hyderabad,C60826,RuPay,Groceries,Female,8182.48,NetBanking,HPCL,Utilities,Approved
n102766,2026-01-21,Vizag,C40976,Visa,Groceries,Male,4508.47,NetBanking,IOCL,Utilities,Declined
n102767,2026-03-27,Vizag,C44606,RuPay,Fuel,Male,7624.65,UPI,Amazon,Fuel,Declined
n102768,2026-06-29,Vizag,C38471,Visa,Shopping,Male,24771.6,UPI,Amazon,Travel,Declined
n102769,2026-02-11,Vizag,C16745,Amex,Shopping,Female,20458.95,NetBanking,Swiggy,Food,Declined
n102770,2026-01-31,Bengaluru,C24090,Visa,Dining,Female,9865.9,UPI,Zomato,Travel,Declined
n102771,2026-04-18,Pune,C70468,MasterCard,Shopping,Female,3877.35,UPI,IRCTC,Travel,Declined
n102772,2026-03-10,Hyderabad,C36636,Visa,Shopping,Female,23920.29,UPI,Zomato,Utilities,Declined
n102773,2026-01-03,Kolkata,C59670,MasterCard,Utilities,Female,1785.22,NetBanking,Reliance,Food,Declined
n102774,2026-01-09,Vizag,C67764,Amex,Dining,Female,11762.85,NetBanking,IRCTC,Fuel,Declined
n102775,2026-02-06,Kolkata,C39205,Amex,Dining,Male,21995.61,UPI,DMart,Utilities,Approved
n102776,2026-01-15,Vizag,C41242,RuPay,Fuel,Male,13892.08,UPI,Reliance,Retail,Approved
n102777,2026-04-15,Chennai,C47672,MasterCard,Groceries,Male,4895.55,Credit,Amazon,Retail,Approved
n102778,2026-06-07,Mumbai,C43060,RuPay,Dining,Male,19708.7,NetBanking,Amazon,Food,Declined
n102779,2026-02-28,Hyderabad,C62275,RuPay,Utilities,Male,4849.16,UPI,IOCL,Travel,Approved
n102780,2026-06-03,Delhi,C21841,MasterCard,Shopping,Female,6136.76,NetBanking,Amazon,E-commerce,Declined
n102781,2026-03-09,Delhi,C79607,RuPay,Travel,Female,19518.82,UPI,IRCTC,E-commerce,Approved
n102782,2026-05-29,Hyderabad,C43544,MasterCard,Travel,Female,24080.83,Credit,Amazon,Travel,Approved
n102783,2026-04-24,Kolkata,C49673,MasterCard,Travel,Female,20037.79,UPI,IOCL,Fuel,Declined
n102784,2026-05-20,Kolkata,C13593,MasterCard,Fuel,Male,18080.46,Credit,Reliance,E-commerce,Approved
n102785,2026-01-20,Vizag,C14480,Visa,Shopping,Female,14048.55,UPI,IRCTC,Fuel,Approved
n102786,2026-05-19,Vizag,C84168,Amex,Groceries,Female,5154.27,NetBanking,DMart,Travel,Approved
n102787,2026-03-21,Pune,C63568,MasterCard,Shopping,Male,11899.85,NetBanking,IOCL,Travel,Declined
n102788,2026-01-30,Kolkata,C11093,MasterCard,Groceries,Male,13593.36,NetBanking,Amazon,Food,Approved
n102789,2026-01-05,Pune,C20299,Visa,Groceries,Female,7874.26,NetBanking,DMart,Retail,Approved
n102790,2026-02-07,Chennai,C95994,Visa,Fuel,Female,9085.22,UPI,Swiggy,E-commerce,Declined
n102791,2026-03-12,Vizag,C91200,MasterCard,Utilities,Male,1483.29,UPI,IOCL,Food,Approved
n102792,2026-04-30,Pune,C95227,Visa,Fuel,Female,4360.82,NetBanking,HPCL,Travel,Declined
n102793,2026-02-13,Hyderabad,C40121,Amex,Fuel,Female,13410.39,UPI,Swiggy,Utilities,Approved
n102794,2026-02-21,Hyderabad,C85086,RuPay,Shopping,Female,3629.79,Credit,IRCTC,Food,Approved
n102795,2026-04-20,Hyderabad,C21524,RuPay,Travel,Female,24447.8,Credit,IRCTC,Retail,Declined
n102796,2026-05-05,Bengaluru,C45113,RuPay,Shopping,Male,15561.92,UPI,Amazon,E-commerce,Declined
n102797,2026-01-12,Bengaluru,C84120,Amex,Dining,Female,16765.8,Credit,Reliance,Travel,Approved
n102798,2026-05-27,Chennai,C16058,Visa,Shopping,Male,13787.75,NetBanking,Zomato,Retail,Approved
n102799,2026-02-28,Chennai,C84069,Amex,Fuel,Female,14426.19,Credit,HPCL,Fuel,Declined
n102800,2026-05-10,Chennai,C87776,Visa,Travel,Female,22870.69,Credit,DMart,Food,Approved
n102801,2026-06-04,Vizag,C20915,RuPay,Shopping,Male,24342.53,UPI,Zomato,Food,Declined
n102802,2026-06-28,Bengaluru,C50602,MasterCard,Travel,Female,20685.47,NetBanking,IOCL,Retail,Declined
n102803,2026-02-03,Pune,C88812,Visa,Shopping,Male,17358.21,Credit,Swiggy,Utilities,Declined
n102804,2026-04-26,Mumbai,C94641,Amex,Utilities,Female,12052.41,UPI,Swiggy,Retail,Declined
n102805,2026-02-20,Pune,C49885,Amex,Shopping,Female,4203.29,UPI,Zomato,Food,Approved
n102806,2026-03-28,Kolkata,C50289,MasterCard,Shopping,Male,20889.45,NetBanking,Amazon,Retail,Declined
n102807,2026-05-17,Hyderabad,C93978,RuPay,Groceries,Female,11825.42,UPI,Amazon,Utilities,Approved
n102808,2026-01-13,Delhi,C11243,Visa,Dining,Female,12124.94,UPI,IOCL,Retail,Declined
n102809,2026-02-12,Kolkata,C60062,MasterCard,Groceries,Female,6616.31,Credit,Amazon,Retail,Declined
n102810,2026-06-03,Mumbai,C16953,Visa,Utilities,Female,23081.52,NetBanking,Amazon,E-commerce,Declined
n102811,2026-02-07,Vizag,C41683,Visa,Utilities,Male,18828.34,Credit,Reliance,Food,Declined
n102812,2026-01-17,Delhi,C74401,RuPay,Dining,Male,21982.17,NetBanking,DMart,Fuel,Declined
n102813,2026-02-02,Mumbai,C38498,RuPay,Shopping,Female,11264.54,UPI,Reliance,Retail,Approved
n102814,2026-06-15,Pune,C90800,Amex,Utilities,Female,22798.69,UPI,HPCL,E-commerce,Declined
n102815,2026-03-05,Hyderabad,C32126,MasterCard,Dining,Male,18569.67,UPI,IRCTC,Food,Declined
n102816,2026-01-03,Hyderabad,C36580,MasterCard,Shopping,Male,14408.77,NetBanking,Amazon,Food,Declined
n102817,2026-04-27,Kolkata,C18854,RuPay,Travel,Male,11345.09,UPI,IRCTC,Utilities,Declined
n102818,2026-03-23,Delhi,C96331,Visa,Utilities,Female,4483.3,Credit,DMart,Food,Declined
n102819,2026-06-03,Chennai,C18017,Amex,Dining,Female,20304.48,UPI,IRCTC,Fuel,Approved
n102820,2026-03-20,Mumbai,C99641,Amex,Shopping,Male,7001.7,Credit,Reliance,Utilities,Declined
n102821,2026-02-14,Vizag,C83129,MasterCard,Travel,Female,5033.39,NetBanking,DMart,Retail,Approved
n102822,2026-01-06,Vizag,C40466,RuPay,Travel,Male,15763.88,NetBanking,IRCTC,E-commerce,Approved
n102823,2026-02-28,Kolkata,C50661,Visa,Groceries,Male,7398.69,UPI,Swiggy,E-commerce,Declined
n102824,2026-02-18,Vizag,C30615,Visa,Groceries,Male,8736.33,UPI,DMart,Food,Approved
n102825,2026-02-02,Mumbai,C27310,RuPay,Fuel,Male,12238.09,Credit,Zomato,Travel,Declined
n102826,2026-05-17,Vizag,C17096,RuPay,Utilities,Male,6907.23,Credit,Swiggy,Travel,Declined
n102827,2026-03-20,Bengaluru,C20314,MasterCard,Travel,Female,21410.69,Credit,Zomato,Retail,Approved
n102828,2026-05-05,Bengaluru,C86858,Visa,Groceries,Female,22595.12,UPI,IRCTC,Utilities,Declined
n102829,2026-06-06,Delhi,C18962,Amex,Fuel,Female,17330.96,UPI,Zomato,Food,Approved
n102830,2026-04-11,Kolkata,C40227,MasterCard,Shopping,Male,24518.47,UPI,IRCTC,E-commerce,Declined
n102831,2026-01-31,Kolkata,C27580,Visa,Utilities,Female,22305.25,NetBanking,IOCL,Retail,Declined
n102832,2026-02-03,Hyderabad,C10101,Amex,Dining,Male,7885.26,UPI,Reliance,E-commerce,Declined
n102833,2026-06-05,Kolkata,C75663,RuPay,Utilities,Female,14931.6,UPI,DMart,Travel,Approved
n102834,2026-06-25,Mumbai,C65372,Visa,Shopping,Male,18654.56,NetBanking,Amazon,E-commerce,Approved
n102835,2026-01-21,Delhi,C64735,Visa,Fuel,Male,15037.4,UPI,DMart,Fuel,Approved
n102836,2026-01-10,Delhi,C61214,Visa,Dining,Male,13916.08,Credit,IOCL,Fuel,Declined
n102837,2026-05-18,Pune,C21612,RuPay,Dining,Male,24825.98,NetBanking,Amazon,Utilities,Declined
n102838,2026-03-27,Kolkata,C82981,MasterCard,Dining,Female,4484.82,Credit,Amazon,Food,Approved
n102839,2026-05-05,Chennai,C10232,Visa,Utilities,Female,11240.97,NetBanking,IRCTC,Food,Approved
n102840,2026-04-01,Kolkata,C47056,Visa,Dining,Male,18206.08,NetBanking,Amazon,Fuel,Approved
n102841,2026-01-13,Kolkata,C89122,Amex,Shopping,Female,2670.68,UPI,Zomato,Travel,Approved
n102842,2026-04-16,Vizag,C20411,RuPay,Dining,Female,6659.54,Credit,IOCL,Food,Declined
n102843,2026-04-26,Pune,C18962,RuPay,Dining,Male,2191.63,UPI,Zomato,Food,Approved
n102844,2026-03-31,Pune,C62713,MasterCard,Travel,Male,23160.6,Credit,Amazon,Utilities,Declined
n102845,2026-02-23,Chennai,C12130,Visa,Groceries,Female,13278.47,UPI,IOCL,Travel,Approved
n102846,2026-03-03,Vizag,C72497,Amex,Groceries,Male,16957.47,Credit,IOCL,Food,Declined
n102847,2026-01-28,Chennai,C64484,Visa,Travel,Female,13732.9,NetBanking,Reliance,E-commerce,Approved
n102848,2026-02-06,Delhi,C97134,Visa,Groceries,Female,23887.09,UPI,Zomato,Travel,Approved
n102849,2026-06-18,Hyderabad,C54839,RuPay,Shopping,Male,12731.29,NetBanking,Amazon,Utilities,Approved
n102850,2026-05-26,Vizag,C62620,Amex,Groceries,Female,3464.11,UPI,DMart,Food,Approved
n102851,2026-01-04,Mumbai,C46975,MasterCard,Shopping,Male,19333.93,Credit,Amazon,E-commerce,Approved
n102852,2026-03-16,Mumbai,C51008,MasterCard,Shopping,Female,15499.69,Credit,Amazon,Food,Declined
n102853,2026-01-28,Vizag,C84467,Amex,Travel,Female,10391.48,UPI,Reliance,Fuel,Declined
n102854,2026-06-27,Mumbai,C57084,Visa,Shopping,Female,4003.38,UPI,Reliance,Food,Declined
n102855,2026-06-11,Kolkata,C17298,Visa,Groceries,Male,6320.31,Credit,IRCTC,Travel,Approved
n102856,2026-04-06,Kolkata,C71354,Amex,Fuel,Male,9049.7,NetBanking,Zomato,Fuel,Approved
n102857,2026-03-09,Bengaluru,C77709,MasterCard,Shopping,Male,8486.67,UPI,IOCL,Food,Approved
n102858,2026-05-19,Bengaluru,C33552,MasterCard,Shopping,Male,12246.14,NetBanking,Swiggy,Travel,Declined
n102859,2026-06-12,Hyderabad,C86507,Amex,Groceries,Female,2164.15,Credit,HPCL,Food,Declined
n102860,2026-05-22,Delhi,C49681,RuPay,Groceries,Male,3704.22,UPI,Reliance,Travel,Declined
n102861,2026-02-18,Bengaluru,C42023,Amex,Groceries,Female,2012.55,UPI,Amazon,Retail,Approved
n102862,2026-01-29,Hyderabad,C29988,Amex,Utilities,Female,15819.33,Credit,Swiggy,E-commerce,Approved
n102863,2026-06-21,Kolkata,C10839,Amex,Fuel,Male,6665.99,Credit,DMart,E-commerce,Approved
n102864,2026-03-22,Kolkata,C96216,MasterCard,Travel,Female,10289.25,NetBanking,IRCTC,Travel,Approved
n102865,2026-01-12,Mumbai,C44319,Visa,Travel,Male,5030.3,Credit,DMart,E-commerce,Approved
n102866,2026-03-21,Hyderabad,C54801,Visa,Utilities,Male,3998.65,NetBanking,DMart,Food,Approved
n102867,2026-03-21,Delhi,C69039,Visa,Shopping,Female,10410.36,NetBanking,Swiggy,E-commerce,Declined
n102868,2026-04-27,Bengaluru,C48785,Amex,Shopping,Male,1823.3,Credit,DMart,Travel,Declined
n102869,2026-04-10,Delhi,C51248,Amex,Groceries,Male,11497.34,NetBanking,HPCL,Fuel,Declined
n102870,2026-01-14,Vizag,C45091,Visa,Groceries,Male,21460.5,UPI,Swiggy,Travel,Declined
n102871,2026-01-01,Mumbai,C42365,Visa,Utilities,Male,9890.29,NetBanking,Swiggy,E-commerce,Approved
n102872,2026-06-11,Kolkata,C49381,Visa,Fuel,Female,521.34,Credit,IOCL,Food,Declined
n102873,2026-03-01,Bengaluru,C94659,Visa,Travel,Female,23143.95,UPI,IRCTC,E-commerce,Approved
n102874,2026-01-21,Hyderabad,C79968,Amex,Utilities,Female,7453.54,Credit,Reliance,Travel,Approved
n102875,2026-04-12,Hyderabad,C60921,RuPay,Fuel,Male,7094.38,UPI,IOCL,Food,Declined
n102876,2026-05-24,Kolkata,C93306,RuPay,Shopping,Female,12967.44,UPI,Amazon,Utilities,Approved
n102877,2026-04-14,Bengaluru,C13323,Visa,Dining,Female,197.83,Credit,HPCL,Food,Approved
n102878,2026-06-17,Vizag,C51051,RuPay,Shopping,Male,20242.72,Credit,HPCL,Fuel,Approved
n102879,2026-01-29,Bengaluru,C67979,Visa,Shopping,Female,20820.47,Credit,Swiggy,Fuel,Approved
n102880,2026-02-13,Bengaluru,C45133,RuPay,Travel,Male,23625.85,UPI,Zomato,Fuel,Declined
n102881,2026-04-25,Delhi,C39812,MasterCard,Groceries,Female,16623.44,NetBanking,IOCL,Utilities,Declined
n102882,2026-04-06,Chennai,C39990,Visa,Dining,Male,20481.73,NetBanking,IRCTC,Travel,Approved
n102883,2026-01-01,Hyderabad,C50778,MasterCard,Dining,Female,24500.67,Credit,IOCL,Utilities,Approved
n102884,2026-06-07,Vizag,C94881,Amex,Groceries,Male,24861.8,Credit,Swiggy,Food,Approved
n102885,2026-03-11,Vizag,C29953,MasterCard,Utilities,Female,21160.36,UPI,Zomato,Utilities,Approved
n102886,2026-06-09,Chennai,C72804,Amex,Shopping,Female,16628.16,UPI,DMart,Retail,Declined
n102887,2026-05-28,Mumbai,C26301,Amex,Shopping,Female,11063.93,Credit,IOCL,E-commerce,Declined
n102888,2026-04-04,Bengaluru,C72611,MasterCard,Travel,Female,15227.37,Credit,DMart,Food,Approved
n102889,2026-03-28,Hyderabad,C61537,MasterCard,Travel,Female,9889.31,UPI,IRCTC,Fuel,Declined
n102890,2026-01-04,Bengaluru,C48793,RuPay,Travel,Female,222.07,Credit,IRCTC,Travel,Approved
n102891,2026-05-02,Bengaluru,C80910,Amex,Dining,Male,9116.68,Credit,Amazon,Travel,Approved
n102892,2026-06-09,Chennai,C61043,Visa,Fuel,Male,16703.55,Credit,Amazon,E-commerce,Declined
n102893,2026-04-19,Bengaluru,C64431,Visa,Shopping,Female,4893.91,UPI,Swiggy,Utilities,Approved
n102894,2026-02-05,Bengaluru,C40276,Visa,Fuel,Male,16413.2,Credit,Swiggy,Utilities,Declined
n102895,2026-05-27,Hyderabad,C99181,Amex,Dining,Male,4996.39,Credit,DMart,E-commerce,Declined
n102896,2026-06-20,Delhi,C79366,Visa,Dining,Female,23722.32,Credit,IOCL,Travel,Declined
n102897,2026-04-18,Bengaluru,C89417,MasterCard,Groceries,Male,19325.29,NetBanking,Reliance,Retail,Approved
n102898,2026-04-16,Mumbai,C20696,Amex,Travel,Male,12069.24,Credit,IRCTC,E-commerce,Approved
n102899,2026-02-18,Kolkata,C44314,Visa,Utilities,Female,15228.01,UPI,IRCTC,Travel,Approved
n102900,2026-04-16,Vizag,C66956,RuPay,Fuel,Male,3768.81,NetBanking,DMart,Utilities,Approved
n102901,2026-06-18,Chennai,C54995,MasterCard,Shopping,Male,22149.23,NetBanking,IOCL,Food,Approved
n102902,2026-02-14,Kolkata,C88971,MasterCard,Dining,Female,15164.83,NetBanking,Zomato,Retail,Approved
n102903,2026-03-22,Chennai,C90596,Amex,Travel,Female,7601.99,NetBanking,Swiggy,Retail,Declined
n102904,2026-06-30,Kolkata,C76492,Visa,Fuel,Male,7796.85,Credit,IRCTC,E-commerce,Declined
n102905,2026-03-07,Hyderabad,C89298,Visa,Travel,Female,12024.68,UPI,Zomato,Utilities,Declined
n102906,2026-06-02,Hyderabad,C93926,Amex,Utilities,Male,19521.97,NetBanking,HPCL,Fuel,Approved
n102907,2026-02-13,Pune,C85645,Visa,Utilities,Male,493.7,NetBanking,Swiggy,Food,Approved
n102908,2026-04-30,Chennai,C25234,Amex,Groceries,Female,9942.22,Credit,IRCTC,Retail,Approved
n102909,2026-03-24,Delhi,C19497,Visa,Groceries,Female,8683.04,NetBanking,HPCL,Food,Approved
n102910,2026-04-27,Mumbai,C88858,RuPay,Dining,Female,19114.66,Credit,Reliance,Travel,Declined
n102911,2026-03-10,Bengaluru,C19632,Visa,Dining,Male,24692.21,UPI,Amazon,Retail,Declined
n102912,2026-02-07,Pune,C61504,Amex,Dining,Male,2674.91,UPI,Swiggy,Utilities,Approved
n102913,2026-02-22,Mumbai,C14014,Visa,Shopping,Male,9101.19,Credit,Amazon,Utilities,Approved
n102914,2026-05-28,Chennai,C92349,RuPay,Utilities,Male,12830.78,Credit,Reliance,E-commerce,Approved
n102915,2026-05-01,Mumbai,C20908,MasterCard,Utilities,Female,5815.24,UPI,Zomato,Travel,Declined
n102916,2026-02-08,Chennai,C10349,Amex,Groceries,Male,1694.93,UPI,Amazon,Fuel,Declined
n102917,2026-02-05,Vizag,C43211,Visa,Dining,Male,12302.41,NetBanking,IOCL,Retail,Declined
n102918,2026-03-25,Bengaluru,C30579,RuPay,Travel,Female,2375.22,NetBanking,Amazon,E-commerce,Declined
n102919,2026-01-21,Hyderabad,C77275,Visa,Shopping,Female,17247.03,UPI,Reliance,Retail,Declined
n102920,2026-02-14,Mumbai,C16246,Visa,Groceries,Female,367.31,UPI,Reliance,Retail,Approved
n102921,2026-03-24,Hyderabad,C30124,MasterCard,Fuel,Male,16774.67,NetBanking,Reliance,Utilities,Declined
n102922,2026-02-20,Vizag,C53370,MasterCard,Shopping,Male,24517.21,NetBanking,Reliance,Fuel,Approved
n102923,2026-06-05,Bengaluru,C64466,Amex,Groceries,Male,10608.47,UPI,IOCL,Fuel,Declined
n102924,2026-06-23,Delhi,C11212,MasterCard,Groceries,Male,6430.55,UPI,Swiggy,E-commerce,Approved
n102925,2026-04-10,Bengaluru,C67133,Amex,Travel,Female,206.68,NetBanking,Swiggy,Travel,Declined
n102926,2026-05-22,Hyderabad,C23087,RuPay,Utilities,Male,12296.06,UPI,Reliance,Fuel,Declined
n102927,2026-06-27,Chennai,C77597,Visa,Shopping,Male,7463.38,Credit,Zomato,E-commerce,Declined
n102928,2026-01-05,Kolkata,C90645,Amex,Fuel,Male,3142.01,Credit,Zomato,Travel,Approved
n102929,2026-06-28,Mumbai,C31318,MasterCard,Utilities,Male,8176.99,NetBanking,IRCTC,Food,Declined
n102930,2026-06-12,Delhi,C40803,RuPay,Travel,Male,23870.71,NetBanking,Swiggy,Food,Declined
n102931,2026-02-14,Pune,C98652,MasterCard,Shopping,Female,1263.4,Credit,DMart,E-commerce,Declined
n102932,2026-02-10,Pune,C51856,Amex,Groceries,Female,11188.5,NetBanking,Reliance,Food,Approved
n102933,2026-02-26,Bengaluru,C68345,RuPay,Shopping,Male,24237.31,Credit,Swiggy,Travel,Approved
n102934,2026-06-30,Vizag,C25431,Amex,Fuel,Female,20687.75,Credit,Reliance,Fuel,Approved
n102935,2026-04-05,Pune,C48668,RuPay,Shopping,Male,1225.37,NetBanking,Zomato,Fuel,Declined
n102936,2026-04-24,Pune,C68316,Amex,Shopping,Male,2763.67,Credit,HPCL,Fuel,Approved
n102937,2026-01-05,Delhi,C53431,Amex,Dining,Male,11109.58,UPI,Zomato,Utilities,Approved
n102938,2026-01-23,Kolkata,C10073,RuPay,Shopping,Female,22797.94,Credit,DMart,Travel,Approved
n102939,2026-02-16,Bengaluru,C36883,MasterCard,Dining,Female,1613.62,NetBanking,IRCTC,Travel,Declined
n102940,2026-04-21,Bengaluru,C27026,MasterCard,Fuel,Female,7091.01,Credit,DMart,Utilities,Approved
n102941,2026-05-27,Vizag,C85669,MasterCard,Dining,Male,15871.69,UPI,IOCL,E-commerce,Approved
n102942,2026-02-24,Vizag,C80910,RuPay,Groceries,Female,18373.62,NetBanking,IOCL,Fuel,Approved
n102943,2026-05-20,Delhi,C40782,Amex,Dining,Male,1373.62,NetBanking,Amazon,Utilities,Approved
n102944,2026-05-01,Mumbai,C75069,RuPay,Shopping,Female,19567.66,UPI,HPCL,Utilities,Declined
n102945,2026-03-21,Delhi,C24459,Visa,Dining,Female,14580.11,Credit,IOCL,Retail,Declined
n102946,2026-06-13,Pune,C47330,MasterCard,Travel,Female,20775.58,NetBanking,DMart,Utilities,Declined
n102947,2026-01-08,Delhi,C42700,RuPay,Shopping,Male,23030.45,NetBanking,Zomato,Utilities,Approved
n102948,2026-04-29,Kolkata,C57693,RuPay,Dining,Male,23056.13,UPI,Zomato,Food,Approved
n102949,2026-04-07,Vizag,C78976,RuPay,Groceries,Female,16962.04,UPI,IRCTC,E-commerce,Declined
n102950,2026-06-16,Bengaluru,C71075,Amex,Dining,Male,22016.02,NetBanking,IRCTC,Travel,Approved
n102951,2026-06-14,Hyderabad,C74478,MasterCard,Dining,Male,3800.44,Credit,Zomato,Travel,Approved
n102952,2026-03-02,Mumbai,C63582,RuPay,Groceries,Female,17084.74,Credit,Reliance,Retail,Approved
n102953,2026-02-05,Kolkata,C51295,MasterCard,Groceries,Female,6023.53,NetBanking,Zomato,E-commerce,Declined
n102954,2026-06-09,Vizag,C30430,RuPay,Shopping,Male,4790.53,Credit,IRCTC,Travel,Declined
n102955,2026-05-05,Bengaluru,C48275,Amex,Shopping,Female,22167.12,NetBanking,IRCTC,Utilities,Declined
n102956,2026-03-22,Pune,C55177,Amex,Fuel,Male,1015.02,UPI,DMart,Food,Declined
n102957,2026-01-19,Mumbai,C64800,RuPay,Travel,Female,14133.66,UPI,IOCL,E-commerce,Approved
n102958,2026-01-28,Mumbai,C96857,Visa,Utilities,Male,11992.47,NetBanking,Amazon,Food,Declined
n102959,2026-01-08,Vizag,C63113,Visa,Groceries,Male,21745.66,NetBanking,IRCTC,Utilities,Approved
n102960,2026-04-04,Kolkata,C48802,RuPay,Dining,Female,6283.48,Credit,Swiggy,Travel,Declined
n102961,2026-03-24,Pune,C86104,RuPay,Fuel,Male,24241.18,Credit,Zomato,Food,Approved
n102962,2026-05-08,Vizag,C73869,RuPay,Groceries,Male,16189.53,UPI,IOCL,Retail,Approved
n102963,2026-03-09,Kolkata,C14635,Visa,Shopping,Male,17387.59,Credit,IOCL,Fuel,Declined
n102964,2026-06-19,Chennai,C65586,Visa,Groceries,Male,3826.7,NetBanking,HPCL,Travel,Declined
n102965,2026-06-23,Hyderabad,C62482,Visa,Dining,Male,10848.48,UPI,Amazon,Utilities,Approved
n102966,2026-03-29,Bengaluru,C32628,Visa,Fuel,Male,14642.06,Credit,Swiggy,Travel,Approved
n102967,2026-04-28,Kolkata,C88529,Amex,Groceries,Male,9621.57,NetBanking,DMart,Fuel,Approved
n102968,2026-06-25,Mumbai,C99949,MasterCard,Shopping,Male,18541.75,Credit,IOCL,Utilities,Approved
n102969,2026-01-29,Hyderabad,C54194,MasterCard,Fuel,Female,2217.49,Credit,IOCL,E-commerce,Approved
n102970,2026-05-24,Chennai,C29047,MasterCard,Utilities,Female,11167.34,UPI,Reliance,Food,Approved
n102971,2026-03-22,Delhi,C91322,RuPay,Dining,Female,19753.22,NetBanking,Reliance,E-commerce,Declined
n102972,2026-02-19,Chennai,C30811,Visa,Fuel,Male,10592.57,NetBanking,Amazon,Travel,Declined
n102973,2026-04-17,Kolkata,C57929,RuPay,Groceries,Female,12327.63,Credit,IOCL,Utilities,Approved
n102974,2026-06-15,Kolkata,C44769,Amex,Groceries,Female,22928.72,UPI,Reliance,Travel,Declined
n102975,2026-02-25,Vizag,C82104,Amex,Utilities,Female,11784.91,NetBanking,Swiggy,E-commerce,Declined
n102976,2026-01-01,Delhi,C64601,RuPay,Dining,Female,11507.89,Credit,IOCL,E-commerce,Approved
n102977,2026-06-07,Vizag,C30074,RuPay,Groceries,Female,13109.07,NetBanking,Reliance,Fuel,Approved
n102978,2026-04-13,Bengaluru,C94397,Amex,Travel,Male,10994.92,Credit,Zomato,Retail,Declined
n102979,2026-01-20,Kolkata,C14361,RuPay,Dining,Female,13614.44,Credit,IRCTC,E-commerce,Declined
n102980,2026-04-07,Delhi,C71859,RuPay,Utilities,Male,3694.2,NetBanking,IRCTC,E-commerce,Approved
n102981,2026-03-09,Chennai,C82960,RuPay,Groceries,Female,16839.06,UPI,DMart,Food,Approved
n102982,2026-01-22,Bengaluru,C90845,RuPay,Shopping,Male,13105.26,Credit,DMart,Food,Approved
n102983,2026-06-27,Kolkata,C73687,Visa,Travel,Male,1081.3,UPI,DMart,Utilities,Approved
n102984,2026-05-01,Delhi,C17630,RuPay,Groceries,Male,10673.76,NetBanking,Zomato,Utilities,Declined
n102985,2026-06-02,Kolkata,C69377,MasterCard,Utilities,Female,10365.87,NetBanking,Amazon,Travel,Approved
n102986,2026-01-24,Hyderabad,C84796,Visa,Fuel,Female,1369.81,Credit,HPCL,Fuel,Declined
n102987,2026-01-08,Chennai,C11549,RuPay,Fuel,Male,8765.59,UPI,HPCL,Retail,Approved
n102988,2026-06-30,Chennai,C14295,Visa,Fuel,Male,15540.59,UPI,Zomato,Fuel,Declined
n102989,2026-03-10,Vizag,C98400,RuPay,Utilities,Male,21717.09,UPI,Zomato,Fuel,Declined
n102990,2026-03-21,Delhi,C31888,RuPay,Groceries,Female,16611.35,NetBanking,Swiggy,Utilities,Approved
n102991,2026-01-15,Delhi,C20928,Amex,Travel,Male,8795.63,NetBanking,IRCTC,Food,Declined
n102992,2026-01-11,Pune,C22178,MasterCard,Groceries,Female,23442.05,NetBanking,IRCTC,Food,Declined
n102993,2026-04-12,Vizag,C59718,Visa,Utilities,Female,19201.35,Credit,Zomato,Travel,Declined
n102994,2026-01-23,Vizag,C49476,Visa,Travel,Female,15422.89,UPI,DMart,Travel,Declined
n102995,2026-05-31,Hyderabad,C77568,Visa,Groceries,Female,12632.56,Credit,Swiggy,Utilities,Approved
n102996,2026-06-22,Pune,C68223,RuPay,Travel,Female,767.55,NetBanking,IOCL,Retail,Approved
n102997,2026-03-08,Pune,C41914,RuPay,Groceries,Female,18442.27,Credit,DMart,E-commerce,Approved
n102998,2026-06-27,Hyderabad,C77905,RuPay,Utilities,Male,24057.78,UPI,IOCL,Utilities,Declined
n102999,2026-05-11,Pune,C88178,MasterCard,Groceries,Male,6144.8,NetBanking,IOCL,E-commerce,Approved
n103000,2026-01-14,Vizag,C36025,RuPay,Utilities,Male,21951.85,Credit,Reliance,Retail,Declined
n103001,2026-03-09,Chennai,C55372,Amex,Utilities,Male,315.43,UPI,Swiggy,Fuel,Approved
n103002,2026-05-28,Vizag,C81835,Visa,Utilities,Male,24212.8,UPI,HPCL,Utilities,Declined
n103003,2026-06-05,Delhi,C68570,RuPay,Dining,Male,7437.72,NetBanking,IRCTC,Food,Approved
n103004,2026-05-04,Delhi,C99416,Amex,Groceries,Male,6630.04,Credit,HPCL,Retail,Declined
n103005,2026-03-28,Hyderabad,C45576,RuPay,Groceries,Male,10653.2,UPI,HPCL,Fuel,Declined
n103006,2026-05-01,Pune,C48429,RuPay,Travel,Female,22098.59,UPI,DMart,Retail,Declined
n103007,2026-01-02,Bengaluru,C90003,MasterCard,Utilities,Male,10457.13,Credit,Zomato,Fuel,Declined
n103008,2026-02-16,Vizag,C53630,Visa,Utilities,Male,6354.08,Credit,Amazon,E-commerce,Approved
n103009,2026-03-13,Delhi,C48614,Amex,Shopping,Male,10606.11,NetBanking,Zomato,Food,Approved
n103010,2026-01-18,Pune,C63685,Amex,Groceries,Male,17560.64,Credit,Amazon,Food,Approved
n103011,2026-06-18,Kolkata,C53946,RuPay,Shopping,Male,21673.09,Credit,DMart,Food,Approved
n103012,2026-02-03,Chennai,C68918,RuPay,Groceries,Male,1416.15,UPI,Reliance,Utilities,Declined
n103013,2026-01-18,Kolkata,C93327,MasterCard,Travel,Female,11468.55,UPI,IOCL,Retail,Approved
n103014,2026-01-27,Chennai,C91991,Visa,Groceries,Male,12339.41,Credit,HPCL,Fuel,Approved
n103015,2026-04-12,Kolkata,C20167,RuPay,Utilities,Female,8733.25,NetBanking,Zomato,Fuel,Declined
n103016,2026-04-07,Mumbai,C56352,Amex,Travel,Female,2089.63,Credit,Reliance,Utilities,Approved
n103017,2026-03-28,Chennai,C19964,MasterCard,Utilities,Female,10876.5,Credit,Zomato,Fuel,Declined
n103018,2026-04-10,Delhi,C33016,MasterCard,Utilities,Female,11280.29,Credit,Zomato,Retail,Approved
n103019,2026-03-04,Bengaluru,C97798,MasterCard,Utilities,Male,20380.83,NetBanking,HPCL,E-commerce,Approved
n103020,2026-02-23,Chennai,C12198,MasterCard,Dining,Female,13121.56,UPI,Reliance,Food,Declined
n103021,2026-05-20,Kolkata,C27849,Amex,Shopping,Female,4735.2,Credit,HPCL,Utilities,Declined
n103022,2026-01-08,Mumbai,C29600,Visa,Shopping,Female,11276.01,Credit,Swiggy,Food,Approved
n103023,2026-01-02,Kolkata,C33854,MasterCard,Groceries,Female,15979.4,UPI,Zomato,Food,Approved
n103024,2026-03-29,Kolkata,C32738,MasterCard,Utilities,Male,21483.58,UPI,HPCL,Utilities,Approved
n103025,2026-01-15,Delhi,C53331,MasterCard,Travel,Female,17672.4,UPI,IRCTC,E-commerce,Approved
n103026,2026-04-29,Mumbai,C93365,MasterCard,Groceries,Female,20413.79,UPI,Amazon,Travel,Approved
n103027,2026-03-07,Hyderabad,C29974,RuPay,Travel,Female,7329.81,UPI,IRCTC,Fuel,Declined
n103028,2026-04-28,Hyderabad,C48426,Visa,Fuel,Female,11969.24,NetBanking,DMart,Travel,Declined
n103029,2026-06-13,Delhi,C62393,Amex,Groceries,Female,21051.08,UPI,IOCL,Fuel,Approved
n103030,2026-03-18,Delhi,C77488,RuPay,Utilities,Female,12536.58,Credit,IRCTC,Retail,Approved
n103031,2026-06-09,Bengaluru,C31369,RuPay,Shopping,Female,8871.01,UPI,HPCL,E-commerce,Approved
n103032,2026-06-18,Kolkata,C31191,MasterCard,Utilities,Female,23506.42,NetBanking,Swiggy,Retail,Declined
n103033,2026-03-12,Hyderabad,C73988,Amex,Fuel,Female,5237.59,Credit,Reliance,Utilities,Approved
n103034,2026-02-27,Mumbai,C85487,Visa,Utilities,Male,6108.96,NetBanking,HPCL,E-commerce,Declined
n103035,2026-02-06,Mumbai,C42473,RuPay,Dining,Male,8079.67,NetBanking,DMart,E-commerce,Approved
n103036,2026-01-30,Pune,C38633,MasterCard,Dining,Female,20958.86,Credit,Zomato,Food,Declined
n103037,2026-01-06,Chennai,C93347,Amex,Dining,Male,12836.19,UPI,DMart,Travel,Declined
n103038,2026-04-04,Kolkata,C96514,RuPay,Dining,Female,8900.99,UPI,Zomato,Fuel,Declined
n103039,2026-06-06,Pune,C58214,Visa,Travel,Female,22424.12,Credit,IOCL,Retail,Approved
n103040,2026-04-24,Bengaluru,C49369,RuPay,Travel,Male,14022.85,NetBanking,Zomato,Retail,Declined
n103041,2026-02-03,Pune,C28797,Visa,Dining,Male,19393.57,Credit,IOCL,Utilities,Declined
n103042,2026-01-25,Bengaluru,C89987,MasterCard,Fuel,Female,20822.55,UPI,HPCL,Travel,Declined
n103043,2026-03-23,Chennai,C17869,MasterCard,Fuel,Male,11892.25,UPI,Swiggy,Food,Approved
n103044,2026-01-07,Chennai,C49345,Visa,Groceries,Female,17111.73,Credit,Reliance,Utilities,Approved
n103045,2026-02-13,Delhi,C47451,Visa,Utilities,Male,14610.46,UPI,IRCTC,Travel,Approved
n103046,2026-05-28,Delhi,C21829,MasterCard,Utilities,Male,20586.24,Credit,Zomato,Utilities,Approved
n103047,2026-04-01,Vizag,C84930,RuPay,Shopping,Male,17714.31,UPI,HPCL,Fuel,Declined
n103048,2026-01-23,Chennai,C95905,MasterCard,Groceries,Female,7631.92,Credit,DMart,Fuel,Approved
n103049,2026-01-30,Mumbai,C49662,MasterCard,Travel,Female,11877.49,Credit,IRCTC,Fuel,Declined
n103050,2026-06-27,Chennai,C70513,Amex,Shopping,Female,2270.89,UPI,IRCTC,Travel,Approved
n103051,2026-01-30,Bengaluru,C29757,Visa,Groceries,Male,22082.99,NetBanking,IRCTC,Fuel,Approved
n103052,2026-02-27,Hyderabad,C22093,RuPay,Shopping,Female,14056.04,Credit,Amazon,Fuel,Approved
n103053,2026-05-29,Kolkata,C98791,Amex,Travel,Female,4028.8,Credit,DMart,Utilities,Approved
n103054,2026-05-12,Chennai,C19188,MasterCard,Groceries,Female,9874.62,NetBanking,IRCTC,E-commerce,Declined
n103055,2026-02-08,Mumbai,C66497,Amex,Dining,Male,24793.36,NetBanking,DMart,Food,Approved
n103056,2026-01-03,Mumbai,C81808,Visa,Shopping,Male,22207.63,UPI,Swiggy,E-commerce,Declined
n103057,2026-01-08,Bengaluru,C41349,MasterCard,Groceries,Male,19109.72,Credit,Swiggy,Travel,Declined
n103058,2026-04-21,Hyderabad,C74630,Visa,Travel,Female,19271.67,UPI,Amazon,Utilities,Declined
n103059,2026-04-27,Pune,C30119,RuPay,Utilities,Female,3885.39,Credit,IOCL,Utilities,Approved
n103060,2026-01-31,Kolkata,C13420,MasterCard,Utilities,Female,23996.06,NetBanking,DMart,E-commerce,Approved
n103061,2026-03-22,Vizag,C14060,MasterCard,Shopping,Female,21506.87,Credit,Amazon,Food,Declined
n103062,2026-04-29,Hyderabad,C11791,RuPay,Shopping,Female,10124.58,NetBanking,IOCL,Food,Approved
n103063,2026-02-05,Mumbai,C38599,Amex,Fuel,Male,12379.49,NetBanking,Zomato,Fuel,Approved
n103064,2026-01-07,Vizag,C18611,RuPay,Utilities,Male,14029.88,Credit,IRCTC,Retail,Approved
n103065,2026-03-18,Mumbai,C14013,Amex,Travel,Female,7399.5,NetBanking,IRCTC,Fuel,Approved
n103066,2026-03-04,Vizag,C53916,Visa,Shopping,Female,4743.95,NetBanking,Zomato,Fuel,Approved
n103067,2026-06-25,Pune,C82143,RuPay,Utilities,Female,8966.16,Credit,IRCTC,Fuel,Approved
n103068,2026-05-28,Kolkata,C13136,MasterCard,Travel,Male,19479.31,Credit,IOCL,Food,Approved
n103069,2026-05-21,Vizag,C35618,Amex,Shopping,Male,3719.72,Credit,Amazon,E-commerce,Declined
n103070,2026-06-27,Mumbai,C63896,RuPay,Dining,Female,13020.16,UPI,IOCL,Travel,Declined
n103071,2026-05-03,Delhi,C22879,Amex,Groceries,Female,19191.43,Credit,Amazon,Food,Approved
n103072,2026-01-28,Vizag,C53636,RuPay,Groceries,Female,12071.57,Credit,DMart,Travel,Declined
n103073,2026-05-12,Delhi,C10638,Visa,Fuel,Female,6401.23,Credit,Zomato,Food,Approved
n103074,2026-05-20,Bengaluru,C50842,MasterCard,Utilities,Female,22301.65,Credit,IOCL,Fuel,Declined
n103075,2026-01-31,Bengaluru,C50228,Amex,Fuel,Male,21948.52,Credit,DMart,Fuel,Approved
n103076,2026-04-13,Hyderabad,C53626,RuPay,Travel,Female,9539.19,UPI,Swiggy,Retail,Declined
n103077,2026-05-09,Mumbai,C59777,RuPay,Groceries,Female,11356.72,UPI,Amazon,Retail,Declined
n103078,2026-06-23,Delhi,C92822,RuPay,Travel,Female,21205.23,UPI,IOCL,Food,Approved
n103079,2026-01-03,Mumbai,C10910,Visa,Fuel,Female,16123.87,Credit,Reliance,Food,Approved
n103080,2026-02-26,Kolkata,C86945,Amex,Travel,Male,17292.59,NetBanking,HPCL,Utilities,Approved
n103081,2026-04-10,Mumbai,C80133,RuPay,Utilities,Male,23563.3,UPI,HPCL,E-commerce,Approved
n103082,2026-03-08,Hyderabad,C89240,Visa,Dining,Female,925.34,Credit,DMart,Retail,Declined
n103083,2026-06-27,Delhi,C12524,MasterCard,Travel,Female,14093.13,Credit,HPCL,Food,Approved
n103084,2026-01-04,Kolkata,C32638,Amex,Shopping,Female,17841.95,NetBanking,Zomato,Utilities,Approved
n103085,2026-03-20,Chennai,C87845,RuPay,Travel,Female,15365.11,UPI,IOCL,Fuel,Declined
n103086,2026-03-17,Chennai,C21081,Amex,Utilities,Female,21134.05,Credit,HPCL,Travel,Approved
n103087,2026-05-09,Hyderabad,C11570,Visa,Dining,Male,16244.19,UPI,IRCTC,Travel,Declined
n103088,2026-04-29,Delhi,C51802,MasterCard,Groceries,Female,16886.53,UPI,IRCTC,Fuel,Approved
n103089,2026-02-11,Kolkata,C46503,Amex,Utilities,Male,17202.6,NetBanking,Amazon,E-commerce,Approved
n103090,2026-04-24,Hyderabad,C70964,Visa,Groceries,Female,15942.82,UPI,HPCL,Food,Approved
n103091,2026-03-03,Hyderabad,C45465,RuPay,Shopping,Female,2337.57,UPI,Reliance,Utilities,Approved
n103092,2026-03-22,Pune,C29628,MasterCard,Utilities,Male,12136.49,NetBanking,HPCL,Utilities,Declined
n103093,2026-04-14,Vizag,C85206,Visa,Utilities,Male,1302.12,Credit,IOCL,Travel,Declined
n103094,2026-03-12,Vizag,C71912,Visa,Fuel,Female,12989.55,Credit,DMart,Fuel,Declined
n103095,2026-01-10,Delhi,C19566,Visa,Dining,Male,2988.24,UPI,DMart,E-commerce,Declined
n103096,2026-04-13,Delhi,C43368,Amex,Utilities,Male,24199.13,NetBanking,IRCTC,E-commerce,Declined
n103097,2026-04-03,Delhi,C32604,RuPay,Dining,Male,23994.52,NetBanking,Zomato,Utilities,Approved
n103098,2026-03-03,Vizag,C97700,Amex,Travel,Female,11516.43,Credit,HPCL,Fuel,Approved
n103099,2026-06-11,Chennai,C54647,MasterCard,Groceries,Female,23292.39,Credit,DMart,Utilities,Approved
n103100,2026-05-21,Chennai,C31757,Amex,Dining,Male,15401.17,NetBanking,IOCL,Food,Approved
n103101,2026-02-07,Kolkata,C57262,MasterCard,Shopping,Male,20740.72,NetBanking,Zomato,Food,Approved
n103102,2026-04-15,Delhi,C62757,MasterCard,Fuel,Male,20744.8,Credit,HPCL,E-commerce,Approved
n103103,2026-04-25,Hyderabad,C42239,Amex,Shopping,Male,13240.47,NetBanking,IOCL,Utilities,Declined
n103104,2026-05-29,Mumbai,C31524,Visa,Dining,Male,14308.91,NetBanking,IRCTC,Travel,Declined
n103105,2026-06-02,Chennai,C98131,Amex,Dining,Female,13566.54,UPI,Reliance,Fuel,Declined
n103106,2026-03-30,Hyderabad,C72229,RuPay,Utilities,Female,20320.65,UPI,Zomato,Food,Approved
n103107,2026-04-20,Vizag,C61795,RuPay,Utilities,Female,2336.33,NetBanking,Reliance,Fuel,Approved
n103108,2026-04-25,Delhi,C75327,Amex,Shopping,Female,186.96,Credit,IRCTC,Travel,Declined
n103109,2026-02-03,Chennai,C17996,MasterCard,Dining,Male,9990.33,Credit,Amazon,Retail,Approved
n103110,2026-04-10,Delhi,C55260,MasterCard,Travel,Female,5644.75,Credit,Amazon,Food,Declined
n103111,2026-01-11,Kolkata,C39766,RuPay,Fuel,Female,12922.02,Credit,Reliance,Travel,Declined
n103112,2026-04-13,Vizag,C58247,Visa,Groceries,Female,17731.45,Credit,HPCL,Utilities,Approved
n103113,2026-01-16,Pune,C37517,Amex,Utilities,Female,15051.93,Credit,IRCTC,Retail,Declined
n103114,2026-04-22,Mumbai,C38455,RuPay,Groceries,Male,13366.48,UPI,IOCL,Retail,Approved
n103115,2026-04-30,Chennai,C38719,Amex,Utilities,Male,4737.34,NetBanking,IRCTC,E-commerce,Approved
n103116,2026-03-01,Mumbai,C71805,Visa,Fuel,Female,3650.12,Credit,Swiggy,E-commerce,Approved
n103117,2026-04-25,Hyderabad,C45009,MasterCard,Groceries,Male,22183.54,Credit,DMart,Utilities,Approved
n103118,2026-05-17,Delhi,C58121,Amex,Utilities,Male,3284.28,NetBanking,HPCL,Fuel,Approved
n103119,2026-03-10,Vizag,C38720,Amex,Fuel,Female,18843.25,NetBanking,DMart,Food,Declined
n103120,2026-05-27,Kolkata,C80825,Visa,Utilities,Female,7465.23,NetBanking,Zomato,Travel,Declined
n103121,2026-06-26,Chennai,C22564,RuPay,Dining,Male,11642.83,NetBanking,Reliance,Food,Declined
n103122,2026-01-08,Pune,C37034,MasterCard,Utilities,Female,5035.65,NetBanking,IOCL,Fuel,Declined
n103123,2026-06-07,Mumbai,C44481,MasterCard,Shopping,Male,15927.91,NetBanking,Amazon,Retail,Declined
n103124,2026-06-07,Vizag,C98727,MasterCard,Utilities,Male,2099.54,UPI,Amazon,Retail,Approved
n103125,2026-01-25,Pune,C86238,Amex,Travel,Female,19506.5,NetBanking,Amazon,Retail,Declined
n103126,2026-01-03,Kolkata,C67135,Amex,Utilities,Female,15983.62,Credit,IOCL,Utilities,Declined
n103127,2026-02-27,Delhi,C74777,Amex,Dining,Male,21783.73,NetBanking,IOCL,Retail,Approved
n103128,2026-05-24,Pune,C90692,Visa,Utilities,Male,5854.66,UPI,Reliance,Travel,Approved
n103129,2026-05-01,Kolkata,C32137,MasterCard,Fuel,Female,8876.49,UPI,IRCTC,Utilities,Declined
n103130,2026-03-17,Mumbai,C85072,Amex,Groceries,Female,15415.66,NetBanking,Swiggy,E-commerce,Approved
n103131,2026-05-23,Pune,C51993,RuPay,Dining,Female,10943.45,NetBanking,Zomato,Retail,Approved
n103132,2026-05-01,Hyderabad,C77311,Amex,Groceries,Male,1434.03,NetBanking,DMart,E-commerce,Approved
n103133,2026-04-30,Mumbai,C59829,Amex,Groceries,Male,8838.01,UPI,HPCL,Retail,Approved
n103134,2026-02-13,Mumbai,C47366,Amex,Travel,Male,14999.9,Credit,IOCL,Utilities,Declined
n103135,2026-01-02,Bengaluru,C86055,Visa,Fuel,Male,7628.86,NetBanking,IOCL,Food,Approved
n103136,2026-04-24,Mumbai,C30218,Amex,Travel,Female,23106.97,UPI,IRCTC,Utilities,Declined
n103137,2026-05-12,Pune,C90483,RuPay,Utilities,Female,2375.01,UPI,Amazon,Fuel,Approved
n103138,2026-06-03,Mumbai,C74965,Visa,Dining,Female,22890.76,NetBanking,Zomato,Utilities,Approved
n103139,2026-01-04,Delhi,C55884,Amex,Groceries,Female,10519.83,NetBanking,Swiggy,Travel,Declined
n103140,2026-02-24,Mumbai,C80721,Amex,Shopping,Male,18630.59,NetBanking,Zomato,Retail,Approved
n103141,2026-06-18,Pune,C60985,Amex,Travel,Male,13872.83,UPI,Swiggy,Utilities,Declined
n103142,2026-04-24,Bengaluru,C87780,MasterCard,Dining,Female,6213.24,UPI,Zomato,E-commerce,Declined
n103143,2026-05-11,Pune,C91129,MasterCard,Shopping,Male,9937.28,NetBanking,Zomato,E-commerce,Approved
n103144,2026-03-03,Hyderabad,C77043,Amex,Travel,Female,20075.16,NetBanking,Reliance,Travel,Approved
n103145,2026-03-18,Mumbai,C56966,RuPay,Shopping,Female,14912.13,Credit,DMart,Retail,Approved
n103146,2026-06-25,Pune,C60970,Visa,Groceries,Female,1681.09,NetBanking,Amazon,Retail,Declined
n103147,2026-03-21,Kolkata,C91513,RuPay,Dining,Female,117.23,UPI,Amazon,Retail,Declined
n103148,2026-04-14,Delhi,C67841,RuPay,Dining,Female,18392.92,NetBanking,DMart,Utilities,Approved
n103149,2026-04-20,Bengaluru,C34413,MasterCard,Fuel,Female,1202.57,Credit,IOCL,Utilities,Declined
n103150,2026-03-31,Kolkata,C75891,Visa,Utilities,Male,1155.89,UPI,DMart,Travel,Approved
n103151,2026-02-25,Mumbai,C58864,MasterCard,Shopping,Female,17894.75,NetBanking,IOCL,E-commerce,Approved
n103152,2026-02-27,Pune,C51373,Visa,Fuel,Male,14694.41,UPI,IRCTC,Fuel,Approved
n103153,2026-01-28,Hyderabad,C18988,MasterCard,Travel,Female,21418.15,Credit,DMart,Travel,Approved
n103154,2026-04-09,Bengaluru,C88346,RuPay,Shopping,Male,4823.35,UPI,Zomato,E-commerce,Declined
n103155,2026-03-28,Bengaluru,C85443,Visa,Utilities,Male,20849.52,NetBanking,IOCL,Fuel,Declined
n103156,2026-01-21,Kolkata,C96542,Amex,Fuel,Female,293.89,Credit,Swiggy,Fuel,Approved
n103157,2026-06-02,Mumbai,C31356,RuPay,Fuel,Female,22968.39,NetBanking,DMart,Fuel,Declined
n103158,2026-01-22,Chennai,C87462,MasterCard,Groceries,Male,1948.22,Credit,Swiggy,Fuel,Declined
n103159,2026-02-11,Chennai,C15516,RuPay,Fuel,Male,23597.37,Credit,HPCL,Utilities,Approved
n103160,2026-05-01,Vizag,C57607,RuPay,Dining,Male,17937.07,UPI,Amazon,Food,Declined
n103161,2026-01-28,Bengaluru,C33765,Amex,Utilities,Male,18048.29,NetBanking,IRCTC,E-commerce,Declined
n103162,2026-06-01,Pune,C19624,Amex,Travel,Female,16876.98,Credit,DMart,E-commerce,Declined
n103163,2026-01-13,Bengaluru,C81046,Visa,Fuel,Male,21600.64,NetBanking,IRCTC,Utilities,Approved
n103164,2026-02-20,Hyderabad,C33869,RuPay,Travel,Female,14562.15,Credit,Amazon,Food,Approved
n103165,2026-02-26,Bengaluru,C47288,RuPay,Shopping,Female,13918.79,NetBanking,DMart,E-commerce,Declined
n103166,2026-06-12,Bengaluru,C84805,Amex,Shopping,Male,24175.47,UPI,Amazon,Travel,Approved
n103167,2026-01-23,Bengaluru,C28478,Visa,Groceries,Female,246.56,Credit,IOCL,Travel,Approved
n103168,2026-06-26,Hyderabad,C43183,RuPay,Utilities,Female,21011.89,NetBanking,DMart,Utilities,Declined
n103169,2026-01-27,Delhi,C14999,MasterCard,Travel,Female,14141.68,UPI,Swiggy,Fuel,Declined
n103170,2026-01-08,Kolkata,C11514,RuPay,Shopping,Male,10407.88,Credit,HPCL,Travel,Declined
n103171,2026-04-12,Kolkata,C87872,MasterCard,Utilities,Female,14330.32,Credit,HPCL,Travel,Approved
n103172,2026-06-05,Delhi,C20246,RuPay,Groceries,Male,7329.86,UPI,HPCL,Utilities,Declined
n103173,2026-04-21,Chennai,C51444,MasterCard,Utilities,Female,11408.07,UPI,DMart,Fuel,Declined
n103174,2026-02-19,Hyderabad,C22547,Amex,Travel,Female,3560.7,NetBanking,IOCL,E-commerce,Declined
n103175,2026-03-17,Kolkata,C77993,RuPay,Shopping,Male,3455.29,NetBanking,IOCL,Retail,Declined
n103176,2026-04-10,Bengaluru,C25854,Amex,Dining,Male,19241.33,NetBanking,IOCL,Food,Approved
n103177,2026-02-18,Delhi,C88219,MasterCard,Travel,Female,21915.62,NetBanking,IOCL,Food,Approved
n103178,2026-02-01,Kolkata,C58441,Amex,Groceries,Female,18675.69,NetBanking,Swiggy,E-commerce,Approved
n103179,2026-01-17,Pune,C75174,MasterCard,Groceries,Male,17948.28,Credit,Zomato,Retail,Declined
n103180,2026-02-15,Mumbai,C54591,MasterCard,Travel,Female,20795.44,Credit,Zomato,Utilities,Declined
n103181,2026-06-03,Kolkata,C18194,Amex,Groceries,Male,9112.94,Credit,Zomato,Retail,Approved
n103182,2026-06-10,Pune,C39840,RuPay,Groceries,Male,4791.6,Credit,Swiggy,Travel,Declined
n103183,2026-01-05,Pune,C90297,MasterCard,Travel,Male,6130.79,Credit,DMart,E-commerce,Approved
n103184,2026-02-07,Delhi,C43835,MasterCard,Utilities,Male,19841.48,UPI,DMart,Travel,Approved
n103185,2026-05-18,Vizag,C77108,MasterCard,Travel,Male,17054.76,NetBanking,HPCL,Food,Approved
n103186,2026-06-26,Delhi,C15915,MasterCard,Fuel,Male,10734.39,NetBanking,Reliance,Retail,Approved
n103187,2026-02-25,Vizag,C91619,Visa,Shopping,Male,16363.28,Credit,IOCL,Retail,Declined
n103188,2026-02-11,Kolkata,C55063,Amex,Shopping,Female,20288.13,NetBanking,Zomato,Travel,Declined
n103189,2026-04-26,Delhi,C55459,MasterCard,Dining,Male,19204.39,UPI,Reliance,Retail,Declined
n103190,2026-06-10,Chennai,C51230,RuPay,Travel,Male,3293.71,UPI,IRCTC,Travel,Approved
n103191,2026-01-18,Vizag,C78994,MasterCard,Shopping,Male,8344.86,Credit,Swiggy,Travel,Declined
n103192,2026-02-28,Chennai,C76949,Amex,Groceries,Male,24676.58,UPI,IOCL,Food,Declined
n103193,2026-04-08,Kolkata,C15801,MasterCard,Shopping,Female,7550.78,NetBanking,HPCL,E-commerce,Approved
n103194,2026-01-15,Vizag,C51078,MasterCard,Fuel,Male,17947.89,UPI,Zomato,Fuel,Approved
n103195,2026-01-27,Pune,C27860,Amex,Groceries,Male,16451.01,Credit,HPCL,Travel,Approved
n103196,2026-03-07,Delhi,C38818,Visa,Utilities,Male,479.11,UPI,DMart,Travel,Declined
n103197,2026-04-02,Chennai,C87447,Amex,Travel,Female,17724.9,UPI,Swiggy,Retail,Approved
n103198,2026-01-18,Vizag,C22672,Visa,Utilities,Female,5746.86,Credit,Swiggy,Fuel,Declined
n103199,2026-02-12,Kolkata,C90643,Amex,Fuel,Male,726.25,Credit,IRCTC,Utilities,Declined
n103200,2026-02-27,Delhi,C49521,Amex,Travel,Female,20361.7,NetBanking,IOCL,Utilities,Approved
n103201,2026-05-16,Bengaluru,C72411,Amex,Fuel,Male,2978.53,NetBanking,Reliance,Food,Declined
n103202,2026-02-25,Vizag,C67292,MasterCard,Shopping,Male,12327.0,UPI,Amazon,Retail,Approved
n103203,2026-01-31,Chennai,C31938,MasterCard,Groceries,Female,6674.56,Credit,HPCL,E-commerce,Declined
n103204,2026-04-26,Mumbai,C99884,Visa,Travel,Male,19959.14,NetBanking,HPCL,Travel,Declined
n103205,2026-05-01,Vizag,C43533,Visa,Dining,Male,5607.38,UPI,IOCL,Travel,Declined
n103206,2026-01-04,Hyderabad,C98107,Amex,Dining,Male,4135.15,NetBanking,Reliance,E-commerce,Approved
n103207,2026-06-25,Chennai,C25849,MasterCard,Shopping,Female,21643.77,NetBanking,Reliance,Food,Declined
n103208,2026-04-23,Chennai,C65923,RuPay,Utilities,Male,15007.55,Credit,Amazon,Travel,Declined
n103209,2026-06-14,Kolkata,C84700,MasterCard,Utilities,Male,22513.34,UPI,IOCL,E-commerce,Declined
n103210,2026-05-20,Pune,C40357,Visa,Groceries,Male,6384.13,UPI,IRCTC,Travel,Declined
n103211,2026-05-29,Bengaluru,C24741,RuPay,Dining,Female,2542.14,UPI,Reliance,E-commerce,Approved
n103212,2026-04-10,Mumbai,C71300,Visa,Dining,Male,7742.55,NetBanking,IRCTC,Food,Declined
n103213,2026-06-10,Bengaluru,C20900,Amex,Utilities,Female,14526.67,UPI,Zomato,Fuel,Declined
n103214,2026-02-12,Bengaluru,C91613,MasterCard,Dining,Male,23042.76,Credit,IOCL,Retail,Declined
n103215,2026-03-28,Vizag,C33234,Amex,Dining,Female,10748.98,UPI,HPCL,Food,Declined
n103216,2026-05-26,Mumbai,C57301,Amex,Fuel,Male,20852.88,UPI,DMart,Food,Declined
n103217,2026-06-02,Bengaluru,C86654,RuPay,Groceries,Male,24002.33,NetBanking,Swiggy,Retail,Declined
n103218,2026-05-06,Chennai,C35164,MasterCard,Shopping,Male,17021.46,UPI,IOCL,E-commerce,Declined
n103219,2026-01-08,Hyderabad,C22317,Visa,Fuel,Male,15283.76,UPI,Swiggy,Fuel,Approved
n103220,2026-03-20,Delhi,C34042,MasterCard,Dining,Female,12534.84,Credit,DMart,Travel,Approved
n103221,2026-01-23,Hyderabad,C78757,Amex,Fuel,Female,19455.7,UPI,HPCL,Utilities,Approved
n103222,2026-03-21,Bengaluru,C54908,Amex,Groceries,Male,9597.37,NetBanking,IOCL,Food,Approved
n103223,2026-04-10,Vizag,C33790,Visa,Shopping,Female,3042.47,Credit,IRCTC,Food,Approved
n103224,2026-04-21,Delhi,C39323,MasterCard,Fuel,Female,12772.04,UPI,HPCL,Retail,Declined
n103225,2026-04-03,Vizag,C23573,RuPay,Travel,Female,15489.76,Credit,HPCL,Food,Approved
n103226,2026-01-31,Bengaluru,C99298,RuPay,Travel,Male,20855.07,UPI,HPCL,Retail,Approved
n103227,2026-04-16,Hyderabad,C86839,Amex,Shopping,Female,10216.89,NetBanking,IOCL,E-commerce,Approved
n103228,2026-05-15,Pune,C98283,Amex,Groceries,Female,12573.77,UPI,Swiggy,Retail,Approved
n103229,2026-04-16,Delhi,C45591,Amex,Fuel,Male,9628.7,Credit,HPCL,Food,Declined
n103230,2026-06-18,Kolkata,C55960,Amex,Travel,Female,13004.24,NetBanking,IOCL,Food,Declined
n103231,2026-05-30,Delhi,C68014,Visa,Travel,Female,21064.79,NetBanking,IRCTC,Travel,Declined
n103232,2026-03-06,Pune,C94905,Visa,Utilities,Male,6404.38,UPI,IRCTC,Food,Declined
n103233,2026-02-13,Hyderabad,C83289,RuPay,Utilities,Female,7939.03,Credit,Swiggy,Travel,Approved
n103234,2026-03-02,Vizag,C55796,RuPay,Shopping,Male,19344.02,UPI,Amazon,Travel,Approved
n103235,2026-05-17,Mumbai,C36046,RuPay,Dining,Male,4744.59,NetBanking,DMart,Retail,Declined
n103236,2026-06-03,Kolkata,C49707,Visa,Utilities,Female,20304.42,Credit,HPCL,Retail,Declined
n103237,2026-02-23,Hyderabad,C46023,Visa,Travel,Male,18070.6,UPI,IRCTC,Retail,Declined
n103238,2026-01-08,Pune,C23547,Visa,Utilities,Male,10249.52,NetBanking,IRCTC,Fuel,Declined
n103239,2026-06-11,Kolkata,C36997,MasterCard,Travel,Female,11735.25,NetBanking,IOCL,Travel,Declined
n103240,2026-04-21,Hyderabad,C42458,MasterCard,Groceries,Female,4994.49,NetBanking,HPCL,Travel,Approved
n103241,2026-03-27,Chennai,C17036,RuPay,Fuel,Male,21940.43,Credit,Reliance,Utilities,Declined
n103242,2026-04-22,Hyderabad,C73299,Visa,Utilities,Female,2963.12,UPI,Swiggy,Fuel,Declined
n103243,2026-05-02,Vizag,C36500,MasterCard,Groceries,Male,10735.19,UPI,Swiggy,Retail,Declined
n103244,2026-04-25,Pune,C45335,Amex,Shopping,Male,21389.82,Credit,Zomato,Utilities,Approved
n103245,2026-04-15,Hyderabad,C34343,Amex,Fuel,Female,21531.86,UPI,Zomato,Food,Declined
n103246,2026-01-16,Vizag,C21166,Visa,Groceries,Male,6054.97,NetBanking,IOCL,E-commerce,Approved
n103247,2026-05-26,Bengaluru,C26695,MasterCard,Dining,Female,6413.48,NetBanking,Swiggy,Utilities,Approved
n103248,2026-06-29,Mumbai,C42566,Amex,Dining,Female,323.64,NetBanking,Amazon,Food,Approved
n103249,2026-01-12,Kolkata,C94040,RuPay,Fuel,Male,20484.88,UPI,Amazon,Food,Approved
n103250,2026-04-27,Mumbai,C80496,RuPay,Dining,Female,12856.03,Credit,Amazon,Retail,Declined
n103251,2026-05-13,Pune,C70612,MasterCard,Dining,Female,16532.36,NetBanking,Amazon,Travel,Declined
n103252,2026-06-08,Chennai,C72810,MasterCard,Shopping,Male,15397.04,Credit,DMart,Food,Approved
n103253,2026-06-19,Kolkata,C43597,MasterCard,Utilities,Male,10757.76,NetBanking,Zomato,Utilities,Declined
n103254,2026-03-08,Delhi,C15458,RuPay,Utilities,Male,696.48,Credit,Amazon,Food,Declined
n103255,2026-04-22,Hyderabad,C54863,MasterCard,Dining,Male,3192.53,UPI,Reliance,Retail,Approved
n103256,2026-02-03,Kolkata,C59951,MasterCard,Groceries,Male,23988.93,Credit,IRCTC,Travel,Declined
n103257,2026-04-01,Delhi,C10421,MasterCard,Fuel,Female,14971.33,NetBanking,DMart,Travel,Declined
n103258,2026-01-16,Chennai,C99472,Amex,Groceries,Male,741.32,Credit,Zomato,Retail,Approved
n103259,2026-05-23,Pune,C10573,Visa,Travel,Male,5091.9,NetBanking,Reliance,Utilities,Approved
n103260,2026-06-27,Kolkata,C77787,MasterCard,Fuel,Female,13255.8,Credit,Amazon,Fuel,Approved
n103261,2026-01-15,Pune,C48970,RuPay,Utilities,Female,5516.11,NetBanking,Zomato,Food,Declined
n103262,2026-06-03,Vizag,C36813,MasterCard,Travel,Female,15988.31,UPI,IRCTC,Fuel,Approved
n103263,2026-04-06,Bengaluru,C80226,MasterCard,Dining,Male,21503.12,Credit,Reliance,Food,Declined
n103264,2026-02-03,Pune,C22906,RuPay,Groceries,Female,9191.73,UPI,IOCL,Fuel,Approved
n103265,2026-03-28,Pune,C87561,Visa,Groceries,Male,23427.82,Credit,IOCL,Utilities,Declined
n103266,2026-03-19,Delhi,C75772,Amex,Dining,Male,16912.66,UPI,Amazon,Utilities,Declined
n103267,2026-05-12,Delhi,C86703,Visa,Utilities,Female,18453.65,NetBanking,Reliance,Utilities,Declined
n103268,2026-03-15,Kolkata,C48073,Visa,Groceries,Female,766.38,UPI,Zomato,Travel,Declined
n103269,2026-06-03,Mumbai,C58269,RuPay,Shopping,Male,21484.19,NetBanking,Reliance,Utilities,Approved
n103270,2026-04-25,Vizag,C53219,RuPay,Dining,Female,15726.88,UPI,Swiggy,Travel,Approved
n103271,2026-04-05,Delhi,C25397,MasterCard,Groceries,Female,3794.78,UPI,IRCTC,Food,Declined
n103272,2026-06-07,Hyderabad,C12231,Amex,Fuel,Female,21866.73,UPI,Swiggy,Fuel,Declined
n103273,2026-05-26,Kolkata,C70534,RuPay,Utilities,Male,10965.78,Credit,IRCTC,Utilities,Declined
n103274,2026-04-18,Vizag,C25389,MasterCard,Travel,Female,14694.47,UPI,Amazon,Retail,Declined
n103275,2026-04-21,Vizag,C44538,Visa,Dining,Female,3185.73,Credit,Reliance,Food,Approved
n103276,2026-06-23,Vizag,C62075,RuPay,Groceries,Male,23553.65,UPI,DMart,Utilities,Approved
n103277,2026-03-12,Bengaluru,C75068,Visa,Fuel,Female,7144.65,UPI,Zomato,Fuel,Approved
n103278,2026-03-16,Pune,C56615,RuPay,Travel,Female,20055.36,Credit,IOCL,Fuel,Approved
n103279,2026-02-22,Pune,C96248,Amex,Utilities,Female,10427.55,Credit,Zomato,E-commerce,Declined
n103280,2026-05-29,Bengaluru,C13928,Amex,Utilities,Male,7413.21,Credit,HPCL,E-commerce,Declined
n103281,2026-03-26,Vizag,C83289,RuPay,Groceries,Male,15681.11,NetBanking,HPCL,Fuel,Approved
n103282,2026-02-27,Kolkata,C82874,Amex,Fuel,Male,21771.48,NetBanking,IOCL,E-commerce,Declined
n103283,2026-06-15,Hyderabad,C21533,Visa,Travel,Female,19772.38,NetBanking,IRCTC,Fuel,Approved
n103284,2026-01-24,Bengaluru,C58421,MasterCard,Groceries,Male,4127.91,UPI,Amazon,E-commerce,Approved
n103285,2026-06-25,Mumbai,C38460,Amex,Groceries,Female,14727.14,Credit,Amazon,Utilities,Approved
n103286,2026-05-20,Vizag,C77994,MasterCard,Utilities,Male,14033.98,NetBanking,IRCTC,Fuel,Declined
n103287,2026-03-14,Vizag,C78122,Visa,Dining,Female,10863.7,Credit,Swiggy,Retail,Approved
n103288,2026-05-20,Mumbai,C49187,Visa,Groceries,Female,4740.06,UPI,IOCL,Travel,Declined
n103289,2026-03-13,Chennai,C64136,RuPay,Travel,Male,6515.66,NetBanking,IRCTC,Utilities,Approved
n103290,2026-05-07,Kolkata,C63276,MasterCard,Dining,Female,13005.25,NetBanking,HPCL,Food,Declined
n103291,2026-03-11,Chennai,C50776,Amex,Shopping,Female,16627.41,UPI,Swiggy,Food,Approved
n103292,2026-05-26,Pune,C42679,Visa,Travel,Female,20221.35,UPI,Swiggy,Utilities,Approved
n103293,2026-02-20,Delhi,C11341,MasterCard,Utilities,Female,19826.75,NetBanking,Amazon,Fuel,Declined
n103294,2026-03-10,Kolkata,C61180,Amex,Utilities,Male,23972.55,Credit,Reliance,Retail,Approved
n103295,2026-03-04,Chennai,C44903,Amex,Shopping,Female,3520.54,Credit,IRCTC,Food,Approved
n103296,2026-02-28,Vizag,C83137,RuPay,Fuel,Female,16919.7,Credit,IRCTC,Fuel,Declined
n103297,2026-05-06,Delhi,C78265,RuPay,Dining,Male,1381.3,UPI,Zomato,Travel,Declined
n103298,2026-06-25,Pune,C98575,Amex,Utilities,Female,16327.98,NetBanking,Zomato,Food,Declined
n103299,2026-05-24,Hyderabad,C17092,RuPay,Travel,Male,21258.27,Credit,IOCL,Utilities,Declined
n103300,2026-06-16,Kolkata,C44227,RuPay,Shopping,Female,5449.4,UPI,IRCTC,Retail,Declined
n103301,2026-01-10,Pune,C63881,Visa,Travel,Female,8942.78,UPI,Swiggy,Retail,Approved
n103302,2026-01-16,Delhi,C29782,Visa,Utilities,Female,11132.61,UPI,DMart,Travel,Approved
n103303,2026-01-13,Mumbai,C52702,Visa,Utilities,Male,14334.06,NetBanking,Zomato,Utilities,Approved
n103304,2026-03-29,Kolkata,C59029,Visa,Groceries,Male,7983.31,NetBanking,Zomato,E-commerce,Approved
n103305,2026-06-10,Delhi,C34580,MasterCard,Groceries,Female,22486.17,UPI,IRCTC,Retail,Declined
n103306,2026-06-21,Hyderabad,C46588,MasterCard,Groceries,Male,13744.39,Credit,IOCL,E-commerce,Approved
n103307,2026-05-06,Hyderabad,C15001,RuPay,Groceries,Male,15118.16,NetBanking,Swiggy,Travel,Declined
n103308,2026-06-17,Delhi,C86071,Amex,Travel,Male,8410.43,Credit,HPCL,E-commerce,Approved
n103309,2026-03-31,Kolkata,C22541,Visa,Travel,Male,7981.6,NetBanking,IRCTC,E-commerce,Declined
n103310,2026-01-02,Vizag,C72801,RuPay,Fuel,Male,1099.7,Credit,Amazon,Fuel,Approved
n103311,2026-02-05,Bengaluru,C62619,Amex,Travel,Female,20109.05,Credit,HPCL,E-commerce,Declined
n103312,2026-04-25,Mumbai,C30315,Visa,Travel,Male,2158.85,Credit,HPCL,Travel,Approved
n103313,2026-01-23,Chennai,C64233,Amex,Dining,Female,10013.77,Credit,Reliance,Retail,Approved
n103314,2026-04-13,Bengaluru,C64240,RuPay,Travel,Male,10521.15,Credit,Swiggy,Food,Declined
n103315,2026-03-26,Pune,C29633,Amex,Dining,Male,22366.76,NetBanking,IRCTC,Food,Declined
n103316,2026-01-15,Chennai,C69597,RuPay,Fuel,Male,291.82,UPI,IOCL,Fuel,Declined
n103317,2026-01-11,Kolkata,C85896,Visa,Travel,Female,23927.62,Credit,Reliance,E-commerce,Approved
n103318,2026-04-09,Vizag,C88489,MasterCard,Groceries,Male,9187.89,Credit,IRCTC,Utilities,Approved
n103319,2026-01-05,Pune,C45735,RuPay,Utilities,Female,24211.11,UPI,Zomato,Food,Approved
n103320,2026-04-24,Delhi,C34686,MasterCard,Fuel,Male,898.47,UPI,Reliance,Food,Declined
n103321,2026-04-16,Pune,C92323,RuPay,Utilities,Male,14381.07,Credit,Amazon,Travel,Approved
n103322,2026-06-17,Bengaluru,C52335,RuPay,Shopping,Male,19498.54,Credit,Amazon,Fuel,Approved
n103323,2026-02-18,Delhi,C61295,RuPay,Utilities,Male,5684.33,UPI,IRCTC,Retail,Approved
n103324,2026-03-22,Vizag,C58274,RuPay,Groceries,Female,17543.88,Credit,Amazon,Fuel,Declined
n103325,2026-01-31,Kolkata,C44543,MasterCard,Dining,Female,921.82,NetBanking,Reliance,E-commerce,Declined
n103326,2026-01-03,Delhi,C67781,Visa,Fuel,Male,8591.12,NetBanking,Reliance,Fuel,Approved
n103327,2026-02-24,Vizag,C22128,Amex,Utilities,Female,9578.99,Credit,HPCL,Food,Declined
n103328,2026-04-06,Hyderabad,C56478,Visa,Dining,Male,24200.02,NetBanking,IRCTC,E-commerce,Approved
n103329,2026-01-15,Pune,C57590,Visa,Dining,Male,6258.98,NetBanking,DMart,Food,Approved
n103330,2026-04-07,Delhi,C94355,Amex,Fuel,Female,18094.8,Credit,IOCL,Travel,Declined
n103331,2026-04-01,Chennai,C53784,MasterCard,Travel,Female,634.21,UPI,IOCL,Travel,Approved
n103332,2026-05-28,Delhi,C61374,MasterCard,Fuel,Female,13495.82,NetBanking,Zomato,Food,Approved
n103333,2026-06-17,Chennai,C69004,Visa,Shopping,Male,10325.68,Credit,IOCL,Utilities,Approved
n103334,2026-02-01,Kolkata,C77178,Visa,Utilities,Male,757.1,NetBanking,IRCTC,Food,Approved
n103335,2026-05-31,Bengaluru,C87275,RuPay,Shopping,Male,20383.08,Credit,HPCL,E-commerce,Approved
n103336,2026-02-20,Chennai,C75482,Amex,Utilities,Male,13231.8,UPI,HPCL,Food,Declined
n103337,2026-05-07,Hyderabad,C21092,RuPay,Utilities,Female,3439.88,UPI,Reliance,E-commerce,Approved
n103338,2026-05-25,Pune,C65941,Amex,Travel,Female,801.47,UPI,HPCL,Retail,Declined
n103339,2026-06-02,Pune,C61163,Visa,Shopping,Male,3817.48,UPI,DMart,Retail,Declined
n103340,2026-04-13,Mumbai,C84571,Amex,Travel,Male,8857.48,Credit,HPCL,Travel,Approved
n103341,2026-04-19,Vizag,C44823,Amex,Utilities,Female,4809.5,NetBanking,DMart,Fuel,Approved
n103342,2026-01-29,Vizag,C75095,RuPay,Shopping,Female,23602.42,UPI,HPCL,Food,Approved
n103343,2026-04-06,Pune,C95800,RuPay,Groceries,Male,9383.81,NetBanking,HPCL,E-commerce,Approved
n103344,2026-03-31,Chennai,C14731,Visa,Shopping,Male,1633.39,UPI,Swiggy,Food,Approved
n103345,2026-02-08,Kolkata,C74343,Visa,Shopping,Male,14258.07,NetBanking,IRCTC,Retail,Declined
n103346,2026-03-03,Hyderabad,C37903,Visa,Groceries,Female,13964.6,Credit,Zomato,Utilities,Declined
n103347,2026-05-16,Chennai,C77580,Amex,Travel,Male,5962.0,UPI,Reliance,Food,Approved
n103348,2026-01-14,Chennai,C88410,RuPay,Shopping,Female,6414.17,NetBanking,DMart,E-commerce,Approved
n103349,2026-05-23,Chennai,C62852,MasterCard,Travel,Female,3143.29,Credit,Reliance,Retail,Approved
n103350,2026-05-29,Mumbai,C20840,Amex,Utilities,Female,12816.01,UPI,Amazon,Retail,Declined
n103351,2026-06-25,Vizag,C58958,Visa,Travel,Female,24139.36,NetBanking,HPCL,Utilities,Declined
n103352,2026-05-25,Bengaluru,C70120,RuPay,Groceries,Male,22874.24,NetBanking,Swiggy,Retail,Declined
n103353,2026-06-14,Pune,C37052,RuPay,Groceries,Male,1810.87,UPI,HPCL,Travel,Approved
n103354,2026-05-31,Chennai,C70218,MasterCard,Fuel,Female,12937.67,NetBanking,IRCTC,Food,Declined
n103355,2026-04-26,Pune,C64749,MasterCard,Shopping,Female,5007.27,NetBanking,DMart,Food,Declined
n103356,2026-04-28,Hyderabad,C78269,RuPay,Travel,Male,10053.42,UPI,IRCTC,Fuel,Declined
n103357,2026-03-10,Bengaluru,C17922,Visa,Fuel,Female,3733.08,UPI,HPCL,Travel,Approved
n103358,2026-03-31,Delhi,C86616,MasterCard,Fuel,Male,2759.43,NetBanking,DMart,Fuel,Declined
n103359,2026-06-06,Bengaluru,C38066,MasterCard,Utilities,Male,9305.8,UPI,IRCTC,Fuel,Declined
n103360,2026-05-09,Bengaluru,C23204,Visa,Travel,Female,1035.83,Credit,Swiggy,Food,Declined
n103361,2026-04-12,Hyderabad,C94282,Visa,Dining,Female,21054.91,NetBanking,Reliance,Food,Approved
n103362,2026-03-19,Pune,C52380,RuPay,Dining,Male,180.84,Credit,DMart,Retail,Declined
n103363,2026-03-06,Kolkata,C91655,MasterCard,Groceries,Male,14283.44,Credit,HPCL,E-commerce,Declined
n103364,2026-03-05,Delhi,C40025,RuPay,Dining,Female,22835.43,NetBanking,Zomato,Travel,Declined
n103365,2026-06-25,Hyderabad,C96768,Visa,Dining,Male,19923.05,Credit,DMart,E-commerce,Declined
n103366,2026-05-28,Pune,C24202,Amex,Groceries,Female,3423.2,UPI,DMart,Utilities,Approved
n103367,2026-01-01,Chennai,C31686,RuPay,Utilities,Male,12241.35,UPI,DMart,Food,Approved
n103368,2026-06-05,Pune,C67163,RuPay,Utilities,Male,13266.66,UPI,Swiggy,E-commerce,Approved
n103369,2026-02-25,Mumbai,C66983,Amex,Travel,Male,3597.91,UPI,DMart,Travel,Declined
n103370,2026-06-28,Pune,C82341,Visa,Dining,Male,16707.87,NetBanking,HPCL,Fuel,Approved
n103371,2026-05-25,Hyderabad,C53148,MasterCard,Utilities,Female,14856.95,Credit,DMart,Fuel,Approved
n103372,2026-06-14,Bengaluru,C95250,RuPay,Groceries,Female,12644.05,UPI,DMart,Travel,Approved
n103373,2026-01-22,Mumbai,C77270,RuPay,Utilities,Female,22541.88,NetBanking,IRCTC,Fuel,Approved
n103374,2026-03-14,Chennai,C64026,RuPay,Groceries,Male,22653.54,Credit,Amazon,E-commerce,Declined
n103375,2026-03-19,Hyderabad,C29942,Visa,Shopping,Female,17575.84,UPI,IOCL,Food,Declined
n103376,2026-06-09,Delhi,C81271,Visa,Utilities,Male,11637.44,NetBanking,DMart,Retail,Declined
n103377,2026-04-28,Pune,C89517,Visa,Dining,Female,23919.14,NetBanking,DMart,Travel,Approved
n103378,2026-02-08,Bengaluru,C83367,Visa,Fuel,Male,4848.13,NetBanking,Zomato,Retail,Approved
n103379,2026-01-27,Pune,C62775,MasterCard,Groceries,Female,4657.47,UPI,Amazon,Utilities,Approved
n103380,2026-02-07,Delhi,C61712,MasterCard,Dining,Female,20857.41,NetBanking,IRCTC,Retail,Approved
n103381,2026-02-05,Pune,C42361,RuPay,Groceries,Male,13468.72,UPI,Amazon,Food,Declined
n103382,2026-04-09,Hyderabad,C50755,MasterCard,Shopping,Male,16330.14,NetBanking,HPCL,Utilities,Declined
n103383,2026-04-12,Vizag,C49634,Visa,Shopping,Female,12221.19,Credit,DMart,E-commerce,Declined
n103384,2026-06-16,Pune,C33393,RuPay,Utilities,Male,609.56,Credit,Amazon,Travel,Approved
n103385,2026-01-05,Vizag,C28958,RuPay,Dining,Male,8682.17,Credit,IOCL,Travel,Declined
n103386,2026-01-17,Kolkata,C97349,MasterCard,Shopping,Male,12186.36,UPI,IRCTC,Fuel,Declined
n103387,2026-06-29,Chennai,C38774,Visa,Shopping,Male,19896.39,NetBanking,IRCTC,Food,Approved
n103388,2026-06-21,Chennai,C70217,Amex,Shopping,Male,12004.79,NetBanking,Amazon,Travel,Approved
n103389,2026-06-16,Mumbai,C56174,Amex,Utilities,Male,2068.92,NetBanking,Zomato,Fuel,Approved
n103390,2026-01-19,Bengaluru,C65886,MasterCard,Utilities,Male,16304.94,UPI,IRCTC,Travel,Declined
n103391,2026-01-15,Pune,C10896,Amex,Utilities,Male,12440.89,UPI,Amazon,Utilities,Declined
n103392,2026-05-25,Delhi,C96326,Amex,Groceries,Female,11456.11,NetBanking,IOCL,Utilities,Declined
n103393,2026-02-02,Bengaluru,C41153,Visa,Travel,Female,1916.69,UPI,Swiggy,Utilities,Declined
n103394,2026-03-13,Chennai,C31349,RuPay,Shopping,Female,8482.51,Credit,IRCTC,Utilities,Approved
n103395,2026-03-25,Bengaluru,C56008,RuPay,Fuel,Female,5283.41,NetBanking,Zomato,E-commerce,Approved
n103396,2026-01-07,Kolkata,C75258,RuPay,Travel,Male,16845.86,UPI,IRCTC,Food,Declined
n103397,2026-06-04,Hyderabad,C53932,Visa,Travel,Male,12331.78,UPI,Reliance,Retail,Approved
n103398,2026-03-08,Chennai,C65025,Amex,Shopping,Female,21722.54,Credit,IRCTC,Utilities,Approved
n103399,2026-02-25,Bengaluru,C28340,Visa,Dining,Male,22182.39,NetBanking,IRCTC,Travel,Declined
n103400,2026-06-22,Vizag,C99389,RuPay,Groceries,Male,1858.09,Credit,HPCL,Utilities,Declined
n103401,2026-05-29,Kolkata,C42003,Amex,Groceries,Male,2283.22,NetBanking,IRCTC,Retail,Approved
n103402,2026-01-05,Kolkata,C31230,MasterCard,Fuel,Female,18326.88,UPI,Swiggy,Utilities,Approved
n103403,2026-01-07,Mumbai,C79802,Visa,Shopping,Male,6162.01,UPI,Swiggy,Fuel,Declined
n103404,2026-01-24,Hyderabad,C15836,MasterCard,Fuel,Male,7683.33,NetBanking,Swiggy,E-commerce,Approved
n103405,2026-04-25,Hyderabad,C27657,RuPay,Dining,Male,10672.84,NetBanking,HPCL,Fuel,Declined
n103406,2026-06-14,Mumbai,C34080,Visa,Travel,Female,21560.79,Credit,IRCTC,Utilities,Approved
n103407,2026-01-06,Delhi,C34603,RuPay,Utilities,Female,6469.74,NetBanking,IRCTC,Travel,Declined
n103408,2026-02-03,Bengaluru,C15686,Amex,Travel,Male,21782.64,Credit,Swiggy,Food,Approved
n103409,2026-01-17,Hyderabad,C92445,RuPay,Fuel,Male,3136.77,UPI,Zomato,Travel,Declined
n103410,2026-05-27,Delhi,C27453,Visa,Utilities,Female,19020.0,Credit,Reliance,Utilities,Approved
n103411,2026-06-02,Pune,C65477,Amex,Groceries,Male,12279.12,Credit,HPCL,Utilities,Declined
n103412,2026-05-06,Kolkata,C72406,Amex,Travel,Male,5521.67,UPI,HPCL,Utilities,Approved
n103413,2026-02-02,Mumbai,C89491,Visa,Shopping,Male,15406.63,NetBanking,Reliance,E-commerce,Declined
n103414,2026-05-10,Vizag,C39468,Visa,Travel,Female,3011.04,UPI,Zomato,Travel,Declined
n103415,2026-05-11,Bengaluru,C94567,Amex,Utilities,Male,7085.68,NetBanking,Amazon,Food,Declined
n103416,2026-03-21,Hyderabad,C42502,Visa,Travel,Female,20140.96,NetBanking,Zomato,Fuel,Approved
n103417,2026-05-26,Bengaluru,C80691,RuPay,Groceries,Female,18035.29,Credit,Zomato,Travel,Declined
n103418,2026-06-03,Mumbai,C40872,MasterCard,Dining,Male,16889.38,UPI,Swiggy,E-commerce,Declined
n103419,2026-02-28,Pune,C65112,Amex,Fuel,Male,24430.32,NetBanking,HPCL,Utilities,Approved
n103420,2026-04-01,Mumbai,C70114,RuPay,Groceries,Male,17200.9,UPI,Zomato,Utilities,Declined
n103421,2026-03-28,Mumbai,C98312,RuPay,Travel,Female,23430.55,Credit,HPCL,Fuel,Declined
n103422,2026-04-27,Vizag,C75973,MasterCard,Utilities,Male,24376.37,Credit,Amazon,Utilities,Approved
n103423,2026-04-27,Chennai,C99015,Visa,Travel,Male,19248.81,NetBanking,Swiggy,Food,Approved
n103424,2026-02-01,Chennai,C48672,Amex,Fuel,Female,9239.82,UPI,Amazon,Travel,Approved
n103425,2026-01-06,Delhi,C82345,Amex,Dining,Female,2137.29,UPI,Swiggy,Travel,Approved
n103426,2026-04-21,Chennai,C48318,RuPay,Dining,Male,17423.03,NetBanking,IOCL,Food,Approved
n103427,2026-01-30,Hyderabad,C25397,Amex,Dining,Male,5850.17,Credit,Zomato,Food,Approved
n103428,2026-06-27,Delhi,C96456,RuPay,Groceries,Male,11643.16,Credit,Swiggy,Food,Declined
n103429,2026-05-16,Vizag,C96149,RuPay,Shopping,Male,18893.59,NetBanking,Amazon,Travel,Approved
n103430,2026-05-12,Bengaluru,C70822,Amex,Shopping,Male,6601.93,NetBanking,Reliance,Travel,Declined
n103431,2026-01-06,Delhi,C79126,Visa,Fuel,Male,1573.78,NetBanking,IOCL,Travel,Approved
n103432,2026-02-04,Mumbai,C20975,RuPay,Travel,Female,20408.21,Credit,DMart,Retail,Declined
n103433,2026-04-05,Bengaluru,C72210,Visa,Fuel,Male,6853.56,UPI,Swiggy,Retail,Approved
n103434,2026-04-01,Kolkata,C99473,Amex,Travel,Male,24315.37,NetBanking,Zomato,Retail,Declined
n103435,2026-02-05,Pune,C21981,MasterCard,Groceries,Male,1918.68,UPI,Swiggy,E-commerce,Approved
n103436,2026-01-30,Hyderabad,C93896,MasterCard,Fuel,Female,388.35,Credit,IRCTC,Utilities,Declined
n103437,2026-06-16,Mumbai,C16915,Visa,Travel,Male,4495.75,NetBanking,Swiggy,Travel,Approved
n103438,2026-06-15,Kolkata,C67375,MasterCard,Utilities,Female,20425.92,NetBanking,Swiggy,Utilities,Approved
n103439,2026-03-22,Kolkata,C25718,Visa,Dining,Male,24086.68,UPI,Swiggy,Travel,Approved
n103440,2026-04-16,Bengaluru,C79984,RuPay,Travel,Female,5320.39,UPI,Reliance,Food,Approved
n103441,2026-06-14,Pune,C17867,Visa,Travel,Female,24190.43,Credit,IRCTC,Retail,Approved
n103442,2026-03-30,Pune,C87746,MasterCard,Travel,Male,17372.24,NetBanking,Zomato,Utilities,Approved
n103443,2026-05-11,Hyderabad,C54048,Visa,Dining,Female,1234.72,UPI,DMart,Fuel,Declined
n103444,2026-02-24,Pune,C43980,RuPay,Groceries,Female,4602.77,NetBanking,HPCL,Food,Declined
n103445,2026-05-04,Delhi,C47391,RuPay,Shopping,Female,6687.13,NetBanking,IRCTC,E-commerce,Declined
n103446,2026-04-20,Delhi,C16929,Visa,Dining,Male,9724.65,NetBanking,Reliance,Food,Declined
n103447,2026-05-20,Kolkata,C26502,Amex,Travel,Female,20077.94,UPI,HPCL,Fuel,Approved
n103448,2026-05-24,Pune,C95404,RuPay,Utilities,Female,615.37,Credit,Reliance,E-commerce,Approved
n103449,2026-03-07,Hyderabad,C71313,MasterCard,Travel,Female,20264.67,UPI,IRCTC,Fuel,Declined
n103450,2026-01-12,Bengaluru,C66903,Visa,Shopping,Male,3619.25,NetBanking,Swiggy,Food,Approved
n103451,2026-04-23,Chennai,C62053,MasterCard,Travel,Male,17695.87,UPI,IRCTC,E-commerce,Declined
n103452,2026-01-15,Mumbai,C27261,RuPay,Fuel,Male,18763.03,NetBanking,Swiggy,Retail,Declined
n103453,2026-03-10,Chennai,C70283,RuPay,Groceries,Male,10741.76,UPI,Swiggy,Fuel,Declined
n103454,2026-03-09,Pune,C50146,RuPay,Utilities,Female,21083.81,NetBanking,DMart,Retail,Declined
n103455,2026-02-19,Bengaluru,C74620,RuPay,Utilities,Male,11042.28,Credit,IRCTC,Retail,Approved
n103456,2026-06-24,Delhi,C13102,MasterCard,Groceries,Male,9914.04,NetBanking,Reliance,Food,Declined
n103457,2026-01-27,Vizag,C63563,RuPay,Utilities,Male,19184.49,UPI,Amazon,Travel,Declined
n103458,2026-03-28,Pune,C23015,Visa,Groceries,Female,5862.02,Credit,DMart,E-commerce,Declined
n103459,2026-01-02,Chennai,C27204,MasterCard,Fuel,Female,19396.13,UPI,Zomato,Fuel,Declined
n103460,2026-02-13,Chennai,C67980,Amex,Dining,Female,19885.28,Credit,IRCTC,Fuel,Approved
n103461,2026-03-23,Delhi,C38445,MasterCard,Utilities,Female,4918.81,Credit,HPCL,Fuel,Approved
n103462,2026-06-05,Kolkata,C85820,MasterCard,Fuel,Female,3080.37,Credit,Reliance,Food,Approved
n103463,2026-05-06,Vizag,C31644,Visa,Travel,Male,22361.44,NetBanking,Swiggy,Utilities,Declined
n103464,2026-05-26,Kolkata,C54992,MasterCard,Dining,Male,9093.69,UPI,HPCL,Retail,Approved
n103465,2026-01-07,Pune,C33791,Visa,Shopping,Male,1730.78,UPI,IRCTC,E-commerce,Declined
n103466,2026-01-14,Vizag,C91618,MasterCard,Groceries,Female,11287.37,Credit,DMart,Retail,Declined
n103467,2026-02-19,Delhi,C21224,RuPay,Shopping,Female,1386.62,Credit,HPCL,Utilities,Declined
n103468,2026-06-05,Hyderabad,C78876,MasterCard,Dining,Male,106.44,Credit,HPCL,Retail,Approved
n103469,2026-01-08,Vizag,C21192,MasterCard,Fuel,Female,8744.52,Credit,Zomato,Fuel,Declined
n103470,2026-01-10,Chennai,C40746,MasterCard,Fuel,Female,20286.21,NetBanking,HPCL,Travel,Approved
n103471,2026-04-28,Pune,C68389,Visa,Groceries,Male,4995.64,NetBanking,Amazon,Food,Approved
n103472,2026-06-04,Delhi,C18786,Amex,Travel,Male,4315.57,NetBanking,Swiggy,E-commerce,Approved
n103473,2026-01-07,Hyderabad,C68156,Amex,Dining,Female,12940.29,UPI,Zomato,Travel,Declined
n103474,2026-01-02,Pune,C85371,Visa,Travel,Female,1173.04,NetBanking,HPCL,Retail,Approved
n103475,2026-04-11,Kolkata,C91530,RuPay,Utilities,Female,3285.61,Credit,IOCL,Travel,Approved
n103476,2026-05-19,Bengaluru,C47753,MasterCard,Fuel,Female,19851.42,Credit,Swiggy,Utilities,Declined
n103477,2026-01-12,Delhi,C62607,MasterCard,Fuel,Female,21930.87,UPI,IRCTC,Travel,Approved
n103478,2026-05-27,Delhi,C23974,Amex,Utilities,Female,11283.4,Credit,HPCL,Fuel,Declined
n103479,2026-05-25,Pune,C79848,RuPay,Dining,Female,15552.8,Credit,Amazon,Food,Declined
n103480,2026-04-28,Chennai,C66202,RuPay,Fuel,Female,15657.87,NetBanking,HPCL,Fuel,Declined
n103481,2026-02-25,Vizag,C71958,Visa,Fuel,Male,7040.62,Credit,DMart,Food,Declined
n103482,2026-04-02,Chennai,C43905,MasterCard,Dining,Male,6833.14,Credit,Swiggy,E-commerce,Declined
n103483,2026-06-10,Mumbai,C60984,RuPay,Fuel,Female,9394.42,NetBanking,Reliance,Food,Approved
n103484,2026-01-13,Mumbai,C97586,MasterCard,Dining,Male,24101.11,UPI,DMart,Retail,Declined
n103485,2026-04-10,Vizag,C34194,Visa,Groceries,Male,221.01,NetBanking,Zomato,Food,Declined
n103486,2026-05-31,Bengaluru,C58157,MasterCard,Groceries,Female,4622.55,UPI,IOCL,E-commerce,Approved
n103487,2026-05-29,Hyderabad,C53731,Amex,Shopping,Male,10240.88,NetBanking,Amazon,Utilities,Approved
n103488,2026-01-08,Mumbai,C45214,Visa,Groceries,Female,8525.61,Credit,Reliance,Fuel,Declined
n103489,2026-04-22,Delhi,C90810,Amex,Utilities,Female,20427.54,Credit,HPCL,E-commerce,Declined
n103490,2026-01-12,Hyderabad,C75368,RuPay,Dining,Male,20805.98,Credit,IRCTC,Food,Approved
n103491,2026-01-14,Delhi,C87496,Visa,Utilities,Female,24796.64,UPI,IRCTC,Food,Declined
n103492,2026-01-22,Kolkata,C41242,Amex,Dining,Male,21887.16,UPI,HPCL,Utilities,Declined
n103493,2026-03-19,Hyderabad,C52602,RuPay,Travel,Female,10784.16,NetBanking,Reliance,Travel,Declined
n103494,2026-03-20,Bengaluru,C45920,MasterCard,Dining,Female,22071.23,NetBanking,DMart,Travel,Approved
n103495,2026-06-04,Vizag,C32691,Amex,Groceries,Female,17182.63,Credit,DMart,Utilities,Approved
n103496,2026-02-04,Mumbai,C38678,MasterCard,Fuel,Female,14123.35,Credit,Amazon,Food,Approved
n103497,2026-02-24,Chennai,C96745,Visa,Travel,Female,23707.07,UPI,Zomato,Food,Declined
n103498,2026-05-04,Bengaluru,C57628,RuPay,Fuel,Female,16282.6,UPI,IOCL,E-commerce,Declined
n103499,2026-03-22,Kolkata,C81834,MasterCard,Shopping,Male,22309.38,UPI,Swiggy,Travel,Declined
n103500,2026-06-17,Kolkata,C74428,Amex,Dining,Female,20428.9,NetBanking,IOCL,Food,Declined
n103501,2026-03-06,Vizag,C61648,Visa,Shopping,Female,3230.48,NetBanking,Zomato,Utilities,Approved
n103502,2026-05-31,Kolkata,C50743,RuPay,Travel,Male,1858.18,UPI,Amazon,Travel,Declined
n103503,2026-05-16,Chennai,C87763,Amex,Groceries,Female,9078.76,NetBanking,Swiggy,Retail,Approved
n103504,2026-01-02,Kolkata,C20093,RuPay,Utilities,Male,10412.44,NetBanking,Reliance,Fuel,Declined
n103505,2026-06-23,Mumbai,C94587,Amex,Utilities,Female,964.06,UPI,HPCL,Retail,Declined
n103506,2026-04-17,Kolkata,C36498,Visa,Groceries,Male,20022.5,Credit,Swiggy,Retail,Approved
n103507,2026-02-19,Bengaluru,C81301,MasterCard,Shopping,Male,6121.18,Credit,DMart,E-commerce,Approved
n103508,2026-05-11,Delhi,C97632,Visa,Dining,Female,6364.64,NetBanking,Zomato,Travel,Declined
n103509,2026-03-23,Pune,C27488,RuPay,Travel,Male,14280.88,Credit,Zomato,E-commerce,Declined
n103510,2026-02-19,Kolkata,C89772,Amex,Travel,Female,11425.09,NetBanking,IRCTC,Travel,Approved
n103511,2026-04-26,Mumbai,C95218,Amex,Utilities,Male,16452.6,UPI,Zomato,Food,Declined
n103512,2026-06-08,Kolkata,C42432,MasterCard,Shopping,Female,17793.71,NetBanking,IOCL,Utilities,Declined
n103513,2026-01-18,Vizag,C95632,MasterCard,Travel,Female,22608.55,NetBanking,DMart,Fuel,Approved
n103514,2026-04-21,Chennai,C44568,Amex,Shopping,Female,15882.13,UPI,Reliance,Fuel,Approved
n103515,2026-04-11,Delhi,C28007,Amex,Shopping,Female,20929.1,UPI,HPCL,Retail,Declined
n103516,2026-05-04,Hyderabad,C21856,Visa,Groceries,Female,20348.44,NetBanking,Amazon,Utilities,Declined
n103517,2026-06-23,Chennai,C11183,MasterCard,Shopping,Female,4055.25,Credit,DMart,Travel,Approved
n103518,2026-05-27,Hyderabad,C93088,RuPay,Travel,Female,4370.89,UPI,Swiggy,Food,Approved
n103519,2026-02-08,Hyderabad,C22301,Amex,Travel,Female,10260.05,NetBanking,IRCTC,Fuel,Approved
n103520,2026-06-23,Pune,C14780,MasterCard,Travel,Male,18321.65,UPI,Reliance,Travel,Approved
n103521,2026-06-22,Bengaluru,C46243,Visa,Groceries,Male,16115.8,UPI,Zomato,Fuel,Declined
n103522,2026-01-17,Delhi,C30922,Visa,Groceries,Female,13277.57,Credit,Zomato,E-commerce,Declined
n103523,2026-03-13,Pune,C11898,MasterCard,Utilities,Male,23547.36,NetBanking,Amazon,Fuel,Declined
n103524,2026-01-07,Chennai,C44733,RuPay,Fuel,Female,23204.03,Credit,DMart,E-commerce,Approved
n103525,2026-04-30,Vizag,C22608,MasterCard,Groceries,Female,17594.85,Credit,Reliance,Food,Declined
n103526,2026-06-11,Mumbai,C74162,Amex,Travel,Female,6505.65,UPI,DMart,Food,Approved
n103527,2026-04-24,Pune,C72366,MasterCard,Travel,Female,7818.62,Credit,Swiggy,Food,Approved
n103528,2026-02-16,Kolkata,C63252,Amex,Fuel,Female,22293.75,Credit,IRCTC,Fuel,Approved
n103529,2026-06-05,Delhi,C33492,Amex,Utilities,Male,20823.49,Credit,Zomato,E-commerce,Approved
n103530,2026-02-23,Delhi,C39174,MasterCard,Shopping,Male,10972.93,UPI,Zomato,Fuel,Approved
n103531,2026-03-15,Vizag,C72017,MasterCard,Groceries,Male,20800.53,NetBanking,Amazon,Retail,Declined
n103532,2026-01-29,Bengaluru,C29403,Amex,Travel,Male,14227.25,UPI,Zomato,Food,Approved
n103533,2026-03-15,Chennai,C21046,Visa,Dining,Male,24577.3,Credit,IOCL,Utilities,Declined
n103534,2026-06-03,Bengaluru,C16010,Visa,Utilities,Female,20870.59,Credit,IOCL,Travel,Approved
n103535,2026-04-11,Delhi,C48024,RuPay,Groceries,Male,18743.84,NetBanking,IOCL,Fuel,Approved
n103536,2026-03-06,Chennai,C30487,Visa,Utilities,Male,11638.37,Credit,Reliance,Food,Declined
n103537,2026-05-09,Mumbai,C51830,MasterCard,Dining,Male,21194.74,NetBanking,HPCL,Fuel,Declined
n103538,2026-06-21,Vizag,C23949,Visa,Shopping,Male,4790.04,UPI,IRCTC,E-commerce,Approved
n103539,2026-01-12,Hyderabad,C17863,Amex,Groceries,Male,8618.45,NetBanking,IOCL,Utilities,Declined
n103540,2026-04-25,Pune,C47183,Amex,Travel,Female,3102.83,Credit,Swiggy,Food,Approved
n103541,2026-03-03,Delhi,C45942,Amex,Utilities,Male,5583.46,NetBanking,Swiggy,Food,Declined
n103542,2026-06-16,Kolkata,C79253,RuPay,Fuel,Female,7487.49,UPI,IRCTC,Travel,Approved
n103543,2026-04-30,Pune,C74891,MasterCard,Travel,Male,20458.88,NetBanking,Zomato,E-commerce,Declined
n103544,2026-04-12,Kolkata,C57051,RuPay,Shopping,Female,8247.5,UPI,Amazon,E-commerce,Approved
n103545,2026-06-30,Mumbai,C68681,RuPay,Groceries,Male,14277.29,UPI,Swiggy,Fuel,Declined
n103546,2026-06-13,Chennai,C21570,Visa,Shopping,Male,4681.89,Credit,Zomato,E-commerce,Declined
n103547,2026-03-28,Pune,C72908,RuPay,Utilities,Male,11383.66,Credit,IRCTC,Food,Declined
n103548,2026-04-16,Hyderabad,C45784,Visa,Travel,Male,23399.27,UPI,IRCTC,E-commerce,Approved
n103549,2026-06-08,Vizag,C16060,Visa,Groceries,Female,3965.86,NetBanking,Reliance,E-commerce,Approved
n103550,2026-06-08,Mumbai,C57409,MasterCard,Travel,Male,15192.16,Credit,Zomato,E-commerce,Approved
n103551,2026-06-22,Delhi,C84418,Amex,Groceries,Female,736.87,UPI,Zomato,Retail,Approved
n103552,2026-05-20,Vizag,C80581,MasterCard,Utilities,Female,18812.96,UPI,HPCL,Utilities,Approved
n103553,2026-01-13,Vizag,C76293,MasterCard,Travel,Female,10041.04,UPI,IOCL,Fuel,Declined
n103554,2026-06-26,Mumbai,C66548,Visa,Utilities,Female,5338.0,UPI,Reliance,Utilities,Declined
n103555,2026-01-05,Pune,C53960,MasterCard,Travel,Female,4212.67,UPI,Reliance,Food,Declined
n103556,2026-05-25,Chennai,C37618,MasterCard,Travel,Female,18386.77,Credit,HPCL,Retail,Declined
n103557,2026-04-16,Chennai,C72072,Visa,Utilities,Female,11741.37,Credit,IRCTC,Travel,Declined
n103558,2026-04-21,Kolkata,C62134,Visa,Fuel,Female,2593.24,UPI,IOCL,E-commerce,Approved
n103559,2026-04-07,Kolkata,C32125,Amex,Utilities,Female,23571.9,NetBanking,Reliance,Travel,Declined
n103560,2026-06-04,Delhi,C12491,MasterCard,Utilities,Female,2176.28,UPI,Zomato,Food,Approved
n103561,2026-02-28,Delhi,C45792,Visa,Shopping,Male,17415.54,Credit,DMart,Fuel,Approved
n103562,2026-05-20,Hyderabad,C25899,Amex,Shopping,Male,6769.59,UPI,DMart,Retail,Approved
n103563,2026-05-07,Vizag,C88966,MasterCard,Utilities,Male,2367.37,NetBanking,Reliance,Retail,Approved
n103564,2026-01-20,Kolkata,C38188,Visa,Shopping,Female,4591.48,Credit,Reliance,Retail,Approved
n103565,2026-04-04,Chennai,C38344,Visa,Groceries,Male,20360.85,UPI,IRCTC,Utilities,Approved
n103566,2026-03-16,Hyderabad,C87810,MasterCard,Fuel,Male,12177.35,Credit,IRCTC,E-commerce,Declined
n103567,2026-05-04,Chennai,C14582,Visa,Groceries,Female,15149.44,Credit,DMart,Utilities,Declined
n103568,2026-05-05,Pune,C62278,Visa,Fuel,Male,17287.51,NetBanking,DMart,Food,Declined
n103569,2026-03-29,Mumbai,C32828,RuPay,Travel,Male,6503.75,Credit,HPCL,E-commerce,Declined
n103570,2026-01-19,Pune,C47313,Amex,Travel,Female,15508.28,Credit,HPCL,Utilities,Approved
n103571,2026-06-26,Vizag,C11414,MasterCard,Dining,Male,13372.66,Credit,Amazon,Travel,Approved
n103572,2026-01-12,Mumbai,C96086,Visa,Shopping,Male,7147.5,NetBanking,DMart,Retail,Approved
n103573,2026-02-12,Bengaluru,C59864,Visa,Fuel,Female,21541.91,NetBanking,IRCTC,Retail,Declined
n103574,2026-06-28,Bengaluru,C81615,MasterCard,Groceries,Female,4753.87,UPI,IOCL,Retail,Declined
n103575,2026-02-07,Hyderabad,C31499,Visa,Groceries,Male,2558.33,UPI,Zomato,Utilities,Declined
n103576,2026-02-12,Mumbai,C31950,Amex,Dining,Male,2627.7,Credit,IOCL,Food,Approved
n103577,2026-01-29,Kolkata,C71378,Amex,Utilities,Male,23831.82,Credit,Reliance,Travel,Approved
n103578,2026-03-27,Mumbai,C76479,Amex,Travel,Male,10864.53,Credit,Amazon,Retail,Approved
n103579,2026-01-11,Delhi,C20966,Amex,Utilities,Female,5297.02,Credit,Swiggy,Utilities,Approved
n103580,2026-04-03,Mumbai,C20171,RuPay,Fuel,Male,16652.11,Credit,HPCL,Travel,Declined
n103581,2026-01-01,Delhi,C75772,RuPay,Groceries,Female,10380.22,UPI,HPCL,E-commerce,Approved
n103582,2026-05-08,Delhi,C67168,Amex,Shopping,Female,1332.82,Credit,IRCTC,E-commerce,Declined
n103583,2026-04-11,Delhi,C96491,RuPay,Fuel,Female,23350.72,Credit,Zomato,Travel,Approved
n103584,2026-01-22,Vizag,C31419,Amex,Groceries,Female,16066.9,UPI,IRCTC,Utilities,Approved
n103585,2026-05-21,Chennai,C84017,Visa,Fuel,Male,3347.86,UPI,DMart,E-commerce,Approved
n103586,2026-01-17,Mumbai,C43504,Visa,Dining,Male,21260.81,NetBanking,Amazon,E-commerce,Approved
n103587,2026-04-04,Hyderabad,C33431,RuPay,Fuel,Female,7938.47,Credit,HPCL,Utilities,Declined
n103588,2026-05-02,Bengaluru,C21628,Amex,Fuel,Female,6860.76,UPI,HPCL,Fuel,Declined
n103589,2026-05-11,Kolkata,C35590,Visa,Groceries,Female,20753.53,UPI,Amazon,Travel,Declined
n103590,2026-05-20,Bengaluru,C42303,Visa,Shopping,Male,22856.46,Credit,Swiggy,Travel,Declined
n103591,2026-05-08,Kolkata,C70912,Amex,Dining,Male,14653.34,UPI,Reliance,Travel,Declined
n103592,2026-01-08,Bengaluru,C73430,Visa,Shopping,Male,19774.69,UPI,IOCL,Travel,Declined
n103593,2026-01-20,Vizag,C71171,Visa,Groceries,Male,16670.47,NetBanking,Amazon,Travel,Declined
n103594,2026-02-28,Delhi,C69259,MasterCard,Dining,Female,16462.25,UPI,IRCTC,Utilities,Approved
n103595,2026-01-16,Pune,C93376,MasterCard,Shopping,Female,13150.95,NetBanking,HPCL,Retail,Declined
n103596,2026-05-09,Vizag,C32891,Amex,Groceries,Male,5452.51,NetBanking,Zomato,Utilities,Declined
n103597,2026-06-25,Hyderabad,C31418,RuPay,Fuel,Male,14425.62,UPI,IOCL,Retail,Declined
n103598,2026-04-09,Delhi,C79955,RuPay,Travel,Male,16965.49,Credit,IRCTC,Travel,Declined
n103599,2026-06-23,Pune,C27153,MasterCard,Shopping,Male,13871.53,NetBanking,IOCL,Utilities,Declined
n103600,2026-04-14,Chennai,C30384,Amex,Groceries,Female,24335.41,Credit,IRCTC,Travel,Approved
n103601,2026-04-10,Chennai,C17408,Visa,Dining,Female,4941.35,UPI,Amazon,E-commerce,Declined
n103602,2026-06-26,Chennai,C22041,RuPay,Dining,Male,6460.11,NetBanking,Zomato,Retail,Declined
n103603,2026-02-24,Kolkata,C32456,Amex,Groceries,Male,4954.46,UPI,Amazon,Travel,Declined
n103604,2026-03-10,Pune,C57588,Visa,Utilities,Female,5164.31,UPI,Reliance,E-commerce,Approved
n103605,2026-01-27,Vizag,C54503,RuPay,Shopping,Female,7396.39,NetBanking,Zomato,Food,Declined
n103606,2026-02-12,Bengaluru,C92808,RuPay,Groceries,Female,9526.28,NetBanking,DMart,Travel,Approved
n103607,2026-02-11,Bengaluru,C26124,Amex,Travel,Female,16077.87,Credit,Swiggy,Utilities,Declined
n103608,2026-03-15,Chennai,C86891,Amex,Groceries,Female,11079.09,Credit,Zomato,Retail,Declined
n103609,2026-04-06,Bengaluru,C57203,MasterCard,Fuel,Male,11671.47,Credit,Swiggy,Travel,Approved
n103610,2026-05-16,Mumbai,C46432,Amex,Shopping,Male,22943.29,Credit,Amazon,Travel,Declined
n103611,2026-05-23,Chennai,C44088,RuPay,Utilities,Male,24941.29,Credit,DMart,Retail,Declined
n103612,2026-04-14,Delhi,C41275,Amex,Shopping,Female,23500.27,UPI,IRCTC,Utilities,Approved
n103613,2026-06-12,Bengaluru,C45212,Amex,Fuel,Female,10575.89,NetBanking,IOCL,E-commerce,Approved
n103614,2026-04-07,Kolkata,C41764,Amex,Travel,Male,22035.7,Credit,DMart,Fuel,Declined
n103615,2026-06-03,Hyderabad,C60562,RuPay,Fuel,Female,2030.41,UPI,HPCL,E-commerce,Declined
n103616,2026-05-29,Hyderabad,C23418,Visa,Groceries,Female,155.41,NetBanking,IRCTC,E-commerce,Declined
n103617,2026-01-12,Hyderabad,C43334,Visa,Groceries,Female,4209.93,NetBanking,IOCL,Fuel,Approved
n103618,2026-06-13,Chennai,C24787,MasterCard,Fuel,Female,22225.25,UPI,Swiggy,Retail,Declined
n103619,2026-01-10,Vizag,C91065,Amex,Dining,Female,12680.85,UPI,Reliance,E-commerce,Approved
n103620,2026-06-15,Bengaluru,C47475,Visa,Travel,Female,3496.73,UPI,Amazon,Utilities,Declined
n103621,2026-02-27,Vizag,C32227,MasterCard,Utilities,Female,1786.47,UPI,Zomato,Retail,Declined
n103622,2026-06-03,Delhi,C69894,RuPay,Utilities,Female,17468.48,Credit,HPCL,Utilities,Approved
n103623,2026-06-01,Mumbai,C13763,RuPay,Travel,Female,11998.73,UPI,IRCTC,Food,Declined
n103624,2026-04-22,Hyderabad,C71478,RuPay,Utilities,Male,1104.99,NetBanking,IRCTC,Fuel,Declined
n103625,2026-06-22,Bengaluru,C51478,Visa,Travel,Male,14288.03,Credit,Zomato,Food,Approved
n103626,2026-02-04,Pune,C82291,Amex,Shopping,Female,10695.82,Credit,IOCL,Retail,Declined
n103627,2026-03-20,Vizag,C61484,Visa,Dining,Female,21146.99,Credit,DMart,E-commerce,Approved
n103628,2026-05-09,Delhi,C26977,Amex,Groceries,Male,9554.27,NetBanking,Swiggy,E-commerce,Approved
n103629,2026-02-03,Delhi,C55250,RuPay,Fuel,Female,24568.42,NetBanking,IRCTC,Travel,Declined
n103630,2026-04-06,Mumbai,C54088,MasterCard,Travel,Male,11818.67,UPI,Zomato,E-commerce,Declined
n103631,2026-04-17,Pune,C52302,Amex,Groceries,Female,21899.54,UPI,Zomato,Utilities,Approved
n103632,2026-03-26,Bengaluru,C32342,MasterCard,Travel,Female,10540.79,NetBanking,Amazon,E-commerce,Declined
n103633,2026-03-25,Chennai,C30682,Amex,Shopping,Male,15567.02,NetBanking,IOCL,Travel,Approved
n103634,2026-02-23,Kolkata,C75057,RuPay,Utilities,Male,3641.01,Credit,Zomato,Travel,Approved
n103635,2026-04-23,Hyderabad,C17713,RuPay,Fuel,Female,14301.72,Credit,Reliance,Travel,Approved
n103636,2026-04-17,Pune,C71575,RuPay,Groceries,Female,1822.85,Credit,HPCL,Food,Approved
n103637,2026-03-27,Chennai,C90612,RuPay,Dining,Male,7876.09,NetBanking,IOCL,Utilities,Approved
n103638,2026-01-06,Delhi,C17805,RuPay,Groceries,Male,10007.02,Credit,IRCTC,Travel,Declined
n103639,2026-01-20,Bengaluru,C79102,Amex,Shopping,Female,4802.5,Credit,Reliance,Utilities,Declined
n103640,2026-03-31,Mumbai,C96377,MasterCard,Utilities,Male,7242.7,NetBanking,DMart,Food,Approved
n103641,2026-04-09,Hyderabad,C42140,MasterCard,Utilities,Male,1622.77,UPI,Swiggy,Travel,Approved
n103642,2026-05-16,Delhi,C42741,Amex,Utilities,Female,1450.12,Credit,Amazon,Utilities,Approved
n103643,2026-01-23,Mumbai,C71764,Visa,Utilities,Male,17135.42,Credit,Amazon,Fuel,Approved
n103644,2026-04-17,Vizag,C64158,Amex,Dining,Female,11427.49,UPI,Zomato,Food,Declined
n103645,2026-03-21,Pune,C55690,RuPay,Travel,Male,5279.88,NetBanking,DMart,Fuel,Declined
n103646,2026-06-28,Delhi,C36482,RuPay,Utilities,Male,2786.18,Credit,Reliance,Food,Approved
n103647,2026-05-27,Pune,C58688,MasterCard,Groceries,Male,13480.17,NetBanking,Reliance,Retail,Approved
n103648,2026-02-18,Bengaluru,C36971,RuPay,Utilities,Male,7852.02,NetBanking,Zomato,Travel,Approved
n103649,2026-04-29,Hyderabad,C28776,Amex,Travel,Male,10860.9,UPI,Amazon,Food,Declined
n103650,2026-03-14,Bengaluru,C51920,Visa,Utilities,Female,7712.17,NetBanking,HPCL,Food,Approved
n103651,2026-01-28,Kolkata,C47440,MasterCard,Utilities,Female,16556.47,UPI,HPCL,Retail,Approved
n103652,2026-02-14,Delhi,C17035,Amex,Shopping,Female,20643.82,Credit,Zomato,Retail,Approved
n103653,2026-02-10,Mumbai,C57346,MasterCard,Dining,Female,19233.42,Credit,Zomato,Fuel,Approved
n103654,2026-05-18,Delhi,C79562,Visa,Shopping,Female,20770.77,UPI,DMart,Food,Declined
n103655,2026-06-09,Bengaluru,C86543,RuPay,Travel,Female,16454.6,UPI,Swiggy,Food,Declined
n103656,2026-03-24,Chennai,C41228,Visa,Fuel,Female,1906.5,UPI,Reliance,Travel,Approved
n103657,2026-05-15,Kolkata,C74948,RuPay,Travel,Female,12393.39,Credit,DMart,Fuel,Declined
n103658,2026-05-05,Pune,C15905,Visa,Utilities,Female,9456.19,Credit,IRCTC,Food,Declined
n103659,2026-02-06,Pune,C15827,MasterCard,Shopping,Male,1526.66,NetBanking,Swiggy,Utilities,Approved
n103660,2026-04-29,Vizag,C14253,Amex,Groceries,Female,17556.23,UPI,Amazon,Utilities,Approved
n103661,2026-01-28,Kolkata,C22811,MasterCard,Utilities,Female,413.16,UPI,Reliance,Utilities,Approved
n103662,2026-04-09,Delhi,C55881,Amex,Travel,Male,12246.11,UPI,Reliance,Utilities,Approved
n103663,2026-02-02,Kolkata,C74210,RuPay,Fuel,Female,17033.37,UPI,IOCL,Fuel,Approved
n103664,2026-03-30,Pune,C71354,Visa,Utilities,Female,9183.66,UPI,IOCL,E-commerce,Declined
n103665,2026-04-17,Delhi,C15655,MasterCard,Dining,Male,9761.44,UPI,Amazon,Travel,Declined
n103666,2026-03-22,Bengaluru,C64174,Visa,Fuel,Male,5255.55,UPI,IOCL,Retail,Approved
n103667,2026-02-03,Delhi,C58686,Visa,Shopping,Male,9392.5,NetBanking,IOCL,E-commerce,Approved
n103668,2026-01-21,Chennai,C94048,Amex,Shopping,Female,21157.05,UPI,IOCL,Fuel,Declined
n103669,2026-05-22,Delhi,C78890,Amex,Shopping,Female,18514.19,Credit,IOCL,Retail,Approved
n103670,2026-03-30,Chennai,C74836,Visa,Travel,Male,9778.16,Credit,Reliance,Travel,Approved
n103671,2026-04-19,Delhi,C27451,MasterCard,Fuel,Male,3440.16,UPI,IOCL,Fuel,Approved
n103672,2026-01-29,Vizag,C61177,MasterCard,Fuel,Male,14309.63,NetBanking,IOCL,Retail,Declined
n103673,2026-06-24,Hyderabad,C78703,RuPay,Utilities,Female,5732.93,UPI,Amazon,Food,Approved
n103674,2026-02-14,Mumbai,C11582,Amex,Groceries,Female,10487.75,Credit,Zomato,Food,Declined
n103675,2026-04-06,Kolkata,C91309,RuPay,Groceries,Female,20029.65,Credit,Swiggy,E-commerce,Approved
n103676,2026-02-25,Chennai,C71443,MasterCard,Fuel,Male,18834.69,UPI,Reliance,Utilities,Declined
n103677,2026-03-19,Kolkata,C37134,RuPay,Groceries,Male,19697.46,UPI,DMart,E-commerce,Approved
n103678,2026-01-04,Mumbai,C80784,Visa,Utilities,Female,21437.99,NetBanking,Zomato,Fuel,Declined
n103679,2026-02-05,Bengaluru,C83686,RuPay,Groceries,Male,17783.26,Credit,Reliance,Fuel,Approved
n103680,2026-04-30,Vizag,C89022,Visa,Groceries,Female,10655.08,UPI,IRCTC,Food,Declined
n103681,2026-05-03,Chennai,C76469,Visa,Utilities,Male,4043.3,UPI,Swiggy,Travel,Approved
n103682,2026-02-19,Mumbai,C99636,Amex,Shopping,Male,17956.42,NetBanking,Swiggy,E-commerce,Approved
n103683,2026-05-06,Pune,C38666,RuPay,Utilities,Male,16690.74,Credit,IRCTC,Retail,Declined
n103684,2026-03-29,Chennai,C68748,RuPay,Dining,Female,20778.64,NetBanking,Zomato,E-commerce,Approved
n103685,2026-01-14,Pune,C62796,Amex,Shopping,Male,11456.42,Credit,Reliance,Utilities,Declined
n103686,2026-03-26,Chennai,C47229,RuPay,Shopping,Male,12562.38,Credit,IRCTC,Fuel,Approved
n103687,2026-01-02,Bengaluru,C52992,Visa,Travel,Female,11098.76,UPI,Swiggy,Fuel,Approved
n103688,2026-03-04,Kolkata,C21127,Amex,Travel,Female,10406.88,UPI,Reliance,Fuel,Approved
n103689,2026-02-04,Kolkata,C24224,RuPay,Utilities,Female,17740.02,NetBanking,Amazon,Retail,Declined
n103690,2026-05-24,Delhi,C86074,RuPay,Groceries,Female,18534.81,UPI,HPCL,Food,Declined
n103691,2026-04-12,Bengaluru,C41157,Amex,Travel,Female,509.75,NetBanking,Amazon,Utilities,Approved
n103692,2026-06-28,Pune,C87901,RuPay,Utilities,Female,18645.88,NetBanking,IRCTC,Retail,Approved
n103693,2026-05-25,Pune,C87483,MasterCard,Dining,Male,23099.69,NetBanking,Swiggy,E-commerce,Approved
n103694,2026-06-13,Vizag,C14022,Amex,Dining,Male,14091.83,UPI,IRCTC,Food,Approved
n103695,2026-06-30,Vizag,C80111,Visa,Dining,Male,117.85,Credit,Amazon,Retail,Approved
n103696,2026-05-21,Bengaluru,C18741,MasterCard,Fuel,Female,9960.85,UPI,IOCL,Retail,Declined
n103697,2026-02-11,Hyderabad,C36128,Amex,Groceries,Female,19381.19,NetBanking,IRCTC,Food,Declined
n103698,2026-04-18,Vizag,C10125,Amex,Utilities,Male,14524.7,NetBanking,Amazon,Travel,Declined
n103699,2026-06-18,Pune,C74275,RuPay,Groceries,Female,12279.05,Credit,Zomato,Travel,Declined
n103700,2026-04-26,Mumbai,C88779,MasterCard,Fuel,Female,6356.31,NetBanking,Amazon,Fuel,Declined
n103701,2026-03-11,Kolkata,C82057,Amex,Utilities,Male,17995.18,Credit,Zomato,Fuel,Declined
n103702,2026-05-17,Bengaluru,C17619,MasterCard,Travel,Male,24527.41,Credit,Reliance,Food,Declined
n103703,2026-02-02,Pune,C45667,Amex,Shopping,Male,17191.88,NetBanking,Zomato,Fuel,Approved
n103704,2026-03-20,Hyderabad,C21878,RuPay,Dining,Male,20816.37,NetBanking,HPCL,Utilities,Approved
n103705,2026-01-11,Hyderabad,C19219,Visa,Fuel,Female,5319.91,NetBanking,Zomato,Travel,Declined
n103706,2026-04-23,Mumbai,C92680,RuPay,Utilities,Female,7148.13,UPI,IRCTC,Fuel,Approved
n103707,2026-05-22,Delhi,C23714,MasterCard,Fuel,Female,23663.25,UPI,HPCL,E-commerce,Approved
n103708,2026-02-06,Bengaluru,C36362,Visa,Travel,Female,3233.73,NetBanking,Swiggy,Utilities,Approved
n103709,2026-04-02,Bengaluru,C23574,Visa,Shopping,Male,4988.34,UPI,Swiggy,Utilities,Approved
n103710,2026-05-28,Delhi,C31764,RuPay,Fuel,Male,7906.49,UPI,Amazon,Utilities,Approved
n103711,2026-02-05,Mumbai,C83114,Amex,Utilities,Female,24682.69,UPI,IOCL,E-commerce,Declined
n103712,2026-02-12,Pune,C19310,MasterCard,Travel,Male,16226.88,NetBanking,HPCL,Fuel,Approved
n103713,2026-05-17,Vizag,C47587,RuPay,Utilities,Male,631.55,Credit,IRCTC,Food,Approved
n103714,2026-02-11,Mumbai,C93052,Amex,Utilities,Male,4590.98,UPI,IRCTC,Fuel,Approved
n103715,2026-01-02,Vizag,C26044,RuPay,Travel,Male,13818.19,Credit,IRCTC,Retail,Approved
n103716,2026-01-20,Vizag,C76762,Amex,Fuel,Female,10999.07,UPI,IOCL,Food,Declined
n103717,2026-01-19,Chennai,C97148,MasterCard,Fuel,Male,1570.98,Credit,HPCL,Travel,Declined
n103718,2026-03-11,Hyderabad,C56861,MasterCard,Groceries,Male,5309.43,Credit,IOCL,Food,Declined
n103719,2026-05-16,Vizag,C24518,MasterCard,Travel,Female,16593.52,Credit,IOCL,Travel,Declined
n103720,2026-04-30,Bengaluru,C34817,Amex,Travel,Female,11967.96,UPI,Zomato,E-commerce,Declined
n103721,2026-03-22,Mumbai,C69324,RuPay,Groceries,Female,11140.72,UPI,Swiggy,Utilities,Approved
n103722,2026-03-24,Chennai,C64953,Visa,Utilities,Male,20427.66,UPI,DMart,E-commerce,Approved
n103723,2026-03-22,Kolkata,C72432,MasterCard,Groceries,Female,1956.74,UPI,IOCL,Travel,Declined
n103724,2026-05-07,Hyderabad,C95066,RuPay,Fuel,Female,18797.57,NetBanking,Amazon,Fuel,Approved
n103725,2026-05-10,Mumbai,C18875,MasterCard,Travel,Female,8157.91,Credit,Reliance,Food,Declined
n103726,2026-05-11,Kolkata,C16766,MasterCard,Utilities,Female,18689.2,UPI,IOCL,Retail,Approved
n103727,2026-02-22,Chennai,C42009,RuPay,Shopping,Female,3546.33,UPI,HPCL,E-commerce,Declined
n103728,2026-01-20,Pune,C54203,Amex,Shopping,Male,10120.47,NetBanking,Amazon,Utilities,Approved
n103729,2026-02-12,Delhi,C98766,MasterCard,Dining,Male,9500.65,NetBanking,IOCL,Retail,Declined
n103730,2026-05-29,Vizag,C42890,Amex,Dining,Male,23821.6,Credit,HPCL,E-commerce,Approved
n103731,2026-06-25,Pune,C95387,RuPay,Dining,Female,18827.27,NetBanking,Reliance,Food,Approved
n103732,2026-05-27,Mumbai,C26102,MasterCard,Groceries,Female,2347.88,NetBanking,Reliance,Utilities,Approved
n103733,2026-02-05,Hyderabad,C61348,MasterCard,Travel,Male,17161.56,UPI,DMart,Fuel,Declined
n103734,2026-03-12,Pune,C58241,RuPay,Fuel,Male,8025.61,NetBanking,IRCTC,E-commerce,Declined
n103735,2026-01-01,Hyderabad,C40440,RuPay,Dining,Male,796.95,Credit,Reliance,Food,Declined
n103736,2026-02-18,Pune,C97521,RuPay,Shopping,Male,7777.96,UPI,IOCL,Travel,Declined
n103737,2026-01-26,Kolkata,C76026,Amex,Utilities,Male,2400.22,Credit,Zomato,E-commerce,Declined
n103738,2026-02-14,Kolkata,C80286,RuPay,Dining,Female,24014.35,Credit,Swiggy,Food,Declined
n103739,2026-01-13,Chennai,C37643,Visa,Shopping,Male,21290.85,NetBanking,HPCL,Retail,Declined
n103740,2026-04-12,Vizag,C97081,MasterCard,Dining,Male,2043.05,Credit,IRCTC,E-commerce,Declined
n103741,2026-04-10,Hyderabad,C23517,Amex,Groceries,Female,24189.44,Credit,Amazon,Retail,Approved
n103742,2026-06-29,Kolkata,C50841,Visa,Shopping,Female,19593.95,NetBanking,HPCL,Travel,Approved
n103743,2026-06-11,Bengaluru,C66768,MasterCard,Travel,Male,21475.35,NetBanking,Amazon,Retail,Approved
n103744,2026-01-16,Bengaluru,C60880,Amex,Groceries,Female,10845.17,Credit,Swiggy,Travel,Declined
n103745,2026-03-20,Bengaluru,C48024,Visa,Shopping,Female,11397.5,UPI,Reliance,Retail,Declined
n103746,2026-01-20,Bengaluru,C93080,Visa,Shopping,Female,13223.51,Credit,Amazon,Food,Declined
n103747,2026-01-12,Hyderabad,C33941,Amex,Fuel,Female,10529.09,Credit,DMart,Food,Declined
n103748,2026-06-06,Pune,C36116,Visa,Utilities,Female,22291.08,Credit,Swiggy,Travel,Approved
n103749,2026-01-07,Kolkata,C60968,Amex,Shopping,Female,8054.29,UPI,IRCTC,Retail,Approved
n103750,2026-04-21,Pune,C17337,MasterCard,Utilities,Female,3906.62,Credit,IRCTC,Travel,Declined
n103751,2026-03-07,Hyderabad,C70413,Visa,Fuel,Male,17206.72,Credit,Zomato,E-commerce,Approved
n103752,2026-03-04,Hyderabad,C55358,Visa,Dining,Female,11168.21,UPI,Zomato,Retail,Approved
n103753,2026-06-18,Mumbai,C25998,Amex,Fuel,Female,11431.53,UPI,Zomato,Travel,Approved
n103754,2026-02-13,Chennai,C48365,MasterCard,Groceries,Male,20535.17,Credit,DMart,Travel,Approved
n103755,2026-01-13,Pune,C28178,Visa,Dining,Female,13733.83,Credit,Reliance,Food,Declined
n103756,2026-02-12,Pune,C15962,RuPay,Fuel,Female,18443.08,NetBanking,Reliance,Travel,Approved
n103757,2026-03-01,Delhi,C41275,Visa,Groceries,Male,9197.83,NetBanking,Reliance,Food,Declined
n103758,2026-06-03,Kolkata,C29917,MasterCard,Shopping,Male,12695.13,UPI,Swiggy,E-commerce,Approved
n103759,2026-05-04,Kolkata,C56501,RuPay,Groceries,Female,3943.56,NetBanking,Zomato,Utilities,Approved
n103760,2026-02-18,Mumbai,C13447,Amex,Utilities,Female,20546.16,UPI,IOCL,Utilities,Approved
n103761,2026-02-02,Hyderabad,C77546,RuPay,Fuel,Female,24367.47,UPI,HPCL,Utilities,Approved
n103762,2026-03-27,Hyderabad,C51281,Visa,Shopping,Male,22791.5,UPI,HPCL,Retail,Approved
n103763,2026-01-16,Hyderabad,C73347,RuPay,Travel,Female,11815.96,NetBanking,IRCTC,Fuel,Approved
n103764,2026-06-27,Bengaluru,C71822,Visa,Dining,Female,21367.34,Credit,Amazon,Retail,Declined
n103765,2026-04-02,Kolkata,C79189,RuPay,Shopping,Female,8305.89,UPI,IRCTC,Food,Declined
n103766,2026-03-13,Kolkata,C63065,Amex,Fuel,Female,3464.0,UPI,IOCL,Utilities,Approved
n103767,2026-03-16,Vizag,C44513,Visa,Groceries,Male,14002.39,NetBanking,Amazon,Retail,Declined
n103768,2026-05-13,Mumbai,C75676,MasterCard,Travel,Male,19783.87,NetBanking,Swiggy,E-commerce,Declined
n103769,2026-02-25,Mumbai,C57843,Visa,Dining,Male,3504.64,NetBanking,Zomato,Food,Declined
n103770,2026-04-06,Chennai,C66434,Amex,Shopping,Female,23683.99,Credit,IRCTC,Utilities,Approved
n103771,2026-04-20,Mumbai,C62478,Amex,Shopping,Male,11552.34,Credit,Swiggy,Utilities,Approved
n103772,2026-03-05,Pune,C41995,Amex,Dining,Female,4002.63,NetBanking,IRCTC,Fuel,Approved
n103773,2026-01-03,Mumbai,C91804,RuPay,Groceries,Female,3477.67,NetBanking,IOCL,E-commerce,Declined
n103774,2026-02-18,Chennai,C88654,Amex,Groceries,Female,17649.92,Credit,DMart,E-commerce,Declined
n103775,2026-06-08,Vizag,C49921,Amex,Travel,Female,18215.1,Credit,HPCL,Food,Approved
n103776,2026-03-12,Hyderabad,C85487,Amex,Dining,Male,15118.55,UPI,IOCL,Travel,Declined
n103777,2026-04-26,Mumbai,C89901,Amex,Fuel,Male,16616.76,NetBanking,Swiggy,E-commerce,Declined
n103778,2026-05-01,Mumbai,C62620,Visa,Fuel,Male,7404.11,Credit,HPCL,Travel,Declined
n103779,2026-06-09,Delhi,C38125,Visa,Dining,Male,20147.41,NetBanking,HPCL,Utilities,Declined
n103780,2026-01-18,Kolkata,C85520,Visa,Dining,Female,12706.88,Credit,IRCTC,Food,Approved
n103781,2026-03-20,Bengaluru,C25560,Visa,Travel,Female,11047.38,NetBanking,IOCL,Food,Approved
n103782,2026-02-07,Kolkata,C52951,Amex,Utilities,Male,13775.5,Credit,Reliance,Fuel,Approved
n103783,2026-02-12,Vizag,C83690,RuPay,Utilities,Male,6530.54,NetBanking,DMart,Fuel,Declined
n103784,2026-01-07,Delhi,C23096,RuPay,Utilities,Female,21904.13,Credit,HPCL,Utilities,Approved
n103785,2026-01-16,Delhi,C38115,Amex,Dining,Male,3187.07,UPI,Zomato,Fuel,Declined
n103786,2026-05-07,Hyderabad,C74625,Visa,Dining,Female,6456.2,NetBanking,DMart,Travel,Declined
n103787,2026-01-01,Hyderabad,C17747,RuPay,Fuel,Female,9302.83,Credit,Reliance,Retail,Approved
n103788,2026-01-14,Kolkata,C50940,Visa,Dining,Female,4056.78,UPI,Reliance,Retail,Declined
n103789,2026-03-20,Chennai,C69434,MasterCard,Utilities,Female,6539.72,NetBanking,HPCL,Fuel,Approved
n103790,2026-04-06,Bengaluru,C94158,Amex,Utilities,Male,20329.95,UPI,Zomato,Travel,Declined
n103791,2026-04-04,Vizag,C83438,MasterCard,Utilities,Female,22753.68,Credit,Zomato,Retail,Approved
n103792,2026-04-01,Hyderabad,C66382,Amex,Dining,Male,14000.31,Credit,IOCL,E-commerce,Approved
n103793,2026-05-02,Delhi,C39412,Visa,Travel,Male,24079.02,Credit,Zomato,Food,Approved
n103794,2026-01-12,Delhi,C25848,MasterCard,Fuel,Female,17083.73,UPI,HPCL,Travel,Approved
n103795,2026-05-03,Hyderabad,C67385,Visa,Groceries,Female,14433.76,NetBanking,HPCL,E-commerce,Declined
n103796,2026-04-21,Mumbai,C52702,Visa,Dining,Female,4543.35,NetBanking,HPCL,Retail,Approved
n103797,2026-06-26,Delhi,C37611,Visa,Dining,Female,11600.19,Credit,Reliance,Food,Approved
n103798,2026-02-06,Pune,C50895,MasterCard,Fuel,Female,16044.71,Credit,DMart,Travel,Declined
n103799,2026-04-18,Delhi,C73241,MasterCard,Travel,Female,1449.06,UPI,IOCL,Food,Approved
n103800,2026-06-17,Hyderabad,C99398,MasterCard,Dining,Male,9830.45,Credit,Zomato,Utilities,Declined
n103801,2026-01-09,Chennai,C61494,Visa,Groceries,Female,834.84,NetBanking,HPCL,Retail,Approved
n103802,2026-02-04,Chennai,C98082,Visa,Utilities,Female,9658.56,UPI,IOCL,Travel,Declined
n103803,2026-06-17,Hyderabad,C52509,MasterCard,Utilities,Male,7015.13,NetBanking,DMart,Utilities,Declined
n103804,2026-05-25,Delhi,C39000,RuPay,Groceries,Male,23631.68,NetBanking,IOCL,E-commerce,Declined
n103805,2026-05-21,Hyderabad,C57932,Visa,Groceries,Male,23843.93,UPI,IRCTC,Retail,Approved
n103806,2026-02-27,Kolkata,C68141,Amex,Travel,Female,8372.99,UPI,Reliance,Food,Approved
n103807,2026-03-22,Bengaluru,C13954,Amex,Fuel,Female,16673.29,UPI,Amazon,Travel,Approved
n103808,2026-06-09,Pune,C14734,Amex,Shopping,Female,22248.14,UPI,Swiggy,E-commerce,Approved
n103809,2026-02-18,Pune,C98294,Amex,Utilities,Male,23326.16,UPI,IOCL,Fuel,Approved
n103810,2026-04-13,Mumbai,C51109,Amex,Fuel,Male,9633.6,Credit,Zomato,Utilities,Declined
n103811,2026-01-17,Pune,C21454,Amex,Shopping,Female,17400.2,UPI,DMart,Fuel,Approved
n103812,2026-05-02,Delhi,C87065,RuPay,Groceries,Male,20894.26,Credit,HPCL,Retail,Declined
n103813,2026-03-06,Pune,C79462,Visa,Utilities,Male,15647.87,UPI,IOCL,Utilities,Approved
n103814,2026-01-29,Mumbai,C45237,Amex,Fuel,Female,7003.07,UPI,DMart,Travel,Approved
n103815,2026-06-29,Kolkata,C53959,MasterCard,Groceries,Male,3274.91,NetBanking,Swiggy,Food,Approved
n103816,2026-06-23,Bengaluru,C10316,Visa,Travel,Male,4278.81,NetBanking,HPCL,E-commerce,Declined
n103817,2026-01-12,Delhi,C42277,Amex,Travel,Male,20256.48,UPI,DMart,Food,Approved
n103818,2026-01-03,Hyderabad,C78314,Visa,Travel,Male,8309.54,NetBanking,Amazon,Fuel,Approved
n103819,2026-03-10,Hyderabad,C35243,MasterCard,Travel,Male,8563.91,Credit,DMart,Utilities,Approved
n103820,2026-03-28,Kolkata,C39013,RuPay,Utilities,Female,20277.93,NetBanking,Amazon,Utilities,Approved
n103821,2026-01-28,Mumbai,C18976,Visa,Dining,Female,14253.05,UPI,Amazon,Retail,Approved
n103822,2026-02-11,Delhi,C66382,Amex,Dining,Female,3690.25,Credit,Reliance,Utilities,Declined
n103823,2026-05-25,Mumbai,C61975,MasterCard,Fuel,Female,20474.34,UPI,Swiggy,Fuel,Declined
n103824,2026-06-03,Bengaluru,C32565,Amex,Fuel,Male,112.14,Credit,DMart,Utilities,Declined
n103825,2026-04-21,Pune,C64690,RuPay,Dining,Male,18999.41,UPI,Zomato,Food,Approved
n103826,2026-02-24,Hyderabad,C47409,RuPay,Fuel,Female,5954.51,NetBanking,IOCL,Travel,Approved
n103827,2026-04-12,Delhi,C56099,Visa,Shopping,Female,3689.78,NetBanking,Zomato,Retail,Approved
n103828,2026-02-02,Mumbai,C13010,Amex,Groceries,Female,22344.3,NetBanking,HPCL,Food,Declined
n103829,2026-01-25,Chennai,C64161,Visa,Groceries,Female,20387.11,UPI,HPCL,Travel,Declined
n103830,2026-05-20,Kolkata,C25541,Visa,Utilities,Female,21395.49,Credit,IRCTC,Travel,Approved
n103831,2026-05-13,Mumbai,C58364,RuPay,Utilities,Female,21025.94,NetBanking,HPCL,Fuel,Declined
n103832,2026-05-25,Bengaluru,C87268,MasterCard,Fuel,Female,15336.62,UPI,IOCL,Fuel,Approved
n103833,2026-02-15,Pune,C97071,Amex,Groceries,Female,10946.22,Credit,Reliance,Retail,Declined
n103834,2026-05-18,Mumbai,C20866,MasterCard,Dining,Female,5844.33,UPI,DMart,Fuel,Approved
n103835,2026-06-06,Pune,C54461,Amex,Shopping,Male,4108.88,Credit,Amazon,E-commerce,Declined
n103836,2026-05-08,Bengaluru,C98859,Visa,Dining,Male,14144.31,UPI,Amazon,Retail,Declined
n103837,2026-06-19,Delhi,C45056,Amex,Groceries,Female,16706.96,UPI,DMart,Utilities,Declined
n103838,2026-06-28,Mumbai,C91433,Visa,Fuel,Male,4738.35,Credit,DMart,Fuel,Declined
n103839,2026-06-19,Kolkata,C71428,Visa,Dining,Female,16029.3,NetBanking,Swiggy,Food,Declined
n103840,2026-06-15,Chennai,C16781,Visa,Fuel,Male,7452.36,NetBanking,IRCTC,Fuel,Declined
n103841,2026-03-05,Vizag,C83113,MasterCard,Dining,Male,19829.65,NetBanking,HPCL,Food,Declined
n103842,2026-06-08,Pune,C94456,MasterCard,Groceries,Female,3647.43,UPI,IRCTC,Fuel,Approved
n103843,2026-06-07,Chennai,C27554,RuPay,Groceries,Female,22138.31,UPI,HPCL,Food,Approved
n103844,2026-04-27,Vizag,C43063,RuPay,Dining,Female,1292.75,Credit,Zomato,Retail,Approved
n103845,2026-01-26,Delhi,C78987,RuPay,Dining,Male,5759.13,UPI,IRCTC,Fuel,Approved
n103846,2026-05-30,Kolkata,C80022,Amex,Shopping,Female,4491.02,Credit,Swiggy,Food,Declined
n103847,2026-06-26,Mumbai,C58300,RuPay,Dining,Female,1493.84,UPI,IRCTC,Utilities,Approved
n103848,2026-05-15,Pune,C41633,MasterCard,Utilities,Male,3840.31,UPI,Swiggy,Food,Approved
n103849,2026-04-18,Vizag,C87601,RuPay,Dining,Female,16156.63,NetBanking,DMart,Fuel,Declined
n103850,2026-02-25,Kolkata,C20279,MasterCard,Shopping,Female,15498.17,UPI,Zomato,Fuel,Approved
n103851,2026-06-30,Bengaluru,C25042,RuPay,Utilities,Female,4405.62,NetBanking,Zomato,Utilities,Approved
n103852,2026-01-23,Delhi,C70375,MasterCard,Dining,Female,14316.59,Credit,IOCL,Utilities,Approved
n103853,2026-05-10,Kolkata,C56278,RuPay,Shopping,Female,17006.26,NetBanking,DMart,Utilities,Declined
n103854,2026-05-22,Chennai,C27713,Visa,Fuel,Male,678.71,Credit,DMart,Utilities,Declined
n103855,2026-02-15,Kolkata,C97530,Amex,Shopping,Male,9938.3,UPI,DMart,Travel,Declined
n103856,2026-03-24,Pune,C24113,RuPay,Shopping,Male,14170.05,UPI,HPCL,E-commerce,Approved
n103857,2026-06-19,Hyderabad,C10205,RuPay,Utilities,Female,12919.63,UPI,Reliance,Travel,Approved
n103858,2026-06-18,Chennai,C73408,RuPay,Utilities,Female,10646.13,NetBanking,Reliance,Fuel,Declined
n103859,2026-05-13,Mumbai,C15881,RuPay,Fuel,Female,3195.01,UPI,Reliance,Utilities,Declined
n103860,2026-01-17,Chennai,C95529,MasterCard,Travel,Male,18995.83,Credit,Zomato,Retail,Declined
n103861,2026-04-29,Pune,C98540,Amex,Utilities,Female,12492.89,Credit,Swiggy,Utilities,Approved
n103862,2026-04-10,Pune,C79734,Amex,Travel,Male,5249.74,Credit,Amazon,Travel,Declined
n103863,2026-06-03,Bengaluru,C43654,Visa,Dining,Female,1967.8,NetBanking,Reliance,Fuel,Approved
n103864,2026-04-16,Bengaluru,C96554,Visa,Dining,Female,24911.57,UPI,IOCL,Fuel,Declined
n103865,2026-06-21,Delhi,C72202,MasterCard,Utilities,Male,11540.64,Credit,Swiggy,Retail,Declined
n103866,2026-04-10,Kolkata,C75595,MasterCard,Utilities,Male,5528.79,UPI,IRCTC,Food,Declined
n103867,2026-02-06,Pune,C52719,Amex,Utilities,Female,12291.54,UPI,Amazon,Food,Approved
n103868,2026-01-15,Vizag,C33050,MasterCard,Utilities,Female,20311.14,UPI,Swiggy,Utilities,Declined
n103869,2026-06-23,Bengaluru,C34040,Amex,Fuel,Female,15273.89,NetBanking,IRCTC,Utilities,Declined
n103870,2026-06-21,Mumbai,C24066,Amex,Groceries,Female,8410.27,NetBanking,Swiggy,Travel,Approved
n103871,2026-05-29,Hyderabad,C86423,RuPay,Fuel,Female,9891.89,UPI,IRCTC,E-commerce,Approved
n103872,2026-06-16,Kolkata,C36326,Amex,Groceries,Male,19834.3,Credit,Zomato,Utilities,Approved
n103873,2026-04-10,Delhi,C17403,Amex,Shopping,Female,21766.16,NetBanking,Amazon,Travel,Approved
n103874,2026-01-24,Mumbai,C95725,RuPay,Groceries,Female,18740.76,NetBanking,IRCTC,Fuel,Declined
n103875,2026-04-04,Chennai,C73272,MasterCard,Shopping,Female,14560.55,NetBanking,IOCL,Food,Declined
n103876,2026-05-01,Hyderabad,C53861,RuPay,Travel,Male,11907.66,Credit,IOCL,Fuel,Approved
n103877,2026-03-25,Delhi,C81970,MasterCard,Dining,Male,1335.69,Credit,IRCTC,Retail,Approved
n103878,2026-02-24,Chennai,C61261,MasterCard,Dining,Female,10575.24,Credit,DMart,Retail,Declined
n103879,2026-05-20,Delhi,C19927,RuPay,Dining,Female,2181.44,Credit,DMart,Fuel,Declined
n103880,2026-02-14,Pune,C18273,RuPay,Dining,Male,11875.74,NetBanking,Zomato,Travel,Approved
n103881,2026-02-09,Mumbai,C58313,RuPay,Groceries,Female,13953.66,NetBanking,Amazon,Food,Approved
n103882,2026-01-02,Chennai,C29377,MasterCard,Shopping,Male,19954.72,UPI,Reliance,Fuel,Declined
n103883,2026-05-15,Vizag,C23614,RuPay,Utilities,Male,8833.67,NetBanking,IOCL,Travel,Declined
n103884,2026-02-10,Kolkata,C78976,RuPay,Utilities,Female,6725.46,UPI,Zomato,Travel,Approved
n103885,2026-04-27,Chennai,C78147,MasterCard,Fuel,Male,23090.2,Credit,Zomato,Utilities,Approved
n103886,2026-05-15,Hyderabad,C80758,Amex,Travel,Female,18526.86,UPI,Amazon,Utilities,Declined
n103887,2026-05-19,Bengaluru,C95263,Visa,Travel,Male,2810.92,NetBanking,IOCL,Food,Declined
n103888,2026-03-08,Delhi,C75476,Amex,Fuel,Male,11218.76,NetBanking,IOCL,Food,Approved
n103889,2026-04-09,Delhi,C60942,RuPay,Groceries,Male,5925.86,UPI,HPCL,Travel,Declined
n103890,2026-02-28,Mumbai,C72850,MasterCard,Groceries,Female,23004.95,Credit,DMart,Fuel,Approved
n103891,2026-03-30,Hyderabad,C33765,MasterCard,Dining,Female,5247.73,NetBanking,HPCL,Retail,Declined
n103892,2026-03-22,Hyderabad,C52353,MasterCard,Fuel,Female,315.96,NetBanking,Amazon,Travel,Declined
n103893,2026-02-03,Kolkata,C13463,Amex,Utilities,Female,4179.75,Credit,Swiggy,Travel,Declined
n103894,2026-04-26,Mumbai,C63698,Amex,Fuel,Female,14556.95,NetBanking,DMart,Food,Declined
n103895,2026-05-05,Mumbai,C60969,Amex,Travel,Male,15388.54,NetBanking,Zomato,Fuel,Declined
n103896,2026-03-18,Pune,C95797,RuPay,Dining,Male,6194.03,NetBanking,Swiggy,Travel,Declined
n103897,2026-06-03,Kolkata,C18456,Amex,Groceries,Female,4609.15,UPI,Swiggy,Food,Declined
n103898,2026-05-04,Delhi,C41064,Amex,Utilities,Male,2076.04,Credit,Swiggy,Fuel,Declined
n103899,2026-04-24,Pune,C60264,Visa,Shopping,Male,23201.55,NetBanking,HPCL,Travel,Declined
n103900,2026-05-07,Mumbai,C26624,MasterCard,Shopping,Male,16017.34,Credit,Amazon,Travel,Approved
n103901,2026-03-23,Delhi,C55964,Visa,Dining,Male,9556.62,NetBanking,Zomato,Travel,Approved
n103902,2026-03-24,Bengaluru,C84927,MasterCard,Travel,Female,23146.4,UPI,IOCL,Retail,Declined
n103903,2026-01-27,Chennai,C34699,MasterCard,Groceries,Male,19391.94,UPI,Zomato,Retail,Approved
n103904,2026-04-06,Mumbai,C58290,Amex,Travel,Male,14301.01,Credit,Reliance,Utilities,Approved
n103905,2026-06-02,Kolkata,C10012,Amex,Shopping,Female,19121.29,UPI,HPCL,Fuel,Approved
n103906,2026-06-29,Vizag,C34948,Amex,Dining,Male,1280.31,UPI,HPCL,Retail,Approved
n103907,2026-04-22,Kolkata,C63990,Visa,Shopping,Female,16467.93,UPI,Zomato,Travel,Approved
n103908,2026-01-15,Delhi,C46364,RuPay,Utilities,Male,11147.89,Credit,IOCL,Retail,Approved
n103909,2026-06-25,Bengaluru,C12256,Amex,Shopping,Male,17795.69,NetBanking,Reliance,Food,Declined
n103910,2026-02-07,Vizag,C77737,MasterCard,Travel,Female,9706.7,Credit,Zomato,Fuel,Declined
n103911,2026-06-21,Bengaluru,C56036,Amex,Dining,Male,1785.43,UPI,Zomato,Retail,Declined
n103912,2026-02-12,Delhi,C93559,RuPay,Shopping,Male,17945.28,NetBanking,HPCL,Utilities,Approved
n103913,2026-05-10,Delhi,C10936,Amex,Travel,Female,19143.87,NetBanking,Amazon,Travel,Approved
n103914,2026-04-11,Pune,C91079,Amex,Groceries,Female,13087.19,NetBanking,Zomato,E-commerce,Declined
n103915,2026-06-28,Hyderabad,C55770,Visa,Groceries,Male,10277.78,UPI,HPCL,Retail,Approved
n103916,2026-02-02,Bengaluru,C51624,Amex,Shopping,Male,13864.49,Credit,Reliance,Food,Declined
n103917,2026-02-27,Vizag,C84601,MasterCard,Fuel,Female,24465.24,NetBanking,Reliance,Travel,Approved
n103918,2026-02-27,Vizag,C23556,Amex,Groceries,Male,21782.82,UPI,IRCTC,Fuel,Approved
n103919,2026-05-16,Pune,C79559,MasterCard,Fuel,Female,14025.76,NetBanking,IRCTC,Food,Approved
n103920,2026-04-19,Vizag,C31218,MasterCard,Shopping,Female,10696.61,NetBanking,IOCL,E-commerce,Declined
n103921,2026-05-02,Vizag,C58679,RuPay,Shopping,Female,11277.67,Credit,Zomato,Travel,Approved
n103922,2026-01-01,Pune,C93729,Amex,Dining,Male,8909.41,Credit,Swiggy,E-commerce,Approved
n103923,2026-03-26,Bengaluru,C13380,RuPay,Travel,Female,3866.09,UPI,HPCL,Fuel,Declined
n103924,2026-04-03,Vizag,C92481,MasterCard,Fuel,Male,3907.61,Credit,Amazon,Travel,Approved
n103925,2026-04-05,Hyderabad,C71199,RuPay,Shopping,Male,3011.87,UPI,Amazon,Fuel,Approved
n103926,2026-04-20,Bengaluru,C21270,RuPay,Utilities,Female,15779.19,UPI,DMart,Retail,Declined
n103927,2026-01-05,Delhi,C67730,RuPay,Fuel,Male,1131.64,UPI,Zomato,Fuel,Declined
n103928,2026-01-09,Chennai,C27055,Amex,Fuel,Female,21866.1,NetBanking,Amazon,Utilities,Declined
n103929,2026-03-21,Delhi,C91764,MasterCard,Travel,Female,16263.2,NetBanking,Amazon,Utilities,Approved
n103930,2026-06-17,Kolkata,C37677,MasterCard,Dining,Female,12232.24,Credit,Swiggy,Travel,Declined
n103931,2026-05-11,Bengaluru,C73506,Visa,Shopping,Male,5969.24,Credit,Swiggy,Utilities,Approved
n103932,2026-03-08,Delhi,C94790,Amex,Dining,Male,16812.72,Credit,Amazon,Utilities,Approved
n103933,2026-03-08,Pune,C37750,Visa,Travel,Female,12445.8,Credit,Zomato,E-commerce,Declined
n103934,2026-01-03,Kolkata,C24351,Amex,Fuel,Female,5347.84,UPI,Amazon,Fuel,Approved
n103935,2026-04-12,Kolkata,C79901,Visa,Groceries,Male,5822.59,NetBanking,Swiggy,Food,Approved
n103936,2026-06-23,Chennai,C82026,Visa,Travel,Male,2618.58,UPI,Zomato,Travel,Declined
n103937,2026-04-09,Chennai,C58456,Amex,Groceries,Male,3954.21,UPI,IRCTC,Food,Approved
n103938,2026-02-02,Vizag,C62747,Amex,Dining,Male,19279.89,Credit,Zomato,Food,Declined
n103939,2026-05-06,Delhi,C57691,Visa,Shopping,Male,15808.66,NetBanking,HPCL,E-commerce,Declined
n103940,2026-03-01,Mumbai,C21737,RuPay,Dining,Male,23327.63,Credit,Swiggy,Retail,Declined
n103941,2026-01-22,Delhi,C43092,Amex,Fuel,Female,8390.91,UPI,Swiggy,E-commerce,Declined
n103942,2026-02-17,Kolkata,C44240,RuPay,Travel,Male,15029.92,UPI,Swiggy,Utilities,Declined
n103943,2026-03-07,Bengaluru,C96489,Visa,Groceries,Female,13986.85,UPI,HPCL,Food,Approved
n103944,2026-01-06,Mumbai,C81772,MasterCard,Dining,Male,14896.31,UPI,Reliance,Travel,Approved
n103945,2026-05-02,Kolkata,C10318,Amex,Travel,Male,7843.72,UPI,Swiggy,E-commerce,Approved
n103946,2026-04-22,Bengaluru,C34947,RuPay,Groceries,Female,3957.57,UPI,Zomato,Food,Approved
n103947,2026-05-23,Mumbai,C28792,Amex,Utilities,Male,20794.93,Credit,Swiggy,E-commerce,Declined
n103948,2026-03-30,Bengaluru,C11165,RuPay,Travel,Male,21781.25,NetBanking,Zomato,Retail,Declined
n103949,2026-03-28,Hyderabad,C58207,Amex,Shopping,Male,12812.79,UPI,Reliance,Utilities,Approved
n103950,2026-04-23,Chennai,C71710,Visa,Groceries,Female,4784.87,UPI,Amazon,Utilities,Approved
n103951,2026-06-18,Mumbai,C74056,Visa,Utilities,Male,3871.01,UPI,Reliance,Food,Approved
n103952,2026-03-04,Chennai,C63664,MasterCard,Dining,Female,22905.66,UPI,HPCL,Travel,Declined
n103953,2026-06-07,Pune,C76402,Visa,Shopping,Female,19081.68,NetBanking,HPCL,Utilities,Declined
n103954,2026-03-17,Chennai,C85389,RuPay,Travel,Male,19705.4,Credit,IOCL,Food,Declined
n103955,2026-06-13,Vizag,C30576,Amex,Dining,Female,17761.99,NetBanking,Amazon,Utilities,Declined
n103956,2026-02-28,Kolkata,C95083,Amex,Dining,Male,19105.09,Credit,IRCTC,E-commerce,Declined
n103957,2026-02-01,Mumbai,C24064,Amex,Dining,Male,8604.43,UPI,Amazon,Retail,Approved
n103958,2026-02-18,Mumbai,C23344,RuPay,Utilities,Male,12851.06,Credit,IOCL,Food,Declined
n103959,2026-05-19,Hyderabad,C30646,MasterCard,Dining,Male,13489.87,Credit,IRCTC,Fuel,Declined
n103960,2026-02-19,Bengaluru,C24463,RuPay,Travel,Male,14127.86,NetBanking,DMart,Travel,Declined
n103961,2026-03-04,Delhi,C21349,RuPay,Shopping,Male,635.07,UPI,IOCL,E-commerce,Declined
n103962,2026-02-16,Mumbai,C59814,RuPay,Fuel,Female,9989.73,Credit,IOCL,Utilities,Approved
n103963,2026-02-06,Delhi,C74809,MasterCard,Groceries,Female,2708.66,NetBanking,Reliance,Food,Approved
n103964,2026-03-04,Pune,C15650,Amex,Groceries,Male,1602.6,UPI,Amazon,E-commerce,Declined
n103965,2026-05-03,Vizag,C95407,Visa,Dining,Male,17756.51,NetBanking,DMart,E-commerce,Declined
n103966,2026-06-14,Pune,C34108,Amex,Shopping,Female,10518.15,UPI,Amazon,Fuel,Approved
n103967,2026-04-18,Bengaluru,C61292,MasterCard,Fuel,Female,1145.11,Credit,HPCL,Retail,Approved
n103968,2026-05-15,Vizag,C20847,RuPay,Groceries,Male,4955.77,Credit,Reliance,E-commerce,Approved
n103969,2026-03-29,Kolkata,C33210,Amex,Fuel,Female,281.07,Credit,Swiggy,Food,Declined
n103970,2026-05-12,Pune,C95626,Amex,Shopping,Male,1671.46,Credit,HPCL,Retail,Approved
n103971,2026-03-26,Chennai,C30011,MasterCard,Groceries,Male,14414.93,NetBanking,Reliance,Travel,Declined
n103972,2026-01-10,Bengaluru,C48891,MasterCard,Shopping,Female,12283.64,UPI,Swiggy,Retail,Approved
n103973,2026-05-10,Kolkata,C50800,RuPay,Shopping,Female,11417.59,Credit,Amazon,Food,Approved
n103974,2026-03-11,Kolkata,C38401,Amex,Dining,Male,12003.22,UPI,Zomato,Utilities,Declined
n103975,2026-06-15,Hyderabad,C46718,RuPay,Shopping,Male,13537.6,UPI,Amazon,E-commerce,Declined
n103976,2026-04-29,Hyderabad,C90880,Visa,Utilities,Male,2977.68,Credit,DMart,Utilities,Approved
n103977,2026-02-28,Pune,C87012,Visa,Travel,Male,5316.0,Credit,Zomato,Utilities,Declined
n103978,2026-05-29,Kolkata,C44687,Visa,Fuel,Male,2176.56,UPI,Amazon,E-commerce,Approved
n103979,2026-02-23,Pune,C34325,Visa,Dining,Male,24656.81,UPI,Amazon,Utilities,Approved
n103980,2026-01-20,Kolkata,C46218,MasterCard,Dining,Female,20963.19,Credit,IRCTC,E-commerce,Declined
n103981,2026-01-25,Delhi,C16879,MasterCard,Groceries,Male,294.26,UPI,DMart,Utilities,Declined
n103982,2026-01-31,Delhi,C51475,Amex,Utilities,Female,1250.41,Credit,Zomato,E-commerce,Approved
n103983,2026-06-03,Hyderabad,C10744,RuPay,Dining,Female,19968.33,Credit,Zomato,Retail,Declined
n103984,2026-02-27,Pune,C88394,RuPay,Fuel,Female,20014.39,Credit,Zomato,Retail,Declined
n103985,2026-01-29,Mumbai,C95479,Visa,Groceries,Male,20176.52,NetBanking,IOCL,Food,Approved
n103986,2026-01-14,Kolkata,C64291,RuPay,Utilities,Female,640.38,UPI,Reliance,Retail,Declined
n103987,2026-04-25,Vizag,C68169,RuPay,Fuel,Female,14541.41,UPI,HPCL,E-commerce,Declined
n103988,2026-03-28,Mumbai,C29812,MasterCard,Utilities,Female,21607.21,NetBanking,HPCL,Utilities,Declined
n103989,2026-02-11,Kolkata,C25993,RuPay,Shopping,Female,23602.56,NetBanking,DMart,Food,Approved
n103990,2026-01-26,Vizag,C23879,RuPay,Fuel,Male,1760.61,Credit,Swiggy,E-commerce,Approved
n103991,2026-03-16,Delhi,C57744,RuPay,Dining,Female,5499.15,NetBanking,IRCTC,Food,Approved
n103992,2026-05-01,Delhi,C22112,Visa,Utilities,Female,10116.95,UPI,Swiggy,Travel,Approved
n103993,2026-05-19,Pune,C72336,Visa,Groceries,Female,285.25,Credit,DMart,Food,Declined
n103994,2026-01-23,Vizag,C13791,Amex,Fuel,Male,16291.26,Credit,DMart,E-commerce,Approved
n103995,2026-04-26,Mumbai,C79764,MasterCard,Fuel,Male,11431.42,Credit,IRCTC,Travel,Declined
n103996,2026-05-31,Kolkata,C56878,Amex,Travel,Male,863.25,NetBanking,DMart,Utilities,Declined
n103997,2026-03-16,Chennai,C62272,Visa,Utilities,Female,13868.59,Credit,Swiggy,E-commerce,Approved
n103998,2026-04-18,Delhi,C36971,RuPay,Utilities,Male,7643.63,NetBanking,DMart,E-commerce,Declined
n103999,2026-05-02,Pune,C48226,Amex,Dining,Male,6941.29,NetBanking,Reliance,Retail,Approved
n104000,2026-01-16,Kolkata,C48515,MasterCard,Utilities,Male,19935.2,UPI,Swiggy,Food,Approved
n104001,2026-02-27,Pune,C22818,RuPay,Shopping,Male,6027.84,NetBanking,IOCL,Food,Declined
n104002,2026-02-07,Bengaluru,C74912,RuPay,Dining,Female,8186.32,Credit,DMart,Food,Declined
n104003,2026-05-29,Pune,C11251,Amex,Fuel,Female,16174.8,UPI,DMart,E-commerce,Approved
n104004,2026-05-02,Bengaluru,C39329,RuPay,Utilities,Female,18596.47,Credit,DMart,Utilities,Approved
n104005,2026-05-08,Hyderabad,C93751,Amex,Shopping,Female,14457.41,NetBanking,Zomato,Food,Declined
n104006,2026-01-14,Bengaluru,C83063,MasterCard,Fuel,Female,2751.3,NetBanking,Zomato,Utilities,Declined
n104007,2026-06-13,Delhi,C74022,RuPay,Dining,Male,6029.14,NetBanking,IRCTC,Travel,Declined
n104008,2026-03-05,Kolkata,C89034,Amex,Fuel,Male,16654.86,NetBanking,Zomato,Retail,Declined
n104009,2026-03-03,Bengaluru,C97262,Amex,Travel,Male,6427.42,Credit,IRCTC,Food,Approved
n104010,2026-01-22,Bengaluru,C77939,RuPay,Shopping,Female,13969.52,NetBanking,HPCL,Travel,Approved
n104011,2026-06-08,Pune,C32171,Visa,Travel,Female,909.48,UPI,HPCL,Fuel,Approved
n104012,2026-05-09,Bengaluru,C79551,RuPay,Dining,Male,9825.22,NetBanking,Amazon,Food,Approved
n104013,2026-06-05,Chennai,C47751,Visa,Dining,Male,2350.6,UPI,Swiggy,E-commerce,Declined
n104014,2026-02-15,Vizag,C77213,Visa,Shopping,Male,9904.44,Credit,DMart,E-commerce,Approved
n104015,2026-06-20,Bengaluru,C70338,RuPay,Shopping,Male,21967.1,Credit,Reliance,Retail,Approved
n104016,2026-01-21,Chennai,C53165,Amex,Dining,Female,3511.38,Credit,IRCTC,Fuel,Declined
n104017,2026-04-20,Bengaluru,C65655,MasterCard,Utilities,Female,17512.67,UPI,DMart,Retail,Declined
n104018,2026-02-14,Vizag,C95551,Amex,Groceries,Male,5118.6,NetBanking,HPCL,Retail,Declined
n104019,2026-03-07,Chennai,C23268,RuPay,Utilities,Male,395.45,UPI,Reliance,E-commerce,Declined
n104020,2026-06-02,Mumbai,C73065,RuPay,Fuel,Female,16272.12,UPI,DMart,Fuel,Declined
n104021,2026-02-06,Pune,C16607,RuPay,Shopping,Male,16610.91,UPI,IRCTC,Utilities,Approved
n104022,2026-05-28,Pune,C57040,Amex,Dining,Male,9944.99,NetBanking,Reliance,Food,Approved
n104023,2026-04-28,Pune,C69484,MasterCard,Groceries,Male,10614.66,NetBanking,DMart,Retail,Approved
n104024,2026-01-22,Mumbai,C52024,Visa,Fuel,Male,6060.56,Credit,Amazon,E-commerce,Approved
n104025,2026-05-02,Pune,C34605,RuPay,Utilities,Male,4535.19,UPI,IOCL,Fuel,Declined
n104026,2026-05-15,Delhi,C23577,MasterCard,Groceries,Male,20587.12,Credit,Reliance,Retail,Approved
n104027,2026-01-09,Vizag,C42672,RuPay,Utilities,Female,1574.94,NetBanking,Swiggy,Retail,Approved
n104028,2026-03-05,Vizag,C11564,RuPay,Shopping,Female,23973.86,Credit,HPCL,Fuel,Approved
n104029,2026-02-01,Mumbai,C24628,Amex,Utilities,Male,3599.92,NetBanking,Amazon,Fuel,Approved
n104030,2026-06-08,Mumbai,C68507,Visa,Travel,Male,15652.42,Credit,HPCL,Fuel,Declined
n104031,2026-03-11,Mumbai,C80819,Visa,Groceries,Female,15984.94,NetBanking,HPCL,Utilities,Approved
n104032,2026-05-20,Bengaluru,C22545,MasterCard,Groceries,Female,1623.88,UPI,Swiggy,Food,Approved
n104033,2026-03-20,Pune,C51046,RuPay,Fuel,Female,21422.41,Credit,Amazon,Travel,Approved
n104034,2026-04-02,Pune,C95198,MasterCard,Groceries,Female,13839.07,Credit,DMart,Fuel,Approved
n104035,2026-06-20,Chennai,C84009,MasterCard,Shopping,Female,1543.18,Credit,Swiggy,Food,Declined
n104036,2026-06-01,Chennai,C54644,Amex,Utilities,Female,5557.63,Credit,Zomato,Food,Declined
n104037,2026-01-26,Pune,C40783,MasterCard,Utilities,Male,11211.58,Credit,IOCL,Food,Declined
n104038,2026-06-24,Vizag,C17976,Amex,Groceries,Male,2356.21,NetBanking,DMart,Utilities,Declined
n104039,2026-06-28,Bengaluru,C23677,RuPay,Travel,Male,736.49,Credit,HPCL,Retail,Approved
n104040,2026-02-18,Delhi,C99807,Visa,Groceries,Female,12373.07,Credit,HPCL,E-commerce,Approved
n104041,2026-05-05,Mumbai,C13602,Amex,Fuel,Male,21990.06,Credit,Swiggy,Travel,Approved
n104042,2026-01-12,Vizag,C28858,Visa,Dining,Male,20720.32,UPI,Swiggy,Retail,Declined
n104043,2026-04-21,Delhi,C72676,MasterCard,Groceries,Female,21989.05,UPI,Amazon,Food,Declined
n104044,2026-02-04,Hyderabad,C53946,MasterCard,Dining,Female,15644.36,Credit,Reliance,E-commerce,Declined
n104045,2026-02-10,Hyderabad,C91447,RuPay,Dining,Male,21192.94,UPI,Zomato,E-commerce,Approved
n104046,2026-05-26,Kolkata,C80727,RuPay,Travel,Female,10942.34,NetBanking,HPCL,Utilities,Approved
n104047,2026-04-25,Delhi,C48590,MasterCard,Fuel,Female,6581.47,NetBanking,Zomato,E-commerce,Declined
n104048,2026-06-26,Pune,C65027,Amex,Travel,Male,14143.02,Credit,Amazon,E-commerce,Declined
n104049,2026-06-15,Vizag,C51413,MasterCard,Fuel,Male,1881.7,UPI,DMart,Travel,Approved
n104050,2026-03-31,Hyderabad,C60803,Amex,Fuel,Male,21088.31,UPI,IOCL,Travel,Declined
n104051,2026-05-13,Delhi,C10728,Visa,Fuel,Male,22247.55,Credit,Amazon,Travel,Declined
n104052,2026-03-07,Pune,C43019,Amex,Dining,Male,7462.7,NetBanking,HPCL,Travel,Approved
n104053,2026-04-03,Kolkata,C12480,RuPay,Shopping,Male,21505.97,UPI,IOCL,Retail,Declined
n104054,2026-04-24,Kolkata,C17932,Visa,Groceries,Male,17447.34,NetBanking,Zomato,Utilities,Approved
n104055,2026-01-23,Bengaluru,C32365,Visa,Dining,Female,4504.38,NetBanking,Zomato,E-commerce,Approved
n104056,2026-04-05,Pune,C88861,Visa,Travel,Male,2810.35,Credit,HPCL,E-commerce,Declined
n104057,2026-03-07,Bengaluru,C92831,Amex,Utilities,Female,12077.58,UPI,IOCL,Retail,Approved
n104058,2026-06-10,Hyderabad,C39976,MasterCard,Utilities,Male,3128.83,UPI,IOCL,Food,Approved
n104059,2026-02-11,Pune,C50277,Amex,Fuel,Female,12796.4,UPI,Swiggy,Food,Declined
n104060,2026-03-14,Pune,C94362,MasterCard,Travel,Female,2191.54,NetBanking,IRCTC,Retail,Approved
n104061,2026-01-23,Mumbai,C68187,MasterCard,Travel,Female,19208.85,NetBanking,Reliance,Fuel,Declined
n104062,2026-03-25,Bengaluru,C44885,RuPay,Shopping,Female,598.38,Credit,Swiggy,Food,Declined
n104063,2026-05-20,Delhi,C63107,MasterCard,Shopping,Male,16144.58,UPI,HPCL,Fuel,Approved
n104064,2026-06-14,Vizag,C41969,Amex,Dining,Female,10509.75,UPI,HPCL,Retail,Declined
n104065,2026-05-16,Hyderabad,C52156,MasterCard,Travel,Male,8830.21,NetBanking,DMart,Fuel,Declined
n104066,2026-02-01,Kolkata,C26619,Amex,Travel,Female,10936.91,UPI,IOCL,Food,Declined
n104067,2026-01-15,Bengaluru,C87113,Visa,Shopping,Male,22363.79,Credit,IOCL,Travel,Approved
n104068,2026-03-29,Mumbai,C24840,Amex,Dining,Female,21151.99,Credit,Zomato,Food,Declined
n104069,2026-03-23,Bengaluru,C13428,RuPay,Utilities,Female,18368.11,Credit,IOCL,Food,Approved
n104070,2026-06-19,Delhi,C46368,Amex,Dining,Female,22925.88,Credit,Swiggy,E-commerce,Declined
n104071,2026-04-26,Vizag,C17262,MasterCard,Travel,Male,17460.58,UPI,Zomato,Travel,Declined
n104072,2026-06-08,Delhi,C14689,RuPay,Dining,Female,3391.42,UPI,IRCTC,Food,Declined
n104073,2026-03-10,Delhi,C56784,RuPay,Utilities,Female,17767.02,NetBanking,HPCL,Food,Declined
n104074,2026-02-23,Mumbai,C54336,RuPay,Groceries,Male,17743.7,UPI,Amazon,Fuel,Declined
n104075,2026-02-25,Hyderabad,C99892,Amex,Groceries,Female,23220.54,UPI,Reliance,Fuel,Approved
n104076,2026-05-02,Kolkata,C84944,RuPay,Utilities,Female,1598.76,NetBanking,Swiggy,Retail,Declined
n104077,2026-04-14,Hyderabad,C40769,Amex,Dining,Male,19720.18,Credit,HPCL,Food,Declined
n104078,2026-03-09,Chennai,C94072,RuPay,Groceries,Female,1249.96,UPI,IOCL,E-commerce,Declined
n104079,2026-04-01,Mumbai,C72678,Amex,Dining,Female,3575.21,UPI,DMart,Food,Declined
n104080,2026-05-25,Bengaluru,C86863,Visa,Dining,Male,23626.62,UPI,Zomato,E-commerce,Declined
n104081,2026-02-14,Pune,C89611,MasterCard,Travel,Male,2567.8,NetBanking,DMart,Travel,Declined
n104082,2026-06-06,Vizag,C79489,Visa,Dining,Male,5283.18,UPI,Amazon,E-commerce,Approved
n104083,2026-02-20,Mumbai,C50353,Visa,Groceries,Male,23678.85,UPI,Swiggy,Retail,Approved
n104084,2026-04-21,Chennai,C46530,RuPay,Fuel,Male,2348.14,UPI,Zomato,Fuel,Approved
n104085,2026-01-31,Chennai,C85020,RuPay,Dining,Female,1081.72,Credit,DMart,Fuel,Approved
n104086,2026-05-22,Vizag,C88584,Visa,Travel,Female,22879.59,NetBanking,Zomato,E-commerce,Approved
n104087,2026-06-17,Chennai,C13603,MasterCard,Groceries,Male,24820.19,NetBanking,IOCL,Food,Declined
n104088,2026-06-15,Delhi,C30209,MasterCard,Shopping,Female,20694.59,NetBanking,IRCTC,Utilities,Declined
n104089,2026-04-02,Delhi,C30842,RuPay,Dining,Male,11903.71,UPI,IRCTC,Travel,Declined
n104090,2026-01-14,Mumbai,C11275,MasterCard,Dining,Female,19779.52,NetBanking,DMart,Food,Approved
n104091,2026-01-20,Kolkata,C30759,RuPay,Fuel,Female,8877.26,Credit,IOCL,Food,Approved
n104092,2026-03-13,Delhi,C98548,MasterCard,Utilities,Female,3675.22,NetBanking,HPCL,Utilities,Declined
n104093,2026-05-31,Mumbai,C76872,RuPay,Shopping,Male,20053.28,NetBanking,IOCL,Food,Approved
n104094,2026-05-10,Vizag,C72931,RuPay,Dining,Female,22991.16,Credit,Amazon,Travel,Approved
n104095,2026-04-24,Kolkata,C31678,Amex,Shopping,Female,7906.05,NetBanking,Swiggy,E-commerce,Declined
n104096,2026-05-05,Mumbai,C19739,Visa,Groceries,Male,7212.96,UPI,DMart,Utilities,Approved
n104097,2026-04-28,Bengaluru,C84288,Visa,Groceries,Female,6308.87,NetBanking,IRCTC,Food,Approved
n104098,2026-02-16,Kolkata,C57764,Amex,Shopping,Male,7348.53,UPI,IRCTC,Travel,Declined
n104099,2026-01-08,Bengaluru,C86341,MasterCard,Travel,Male,22575.73,NetBanking,DMart,E-commerce,Approved
n104100,2026-03-24,Delhi,C58415,Amex,Dining,Male,23864.36,Credit,IRCTC,Food,Approved
n104101,2026-06-27,Hyderabad,C18598,Amex,Travel,Male,2397.66,UPI,Zomato,Food,Approved
n104102,2026-05-08,Mumbai,C10892,MasterCard,Fuel,Female,5406.44,Credit,IRCTC,Fuel,Declined
n104103,2026-06-12,Hyderabad,C20934,Visa,Fuel,Female,14185.45,UPI,Reliance,E-commerce,Approved
n104104,2026-02-10,Delhi,C12038,Visa,Dining,Male,5297.03,UPI,Zomato,Travel,Declined
n104105,2026-04-14,Hyderabad,C32422,RuPay,Fuel,Female,6313.83,NetBanking,Amazon,Travel,Declined
n104106,2026-01-22,Bengaluru,C83021,Visa,Fuel,Female,8540.15,Credit,Zomato,Utilities,Approved
n104107,2026-01-18,Bengaluru,C84996,RuPay,Shopping,Female,1547.14,Credit,HPCL,Food,Approved
n104108,2026-06-29,Delhi,C74801,Amex,Shopping,Female,10486.77,UPI,Swiggy,Fuel,Declined
n104109,2026-04-07,Chennai,C51526,Amex,Travel,Male,20951.08,Credit,Reliance,Travel,Declined
n104110,2026-03-08,Hyderabad,C60697,RuPay,Utilities,Female,18946.1,NetBanking,HPCL,Travel,Declined
n104111,2026-01-28,Chennai,C75358,Amex,Fuel,Male,7572.72,NetBanking,DMart,Food,Approved
n104112,2026-04-05,Hyderabad,C19914,Amex,Utilities,Female,8917.61,UPI,Amazon,Fuel,Approved
n104113,2026-04-13,Vizag,C81880,Amex,Travel,Male,6640.06,NetBanking,Swiggy,E-commerce,Declined
n104114,2026-03-13,Chennai,C91806,RuPay,Groceries,Female,12392.76,NetBanking,Amazon,Fuel,Approved
n104115,2026-06-29,Pune,C15718,Visa,Travel,Male,5760.53,NetBanking,IOCL,Retail,Declined
n104116,2026-05-11,Delhi,C90926,Amex,Fuel,Female,3660.19,Credit,IOCL,Utilities,Approved
n104117,2026-03-17,Chennai,C10731,Amex,Dining,Male,11034.55,Credit,Amazon,Food,Approved
n104118,2026-03-09,Mumbai,C65828,RuPay,Shopping,Female,3938.62,Credit,HPCL,Food,Declined
n104119,2026-01-27,Hyderabad,C51010,RuPay,Fuel,Female,19607.36,UPI,Amazon,E-commerce,Declined
n104120,2026-04-21,Hyderabad,C20528,Amex,Travel,Male,17787.93,NetBanking,Amazon,E-commerce,Declined
n104121,2026-05-02,Delhi,C33464,RuPay,Travel,Female,11468.18,Credit,IOCL,Food,Declined
n104122,2026-01-12,Kolkata,C66081,Amex,Groceries,Male,15142.39,Credit,Reliance,Fuel,Approved
n104123,2026-03-18,Bengaluru,C43940,MasterCard,Fuel,Male,2857.55,Credit,HPCL,Retail,Declined
n104124,2026-06-09,Vizag,C80088,MasterCard,Groceries,Female,23848.02,UPI,Swiggy,Utilities,Approved
n104125,2026-05-15,Bengaluru,C32357,Visa,Travel,Female,20222.52,NetBanking,HPCL,Utilities,Declined
n104126,2026-06-01,Hyderabad,C21875,MasterCard,Utilities,Male,8621.83,UPI,Reliance,E-commerce,Approved
n104127,2026-04-17,Bengaluru,C11908,Visa,Groceries,Female,12323.14,NetBanking,Amazon,E-commerce,Declined
n104128,2026-06-16,Chennai,C16195,Amex,Utilities,Male,11496.21,Credit,Zomato,Travel,Declined
n104129,2026-06-09,Bengaluru,C51686,Visa,Dining,Female,22485.37,Credit,IOCL,Utilities,Declined
n104130,2026-02-08,Kolkata,C55510,Amex,Utilities,Male,9705.43,Credit,Reliance,Travel,Approved
n104131,2026-04-07,Vizag,C34642,MasterCard,Fuel,Male,4526.94,UPI,Zomato,E-commerce,Approved
n104132,2026-04-10,Delhi,C12404,Amex,Shopping,Female,20502.58,NetBanking,HPCL,E-commerce,Approved
n104133,2026-06-12,Delhi,C25369,Visa,Fuel,Male,10981.74,UPI,Swiggy,Fuel,Declined
n104134,2026-03-03,Mumbai,C13580,Visa,Travel,Female,1643.24,NetBanking,Zomato,Utilities,Declined
n104135,2026-01-01,Vizag,C15000,Amex,Travel,Male,11810.73,NetBanking,Amazon,Travel,Declined
n104136,2026-04-30,Hyderabad,C93290,RuPay,Utilities,Male,1536.36,UPI,Amazon,Retail,Declined
n104137,2026-06-17,Hyderabad,C30946,Amex,Dining,Female,9271.38,Credit,Amazon,Utilities,Approved
n104138,2026-03-24,Hyderabad,C25501,RuPay,Dining,Female,7539.68,Credit,Amazon,Fuel,Declined
n104139,2026-02-16,Vizag,C50298,Visa,Dining,Male,12811.98,NetBanking,Zomato,E-commerce,Declined
n104140,2026-02-11,Pune,C51252,MasterCard,Groceries,Male,9324.24,Credit,Zomato,E-commerce,Declined
n104141,2026-04-05,Hyderabad,C25344,MasterCard,Travel,Male,6397.01,Credit,DMart,Food,Declined
n104142,2026-06-22,Pune,C11764,RuPay,Fuel,Male,24586.31,NetBanking,DMart,Fuel,Declined
n104143,2026-01-23,Hyderabad,C57036,Visa,Travel,Male,3266.67,NetBanking,Amazon,Food,Declined
n104144,2026-06-11,Hyderabad,C46024,RuPay,Fuel,Female,10752.73,NetBanking,IRCTC,Retail,Approved
n104145,2026-05-02,Kolkata,C91915,MasterCard,Dining,Female,11257.03,NetBanking,HPCL,Fuel,Approved
n104146,2026-01-11,Chennai,C98393,RuPay,Groceries,Male,15107.99,UPI,Amazon,Travel,Declined
n104147,2026-02-20,Kolkata,C15946,Amex,Fuel,Male,7611.57,Credit,IRCTC,Food,Approved
n104148,2026-06-06,Delhi,C90694,Visa,Groceries,Female,13426.54,Credit,IRCTC,Food,Declined
n104149,2026-05-29,Delhi,C34863,Amex,Travel,Male,24201.23,UPI,IRCTC,E-commerce,Declined
n104150,2026-03-22,Delhi,C58867,Amex,Shopping,Male,9267.18,NetBanking,Zomato,E-commerce,Declined
n104151,2026-04-08,Mumbai,C95601,Visa,Shopping,Female,15472.5,NetBanking,HPCL,Food,Approved
n104152,2026-03-03,Hyderabad,C26872,MasterCard,Fuel,Female,3975.8,Credit,IRCTC,Retail,Approved
n104153,2026-01-27,Kolkata,C10533,MasterCard,Travel,Male,15303.5,NetBanking,Reliance,Food,Approved
n104154,2026-03-08,Hyderabad,C13178,RuPay,Groceries,Female,23229.04,UPI,Swiggy,Food,Approved
n104155,2026-05-08,Chennai,C60947,Visa,Utilities,Male,11656.31,UPI,IOCL,Food,Approved
n104156,2026-04-16,Hyderabad,C56782,MasterCard,Dining,Male,13294.9,NetBanking,Reliance,Retail,Approved
n104157,2026-01-12,Vizag,C13872,Visa,Shopping,Male,7435.66,UPI,Amazon,Utilities,Declined
n104158,2026-04-03,Bengaluru,C78634,Amex,Groceries,Male,179.21,NetBanking,IOCL,Retail,Declined
n104159,2026-04-28,Chennai,C76255,Visa,Dining,Female,380.71,UPI,IOCL,Fuel,Approved
n104160,2026-02-10,Vizag,C87069,Visa,Travel,Male,9300.19,NetBanking,Swiggy,Food,Declined
n104161,2026-05-09,Hyderabad,C65350,Visa,Utilities,Female,14959.89,Credit,Swiggy,E-commerce,Declined
n104162,2026-06-04,Vizag,C11099,MasterCard,Fuel,Male,13984.48,NetBanking,IRCTC,Travel,Approved
n104163,2026-06-08,Pune,C43879,RuPay,Shopping,Female,13819.41,Credit,Swiggy,Fuel,Approved
n104164,2026-02-19,Delhi,C64588,RuPay,Shopping,Female,22956.65,UPI,Reliance,Food,Approved
n104165,2026-02-16,Bengaluru,C38383,Visa,Utilities,Male,10616.69,UPI,IOCL,Travel,Approved
n104166,2026-03-23,Vizag,C93284,RuPay,Groceries,Male,13326.99,NetBanking,Amazon,Utilities,Approved
n104167,2026-04-24,Chennai,C94202,RuPay,Utilities,Male,11026.5,Credit,IOCL,Utilities,Declined
n104168,2026-01-06,Delhi,C20524,RuPay,Travel,Female,13558.76,NetBanking,DMart,Retail,Declined
n104169,2026-02-21,Bengaluru,C47185,MasterCard,Fuel,Female,16749.51,UPI,Reliance,Travel,Declined
n104170,2026-06-02,Delhi,C43034,MasterCard,Groceries,Male,12469.84,NetBanking,Reliance,Food,Approved
n104171,2026-01-10,Pune,C95102,Amex,Dining,Female,3458.07,NetBanking,Swiggy,E-commerce,Declined
n104172,2026-05-14,Delhi,C62556,RuPay,Fuel,Male,8368.12,UPI,Swiggy,Food,Declined
n104173,2026-02-05,Bengaluru,C88629,Amex,Shopping,Female,21078.23,UPI,Reliance,Travel,Declined
n104174,2026-06-19,Delhi,C29620,RuPay,Travel,Female,10107.32,Credit,Reliance,Fuel,Approved
n104175,2026-04-29,Chennai,C27730,Amex,Dining,Female,1187.42,NetBanking,Amazon,E-commerce,Declined
n104176,2026-03-08,Bengaluru,C39840,MasterCard,Dining,Male,13971.75,NetBanking,IRCTC,Retail,Approved
n104177,2026-02-21,Kolkata,C28065,MasterCard,Travel,Female,10637.82,NetBanking,IOCL,Retail,Declined
n104178,2026-04-21,Bengaluru,C17916,MasterCard,Travel,Female,9385.84,UPI,Amazon,Fuel,Declined
n104179,2026-02-21,Vizag,C95435,Visa,Utilities,Female,20827.58,NetBanking,Reliance,Food,Approved
n104180,2026-05-04,Mumbai,C92168,RuPay,Fuel,Female,883.22,NetBanking,DMart,Retail,Declined
n104181,2026-04-16,Delhi,C61165,Visa,Shopping,Female,1979.18,NetBanking,Amazon,Fuel,Approved
n104182,2026-01-02,Hyderabad,C88288,Visa,Dining,Female,8954.89,NetBanking,Zomato,Travel,Declined
n104183,2026-03-21,Mumbai,C15078,Visa,Fuel,Female,22138.63,UPI,IOCL,Retail,Declined
n104184,2026-03-18,Chennai,C10556,RuPay,Groceries,Male,8562.88,NetBanking,HPCL,Utilities,Approved
n104185,2026-01-15,Vizag,C35990,MasterCard,Fuel,Female,24797.18,UPI,IOCL,Fuel,Approved
n104186,2026-01-12,Vizag,C17748,Amex,Fuel,Male,20362.74,Credit,IRCTC,Utilities,Declined
n104187,2026-01-01,Chennai,C56871,Visa,Fuel,Female,6816.39,Credit,HPCL,Food,Declined
n104188,2026-03-04,Delhi,C85406,RuPay,Utilities,Female,8526.95,UPI,Zomato,E-commerce,Declined
n104189,2026-02-19,Delhi,C75416,Amex,Utilities,Female,2080.34,UPI,Amazon,Retail,Declined
n104190,2026-06-29,Pune,C35198,Amex,Travel,Female,15027.69,NetBanking,HPCL,Travel,Approved
n104191,2026-01-16,Delhi,C19142,RuPay,Travel,Male,24060.29,NetBanking,Reliance,Retail,Approved
n104192,2026-01-26,Kolkata,C45884,MasterCard,Fuel,Male,15716.74,Credit,HPCL,Food,Declined
n104193,2026-03-17,Delhi,C39787,MasterCard,Utilities,Male,14869.27,UPI,Zomato,Utilities,Declined
n104194,2026-05-15,Kolkata,C75390,RuPay,Utilities,Male,7443.88,UPI,HPCL,Retail,Declined
n104195,2026-06-12,Kolkata,C45906,Amex,Groceries,Male,16571.26,UPI,DMart,Fuel,Approved
n104196,2026-04-15,Vizag,C92289,Visa,Fuel,Male,14951.27,UPI,Swiggy,Travel,Approved
n104197,2026-06-07,Chennai,C85882,MasterCard,Fuel,Female,15937.76,Credit,DMart,Retail,Approved
n104198,2026-04-19,Pune,C76312,RuPay,Shopping,Female,24243.3,Credit,Reliance,Travel,Approved
n104199,2026-01-01,Pune,C94312,RuPay,Dining,Male,9105.35,NetBanking,Swiggy,Retail,Declined
n104200,2026-06-23,Pune,C59663,RuPay,Fuel,Male,24848.12,Credit,Swiggy,Retail,Declined
n104201,2026-03-12,Hyderabad,C71262,Visa,Shopping,Male,10418.66,NetBanking,IRCTC,E-commerce,Approved
n104202,2026-06-01,Pune,C89999,RuPay,Groceries,Female,23330.63,NetBanking,Swiggy,Travel,Approved
n104203,2026-05-01,Mumbai,C26188,MasterCard,Shopping,Male,1925.77,Credit,DMart,Retail,Declined
n104204,2026-03-20,Chennai,C22407,Visa,Travel,Female,6638.14,UPI,IRCTC,Food,Declined
n104205,2026-01-14,Vizag,C17633,RuPay,Fuel,Female,725.94,UPI,Amazon,Utilities,Declined
n104206,2026-02-03,Kolkata,C97651,MasterCard,Groceries,Female,10176.14,UPI,IRCTC,Retail,Declined
n104207,2026-03-27,Vizag,C30043,Visa,Dining,Male,6457.83,UPI,Amazon,Food,Approved
n104208,2026-04-23,Vizag,C74832,RuPay,Groceries,Male,15545.88,NetBanking,IOCL,Retail,Declined
n104209,2026-05-25,Bengaluru,C78049,RuPay,Travel,Female,6765.88,NetBanking,IRCTC,Fuel,Declined
n104210,2026-04-26,Chennai,C79115,MasterCard,Dining,Male,18584.92,Credit,DMart,Food,Declined
n104211,2026-01-27,Pune,C89072,RuPay,Groceries,Female,23220.11,UPI,HPCL,E-commerce,Declined
n104212,2026-06-14,Pune,C39344,MasterCard,Groceries,Male,24402.87,UPI,IRCTC,E-commerce,Approved
n104213,2026-06-14,Delhi,C74894,RuPay,Dining,Male,15444.89,UPI,DMart,Food,Declined
n104214,2026-04-03,Hyderabad,C28677,Visa,Fuel,Male,19668.8,Credit,HPCL,Fuel,Declined
n104215,2026-03-20,Pune,C78393,Amex,Fuel,Male,8840.77,NetBanking,Reliance,Travel,Approved
n104216,2026-05-12,Hyderabad,C95152,Amex,Groceries,Male,15390.26,Credit,Zomato,Retail,Declined
n104217,2026-04-09,Mumbai,C32361,Amex,Utilities,Male,17752.05,UPI,Swiggy,Utilities,Declined
n104218,2026-02-17,Chennai,C61802,Amex,Travel,Male,2312.32,NetBanking,Zomato,Retail,Declined
n104219,2026-02-22,Vizag,C27563,Visa,Dining,Female,11207.04,Credit,DMart,Travel,Declined
n104220,2026-03-06,Delhi,C25078,Amex,Utilities,Female,7957.79,NetBanking,IOCL,Retail,Declined
n104221,2026-06-21,Mumbai,C82464,RuPay,Fuel,Male,19196.21,UPI,DMart,Travel,Declined
n104222,2026-02-28,Kolkata,C79198,RuPay,Fuel,Female,1563.92,NetBanking,DMart,Fuel,Approved
n104223,2026-03-31,Bengaluru,C94713,Visa,Fuel,Male,2332.21,NetBanking,IOCL,Food,Approved
n104224,2026-01-05,Vizag,C56547,Visa,Travel,Female,20733.92,UPI,IOCL,Food,Approved
n104225,2026-06-08,Kolkata,C62746,Amex,Utilities,Female,19925.4,Credit,Zomato,E-commerce,Declined
n104226,2026-03-02,Delhi,C10192,Visa,Fuel,Male,9866.06,UPI,Zomato,Food,Declined
n104227,2026-06-27,Delhi,C70481,RuPay,Dining,Female,9132.56,UPI,IRCTC,Utilities,Approved
n104228,2026-05-31,Vizag,C72874,RuPay,Fuel,Male,8505.3,UPI,Zomato,Fuel,Approved
n104229,2026-02-08,Mumbai,C41937,Visa,Shopping,Female,22290.89,UPI,Reliance,E-commerce,Declined
n104230,2026-06-29,Vizag,C93423,Visa,Dining,Male,20958.61,UPI,IRCTC,Food,Approved
n104231,2026-01-04,Pune,C36717,RuPay,Groceries,Male,23778.39,NetBanking,DMart,Utilities,Declined
n104232,2026-02-08,Mumbai,C18180,Amex,Fuel,Female,21704.63,UPI,DMart,E-commerce,Declined
n104233,2026-04-12,Bengaluru,C62075,Visa,Groceries,Female,21199.37,UPI,Amazon,Travel,Approved
n104234,2026-03-10,Bengaluru,C25679,Amex,Utilities,Female,11132.32,UPI,IRCTC,E-commerce,Declined
n104235,2026-04-16,Vizag,C14230,Amex,Utilities,Male,13782.65,UPI,IOCL,E-commerce,Approved
n104236,2026-02-08,Mumbai,C12411,Amex,Shopping,Female,17832.53,UPI,Reliance,Travel,Approved
n104237,2026-04-27,Pune,C91490,Amex,Shopping,Female,13493.5,UPI,Reliance,Food,Declined
n104238,2026-05-09,Chennai,C40714,Visa,Fuel,Female,1713.58,UPI,Swiggy,Food,Declined
n104239,2026-06-01,Pune,C12091,Visa,Groceries,Male,9677.64,Credit,DMart,E-commerce,Declined
n104240,2026-04-08,Vizag,C78404,Visa,Travel,Male,13438.97,NetBanking,Reliance,Travel,Declined
n104241,2026-03-20,Bengaluru,C93979,MasterCard,Dining,Male,10561.5,UPI,Amazon,Fuel,Declined
n104242,2026-06-21,Chennai,C97020,MasterCard,Utilities,Male,9405.13,NetBanking,IOCL,Utilities,Approved
n104243,2026-05-01,Bengaluru,C39191,Visa,Utilities,Male,9178.0,NetBanking,DMart,Utilities,Approved
n104244,2026-04-08,Hyderabad,C13451,RuPay,Dining,Male,7666.21,NetBanking,Swiggy,Travel,Declined
n104245,2026-01-16,Pune,C99437,Visa,Travel,Male,15160.72,Credit,Swiggy,Retail,Declined
n104246,2026-05-24,Bengaluru,C92047,Visa,Shopping,Male,10906.97,NetBanking,Amazon,E-commerce,Declined
n104247,2026-06-23,Hyderabad,C93950,Amex,Shopping,Male,22324.22,UPI,Swiggy,E-commerce,Declined
n104248,2026-06-13,Kolkata,C60952,Visa,Fuel,Female,19005.08,NetBanking,Reliance,Fuel,Declined
n104249,2026-02-11,Hyderabad,C63638,Amex,Fuel,Male,8622.93,NetBanking,Zomato,Fuel,Approved
n104250,2026-03-13,Hyderabad,C43416,Amex,Dining,Female,17571.45,Credit,Swiggy,E-commerce,Approved
n104251,2026-03-01,Hyderabad,C35859,Visa,Travel,Male,18685.72,NetBanking,IOCL,E-commerce,Declined
n104252,2026-03-30,Kolkata,C33340,MasterCard,Utilities,Female,15308.24,NetBanking,HPCL,Food,Declined
n104253,2026-06-15,Bengaluru,C89956,RuPay,Shopping,Female,21609.74,Credit,Reliance,Travel,Approved
n104254,2026-06-03,Hyderabad,C20846,Visa,Groceries,Female,5886.89,UPI,Reliance,Retail,Declined
n104255,2026-05-05,Vizag,C17191,RuPay,Shopping,Female,21273.31,Credit,IOCL,Fuel,Approved
n104256,2026-03-02,Pune,C58592,RuPay,Groceries,Female,6476.09,Credit,DMart,Retail,Approved
n104257,2026-01-31,Bengaluru,C51071,RuPay,Dining,Female,15090.31,Credit,Zomato,E-commerce,Approved
n104258,2026-06-09,Pune,C58288,MasterCard,Groceries,Male,11816.75,Credit,IRCTC,Fuel,Declined
n104259,2026-03-04,Bengaluru,C70666,RuPay,Groceries,Female,3826.37,NetBanking,IRCTC,Retail,Declined
n104260,2026-03-02,Delhi,C28972,Visa,Utilities,Male,14266.56,NetBanking,HPCL,Fuel,Declined
n104261,2026-03-25,Kolkata,C31729,Visa,Dining,Male,22173.35,UPI,Amazon,E-commerce,Declined
n104262,2026-03-08,Pune,C52738,Visa,Travel,Male,15366.2,UPI,Amazon,Food,Approved
n104263,2026-05-13,Kolkata,C34534,RuPay,Utilities,Female,13087.02,NetBanking,Reliance,Fuel,Approved
n104264,2026-04-26,Hyderabad,C66069,MasterCard,Utilities,Female,21736.45,UPI,IRCTC,Food,Approved
n104265,2026-05-15,Hyderabad,C58128,RuPay,Shopping,Male,20677.86,Credit,IOCL,Retail,Approved
n104266,2026-06-30,Bengaluru,C63578,Amex,Travel,Male,1681.55,UPI,IRCTC,Retail,Declined
n104267,2026-01-07,Mumbai,C49418,Visa,Travel,Female,11972.3,UPI,IOCL,Utilities,Declined
n104268,2026-02-24,Vizag,C21763,MasterCard,Dining,Female,296.75,Credit,Zomato,Retail,Approved
n104269,2026-05-19,Bengaluru,C33047,MasterCard,Utilities,Male,24612.84,NetBanking,IOCL,Travel,Declined
n104270,2026-06-26,Pune,C35592,Amex,Dining,Female,20180.26,UPI,DMart,Retail,Declined
n104271,2026-04-09,Chennai,C32155,MasterCard,Fuel,Male,19644.66,UPI,Swiggy,Utilities,Declined
n104272,2026-02-03,Kolkata,C25993,MasterCard,Shopping,Male,11244.44,NetBanking,IOCL,E-commerce,Declined
n104273,2026-05-26,Mumbai,C89326,RuPay,Travel,Male,1019.77,UPI,IRCTC,Fuel,Approved
n104274,2026-06-07,Chennai,C19254,Amex,Groceries,Female,466.27,NetBanking,Reliance,Food,Declined
n104275,2026-06-29,Vizag,C23868,Visa,Groceries,Female,16308.12,NetBanking,Amazon,Travel,Declined
n104276,2026-06-03,Pune,C95372,Amex,Groceries,Female,15701.07,NetBanking,IOCL,Fuel,Declined
n104277,2026-01-19,Chennai,C38083,RuPay,Groceries,Male,16966.29,NetBanking,IOCL,E-commerce,Approved
n104278,2026-01-24,Hyderabad,C70344,Visa,Travel,Male,22860.76,Credit,IOCL,E-commerce,Approved
n104279,2026-04-16,Hyderabad,C76531,RuPay,Shopping,Female,6600.67,UPI,IRCTC,Food,Approved
n104280,2026-01-29,Mumbai,C32778,Amex,Utilities,Female,24840.15,UPI,IRCTC,Fuel,Approved
n104281,2026-01-19,Bengaluru,C99646,Visa,Travel,Male,12860.67,UPI,IRCTC,E-commerce,Declined
n104282,2026-05-26,Vizag,C53181,Amex,Shopping,Female,4496.76,NetBanking,DMart,Fuel,Approved
n104283,2026-01-17,Vizag,C46604,Amex,Groceries,Male,17863.68,NetBanking,IRCTC,E-commerce,Approved
n104284,2026-02-10,Kolkata,C56767,Amex,Travel,Female,283.52,Credit,Reliance,Utilities,Approved
n104285,2026-01-28,Chennai,C19458,Amex,Shopping,Male,11249.48,Credit,Swiggy,Retail,Approved
n104286,2026-02-05,Vizag,C51250,Visa,Fuel,Female,15314.73,Credit,Amazon,Food,Approved
n104287,2026-01-07,Delhi,C25250,Amex,Travel,Male,21650.77,Credit,IOCL,E-commerce,Approved
n104288,2026-01-03,Pune,C39523,Visa,Fuel,Male,24341.96,Credit,HPCL,Fuel,Approved
n104289,2026-03-24,Bengaluru,C39557,Amex,Utilities,Male,3986.92,NetBanking,Amazon,E-commerce,Approved
n104290,2026-06-19,Vizag,C14192,MasterCard,Fuel,Male,20829.76,UPI,Amazon,E-commerce,Declined
n104291,2026-04-10,Kolkata,C20795,MasterCard,Dining,Male,23398.21,UPI,Reliance,Food,Approved
n104292,2026-01-10,Delhi,C57770,Visa,Utilities,Male,10904.23,Credit,Zomato,Retail,Approved
n104293,2026-02-22,Pune,C13568,Visa,Dining,Male,10588.2,UPI,DMart,E-commerce,Declined
n104294,2026-05-28,Delhi,C59527,Visa,Dining,Male,983.84,UPI,DMart,Utilities,Declined
n104295,2026-01-26,Mumbai,C39011,MasterCard,Fuel,Female,11133.94,Credit,Reliance,Travel,Approved
n104296,2026-05-03,Delhi,C22237,MasterCard,Travel,Female,10430.34,Credit,IRCTC,Fuel,Approved
n104297,2026-02-26,Kolkata,C39528,RuPay,Dining,Female,5095.26,NetBanking,DMart,Fuel,Declined
n104298,2026-05-10,Hyderabad,C11528,Visa,Shopping,Female,2639.09,Credit,IOCL,Food,Declined
n104299,2026-01-12,Bengaluru,C50642,Amex,Shopping,Male,16244.8,UPI,IOCL,Travel,Approved
n104300,2026-01-05,Mumbai,C85700,RuPay,Utilities,Female,21694.46,UPI,Swiggy,Food,Declined
n104301,2026-06-14,Chennai,C17687,Visa,Shopping,Male,19093.15,NetBanking,Amazon,Retail,Approved
n104302,2026-02-13,Hyderabad,C22441,Amex,Travel,Male,15041.17,NetBanking,Amazon,Food,Approved
n104303,2026-06-02,Bengaluru,C73780,RuPay,Fuel,Female,24228.99,Credit,Reliance,Food,Declined
n104304,2026-05-02,Pune,C12739,RuPay,Dining,Male,22146.39,NetBanking,Reliance,Utilities,Approved
n104305,2026-06-22,Delhi,C35726,Amex,Travel,Female,13494.49,NetBanking,HPCL,Retail,Approved
n104306,2026-02-06,Hyderabad,C43697,Amex,Fuel,Male,20727.28,UPI,Zomato,Retail,Declined
n104307,2026-05-05,Kolkata,C48712,Visa,Travel,Female,19651.35,NetBanking,HPCL,E-commerce,Declined
n104308,2026-03-17,Pune,C38558,Visa,Travel,Female,14553.66,UPI,Amazon,Fuel,Approved
n104309,2026-01-13,Chennai,C92330,Visa,Dining,Female,7694.75,Credit,Zomato,Food,Declined
n104310,2026-02-04,Vizag,C28218,RuPay,Groceries,Female,15766.78,Credit,Amazon,Fuel,Approved
n104311,2026-03-08,Pune,C17430,Visa,Travel,Female,16658.85,UPI,Amazon,Retail,Approved
n104312,2026-04-18,Hyderabad,C67631,RuPay,Fuel,Female,1575.29,UPI,Amazon,Retail,Approved
n104313,2026-04-03,Chennai,C53991,RuPay,Groceries,Male,4786.37,NetBanking,DMart,Food,Declined
n104314,2026-02-17,Chennai,C81563,Visa,Shopping,Female,7549.3,Credit,HPCL,Travel,Declined
n104315,2026-06-23,Hyderabad,C22611,Amex,Groceries,Female,15390.08,UPI,Swiggy,Fuel,Approved
n104316,2026-05-22,Bengaluru,C68407,MasterCard,Shopping,Male,5361.04,NetBanking,IOCL,Fuel,Approved
n104317,2026-01-07,Chennai,C86682,Amex,Utilities,Female,10908.27,Credit,Reliance,E-commerce,Declined
n104318,2026-03-14,Kolkata,C46408,Amex,Dining,Female,6566.87,NetBanking,Zomato,Food,Approved
n104319,2026-03-26,Hyderabad,C82755,RuPay,Travel,Male,18642.5,Credit,Swiggy,Retail,Approved
n104320,2026-04-02,Vizag,C12046,MasterCard,Shopping,Female,3083.17,Credit,Zomato,Utilities,Declined
n104321,2026-01-28,Delhi,C41249,MasterCard,Travel,Female,3609.79,Credit,Reliance,Utilities,Declined
n104322,2026-03-28,Bengaluru,C80349,Visa,Shopping,Male,19495.91,Credit,IRCTC,Fuel,Approved
n104323,2026-03-28,Mumbai,C11980,Amex,Dining,Male,22250.03,NetBanking,IRCTC,E-commerce,Approved
n104324,2026-05-24,Delhi,C12432,Visa,Utilities,Female,15969.93,UPI,IOCL,Fuel,Approved
n104325,2026-06-28,Bengaluru,C86241,Visa,Utilities,Male,8276.71,UPI,DMart,Fuel,Declined
n104326,2026-01-09,Pune,C73574,RuPay,Travel,Female,23411.55,UPI,Amazon,Food,Approved
n104327,2026-03-21,Mumbai,C76825,Amex,Dining,Female,5260.77,NetBanking,Swiggy,Retail,Approved
n104328,2026-06-27,Pune,C58845,Amex,Dining,Female,15246.26,NetBanking,HPCL,Fuel,Approved
n104329,2026-05-25,Kolkata,C33600,Amex,Groceries,Male,17928.32,Credit,Reliance,Travel,Approved
n104330,2026-05-06,Hyderabad,C34989,Visa,Shopping,Male,8228.97,UPI,Zomato,Utilities,Approved
n104331,2026-03-09,Bengaluru,C99814,MasterCard,Travel,Male,624.32,UPI,IOCL,Fuel,Approved
n104332,2026-02-08,Vizag,C60416,Visa,Utilities,Female,931.49,UPI,DMart,Fuel,Approved
n104333,2026-05-01,Hyderabad,C30990,RuPay,Groceries,Male,10751.22,Credit,HPCL,Travel,Approved
n104334,2026-04-29,Mumbai,C80007,Visa,Fuel,Male,24252.71,NetBanking,Swiggy,Retail,Declined
n104335,2026-01-20,Mumbai,C55148,Amex,Utilities,Male,20139.34,NetBanking,Reliance,Food,Approved
n104336,2026-01-17,Bengaluru,C47611,Amex,Dining,Male,726.79,Credit,Swiggy,Food,Declined
n104337,2026-02-28,Pune,C50899,Visa,Travel,Female,23300.33,UPI,Swiggy,Food,Approved
n104338,2026-01-17,Bengaluru,C61960,RuPay,Shopping,Male,10172.67,Credit,HPCL,Utilities,Approved
n104339,2026-01-04,Delhi,C39306,MasterCard,Fuel,Male,7525.51,NetBanking,Zomato,Food,Approved
n104340,2026-04-14,Pune,C66828,Visa,Shopping,Male,22261.93,UPI,DMart,Fuel,Approved
n104341,2026-06-21,Chennai,C46870,RuPay,Dining,Male,13938.09,Credit,IOCL,E-commerce,Declined
n104342,2026-02-22,Delhi,C59484,Visa,Shopping,Female,5516.5,UPI,IRCTC,E-commerce,Declined
n104343,2026-05-25,Mumbai,C22279,Visa,Groceries,Female,22781.38,Credit,IRCTC,Fuel,Approved
n104344,2026-03-20,Pune,C10885,MasterCard,Fuel,Male,7001.89,Credit,DMart,Food,Declined
n104345,2026-05-06,Kolkata,C43432,MasterCard,Utilities,Female,5019.95,NetBanking,IOCL,Fuel,Approved
n104346,2026-02-22,Mumbai,C72267,MasterCard,Utilities,Male,15927.65,NetBanking,DMart,Fuel,Approved
n104347,2026-04-04,Pune,C37203,MasterCard,Travel,Male,951.04,Credit,DMart,Retail,Declined
n104348,2026-05-05,Bengaluru,C63489,Visa,Utilities,Male,6184.34,UPI,DMart,Utilities,Declined
n104349,2026-05-14,Vizag,C62909,Visa,Groceries,Female,7813.3,Credit,HPCL,Retail,Declined
n104350,2026-06-26,Delhi,C79566,Visa,Fuel,Female,17401.38,Credit,DMart,Food,Declined
n104351,2026-05-18,Bengaluru,C32758,MasterCard,Dining,Male,15083.26,NetBanking,Zomato,Utilities,Approved
n104352,2026-01-15,Chennai,C34095,Amex,Utilities,Male,6919.98,NetBanking,Zomato,Retail,Declined
n104353,2026-03-04,Kolkata,C87340,MasterCard,Groceries,Male,1164.16,Credit,Swiggy,Fuel,Declined
n104354,2026-01-26,Bengaluru,C54651,Amex,Utilities,Male,5856.85,Credit,IOCL,Food,Approved
n104355,2026-01-17,Delhi,C60556,Amex,Fuel,Male,6996.07,Credit,Reliance,Fuel,Approved
n104356,2026-03-07,Delhi,C67347,Visa,Groceries,Male,24681.71,Credit,IOCL,Retail,Declined
n104357,2026-05-21,Vizag,C50313,RuPay,Dining,Male,5430.26,UPI,IOCL,Utilities,Approved
n104358,2026-05-03,Mumbai,C27030,Amex,Dining,Female,730.81,UPI,IRCTC,Fuel,Declined
n104359,2026-06-13,Bengaluru,C41480,Amex,Shopping,Male,10723.42,UPI,Swiggy,E-commerce,Declined
n104360,2026-06-01,Delhi,C94464,MasterCard,Dining,Female,23294.09,Credit,IRCTC,Food,Declined
n104361,2026-04-17,Bengaluru,C76479,RuPay,Travel,Male,8632.08,UPI,HPCL,Utilities,Declined
n104362,2026-05-15,Pune,C83774,MasterCard,Utilities,Female,24117.01,NetBanking,IRCTC,Food,Approved
n104363,2026-05-18,Mumbai,C67646,RuPay,Travel,Male,4833.72,NetBanking,IOCL,E-commerce,Declined
n104364,2026-02-03,Delhi,C44993,RuPay,Fuel,Male,8850.04,UPI,HPCL,Utilities,Approved
n104365,2026-02-09,Bengaluru,C72834,MasterCard,Shopping,Female,19758.12,NetBanking,DMart,Food,Approved
n104366,2026-01-01,Mumbai,C67430,Amex,Groceries,Male,14768.59,Credit,IRCTC,Fuel,Approved
n104367,2026-03-19,Mumbai,C74336,RuPay,Fuel,Male,10982.38,NetBanking,Amazon,Fuel,Declined
n104368,2026-03-23,Pune,C25744,Visa,Shopping,Female,19439.8,Credit,HPCL,E-commerce,Declined
n104369,2026-05-09,Mumbai,C91873,MasterCard,Utilities,Male,5949.28,NetBanking,Swiggy,E-commerce,Approved
n104370,2026-06-23,Vizag,C58122,RuPay,Groceries,Female,22554.3,Credit,IOCL,Travel,Declined
n104371,2026-04-04,Pune,C51856,Amex,Travel,Female,5383.49,Credit,DMart,E-commerce,Declined
n104372,2026-06-21,Hyderabad,C54679,Amex,Fuel,Female,24769.23,UPI,IRCTC,Fuel,Declined
n104373,2026-01-30,Hyderabad,C85005,Amex,Fuel,Male,18684.57,UPI,DMart,Food,Approved
n104374,2026-06-18,Pune,C35385,Visa,Dining,Female,10206.29,NetBanking,Reliance,Travel,Declined
n104375,2026-06-27,Pune,C59362,Amex,Utilities,Male,12805.61,UPI,IRCTC,Retail,Declined
n104376,2026-06-08,Vizag,C53010,Amex,Travel,Female,6645.15,Credit,IOCL,Fuel,Approved
n104377,2026-03-10,Chennai,C64777,Visa,Travel,Male,5963.13,NetBanking,Reliance,Utilities,Declined
n104378,2026-06-05,Kolkata,C87120,Amex,Dining,Male,13713.7,NetBanking,DMart,Fuel,Declined
n104379,2026-03-23,Hyderabad,C47807,Visa,Travel,Male,4904.78,Credit,Swiggy,Fuel,Declined
n104380,2026-03-08,Pune,C23801,MasterCard,Utilities,Female,3111.4,NetBanking,IRCTC,Food,Approved
n104381,2026-02-12,Chennai,C95846,MasterCard,Fuel,Female,7428.23,Credit,Reliance,E-commerce,Approved
n104382,2026-03-12,Pune,C53300,Amex,Shopping,Male,23000.42,UPI,Reliance,Travel,Declined
n104383,2026-04-10,Vizag,C27186,MasterCard,Fuel,Female,16051.81,UPI,Zomato,Food,Approved
n104384,2026-04-24,Bengaluru,C94849,RuPay,Fuel,Male,7191.98,Credit,IOCL,Food,Declined
n104385,2026-05-04,Kolkata,C73781,RuPay,Shopping,Male,18610.22,NetBanking,Reliance,Travel,Declined
n104386,2026-05-03,Mumbai,C71330,Visa,Shopping,Female,11844.15,UPI,HPCL,Fuel,Approved
n104387,2026-02-03,Hyderabad,C89271,RuPay,Travel,Female,16783.4,Credit,Swiggy,Travel,Approved
n104388,2026-05-24,Chennai,C59423,Amex,Dining,Female,23903.43,Credit,IOCL,Food,Declined
n104389,2026-03-11,Kolkata,C76349,Amex,Shopping,Male,13032.12,UPI,IOCL,Retail,Approved
n104390,2026-03-18,Bengaluru,C80678,MasterCard,Travel,Male,18672.54,NetBanking,Swiggy,Fuel,Approved
n104391,2026-06-25,Delhi,C48145,RuPay,Dining,Female,4737.82,Credit,HPCL,Retail,Declined
n104392,2026-03-18,Delhi,C55034,MasterCard,Dining,Female,1687.22,NetBanking,Zomato,Travel,Declined
n104393,2026-06-16,Chennai,C82038,Amex,Travel,Male,11463.71,Credit,IRCTC,Fuel,Approved
n104394,2026-03-06,Kolkata,C10955,MasterCard,Dining,Male,24541.39,Credit,IRCTC,Travel,Declined
n104395,2026-05-14,Bengaluru,C98600,Visa,Shopping,Female,13420.02,UPI,HPCL,E-commerce,Declined
n104396,2026-04-02,Hyderabad,C23934,MasterCard,Shopping,Male,20967.17,NetBanking,Reliance,Travel,Declined
n104397,2026-04-26,Vizag,C49908,Amex,Groceries,Male,19100.54,UPI,HPCL,E-commerce,Declined
n104398,2026-02-16,Kolkata,C63265,Amex,Utilities,Female,1843.04,Credit,IRCTC,Fuel,Declined
n104399,2026-02-23,Bengaluru,C41691,Visa,Groceries,Male,18631.14,UPI,Reliance,Travel,Declined
n104400,2026-03-19,Hyderabad,C89959,RuPay,Dining,Female,9220.06,UPI,HPCL,Food,Approved
n104401,2026-03-22,Mumbai,C61661,RuPay,Travel,Male,20446.43,NetBanking,Zomato,Travel,Approved
n104402,2026-02-03,Bengaluru,C95558,Amex,Dining,Male,1305.08,NetBanking,Amazon,E-commerce,Approved
n104403,2026-05-16,Mumbai,C43379,MasterCard,Shopping,Male,22936.36,NetBanking,Reliance,E-commerce,Declined
n104404,2026-03-05,Kolkata,C52119,Visa,Travel,Female,10044.73,UPI,IOCL,Fuel,Approved
n104405,2026-01-10,Bengaluru,C88788,MasterCard,Groceries,Male,2327.9,UPI,Reliance,Travel,Approved
n104406,2026-03-11,Bengaluru,C51059,Amex,Travel,Female,17410.25,Credit,HPCL,Food,Declined
n104407,2026-01-24,Chennai,C72963,Amex,Utilities,Male,20127.76,Credit,IRCTC,Travel,Declined
n104408,2026-06-07,Delhi,C30275,Visa,Fuel,Female,6486.79,UPI,HPCL,Food,Declined
n104409,2026-01-22,Kolkata,C97619,MasterCard,Shopping,Female,1420.93,UPI,Swiggy,E-commerce,Approved
n104410,2026-02-24,Bengaluru,C80075,RuPay,Fuel,Female,22204.84,NetBanking,Reliance,Utilities,Declined
n104411,2026-04-05,Chennai,C37780,RuPay,Utilities,Female,9299.43,UPI,Swiggy,Food,Approved
n104412,2026-02-02,Hyderabad,C38885,RuPay,Utilities,Female,11428.53,Credit,IOCL,Travel,Declined
n104413,2026-06-22,Hyderabad,C19978,MasterCard,Utilities,Male,22326.04,NetBanking,IRCTC,Travel,Approved
n104414,2026-03-28,Delhi,C33614,RuPay,Utilities,Female,3221.76,NetBanking,IOCL,Utilities,Approved
n104415,2026-05-08,Bengaluru,C42513,RuPay,Utilities,Female,19897.72,Credit,IRCTC,Utilities,Declined
n104416,2026-01-12,Vizag,C98166,RuPay,Shopping,Male,12624.47,NetBanking,Zomato,E-commerce,Declined
n104417,2026-06-28,Chennai,C97802,RuPay,Fuel,Female,16823.34,UPI,Swiggy,Food,Declined
n104418,2026-01-20,Chennai,C17793,Amex,Shopping,Male,16580.62,NetBanking,IOCL,E-commerce,Approved
n104419,2026-06-09,Pune,C87577,Amex,Groceries,Female,3972.81,Credit,Amazon,Retail,Approved
n104420,2026-03-22,Delhi,C59621,RuPay,Groceries,Female,6859.49,Credit,Amazon,Utilities,Declined
n104421,2026-03-07,Hyderabad,C18019,MasterCard,Utilities,Male,2775.91,UPI,Amazon,Food,Declined
n104422,2026-03-04,Hyderabad,C54861,MasterCard,Shopping,Male,21243.39,Credit,Swiggy,Utilities,Approved
n104423,2026-02-17,Chennai,C60904,MasterCard,Fuel,Female,17065.78,NetBanking,Zomato,Utilities,Declined
n104424,2026-04-08,Chennai,C76190,RuPay,Shopping,Female,9349.54,UPI,HPCL,Fuel,Approved
n104425,2026-02-28,Mumbai,C88952,RuPay,Groceries,Male,834.16,NetBanking,Zomato,E-commerce,Declined
n104426,2026-04-24,Vizag,C79567,MasterCard,Shopping,Male,17003.44,NetBanking,Zomato,Food,Approved
n104427,2026-05-11,Mumbai,C89167,Amex,Shopping,Male,401.72,Credit,IOCL,Travel,Declined
n104428,2026-04-14,Hyderabad,C69098,RuPay,Travel,Female,4018.39,UPI,IOCL,Utilities,Declined
n104429,2026-01-01,Mumbai,C30518,Amex,Fuel,Female,8981.36,UPI,Zomato,E-commerce,Approved
n104430,2026-06-20,Chennai,C14529,Amex,Travel,Male,1236.58,UPI,Amazon,Food,Declined
n104431,2026-02-23,Hyderabad,C92940,Amex,Travel,Female,12052.26,UPI,IRCTC,Fuel,Approved
n104432,2026-01-11,Chennai,C49042,RuPay,Travel,Male,17083.47,Credit,DMart,Fuel,Declined
n104433,2026-01-21,Hyderabad,C25832,Visa,Groceries,Male,18956.52,UPI,HPCL,Retail,Approved
n104434,2026-04-12,Delhi,C26426,Amex,Fuel,Female,10436.21,UPI,Swiggy,Food,Approved
n104435,2026-01-08,Vizag,C85122,MasterCard,Travel,Male,11129.89,UPI,Zomato,Retail,Approved
n104436,2026-05-20,Mumbai,C23945,MasterCard,Fuel,Male,1973.36,UPI,DMart,Utilities,Approved
n104437,2026-02-15,Bengaluru,C53323,MasterCard,Shopping,Male,1579.43,UPI,Swiggy,E-commerce,Declined
n104438,2026-04-07,Delhi,C37629,Visa,Shopping,Female,702.6,UPI,Reliance,Fuel,Approved
n104439,2026-01-25,Kolkata,C74321,MasterCard,Groceries,Male,21297.44,UPI,IOCL,Utilities,Declined
n104440,2026-03-13,Vizag,C25162,Visa,Dining,Male,19789.12,Credit,IOCL,Food,Approved
n104441,2026-05-06,Vizag,C79253,MasterCard,Fuel,Female,3143.99,Credit,Amazon,E-commerce,Declined
n104442,2026-02-11,Hyderabad,C76031,RuPay,Dining,Male,18187.73,NetBanking,DMart,Food,Approved
n104443,2026-03-30,Kolkata,C45576,Amex,Utilities,Female,18530.95,NetBanking,Zomato,Food,Declined
n104444,2026-04-26,Hyderabad,C39527,MasterCard,Dining,Female,21780.04,UPI,Swiggy,Food,Approved
n104445,2026-01-06,Mumbai,C73318,RuPay,Shopping,Female,7930.76,Credit,Amazon,Fuel,Approved
n104446,2026-03-15,Pune,C38050,MasterCard,Travel,Male,717.63,NetBanking,Reliance,E-commerce,Declined
n104447,2026-01-09,Hyderabad,C13074,MasterCard,Dining,Female,8802.9,UPI,HPCL,Travel,Approved
n104448,2026-06-07,Kolkata,C48091,Visa,Dining,Male,13272.19,UPI,DMart,E-commerce,Declined
n104449,2026-02-06,Mumbai,C16907,MasterCard,Travel,Male,2334.31,Credit,IOCL,Retail,Approved
n104450,2026-01-08,Hyderabad,C43847,Visa,Shopping,Female,22025.52,Credit,DMart,Retail,Declined
n104451,2026-05-09,Hyderabad,C49660,RuPay,Utilities,Male,1595.92,UPI,HPCL,Food,Approved
n104452,2026-01-24,Bengaluru,C27503,Amex,Fuel,Female,12961.66,Credit,DMart,Utilities,Declined
n104453,2026-04-17,Kolkata,C40537,RuPay,Groceries,Male,8412.26,UPI,HPCL,Retail,Declined
n104454,2026-01-30,Bengaluru,C11637,Amex,Fuel,Female,13399.88,NetBanking,IOCL,Travel,Declined
n104455,2026-03-20,Bengaluru,C48118,Amex,Groceries,Female,21884.18,UPI,IOCL,Fuel,Declined
n104456,2026-02-19,Vizag,C48249,MasterCard,Travel,Male,8005.96,UPI,IOCL,Fuel,Declined
n104457,2026-05-04,Mumbai,C99196,RuPay,Fuel,Female,15699.56,UPI,Amazon,Retail,Approved
n104458,2026-06-21,Mumbai,C96060,Amex,Utilities,Male,2586.23,NetBanking,Amazon,Fuel,Declined
n104459,2026-06-15,Hyderabad,C98982,Amex,Utilities,Male,8843.56,Credit,IOCL,Utilities,Approved
n104460,2026-02-06,Mumbai,C17596,RuPay,Dining,Female,3858.59,NetBanking,IOCL,E-commerce,Approved
n104461,2026-04-03,Pune,C99748,MasterCard,Groceries,Female,2381.49,Credit,Amazon,Food,Approved
n104462,2026-05-21,Bengaluru,C52062,Amex,Dining,Male,16574.82,Credit,Amazon,Fuel,Approved
n104463,2026-03-31,Bengaluru,C93742,MasterCard,Travel,Male,6925.38,NetBanking,IRCTC,Food,Approved
n104464,2026-03-24,Kolkata,C79133,Visa,Utilities,Female,11128.86,NetBanking,IRCTC,Travel,Declined
n104465,2026-02-07,Delhi,C44155,Visa,Utilities,Female,11647.74,Credit,DMart,Fuel,Declined
n104466,2026-03-16,Mumbai,C12698,Amex,Travel,Female,7605.39,NetBanking,IRCTC,Retail,Declined
n104467,2026-05-16,Mumbai,C49562,Amex,Fuel,Male,14634.16,UPI,DMart,Food,Approved
n104468,2026-05-24,Hyderabad,C82939,RuPay,Travel,Female,13202.72,Credit,IOCL,Retail,Declined
n104469,2026-05-03,Mumbai,C39261,Visa,Groceries,Female,13078.13,Credit,HPCL,Food,Declined
n104470,2026-02-27,Delhi,C10920,RuPay,Fuel,Female,24370.77,NetBanking,Swiggy,Travel,Declined
n104471,2026-04-19,Pune,C33868,MasterCard,Travel,Female,21135.61,UPI,Zomato,E-commerce,Declined
n104472,2026-06-01,Chennai,C18720,Amex,Travel,Male,11588.24,Credit,Zomato,Utilities,Approved
n104473,2026-06-11,Delhi,C52952,RuPay,Utilities,Female,826.21,NetBanking,Zomato,E-commerce,Approved
n104474,2026-04-01,Vizag,C44054,RuPay,Utilities,Male,12168.93,UPI,Swiggy,Fuel,Declined
n104475,2026-05-13,Delhi,C25077,MasterCard,Shopping,Male,3061.69,UPI,IOCL,E-commerce,Declined
n104476,2026-05-18,Mumbai,C35756,RuPay,Shopping,Female,13562.39,NetBanking,Reliance,Travel,Declined
n104477,2026-02-02,Delhi,C80920,Visa,Dining,Male,16617.65,UPI,IRCTC,Travel,Approved
n104478,2026-05-05,Kolkata,C56248,RuPay,Dining,Male,20204.54,Credit,DMart,Utilities,Approved
n104479,2026-01-09,Bengaluru,C48391,Amex,Groceries,Male,15770.95,NetBanking,IRCTC,Travel,Declined
n104480,2026-03-14,Hyderabad,C98368,Visa,Groceries,Female,11923.16,Credit,HPCL,Food,Approved
n104481,2026-03-24,Kolkata,C94826,RuPay,Groceries,Male,20843.31,Credit,HPCL,Travel,Declined
n104482,2026-05-05,Delhi,C11836,Visa,Utilities,Male,817.02,NetBanking,Reliance,Retail,Approved
n104483,2026-04-14,Delhi,C22699,Amex,Travel,Female,920.12,NetBanking,IRCTC,Food,Declined
n104484,2026-03-06,Pune,C26613,Amex,Utilities,Female,13921.92,Credit,Amazon,Retail,Approved
n104485,2026-05-21,Kolkata,C51975,Amex,Groceries,Female,1189.33,Credit,Amazon,Travel,Approved
n104486,2026-06-21,Bengaluru,C78902,Visa,Fuel,Male,101.27,UPI,IRCTC,Food,Approved
n104487,2026-05-20,Kolkata,C78667,Amex,Utilities,Male,19670.82,NetBanking,Reliance,E-commerce,Approved
n104488,2026-01-03,Vizag,C19243,Visa,Shopping,Male,22500.87,UPI,Reliance,Retail,Approved
n104489,2026-06-01,Vizag,C59605,Amex,Groceries,Male,9220.32,Credit,Zomato,Utilities,Approved
n104490,2026-05-29,Hyderabad,C68371,Visa,Utilities,Male,11413.14,Credit,Reliance,Utilities,Declined
n104491,2026-02-09,Kolkata,C38398,RuPay,Shopping,Male,7728.15,Credit,IOCL,Retail,Declined
n104492,2026-06-15,Delhi,C90709,RuPay,Travel,Male,1420.11,Credit,IRCTC,Retail,Declined
n104493,2026-04-03,Pune,C69708,MasterCard,Shopping,Male,6637.36,NetBanking,IRCTC,Utilities,Approved
n104494,2026-04-22,Bengaluru,C96849,Visa,Travel,Female,24004.63,NetBanking,HPCL,Travel,Approved
n104495,2026-01-05,Chennai,C86941,Amex,Fuel,Female,18017.42,NetBanking,Amazon,Utilities,Declined
n104496,2026-01-17,Kolkata,C71343,RuPay,Utilities,Male,16336.86,Credit,HPCL,Fuel,Approved
n104497,2026-03-12,Pune,C44505,Visa,Fuel,Male,11882.83,Credit,Swiggy,Travel,Declined
n104498,2026-05-18,Vizag,C45448,RuPay,Fuel,Male,14450.29,Credit,IOCL,Retail,Declined
n104499,2026-03-30,Hyderabad,C74651,MasterCard,Fuel,Male,13980.45,NetBanking,Amazon,Travel,Declined
n104500,2026-01-06,Bengaluru,C84690,Amex,Travel,Male,24114.11,NetBanking,Zomato,Food,Declined
n104501,2026-06-25,Chennai,C96192,MasterCard,Travel,Female,24862.01,NetBanking,Zomato,Utilities,Declined
n104502,2026-05-09,Hyderabad,C81727,RuPay,Dining,Male,135.76,UPI,DMart,Retail,Approved
n104503,2026-04-08,Chennai,C45808,MasterCard,Travel,Female,19639.58,NetBanking,Amazon,E-commerce,Approved
n104504,2026-03-30,Bengaluru,C84993,Visa,Dining,Female,22613.27,UPI,Swiggy,Food,Approved
n104505,2026-06-09,Pune,C72002,Amex,Groceries,Female,13363.19,UPI,Swiggy,Food,Declined
n104506,2026-03-04,Hyderabad,C99941,MasterCard,Travel,Female,3387.58,NetBanking,Amazon,Fuel,Approved
n104507,2026-06-22,Hyderabad,C14843,Amex,Groceries,Female,16059.51,UPI,DMart,Fuel,Approved
n104508,2026-03-09,Chennai,C15971,MasterCard,Groceries,Male,483.71,NetBanking,HPCL,Travel,Declined
n104509,2026-03-05,Mumbai,C66717,MasterCard,Shopping,Female,9515.84,UPI,Zomato,Utilities,Declined
n104510,2026-03-30,Chennai,C53497,Amex,Shopping,Female,23524.13,NetBanking,Zomato,E-commerce,Declined
n104511,2026-04-09,Delhi,C75662,Amex,Shopping,Male,16480.28,UPI,HPCL,E-commerce,Approved
n104512,2026-01-12,Hyderabad,C17045,MasterCard,Travel,Female,6603.72,NetBanking,Swiggy,Travel,Approved
n104513,2026-03-03,Delhi,C68290,RuPay,Groceries,Female,15922.33,NetBanking,Swiggy,Travel,Declined
n104514,2026-01-02,Delhi,C25501,RuPay,Travel,Male,8290.62,NetBanking,IOCL,Retail,Approved
n104515,2026-05-04,Hyderabad,C66020,RuPay,Utilities,Male,21333.48,NetBanking,DMart,Fuel,Declined
n104516,2026-06-15,Bengaluru,C35929,Amex,Travel,Female,8209.74,UPI,Reliance,Retail,Approved
n104517,2026-06-20,Mumbai,C42263,MasterCard,Travel,Male,15438.37,NetBanking,HPCL,Food,Approved
n104518,2026-01-21,Hyderabad,C24148,Amex,Dining,Female,7433.35,Credit,IOCL,E-commerce,Declined
n104519,2026-05-20,Hyderabad,C87742,RuPay,Shopping,Male,11018.38,UPI,IRCTC,Utilities,Declined
n104520,2026-05-27,Delhi,C71646,RuPay,Shopping,Male,24235.24,UPI,HPCL,Food,Approved
n104521,2026-05-10,Kolkata,C20681,Amex,Utilities,Male,17545.21,NetBanking,HPCL,Food,Declined
n104522,2026-03-20,Pune,C78616,Visa,Shopping,Female,4807.39,NetBanking,IOCL,Utilities,Declined
n104523,2026-02-11,Bengaluru,C68592,Visa,Utilities,Male,21502.57,Credit,DMart,Retail,Declined
n104524,2026-01-06,Pune,C51753,Amex,Travel,Male,3584.55,NetBanking,Swiggy,Travel,Declined
n104525,2026-05-18,Vizag,C65503,RuPay,Travel,Male,16045.55,UPI,DMart,Retail,Approved
n104526,2026-05-07,Mumbai,C69116,MasterCard,Fuel,Male,8778.98,UPI,DMart,Retail,Approved
n104527,2026-03-08,Pune,C86415,MasterCard,Groceries,Male,20291.58,NetBanking,Amazon,Utilities,Approved
n104528,2026-03-15,Pune,C51845,Amex,Fuel,Male,19169.83,Credit,HPCL,Travel,Approved
n104529,2026-03-27,Bengaluru,C47092,MasterCard,Shopping,Female,5108.93,UPI,Amazon,Retail,Approved
n104530,2026-01-26,Vizag,C43611,Visa,Groceries,Male,1207.35,UPI,Amazon,Utilities,Declined
n104531,2026-04-10,Mumbai,C48895,RuPay,Groceries,Male,7067.89,UPI,Amazon,Retail,Declined
n104532,2026-02-23,Mumbai,C58056,Amex,Travel,Male,17787.72,NetBanking,Reliance,Fuel,Declined
n104533,2026-01-10,Chennai,C53355,MasterCard,Fuel,Female,18055.23,Credit,Swiggy,Utilities,Approved
n104534,2026-03-31,Bengaluru,C72239,MasterCard,Utilities,Male,16746.89,NetBanking,Zomato,E-commerce,Declined
n104535,2026-06-18,Delhi,C80252,RuPay,Groceries,Female,1377.16,Credit,IRCTC,Travel,Declined
n104536,2026-06-17,Vizag,C30154,MasterCard,Travel,Male,22300.4,NetBanking,Zomato,Retail,Approved
n104537,2026-04-14,Bengaluru,C25194,MasterCard,Shopping,Male,206.27,UPI,Reliance,Food,Declined
n104538,2026-06-12,Chennai,C35732,RuPay,Fuel,Female,990.44,UPI,IOCL,Fuel,Approved
n104539,2026-02-26,Pune,C57970,RuPay,Dining,Male,12777.06,NetBanking,DMart,Fuel,Approved
n104540,2026-05-23,Delhi,C37511,Amex,Travel,Female,14538.23,Credit,Amazon,Travel,Declined
n104541,2026-05-06,Mumbai,C36534,Visa,Dining,Male,10210.8,UPI,Amazon,Fuel,Declined
n104542,2026-01-03,Delhi,C43012,Amex,Travel,Male,2654.49,UPI,Amazon,Travel,Declined
n104543,2026-06-23,Kolkata,C55483,RuPay,Shopping,Male,16173.59,UPI,IOCL,Fuel,Declined
n104544,2026-02-04,Chennai,C36470,MasterCard,Travel,Male,1149.06,Credit,Amazon,E-commerce,Declined
n104545,2026-03-03,Bengaluru,C85255,Visa,Fuel,Female,21329.16,UPI,DMart,Utilities,Approved
n104546,2026-04-08,Mumbai,C54548,Visa,Utilities,Male,21143.78,NetBanking,Reliance,E-commerce,Approved
n104547,2026-05-21,Kolkata,C24262,MasterCard,Groceries,Male,4027.11,UPI,DMart,Travel,Approved
n104548,2026-02-03,Delhi,C53238,RuPay,Groceries,Male,6605.07,NetBanking,Reliance,Retail,Declined
n104549,2026-03-03,Hyderabad,C29485,MasterCard,Utilities,Male,19372.54,Credit,Amazon,E-commerce,Approved
n104550,2026-02-18,Chennai,C68666,MasterCard,Shopping,Male,6692.45,Credit,Zomato,E-commerce,Declined
n104551,2026-05-26,Bengaluru,C40583,RuPay,Groceries,Male,15143.74,UPI,DMart,Utilities,Declined
n104552,2026-04-16,Chennai,C87120,RuPay,Utilities,Female,10256.68,UPI,IOCL,Travel,Approved
n104553,2026-05-18,Vizag,C70079,RuPay,Groceries,Female,1820.96,UPI,Amazon,Fuel,Approved
n104554,2026-01-01,Vizag,C15209,Visa,Dining,Male,22413.46,Credit,IOCL,E-commerce,Approved
n104555,2026-05-05,Mumbai,C25988,RuPay,Dining,Female,21003.9,Credit,IOCL,E-commerce,Declined
n104556,2026-02-20,Kolkata,C34512,MasterCard,Travel,Female,20310.14,NetBanking,HPCL,Utilities,Declined
n104557,2026-04-27,Mumbai,C81288,MasterCard,Utilities,Female,4936.7,NetBanking,Reliance,E-commerce,Declined
n104558,2026-04-21,Chennai,C87857,MasterCard,Groceries,Male,24791.1,NetBanking,IRCTC,Retail,Approved
n104559,2026-02-20,Pune,C33147,MasterCard,Groceries,Female,15074.55,Credit,IOCL,Retail,Declined
n104560,2026-06-24,Hyderabad,C86140,RuPay,Fuel,Male,24966.91,UPI,DMart,Retail,Declined
n104561,2026-03-28,Chennai,C34317,MasterCard,Travel,Female,9757.98,NetBanking,Amazon,Fuel,Approved
n104562,2026-05-28,Mumbai,C94425,RuPay,Fuel,Female,10433.08,Credit,IRCTC,Retail,Declined
n104563,2026-03-13,Bengaluru,C56191,MasterCard,Travel,Male,5259.85,NetBanking,HPCL,Fuel,Declined
n104564,2026-06-09,Bengaluru,C89876,Visa,Travel,Male,19084.87,NetBanking,Swiggy,Travel,Declined
n104565,2026-04-03,Pune,C17758,MasterCard,Travel,Female,3314.85,Credit,IRCTC,E-commerce,Approved
n104566,2026-05-04,Hyderabad,C83342,Amex,Fuel,Female,15114.81,UPI,Swiggy,Food,Declined
n104567,2026-03-14,Vizag,C92589,RuPay,Groceries,Male,6795.04,Credit,Zomato,Utilities,Declined
n104568,2026-04-03,Hyderabad,C82875,Amex,Shopping,Male,16647.84,Credit,HPCL,Utilities,Approved
n104569,2026-02-14,Pune,C27063,RuPay,Utilities,Female,22318.53,Credit,DMart,Utilities,Approved
n104570,2026-04-05,Pune,C63802,MasterCard,Utilities,Female,24463.57,Credit,IOCL,Utilities,Declined
n104571,2026-04-25,Kolkata,C94522,Visa,Utilities,Female,23746.65,NetBanking,Zomato,Fuel,Declined
n104572,2026-03-19,Vizag,C14640,MasterCard,Groceries,Female,20555.21,Credit,Swiggy,Travel,Approved
n104573,2026-02-09,Hyderabad,C66383,RuPay,Travel,Male,3591.79,UPI,DMart,Travel,Approved
n104574,2026-03-18,Hyderabad,C97261,MasterCard,Dining,Male,8696.23,NetBanking,Swiggy,Retail,Approved
n104575,2026-01-12,Bengaluru,C53928,Amex,Shopping,Male,16298.58,Credit,Zomato,Retail,Approved
n104576,2026-02-17,Chennai,C57638,MasterCard,Utilities,Female,6963.32,UPI,Swiggy,Food,Declined
n104577,2026-01-16,Kolkata,C67451,Amex,Travel,Female,4166.81,UPI,IRCTC,E-commerce,Declined
n104578,2026-06-18,Hyderabad,C70319,Visa,Utilities,Male,18320.25,NetBanking,Amazon,E-commerce,Approved
n104579,2026-03-17,Delhi,C78643,Visa,Travel,Female,15189.43,UPI,Reliance,E-commerce,Approved
n104580,2026-05-11,Vizag,C50290,Visa,Fuel,Female,6478.81,Credit,Amazon,Utilities,Approved
n104581,2026-04-23,Chennai,C35210,Visa,Utilities,Female,22946.13,Credit,Amazon,Travel,Approved
n104582,2026-01-05,Kolkata,C47901,Visa,Travel,Male,3339.28,Credit,HPCL,E-commerce,Declined
n104583,2026-06-25,Mumbai,C19835,Visa,Travel,Female,19667.57,Credit,DMart,Travel,Declined
n104584,2026-05-21,Pune,C15098,Amex,Dining,Male,19292.09,UPI,Zomato,Utilities,Approved
n104585,2026-03-10,Bengaluru,C44718,MasterCard,Travel,Male,8370.07,Credit,Zomato,E-commerce,Declined
n104586,2026-02-03,Vizag,C72145,Visa,Utilities,Male,1719.5,Credit,IOCL,E-commerce,Approved
n104587,2026-03-27,Bengaluru,C25398,Visa,Utilities,Female,4436.73,NetBanking,HPCL,E-commerce,Declined
n104588,2026-02-23,Pune,C90784,MasterCard,Travel,Male,990.46,Credit,IOCL,Travel,Approved
n104589,2026-06-11,Delhi,C75392,MasterCard,Travel,Female,5464.73,NetBanking,Amazon,Food,Approved
n104590,2026-05-08,Bengaluru,C34496,MasterCard,Fuel,Female,3711.29,NetBanking,Amazon,Fuel,Declined
n104591,2026-03-24,Chennai,C49405,Visa,Shopping,Female,18008.34,Credit,IOCL,Utilities,Approved
n104592,2026-03-23,Mumbai,C40774,Amex,Fuel,Male,16836.61,NetBanking,IRCTC,E-commerce,Approved
n104593,2026-06-30,Delhi,C17722,Visa,Shopping,Male,4202.05,NetBanking,HPCL,Utilities,Approved
n104594,2026-05-31,Chennai,C96738,MasterCard,Shopping,Female,21454.75,UPI,DMart,Travel,Declined
n104595,2026-06-09,Chennai,C56654,RuPay,Utilities,Male,7516.54,UPI,Amazon,Retail,Declined
n104596,2026-04-20,Delhi,C94511,MasterCard,Dining,Male,13360.4,NetBanking,IOCL,Utilities,Declined
n104597,2026-04-22,Delhi,C81919,Visa,Fuel,Male,8423.44,Credit,Reliance,Utilities,Declined
n104598,2026-02-07,Delhi,C34775,Visa,Utilities,Female,12368.46,UPI,IRCTC,Utilities,Declined
n104599,2026-04-27,Vizag,C76531,Visa,Fuel,Female,175.81,NetBanking,Reliance,Travel,Approved
n104600,2026-05-09,Mumbai,C92975,RuPay,Fuel,Male,4855.79,Credit,Zomato,Food,Approved
n104601,2026-01-15,Chennai,C98058,MasterCard,Dining,Female,2189.03,NetBanking,IOCL,Utilities,Approved
n104602,2026-01-05,Bengaluru,C68486,MasterCard,Shopping,Female,18364.11,NetBanking,Reliance,Food,Declined
n104603,2026-01-15,Kolkata,C86864,Amex,Fuel,Male,21286.31,Credit,Swiggy,E-commerce,Approved
n104604,2026-06-09,Hyderabad,C84447,MasterCard,Utilities,Female,9837.9,UPI,IRCTC,Food,Approved
n104605,2026-05-16,Kolkata,C39953,MasterCard,Groceries,Female,1196.69,UPI,IOCL,Utilities,Declined
n104606,2026-04-20,Hyderabad,C54612,RuPay,Fuel,Male,16250.28,UPI,Amazon,Utilities,Approved
n104607,2026-05-21,Mumbai,C15642,Amex,Utilities,Male,9081.61,NetBanking,Amazon,Travel,Declined
n104608,2026-04-21,Delhi,C50845,Visa,Shopping,Female,19393.43,Credit,Swiggy,Retail,Declined
n104609,2026-01-17,Kolkata,C16314,RuPay,Fuel,Male,14946.02,NetBanking,Amazon,Food,Declined
n104610,2026-01-24,Bengaluru,C92620,Visa,Utilities,Female,15321.34,NetBanking,IRCTC,Food,Declined
n104611,2026-05-14,Delhi,C89942,Visa,Groceries,Male,20955.87,Credit,HPCL,Food,Declined
n104612,2026-05-25,Bengaluru,C25584,Amex,Dining,Female,8387.73,Credit,Amazon,Travel,Approved
n104613,2026-05-07,Pune,C94107,MasterCard,Utilities,Male,8376.87,UPI,Zomato,Utilities,Approved
n104614,2026-02-15,Pune,C16873,MasterCard,Shopping,Female,990.88,Credit,Amazon,Retail,Declined
n104615,2026-05-07,Delhi,C82773,Amex,Dining,Female,22073.99,UPI,Zomato,Retail,Declined
n104616,2026-01-20,Pune,C42549,RuPay,Utilities,Female,7182.92,NetBanking,Reliance,Food,Approved
n104617,2026-05-13,Bengaluru,C32384,Visa,Dining,Male,19087.57,NetBanking,Amazon,Retail,Declined
n104618,2026-05-19,Bengaluru,C10279,Visa,Fuel,Male,15886.91,Credit,Reliance,Retail,Declined
n104619,2026-01-25,Kolkata,C11262,Visa,Shopping,Female,8752.66,NetBanking,Zomato,E-commerce,Declined
n104620,2026-04-13,Bengaluru,C83728,Visa,Dining,Female,6592.2,UPI,Amazon,Travel,Approved
n104621,2026-06-01,Delhi,C98000,Amex,Utilities,Male,10910.84,NetBanking,Reliance,Retail,Approved
n104622,2026-04-30,Vizag,C27332,Amex,Fuel,Male,8577.88,NetBanking,Amazon,Retail,Declined
n104623,2026-01-05,Chennai,C78579,RuPay,Dining,Female,18053.67,NetBanking,Reliance,E-commerce,Declined
n104624,2026-04-09,Kolkata,C42790,MasterCard,Groceries,Female,24482.84,UPI,IRCTC,Fuel,Approved
n104625,2026-05-17,Hyderabad,C33098,MasterCard,Shopping,Female,13955.81,UPI,DMart,Utilities,Declined
n104626,2026-03-19,Delhi,C39341,MasterCard,Utilities,Female,22609.53,UPI,Amazon,Fuel,Approved
n104627,2026-05-12,Pune,C67456,RuPay,Groceries,Female,15110.97,UPI,IOCL,Retail,Approved
n104628,2026-05-16,Mumbai,C95711,RuPay,Groceries,Male,424.41,UPI,Reliance,Utilities,Declined
n104629,2026-05-18,Pune,C30587,MasterCard,Travel,Female,18138.69,NetBanking,DMart,Travel,Approved
n104630,2026-02-10,Bengaluru,C65902,Amex,Dining,Male,20533.09,NetBanking,IOCL,E-commerce,Approved
n104631,2026-01-06,Kolkata,C65993,RuPay,Shopping,Female,12600.73,Credit,Swiggy,Retail,Declined
n104632,2026-04-18,Pune,C82399,MasterCard,Shopping,Male,13964.12,UPI,Swiggy,Utilities,Approved
n104633,2026-06-10,Delhi,C48611,RuPay,Fuel,Male,22043.68,NetBanking,IOCL,Retail,Approved
n104634,2026-03-06,Kolkata,C61125,Visa,Shopping,Male,24973.94,UPI,IOCL,E-commerce,Approved
n104635,2026-06-04,Kolkata,C53350,MasterCard,Groceries,Male,21658.11,UPI,IRCTC,E-commerce,Declined
n104636,2026-01-05,Vizag,C88764,Visa,Shopping,Male,19918.63,NetBanking,HPCL,Fuel,Declined
n104637,2026-01-06,Bengaluru,C57043,Visa,Shopping,Male,22809.49,Credit,Swiggy,Travel,Approved
n104638,2026-02-15,Chennai,C89023,RuPay,Travel,Female,18863.95,NetBanking,IRCTC,Retail,Declined
n104639,2026-05-24,Bengaluru,C49887,Amex,Utilities,Female,3703.17,UPI,Amazon,Food,Declined
n104640,2026-02-26,Chennai,C16006,MasterCard,Shopping,Female,20669.17,Credit,Amazon,Food,Declined
n104641,2026-04-25,Vizag,C53639,RuPay,Fuel,Male,19454.8,Credit,Zomato,Food,Declined
n104642,2026-01-16,Mumbai,C61440,Amex,Groceries,Male,24936.12,Credit,Swiggy,Retail,Declined
n104643,2026-05-01,Delhi,C21080,RuPay,Fuel,Female,18391.15,Credit,Zomato,Food,Declined
n104644,2026-01-17,Delhi,C76624,MasterCard,Utilities,Female,16349.31,UPI,Swiggy,Fuel,Declined
n104645,2026-01-20,Vizag,C79139,MasterCard,Utilities,Female,17061.63,NetBanking,HPCL,Food,Approved
n104646,2026-01-16,Kolkata,C18954,RuPay,Dining,Male,2092.64,NetBanking,Swiggy,E-commerce,Declined
n104647,2026-03-20,Hyderabad,C17889,Visa,Utilities,Male,8252.36,NetBanking,IRCTC,Utilities,Declined
n104648,2026-06-03,Kolkata,C26568,Amex,Shopping,Male,15684.19,NetBanking,HPCL,Food,Declined
n104649,2026-04-08,Pune,C44171,Visa,Groceries,Male,7511.77,UPI,DMart,Travel,Declined
n104650,2026-01-30,Mumbai,C69205,RuPay,Utilities,Male,19510.93,NetBanking,Reliance,Food,Declined
n104651,2026-06-15,Kolkata,C54804,MasterCard,Shopping,Male,22835.86,UPI,HPCL,Travel,Declined
n104652,2026-02-15,Vizag,C58474,RuPay,Travel,Female,445.51,UPI,IRCTC,Fuel,Declined
n104653,2026-04-03,Pune,C53153,MasterCard,Dining,Female,15746.66,Credit,Reliance,Utilities,Approved
n104654,2026-05-29,Delhi,C67414,Visa,Travel,Female,22147.45,UPI,IOCL,Travel,Approved
n104655,2026-06-06,Hyderabad,C18921,Amex,Dining,Male,20887.05,Credit,Swiggy,Retail,Declined
n104656,2026-02-07,Vizag,C18228,RuPay,Utilities,Male,6858.34,NetBanking,Swiggy,Retail,Approved
n104657,2026-02-03,Vizag,C41465,RuPay,Travel,Female,21833.95,Credit,Swiggy,E-commerce,Approved
n104658,2026-06-07,Delhi,C80204,Visa,Travel,Female,12937.49,UPI,Amazon,Fuel,Declined
n104659,2026-04-13,Mumbai,C43415,MasterCard,Dining,Male,7752.82,UPI,DMart,E-commerce,Declined
n104660,2026-04-25,Vizag,C35366,Amex,Shopping,Male,8600.29,UPI,DMart,Food,Approved
n104661,2026-01-17,Vizag,C37738,Amex,Dining,Male,5940.22,NetBanking,HPCL,Retail,Approved
n104662,2026-03-16,Hyderabad,C93860,MasterCard,Fuel,Male,10005.26,UPI,DMart,Food,Approved
n104663,2026-03-21,Kolkata,C90914,Amex,Dining,Female,4390.09,NetBanking,DMart,Fuel,Approved
n104664,2026-02-16,Delhi,C70875,MasterCard,Groceries,Female,12401.48,NetBanking,IOCL,Food,Approved
n104665,2026-06-25,Vizag,C23434,Amex,Dining,Male,15982.84,NetBanking,Zomato,Food,Approved
n104666,2026-03-27,Vizag,C80356,RuPay,Utilities,Male,4887.81,UPI,Reliance,Fuel,Approved
n104667,2026-01-07,Mumbai,C48314,Visa,Groceries,Female,6055.5,UPI,Swiggy,Retail,Declined
n104668,2026-05-03,Bengaluru,C18583,RuPay,Travel,Male,21451.62,Credit,DMart,Fuel,Declined
n104669,2026-01-22,Vizag,C22068,Visa,Dining,Male,10926.14,UPI,IOCL,Utilities,Approved
n104670,2026-01-30,Mumbai,C22739,Amex,Travel,Female,6170.34,Credit,IRCTC,Food,Declined
n104671,2026-02-11,Pune,C52256,Visa,Groceries,Female,6196.2,NetBanking,Reliance,Utilities,Approved
n104672,2026-01-09,Bengaluru,C31036,RuPay,Travel,Female,11333.72,NetBanking,DMart,Travel,Declined
n104673,2026-05-27,Vizag,C71764,Visa,Groceries,Male,17601.76,UPI,Amazon,Travel,Declined
n104674,2026-05-17,Chennai,C58456,MasterCard,Groceries,Male,1767.65,UPI,IRCTC,Travel,Declined
n104675,2026-04-05,Kolkata,C35293,Amex,Dining,Male,10979.98,UPI,IRCTC,Food,Declined
n104676,2026-06-21,Delhi,C50557,Visa,Fuel,Female,23278.44,Credit,Reliance,Food,Declined
n104677,2026-02-19,Chennai,C93068,Visa,Dining,Male,6941.37,NetBanking,Swiggy,Retail,Approved
n104678,2026-01-20,Bengaluru,C90505,MasterCard,Travel,Female,6639.84,Credit,Zomato,E-commerce,Declined
n104679,2026-06-04,Vizag,C80974,MasterCard,Fuel,Male,12615.72,Credit,DMart,E-commerce,Approved
n104680,2026-01-05,Mumbai,C77056,MasterCard,Utilities,Male,14729.33,NetBanking,Amazon,E-commerce,Declined
n104681,2026-01-01,Pune,C91484,RuPay,Travel,Female,24608.09,Credit,IOCL,Fuel,Approved
n104682,2026-06-10,Kolkata,C77221,Visa,Groceries,Male,7827.92,Credit,Amazon,Travel,Declined
n104683,2026-04-18,Hyderabad,C20386,MasterCard,Fuel,Female,5359.47,Credit,IOCL,E-commerce,Declined
n104684,2026-05-07,Delhi,C35694,MasterCard,Fuel,Male,3080.95,UPI,Swiggy,Fuel,Declined
n104685,2026-06-08,Chennai,C85749,Visa,Utilities,Female,14921.35,Credit,IOCL,Fuel,Approved
n104686,2026-06-04,Bengaluru,C40794,Amex,Travel,Male,12303.61,UPI,Zomato,Utilities,Approved
n104687,2026-01-05,Pune,C85228,RuPay,Shopping,Male,19675.79,Credit,Amazon,E-commerce,Declined
n104688,2026-05-14,Hyderabad,C24079,Visa,Travel,Male,24751.72,UPI,Amazon,Fuel,Declined
n104689,2026-03-16,Mumbai,C89752,RuPay,Travel,Male,16415.03,NetBanking,HPCL,Retail,Approved
n104690,2026-01-16,Hyderabad,C86466,Amex,Fuel,Male,9353.18,UPI,IRCTC,Utilities,Approved
n104691,2026-04-02,Mumbai,C33470,RuPay,Dining,Male,23183.96,NetBanking,Amazon,Travel,Declined
n104692,2026-01-12,Delhi,C63975,RuPay,Shopping,Female,8135.32,Credit,IOCL,Fuel,Approved
n104693,2026-02-11,Delhi,C14140,RuPay,Utilities,Female,18942.3,NetBanking,Swiggy,E-commerce,Approved
n104694,2026-06-13,Mumbai,C58444,MasterCard,Shopping,Male,15706.5,Credit,DMart,Utilities,Declined
n104695,2026-04-13,Vizag,C67751,Visa,Shopping,Female,3963.82,NetBanking,Zomato,Utilities,Declined
n104696,2026-05-16,Hyderabad,C44230,MasterCard,Shopping,Female,3695.66,Credit,Amazon,Fuel,Approved
n104697,2026-03-25,Pune,C73447,MasterCard,Shopping,Male,4874.04,Credit,IRCTC,Food,Declined
n104698,2026-02-22,Bengaluru,C30107,Visa,Travel,Female,14215.1,NetBanking,Swiggy,Fuel,Declined
n104699,2026-02-22,Hyderabad,C69888,RuPay,Shopping,Female,23689.24,Credit,IRCTC,Travel,Approved
n104700,2026-06-01,Pune,C95698,Visa,Travel,Male,8053.56,NetBanking,DMart,Fuel,Approved
n104701,2026-03-04,Kolkata,C19825,Amex,Fuel,Male,1026.38,UPI,Zomato,Travel,Approved
n104702,2026-02-04,Mumbai,C97220,RuPay,Shopping,Male,308.99,NetBanking,Swiggy,Utilities,Declined
n104703,2026-02-12,Pune,C52838,MasterCard,Utilities,Female,3738.09,UPI,IOCL,E-commerce,Declined
n104704,2026-03-10,Bengaluru,C30364,Amex,Fuel,Male,22794.25,Credit,IRCTC,Utilities,Approved
n104705,2026-02-01,Pune,C29090,RuPay,Fuel,Female,20177.1,Credit,DMart,E-commerce,Declined
n104706,2026-05-12,Mumbai,C30650,RuPay,Utilities,Male,15012.9,NetBanking,Zomato,Retail,Declined
n104707,2026-01-20,Chennai,C26180,Amex,Dining,Female,12954.99,NetBanking,Amazon,E-commerce,Approved
n104708,2026-01-17,Chennai,C37136,MasterCard,Utilities,Male,3151.8,UPI,IOCL,Travel,Declined
n104709,2026-06-10,Kolkata,C95267,Amex,Groceries,Male,5612.8,NetBanking,IRCTC,Food,Declined
n104710,2026-01-26,Delhi,C41568,RuPay,Travel,Female,22284.12,Credit,Amazon,Utilities,Declined
n104711,2026-03-09,Hyderabad,C51128,MasterCard,Shopping,Male,8634.2,NetBanking,Zomato,E-commerce,Declined
n104712,2026-02-11,Bengaluru,C67146,MasterCard,Dining,Male,8350.83,UPI,HPCL,Retail,Approved
n104713,2026-01-07,Vizag,C34251,Amex,Travel,Male,23840.28,UPI,DMart,Travel,Declined
n104714,2026-05-27,Bengaluru,C58906,RuPay,Travel,Male,13840.06,NetBanking,Zomato,Utilities,Declined
n104715,2026-02-12,Kolkata,C43552,MasterCard,Utilities,Female,3599.97,Credit,HPCL,Retail,Approved
n104716,2026-05-22,Delhi,C28553,RuPay,Shopping,Female,23161.97,NetBanking,Reliance,Fuel,Approved
n104717,2026-06-19,Chennai,C12948,MasterCard,Shopping,Male,16124.44,UPI,Reliance,Food,Declined
n104718,2026-01-28,Mumbai,C44432,MasterCard,Fuel,Female,15665.49,UPI,DMart,Retail,Approved
n104719,2026-03-16,Pune,C59774,MasterCard,Utilities,Female,5755.66,Credit,Amazon,Retail,Declined
n104720,2026-01-17,Mumbai,C12052,Visa,Fuel,Male,5352.25,UPI,IOCL,Travel,Declined
n104721,2026-02-17,Bengaluru,C46961,MasterCard,Dining,Female,12604.11,NetBanking,Amazon,Travel,Declined
n104722,2026-06-19,Chennai,C27450,Amex,Dining,Male,23566.42,Credit,IOCL,E-commerce,Declined
n104723,2026-05-25,Vizag,C62363,Amex,Shopping,Female,17426.2,UPI,IOCL,Utilities,Declined
n104724,2026-06-15,Delhi,C20204,Visa,Groceries,Female,483.9,UPI,IOCL,Travel,Declined
n104725,2026-04-26,Chennai,C68618,Amex,Groceries,Male,14161.95,NetBanking,Amazon,E-commerce,Declined
n104726,2026-01-29,Bengaluru,C90734,RuPay,Dining,Female,1288.32,UPI,Reliance,Retail,Approved
n104727,2026-01-25,Bengaluru,C28878,Amex,Fuel,Female,3645.49,NetBanking,Zomato,Fuel,Approved
n104728,2026-03-02,Chennai,C37555,Visa,Travel,Male,5383.67,UPI,DMart,Food,Declined
n104729,2026-06-09,Vizag,C50291,RuPay,Dining,Female,1087.74,Credit,DMart,Fuel,Declined
n104730,2026-01-18,Bengaluru,C25427,RuPay,Dining,Female,3296.73,NetBanking,Amazon,Retail,Declined
n104731,2026-01-31,Pune,C94827,RuPay,Shopping,Female,360.53,UPI,Swiggy,Retail,Approved
n104732,2026-04-14,Chennai,C49627,RuPay,Shopping,Female,17810.39,NetBanking,IRCTC,Food,Approved
n104733,2026-03-13,Vizag,C94797,Amex,Travel,Male,13027.08,Credit,Zomato,Utilities,Declined
n104734,2026-06-10,Bengaluru,C18847,Amex,Shopping,Female,15840.09,UPI,Amazon,E-commerce,Approved
n104735,2026-05-05,Delhi,C76710,RuPay,Groceries,Female,7740.31,Credit,HPCL,Fuel,Approved
n104736,2026-04-14,Kolkata,C66068,Visa,Travel,Female,13514.45,UPI,HPCL,E-commerce,Approved
n104737,2026-05-18,Bengaluru,C63361,Visa,Shopping,Male,18521.69,NetBanking,HPCL,Utilities,Approved
n104738,2026-03-17,Vizag,C70771,RuPay,Shopping,Female,11010.05,NetBanking,Swiggy,Travel,Approved
n104739,2026-04-29,Mumbai,C41765,Visa,Utilities,Male,8009.43,UPI,Zomato,Travel,Approved
n104740,2026-02-24,Pune,C46344,RuPay,Travel,Female,14969.59,NetBanking,Amazon,Utilities,Declined
n104741,2026-06-03,Hyderabad,C72414,Amex,Utilities,Male,20827.36,NetBanking,Zomato,Travel,Approved
n104742,2026-01-07,Hyderabad,C19337,Amex,Groceries,Male,19427.96,UPI,DMart,Retail,Declined
n104743,2026-02-14,Pune,C87037,MasterCard,Fuel,Male,14410.02,NetBanking,Zomato,Food,Declined
n104744,2026-06-26,Chennai,C43860,Visa,Travel,Female,8614.05,NetBanking,Reliance,Travel,Approved
n104745,2026-05-08,Vizag,C47842,RuPay,Dining,Female,3984.72,NetBanking,IOCL,Travel,Approved
n104746,2026-03-11,Mumbai,C67378,RuPay,Groceries,Male,19574.49,Credit,Reliance,Retail,Approved
n104747,2026-03-12,Bengaluru,C10462,Amex,Travel,Female,1144.88,Credit,IOCL,Travel,Approved
n104748,2026-01-16,Bengaluru,C46515,Amex,Dining,Male,15610.43,UPI,IRCTC,Food,Approved
n104749,2026-04-06,Hyderabad,C17201,MasterCard,Groceries,Male,18395.57,UPI,IOCL,Utilities,Approved
n104750,2026-02-15,Hyderabad,C59084,Visa,Dining,Female,1137.74,NetBanking,IOCL,Utilities,Approved
n104751,2026-06-22,Pune,C80911,RuPay,Travel,Female,3252.49,UPI,Swiggy,Fuel,Declined
n104752,2026-01-19,Bengaluru,C13572,Visa,Utilities,Male,926.36,NetBanking,IOCL,Food,Declined
n104753,2026-01-09,Delhi,C17664,Amex,Groceries,Male,23645.01,Credit,Zomato,E-commerce,Declined
n104754,2026-03-22,Bengaluru,C88944,Amex,Dining,Male,22275.29,UPI,Amazon,Travel,Declined
n104755,2026-04-01,Mumbai,C20566,RuPay,Utilities,Male,6835.03,Credit,Reliance,E-commerce,Declined
n104756,2026-01-12,Delhi,C38441,Visa,Utilities,Male,23301.08,UPI,Reliance,Retail,Approved
n104757,2026-05-24,Vizag,C43265,RuPay,Shopping,Male,18373.42,UPI,Swiggy,Retail,Declined
n104758,2026-01-09,Bengaluru,C73720,Amex,Utilities,Female,16725.22,NetBanking,HPCL,Retail,Approved
n104759,2026-01-31,Bengaluru,C18354,MasterCard,Fuel,Female,4385.89,NetBanking,Reliance,Retail,Approved
n104760,2026-04-04,Chennai,C29391,MasterCard,Dining,Female,8452.09,UPI,Swiggy,Fuel,Approved
n104761,2026-04-12,Mumbai,C92468,MasterCard,Travel,Female,13801.46,NetBanking,IOCL,Fuel,Declined
n104762,2026-04-15,Hyderabad,C46535,Visa,Utilities,Male,10511.21,UPI,Zomato,Travel,Declined
n104763,2026-02-03,Vizag,C86748,MasterCard,Groceries,Female,1486.72,Credit,Swiggy,Utilities,Declined
n104764,2026-01-20,Kolkata,C90302,Visa,Travel,Female,16767.87,Credit,Amazon,Retail,Declined
n104765,2026-06-19,Pune,C44542,RuPay,Fuel,Male,18963.8,UPI,IRCTC,Food,Declined
n104766,2026-01-09,Chennai,C90995,Amex,Dining,Male,8320.71,Credit,Zomato,Food,Approved
n104767,2026-03-02,Vizag,C34490,RuPay,Dining,Female,19313.38,UPI,Amazon,Travel,Declined
n104768,2026-01-23,Bengaluru,C86696,Visa,Dining,Female,18843.02,NetBanking,IRCTC,Retail,Approved
n104769,2026-06-22,Kolkata,C73598,Visa,Fuel,Male,20374.25,NetBanking,Zomato,E-commerce,Approved
n104770,2026-03-30,Chennai,C99334,Amex,Groceries,Male,10194.99,UPI,Reliance,Retail,Approved
n104771,2026-06-05,Chennai,C55632,MasterCard,Shopping,Female,1860.16,UPI,Zomato,Food,Declined
n104772,2026-01-23,Vizag,C63112,RuPay,Utilities,Female,4128.73,NetBanking,Swiggy,Travel,Approved
n104773,2026-04-22,Kolkata,C11842,Amex,Shopping,Male,5949.01,NetBanking,Swiggy,E-commerce,Approved
n104774,2026-02-19,Vizag,C77009,MasterCard,Dining,Male,8856.9,NetBanking,Reliance,Food,Declined
n104775,2026-05-14,Kolkata,C60140,Visa,Shopping,Male,12085.11,UPI,IOCL,Travel,Approved
n104776,2026-01-14,Hyderabad,C16483,MasterCard,Groceries,Female,24969.33,Credit,IRCTC,Utilities,Declined
n104777,2026-06-18,Hyderabad,C46819,Amex,Fuel,Male,14051.83,Credit,IRCTC,Food,Approved
n104778,2026-03-09,Chennai,C99419,Visa,Groceries,Female,7288.23,Credit,HPCL,Fuel,Approved
n104779,2026-05-29,Chennai,C92688,MasterCard,Utilities,Female,24735.09,NetBanking,Swiggy,Fuel,Declined
n104780,2026-03-08,Chennai,C75371,Amex,Utilities,Male,15307.53,NetBanking,IRCTC,Food,Approved
n104781,2026-02-06,Delhi,C13903,Amex,Groceries,Male,19571.31,NetBanking,Zomato,Fuel,Approved
n104782,2026-06-11,Kolkata,C19870,Visa,Shopping,Male,15034.99,NetBanking,Amazon,Travel,Approved
n104783,2026-06-09,Mumbai,C40293,Amex,Utilities,Male,10996.03,UPI,Swiggy,Travel,Approved
n104784,2026-02-17,Vizag,C57106,RuPay,Groceries,Female,12264.3,Credit,HPCL,Retail,Approved
n104785,2026-02-07,Bengaluru,C51336,RuPay,Groceries,Male,8070.14,Credit,IOCL,Fuel,Approved
n104786,2026-02-17,Vizag,C43240,RuPay,Fuel,Male,17645.08,UPI,Zomato,Utilities,Approved
n104787,2026-04-19,Hyderabad,C81649,Amex,Groceries,Female,20847.77,UPI,DMart,Retail,Approved
n104788,2026-05-29,Kolkata,C65849,Visa,Utilities,Female,20715.73,UPI,Reliance,Utilities,Declined
n104789,2026-04-12,Delhi,C72770,Visa,Utilities,Male,12849.7,Credit,Reliance,Utilities,Approved
n104790,2026-04-27,Chennai,C35337,Visa,Shopping,Male,13479.71,UPI,Zomato,Travel,Approved
n104791,2026-04-16,Mumbai,C66705,RuPay,Fuel,Female,11507.35,NetBanking,IOCL,Utilities,Declined
n104792,2026-04-01,Bengaluru,C88242,Amex,Dining,Female,10208.73,NetBanking,Reliance,Retail,Approved
n104793,2026-04-07,Delhi,C50153,RuPay,Utilities,Male,21203.9,Credit,HPCL,Utilities,Approved
n104794,2026-03-10,Mumbai,C99111,RuPay,Groceries,Female,15216.74,UPI,Reliance,Food,Approved
n104795,2026-01-31,Vizag,C71330,Amex,Travel,Female,3783.07,Credit,DMart,Retail,Declined
n104796,2026-02-03,Bengaluru,C87377,Amex,Groceries,Male,16737.01,NetBanking,Amazon,Retail,Declined
n104797,2026-04-24,Mumbai,C23625,Amex,Travel,Male,878.25,Credit,Zomato,Fuel,Approved
n104798,2026-05-24,Pune,C11932,MasterCard,Groceries,Male,11901.48,Credit,Swiggy,Travel,Approved
n104799,2026-03-24,Bengaluru,C38519,RuPay,Utilities,Female,18323.43,NetBanking,Swiggy,Retail,Approved
n104800,2026-06-28,Vizag,C20203,Visa,Dining,Male,23251.18,Credit,Zomato,Travel,Declined
n104801,2026-06-10,Bengaluru,C56991,RuPay,Groceries,Male,23425.98,NetBanking,Reliance,Travel,Declined
n104802,2026-01-28,Vizag,C63761,MasterCard,Utilities,Male,911.88,NetBanking,Reliance,Fuel,Declined
n104803,2026-03-29,Hyderabad,C32770,RuPay,Travel,Female,3050.56,NetBanking,IOCL,Fuel,Approved
n104804,2026-05-25,Bengaluru,C65996,MasterCard,Travel,Female,14963.36,Credit,DMart,Travel,Declined
n104805,2026-03-05,Kolkata,C54395,Visa,Groceries,Male,23024.07,UPI,DMart,Retail,Declined
n104806,2026-04-30,Delhi,C60597,Visa,Dining,Male,10790.73,Credit,Zomato,Travel,Approved
n104807,2026-02-27,Vizag,C99384,Visa,Dining,Male,9625.58,Credit,Reliance,Food,Declined
n104808,2026-05-04,Hyderabad,C64736,RuPay,Groceries,Male,4434.58,UPI,Swiggy,E-commerce,Declined
n104809,2026-06-09,Vizag,C28406,Amex,Dining,Male,21365.79,UPI,DMart,Fuel,Declined
n104810,2026-02-13,Mumbai,C18543,Visa,Utilities,Female,22232.84,NetBanking,HPCL,Travel,Declined
n104811,2026-06-26,Delhi,C74408,RuPay,Fuel,Male,15227.57,Credit,Zomato,Travel,Approved
n104812,2026-01-31,Vizag,C53892,RuPay,Fuel,Female,9838.19,Credit,IOCL,E-commerce,Declined
n104813,2026-06-30,Mumbai,C80975,RuPay,Fuel,Male,15114.84,UPI,Reliance,Food,Declined
n104814,2026-03-28,Delhi,C55310,Amex,Dining,Male,14588.61,Credit,Swiggy,Retail,Declined
n104815,2026-06-18,Hyderabad,C90807,RuPay,Dining,Male,10276.27,NetBanking,Amazon,Retail,Declined
n104816,2026-06-15,Pune,C31032,MasterCard,Groceries,Male,23519.69,Credit,IOCL,Food,Approved
n104817,2026-03-21,Mumbai,C57046,RuPay,Shopping,Male,21799.11,UPI,HPCL,Food,Approved
n104818,2026-05-12,Pune,C77084,Amex,Utilities,Male,3629.8,NetBanking,Swiggy,Retail,Declined
n104819,2026-06-27,Kolkata,C35709,Amex,Dining,Male,12614.49,Credit,DMart,Food,Approved
n104820,2026-04-22,Pune,C37811,RuPay,Shopping,Female,8742.7,Credit,Swiggy,Travel,Approved
n104821,2026-04-19,Pune,C75870,MasterCard,Shopping,Female,13499.16,Credit,Amazon,Fuel,Declined
n104822,2026-06-30,Chennai,C78224,RuPay,Travel,Female,3122.88,NetBanking,IRCTC,Utilities,Declined
n104823,2026-02-26,Bengaluru,C50924,Visa,Travel,Male,22775.79,UPI,Swiggy,Travel,Approved
n104824,2026-05-29,Kolkata,C70635,Amex,Groceries,Female,22753.52,NetBanking,Zomato,Food,Declined
n104825,2026-01-09,Delhi,C12960,RuPay,Groceries,Female,15951.81,UPI,Amazon,Retail,Declined
n104826,2026-03-06,Vizag,C66492,Amex,Groceries,Male,24121.67,NetBanking,HPCL,Fuel,Declined
n104827,2026-03-24,Bengaluru,C97438,Visa,Shopping,Male,9941.25,NetBanking,Zomato,E-commerce,Declined
n104828,2026-01-06,Vizag,C32227,MasterCard,Travel,Female,2653.37,NetBanking,Amazon,Travel,Approved
n104829,2026-01-17,Vizag,C16536,MasterCard,Shopping,Male,3565.04,NetBanking,Reliance,Travel,Approved
n104830,2026-06-29,Mumbai,C91026,Visa,Fuel,Male,14670.06,UPI,Amazon,E-commerce,Approved
n104831,2026-03-19,Vizag,C43648,Amex,Groceries,Male,17736.51,UPI,Zomato,Retail,Approved
n104832,2026-05-04,Mumbai,C91006,Visa,Travel,Female,8688.81,NetBanking,Swiggy,Travel,Declined
n104833,2026-05-20,Delhi,C47165,MasterCard,Dining,Male,4969.95,Credit,Swiggy,Utilities,Declined
n104834,2026-03-29,Bengaluru,C84806,Visa,Groceries,Female,14080.2,Credit,Reliance,Travel,Approved
n104835,2026-02-23,Hyderabad,C25402,Amex,Fuel,Female,16579.45,UPI,Swiggy,Fuel,Approved
n104836,2026-02-21,Pune,C93731,MasterCard,Travel,Male,24133.25,NetBanking,HPCL,Utilities,Approved
n104837,2026-02-22,Delhi,C95381,MasterCard,Utilities,Male,23932.22,NetBanking,HPCL,E-commerce,Approved
n104838,2026-01-26,Chennai,C22061,Amex,Utilities,Male,22125.78,NetBanking,IRCTC,Fuel,Approved
n104839,2026-02-26,Bengaluru,C79217,Amex,Dining,Male,16911.52,NetBanking,Amazon,Fuel,Approved
n104840,2026-02-09,Mumbai,C80997,MasterCard,Dining,Female,22754.88,NetBanking,Reliance,Utilities,Declined
n104841,2026-04-26,Pune,C41427,RuPay,Dining,Female,6833.75,Credit,DMart,Fuel,Approved
n104842,2026-03-31,Delhi,C69160,MasterCard,Shopping,Female,6300.43,NetBanking,IOCL,Retail,Declined
n104843,2026-01-05,Chennai,C40348,RuPay,Shopping,Male,1533.75,Credit,HPCL,Utilities,Declined
n104844,2026-06-09,Bengaluru,C44255,RuPay,Fuel,Male,15077.51,Credit,IRCTC,Fuel,Declined
n104845,2026-05-03,Chennai,C78313,Amex,Shopping,Male,15410.19,Credit,DMart,E-commerce,Declined
n104846,2026-05-04,Mumbai,C38859,MasterCard,Shopping,Male,11171.64,UPI,IRCTC,Travel,Approved
n104847,2026-02-15,Delhi,C85560,Amex,Dining,Male,5963.21,NetBanking,Zomato,Fuel,Declined
n104848,2026-03-26,Chennai,C13567,Visa,Fuel,Male,24551.7,NetBanking,Zomato,Utilities,Declined
n104849,2026-03-19,Delhi,C82164,RuPay,Dining,Male,197.45,UPI,Amazon,Travel,Approved
n104850,2026-06-26,Vizag,C11824,MasterCard,Utilities,Male,4334.53,NetBanking,HPCL,Food,Declined
n104851,2026-06-07,Hyderabad,C27556,RuPay,Travel,Male,14396.85,Credit,IRCTC,Retail,Approved
n104852,2026-06-26,Delhi,C23870,Visa,Groceries,Female,3367.89,Credit,Amazon,Retail,Declined
n104853,2026-02-14,Pune,C68726,RuPay,Travel,Male,3978.46,Credit,HPCL,E-commerce,Approved
n104854,2026-05-07,Kolkata,C95882,MasterCard,Groceries,Male,19939.21,Credit,Zomato,E-commerce,Declined
n104855,2026-04-10,Kolkata,C67266,MasterCard,Fuel,Male,12278.63,UPI,Reliance,E-commerce,Approved
n104856,2026-02-24,Delhi,C57765,RuPay,Shopping,Male,16010.76,UPI,IOCL,Travel,Declined
n104857,2026-02-10,Bengaluru,C86028,MasterCard,Shopping,Female,21139.99,Credit,Swiggy,Travel,Approved
n104858,2026-03-18,Vizag,C57773,MasterCard,Dining,Female,21164.68,UPI,Reliance,Travel,Declined
n104859,2026-03-16,Pune,C81224,Amex,Travel,Female,10980.5,NetBanking,Zomato,Utilities,Declined
n104860,2026-06-23,Vizag,C73714,Visa,Travel,Male,14062.34,UPI,Amazon,Food,Declined
n104861,2026-06-03,Kolkata,C46706,RuPay,Fuel,Male,9414.0,NetBanking,Amazon,Travel,Approved
n104862,2026-03-26,Kolkata,C75939,Amex,Fuel,Female,21827.3,UPI,Swiggy,Food,Declined
n104863,2026-06-08,Pune,C16079,Visa,Travel,Female,10240.08,Credit,IOCL,Retail,Approved
n104864,2026-05-10,Pune,C14150,RuPay,Fuel,Female,3641.26,UPI,Zomato,E-commerce,Approved
n104865,2026-01-08,Chennai,C33660,RuPay,Groceries,Male,4692.62,Credit,Amazon,Retail,Declined
n104866,2026-03-09,Kolkata,C27618,Amex,Dining,Male,8172.13,NetBanking,DMart,Travel,Declined
n104867,2026-03-09,Vizag,C92581,Visa,Travel,Male,3375.69,NetBanking,Zomato,Travel,Declined
n104868,2026-05-24,Mumbai,C81589,RuPay,Groceries,Male,8354.27,NetBanking,Swiggy,Fuel,Approved
n104869,2026-04-21,Pune,C39208,RuPay,Utilities,Female,3664.5,NetBanking,HPCL,Utilities,Declined
n104870,2026-01-21,Chennai,C10919,Visa,Fuel,Male,12463.84,UPI,HPCL,Retail,Approved
n104871,2026-02-01,Bengaluru,C47634,Amex,Groceries,Male,10648.4,Credit,DMart,E-commerce,Declined
n104872,2026-06-21,Hyderabad,C46940,RuPay,Shopping,Female,15914.27,Credit,HPCL,Utilities,Declined
n104873,2026-01-16,Hyderabad,C57467,Amex,Travel,Male,6616.95,NetBanking,Swiggy,Travel,Declined
n104874,2026-02-13,Bengaluru,C12159,RuPay,Groceries,Male,16930.08,UPI,DMart,Fuel,Approved
n104875,2026-05-20,Kolkata,C52013,RuPay,Shopping,Male,20845.67,NetBanking,HPCL,Retail,Declined
n104876,2026-03-26,Hyderabad,C58924,RuPay,Fuel,Female,24816.81,Credit,Amazon,Fuel,Approved
n104877,2026-04-28,Pune,C68686,Amex,Fuel,Female,20727.14,NetBanking,IOCL,Utilities,Approved
n104878,2026-06-24,Kolkata,C22147,Amex,Shopping,Female,2907.36,UPI,DMart,Retail,Declined
n104879,2026-05-23,Mumbai,C59791,RuPay,Travel,Female,13498.58,Credit,HPCL,Food,Approved
n104880,2026-06-27,Kolkata,C86418,MasterCard,Groceries,Female,15016.34,NetBanking,DMart,Travel,Declined
n104881,2026-05-25,Delhi,C88385,Visa,Dining,Male,21287.91,NetBanking,Reliance,Food,Declined
n104882,2026-02-01,Hyderabad,C11411,MasterCard,Utilities,Male,8917.54,Credit,Reliance,E-commerce,Declined
n104883,2026-04-04,Kolkata,C86485,Visa,Travel,Female,5216.82,UPI,Swiggy,Retail,Declined
n104884,2026-06-12,Kolkata,C36271,MasterCard,Dining,Female,14220.51,NetBanking,Swiggy,Fuel,Approved
n104885,2026-03-04,Vizag,C79303,Amex,Fuel,Male,14072.93,Credit,DMart,E-commerce,Approved
n104886,2026-03-01,Vizag,C89967,RuPay,Utilities,Male,5290.73,Credit,Swiggy,Retail,Approved
n104887,2026-03-12,Bengaluru,C92509,Amex,Fuel,Female,21969.51,Credit,Reliance,Food,Declined
n104888,2026-06-04,Kolkata,C41455,MasterCard,Utilities,Female,19010.62,NetBanking,Amazon,Fuel,Approved
n104889,2026-02-19,Chennai,C32633,Visa,Shopping,Male,4608.13,Credit,Swiggy,Travel,Declined
n104890,2026-06-18,Mumbai,C51688,Visa,Shopping,Female,12921.19,NetBanking,DMart,Food,Declined
n104891,2026-05-31,Pune,C72365,Visa,Fuel,Female,24312.5,NetBanking,Zomato,Fuel,Approved
n104892,2026-01-04,Chennai,C77005,RuPay,Groceries,Male,6947.34,Credit,HPCL,E-commerce,Approved
n104893,2026-05-19,Mumbai,C92158,Visa,Groceries,Female,12355.64,UPI,IRCTC,Travel,Approved
n104894,2026-02-27,Hyderabad,C54747,Amex,Shopping,Male,8369.13,NetBanking,DMart,Food,Approved
n104895,2026-02-27,Mumbai,C55537,Visa,Groceries,Female,12570.75,Credit,Amazon,E-commerce,Declined
n104896,2026-02-09,Vizag,C90775,Amex,Shopping,Female,24982.3,UPI,Reliance,E-commerce,Approved
n104897,2026-04-09,Vizag,C11139,Visa,Dining,Male,1184.56,Credit,DMart,Retail,Declined
n104898,2026-01-03,Vizag,C96038,Amex,Dining,Female,18003.95,NetBanking,Zomato,Utilities,Approved
n104899,2026-04-10,Chennai,C85371,MasterCard,Fuel,Male,22227.03,UPI,Amazon,Utilities,Approved
n104900,2026-01-27,Mumbai,C45502,RuPay,Shopping,Female,13590.04,NetBanking,Zomato,E-commerce,Approved
n104901,2026-05-25,Bengaluru,C79027,RuPay,Shopping,Female,8963.69,NetBanking,Swiggy,Utilities,Declined
n104902,2026-02-06,Pune,C48632,Amex,Groceries,Male,7292.23,UPI,Swiggy,Retail,Approved
n104903,2026-04-25,Pune,C63991,MasterCard,Shopping,Female,14711.33,UPI,IOCL,Travel,Approved
n104904,2026-03-14,Delhi,C43894,RuPay,Dining,Female,12176.27,NetBanking,DMart,Travel,Declined
n104905,2026-02-10,Pune,C27646,Amex,Travel,Female,8018.25,Credit,IRCTC,E-commerce,Declined
n104906,2026-03-02,Bengaluru,C72345,RuPay,Groceries,Male,6016.13,NetBanking,DMart,Retail,Declined
n104907,2026-06-29,Vizag,C54595,RuPay,Shopping,Male,15419.64,UPI,HPCL,Food,Approved
n104908,2026-04-23,Bengaluru,C57454,RuPay,Groceries,Male,6508.9,Credit,Zomato,E-commerce,Approved
n104909,2026-05-15,Mumbai,C46051,Visa,Groceries,Female,11922.69,Credit,IRCTC,Food,Approved
n104910,2026-01-12,Vizag,C48996,Visa,Shopping,Female,8703.88,UPI,Amazon,Utilities,Approved
n104911,2026-04-20,Mumbai,C31128,MasterCard,Shopping,Female,23456.34,Credit,IRCTC,Travel,Approved
n104912,2026-01-25,Hyderabad,C79596,RuPay,Shopping,Male,24194.8,UPI,Zomato,Travel,Approved
n104913,2026-04-17,Mumbai,C30855,Visa,Shopping,Female,20022.44,UPI,DMart,Utilities,Approved
n104914,2026-05-23,Pune,C76505,Visa,Shopping,Male,22806.93,NetBanking,Swiggy,Retail,Approved
n104915,2026-05-08,Mumbai,C47395,MasterCard,Utilities,Male,10352.28,Credit,IRCTC,Utilities,Declined
n104916,2026-03-28,Mumbai,C50461,MasterCard,Groceries,Female,14139.57,UPI,DMart,Fuel,Declined
n104917,2026-02-02,Hyderabad,C45440,Visa,Shopping,Male,4712.57,Credit,Swiggy,Retail,Approved
n104918,2026-01-07,Bengaluru,C99219,Amex,Groceries,Male,9466.88,Credit,Reliance,Travel,Approved
n104919,2026-01-01,Vizag,C32374,RuPay,Travel,Female,12617.89,NetBanking,Amazon,Food,Approved
n104920,2026-02-04,Bengaluru,C31891,RuPay,Dining,Female,23370.05,Credit,Amazon,Retail,Declined
n104921,2026-01-29,Chennai,C71703,MasterCard,Travel,Female,16321.13,UPI,Reliance,E-commerce,Declined
n104922,2026-04-09,Bengaluru,C56617,MasterCard,Shopping,Male,2222.98,NetBanking,HPCL,Food,Declined
n104923,2026-01-28,Kolkata,C63174,RuPay,Fuel,Male,21992.77,Credit,Amazon,Travel,Declined
n104924,2026-03-17,Hyderabad,C28864,Amex,Dining,Female,1571.48,NetBanking,Reliance,Retail,Approved
n104925,2026-04-10,Chennai,C54499,Amex,Travel,Male,710.14,Credit,Amazon,Retail,Declined
n104926,2026-04-16,Pune,C71797,RuPay,Groceries,Female,24843.81,Credit,Swiggy,Food,Approved
n104927,2026-06-27,Delhi,C57985,Visa,Dining,Male,21538.61,Credit,DMart,Retail,Approved
n104928,2026-05-18,Chennai,C35165,Amex,Groceries,Female,24305.97,UPI,DMart,E-commerce,Approved
n104929,2026-06-02,Hyderabad,C36945,Visa,Fuel,Male,9578.18,Credit,HPCL,E-commerce,Declined
n104930,2026-01-10,Kolkata,C69553,RuPay,Shopping,Male,16944.57,Credit,Reliance,Fuel,Approved
n104931,2026-03-25,Delhi,C61552,RuPay,Utilities,Female,12408.37,Credit,DMart,Food,Approved
n104932,2026-03-18,Pune,C56386,Visa,Groceries,Female,8524.34,UPI,Swiggy,Retail,Approved
n104933,2026-04-23,Chennai,C43506,Amex,Dining,Female,21686.39,NetBanking,Reliance,Retail,Declined
n104934,2026-06-28,Vizag,C61097,Visa,Dining,Female,16136.0,NetBanking,Amazon,Travel,Declined
n104935,2026-03-27,Chennai,C28719,RuPay,Utilities,Male,17332.89,UPI,IOCL,Travel,Approved
n104936,2026-04-04,Delhi,C89205,Amex,Shopping,Male,9448.49,Credit,HPCL,E-commerce,Declined
n104937,2026-01-11,Mumbai,C48017,Amex,Groceries,Male,2802.33,Credit,DMart,Travel,Declined
n104938,2026-03-29,Mumbai,C84206,RuPay,Groceries,Male,2487.11,NetBanking,Zomato,Travel,Approved
n104939,2026-03-07,Hyderabad,C22240,RuPay,Fuel,Female,5420.54,NetBanking,HPCL,Fuel,Approved
n104940,2026-06-30,Kolkata,C81835,Visa,Shopping,Male,8526.22,NetBanking,Zomato,Travel,Approved
n104941,2026-04-20,Delhi,C52033,RuPay,Utilities,Female,9389.12,NetBanking,HPCL,Fuel,Declined
n104942,2026-03-08,Chennai,C55801,RuPay,Groceries,Male,18307.32,UPI,IRCTC,Food,Approved
n104943,2026-05-03,Pune,C62898,RuPay,Shopping,Female,22166.47,NetBanking,Zomato,E-commerce,Declined
n104944,2026-05-14,Kolkata,C73072,MasterCard,Travel,Male,1512.5,NetBanking,DMart,Travel,Approved
n104945,2026-05-20,Kolkata,C67551,RuPay,Travel,Male,2777.25,NetBanking,IRCTC,Utilities,Approved
n104946,2026-03-14,Kolkata,C73220,Visa,Utilities,Male,11657.6,Credit,IRCTC,Food,Approved
n104947,2026-01-06,Hyderabad,C29253,RuPay,Shopping,Female,4844.28,Credit,HPCL,Travel,Declined
n104948,2026-01-15,Pune,C36726,MasterCard,Fuel,Male,9469.13,Credit,Amazon,E-commerce,Declined
n104949,2026-03-21,Kolkata,C45860,Visa,Shopping,Female,4027.09,NetBanking,Swiggy,E-commerce,Approved
n104950,2026-02-24,Kolkata,C74627,RuPay,Shopping,Male,9751.37,NetBanking,IRCTC,Retail,Declined
n104951,2026-01-11,Bengaluru,C21979,Amex,Fuel,Male,22127.78,Credit,HPCL,E-commerce,Declined
n104952,2026-01-26,Delhi,C64015,Amex,Shopping,Male,13842.04,UPI,IRCTC,Food,Approved
n104953,2026-06-13,Bengaluru,C64545,MasterCard,Dining,Female,15279.48,UPI,Swiggy,Food,Approved
n104954,2026-01-22,Hyderabad,C12126,Amex,Utilities,Female,11819.15,Credit,Amazon,Fuel,Declined
n104955,2026-01-15,Bengaluru,C77323,MasterCard,Groceries,Female,15780.02,NetBanking,IOCL,Food,Approved
n104956,2026-05-20,Hyderabad,C59535,Visa,Fuel,Female,19682.44,UPI,Amazon,E-commerce,Declined
n104957,2026-01-16,Hyderabad,C23138,Visa,Groceries,Male,3396.97,Credit,Reliance,Utilities,Declined
n104958,2026-05-24,Mumbai,C90484,Visa,Travel,Male,21137.22,Credit,DMart,E-commerce,Approved
n104959,2026-04-07,Mumbai,C45207,Visa,Fuel,Female,22905.75,UPI,HPCL,E-commerce,Approved
n104960,2026-01-29,Delhi,C90461,RuPay,Fuel,Male,19807.9,UPI,IRCTC,Retail,Approved
n104961,2026-02-08,Pune,C24689,Amex,Travel,Male,22811.39,NetBanking,Zomato,Fuel,Declined
n104962,2026-02-01,Kolkata,C68466,MasterCard,Fuel,Male,22466.25,UPI,Amazon,Retail,Declined
n104963,2026-03-06,Delhi,C87996,Amex,Travel,Female,997.24,Credit,Swiggy,Utilities,Approved
n104964,2026-01-22,Chennai,C52676,RuPay,Utilities,Male,8350.24,UPI,Zomato,Fuel,Declined
n104965,2026-01-01,Chennai,C48587,MasterCard,Travel,Male,10531.36,Credit,Zomato,Retail,Approved
n104966,2026-01-30,Vizag,C92491,RuPay,Travel,Female,12493.66,Credit,IRCTC,Retail,Approved
n104967,2026-02-09,Hyderabad,C62510,Visa,Utilities,Male,15428.72,NetBanking,Reliance,E-commerce,Approved
n104968,2026-01-28,Kolkata,C68931,Amex,Utilities,Female,7073.86,NetBanking,Reliance,Retail,Declined
n104969,2026-05-22,Hyderabad,C75404,MasterCard,Shopping,Male,1193.04,UPI,IOCL,Retail,Approved
n104970,2026-06-28,Kolkata,C64711,Amex,Dining,Female,4448.4,UPI,Amazon,Utilities,Approved
n104971,2026-06-05,Kolkata,C95294,RuPay,Shopping,Male,22682.44,NetBanking,Amazon,Travel,Declined
n104972,2026-02-01,Kolkata,C49033,RuPay,Travel,Female,15984.96,UPI,Swiggy,Food,Declined
n104973,2026-04-30,Vizag,C25471,MasterCard,Utilities,Female,2870.39,Credit,Swiggy,Retail,Declined
n104974,2026-05-09,Mumbai,C93310,MasterCard,Shopping,Female,19266.85,Credit,Reliance,Food,Declined
n104975,2026-04-20,Pune,C43693,RuPay,Groceries,Female,21544.97,NetBanking,Swiggy,Food,Declined
n104976,2026-03-29,Delhi,C94887,Visa,Groceries,Male,18029.99,Credit,DMart,Travel,Approved
n104977,2026-04-09,Kolkata,C52776,RuPay,Travel,Male,13897.79,NetBanking,Reliance,Retail,Approved
n104978,2026-03-05,Delhi,C53633,MasterCard,Groceries,Female,9751.17,NetBanking,Reliance,Retail,Declined
n104979,2026-04-04,Vizag,C97928,RuPay,Travel,Male,16647.02,Credit,Amazon,E-commerce,Approved
n104980,2026-03-01,Vizag,C93732,Amex,Fuel,Male,22514.89,NetBanking,HPCL,Food,Approved
n104981,2026-01-26,Delhi,C21684,Visa,Fuel,Female,18742.5,NetBanking,DMart,Utilities,Declined
n104982,2026-02-09,Mumbai,C19061,RuPay,Groceries,Female,4095.4,Credit,DMart,Travel,Declined
n104983,2026-04-14,Pune,C15118,Visa,Dining,Male,22469.19,UPI,Zomato,E-commerce,Declined
n104984,2026-04-23,Chennai,C25829,RuPay,Fuel,Male,16422.86,NetBanking,DMart,E-commerce,Approved
n104985,2026-06-14,Delhi,C48653,MasterCard,Fuel,Male,3564.62,UPI,IRCTC,Retail,Approved
n104986,2026-06-23,Kolkata,C54026,Amex,Shopping,Female,3736.3,NetBanking,IOCL,Utilities,Approved
n104987,2026-05-22,Hyderabad,C92955,MasterCard,Dining,Male,23362.56,UPI,HPCL,Food,Approved
n104988,2026-06-27,Bengaluru,C21497,RuPay,Groceries,Male,18690.43,UPI,Zomato,Retail,Declined
n104989,2026-01-21,Delhi,C24257,RuPay,Groceries,Female,18058.05,UPI,Reliance,Fuel,Approved
n104990,2026-01-08,Kolkata,C97852,RuPay,Utilities,Female,22226.39,UPI,IRCTC,Fuel,Approved
n104991,2026-05-10,Bengaluru,C64136,Amex,Travel,Male,17294.12,NetBanking,Zomato,Travel,Approved
n104992,2026-04-02,Delhi,C96067,Amex,Travel,Male,13985.39,NetBanking,Swiggy,Food,Declined
n104993,2026-02-04,Vizag,C31225,RuPay,Travel,Female,22821.09,NetBanking,Reliance,Retail,Declined
n104994,2026-03-29,Pune,C48679,Visa,Utilities,Female,3869.32,Credit,Amazon,E-commerce,Declined
n104995,2026-06-12,Kolkata,C25525,Visa,Dining,Female,13215.97,UPI,Zomato,Retail,Approved
n104996,2026-03-30,Vizag,C91257,Amex,Dining,Male,24414.1,UPI,Reliance,Retail,Approved
n104997,2026-05-26,Pune,C41619,Visa,Fuel,Male,16393.42,NetBanking,Zomato,Retail,Declined
n104998,2026-06-18,Chennai,C93833,RuPay,Dining,Male,11415.32,UPI,IRCTC,E-commerce,Approved
n104999,2026-04-02,Chennai,C50823,RuPay,Shopping,Female,20186.88,Credit,IRCTC,E-commerce,Approved
