transaction_id,transaction_date,city,customer_id,card_type,expense_type,gender,amount,payment_mode,merchant,merchant_category,approval_status
s100000,2026-01-17, vizag ,C56013,Visa,Dining,Male,16709.18,UPI, IRCTC ,Food,Approved
s100001,2026-03-17, chennai ,C26296,RuPay,Fuel,Female,10775.63,UPI, SWIGGY ,Retail,Declined
s100002,2026-05-21, vizag ,C19164,Amex,Fuel,Male,8159.08,NetBanking, IRCTC ,Travel,Approved
s100003,2026-01-15, pune ,C46517,MasterCard,Travel,Female,4060.33,UPI, IRCTC ,Fuel,Declined
s100004,2026-03-13, mumbai ,C98252,MasterCard,Fuel,Female,2152.9,Credit, AMAZON ,Utilities,Approved
s100005,2026-05-21, kolkata ,C96630,Amex,Shopping,Female,3913.93,NetBanking, HPCL ,Food,Declined
s100006,2026-01-27, pune ,C39128,Amex,Utilities,Female,19775.59,Credit, HPCL ,Utilities,Declined
s100007,2026-01-10, kolkata ,C59217,Visa,Utilities,Male,24920.73,NetBanking, ZOMATO ,Utilities,Declined
s100008,2026-05-13, pune ,C84104,RuPay,Travel,Male,10567.25,NetBanking, IRCTC ,Retail,Approved
s100009,2026-01-22, bengaluru ,C51922,Amex,Utilities,Female,7873.18,Credit, RELIANCE ,Food,Approved
s100010,2026-01-26, hyderabad ,C61534,Visa,Utilities,Male,18779.85,UPI, IRCTC ,Retail,Approved
s100011,2026-06-25, pune ,C26043,RuPay,Groceries,Male,14907.89,Credit, IOCL ,Travel,Declined
s100012,2026-01-24, mumbai ,C18104,Amex,Utilities,Male,20007.67,NetBanking, HPCL ,E-commerce,Declined
s100013,2026-05-11, delhi ,C99340,RuPay,Travel,Female,23101.19,Credit, AMAZON ,E-commerce,Declined
s100014,2026-06-15, delhi ,C54161,Amex,Utilities,Female,11775.05,UPI, DMART ,Utilities,Declined
s100015,2026-04-18, pune ,C23143,MasterCard,Fuel,Female,6187.69,Credit, ZOMATO ,Retail,Approved
s100016,2026-06-30, kolkata ,C35801,Visa,Travel,Female,18391.45,UPI, IOCL ,Food,Approved
s100017,2026-04-27, hyderabad ,C34489,RuPay,Fuel,Female,18004.81,UPI, IOCL ,Food,Approved
s100018,2026-04-09, pune ,C12527,RuPay,Utilities,Male,10720.78,Credit, IOCL ,Fuel,Declined
s100019,2026-04-06, pune ,C37418,MasterCard,Dining,Female,12461.67,Credit, SWIGGY ,E-commerce,Approved
s100020,2026-06-22, delhi ,C11835,RuPay,Groceries,Female,13057.62,NetBanking, IRCTC ,Travel,Declined
s100021,2026-01-13, hyderabad ,C10700,Visa,Shopping,Male,292.48,NetBanking, HPCL ,E-commerce,Declined
s100022,2026-06-11, mumbai ,C79620,Visa,Shopping,Male,17802.02,NetBanking, RELIANCE ,Food,Approved
s100023,2026-05-25, bengaluru ,C76316,MasterCard,Shopping,Male,23844.39,NetBanking, HPCL ,Fuel,Approved
s100024,2026-01-25, kolkata ,C53577,Visa,Fuel,Male,11687.38,UPI, HPCL ,Food,Approved
s100025,2026-01-27, hyderabad ,C78147,Amex,Utilities,Female,17123.49,UPI, RELIANCE ,Retail,Declined
s100026,2026-02-03, delhi ,C88263,Visa,Travel,Male,17184.5,NetBanking, IRCTC ,Retail,Approved
s100027,2026-04-14, kolkata ,C54170,Visa,Dining,Female,5102.8,Credit, DMART ,Fuel,Declined
s100028,2026-03-16, mumbai ,C25167,MasterCard,Travel,Male,17858.5,NetBanking, HPCL ,Utilities,Declined
s100029,2026-02-16, pune ,C54916,MasterCard,Dining,Female,16515.05,Credit, DMART ,Fuel,Approved
s100030,2026-03-24, kolkata ,C65556,RuPay,Fuel,Female,5441.0,Credit, HPCL ,Retail,Declined
s100031,2026-01-25, pune ,C43008,MasterCard,Dining,Male,13421.61,NetBanking, IRCTC ,Travel,Approved
s100032,2026-03-01, pune ,C13079,MasterCard,Groceries,Female,10116.06,NetBanking, HPCL ,Travel,Declined
s100033,2026-06-12, vizag ,C52698,Amex,Travel,Female,10754.57,UPI, SWIGGY ,Utilities,Declined
s100034,2026-05-18, chennai ,C25060,Amex,Groceries,Male,2732.73,Credit, ZOMATO ,Travel,Declined
s100035,2026-05-01, delhi ,C15241,RuPay,Fuel,Male,19261.24,UPI, DMART ,Retail,Declined
s100036,2026-06-20, kolkata ,C58944,Visa,Shopping,Female,8148.09,UPI, IOCL ,Utilities,Approved
s100037,2026-05-20, vizag ,C44929,RuPay,Dining,Female,2047.49,UPI, DMART ,Retail,Declined
s100038,2026-03-03, mumbai ,C44553,Visa,Fuel,Female,9279.24,UPI, RELIANCE ,Fuel,Declined
s100039,2026-04-18, kolkata ,C58062,Amex,Groceries,Male,21929.8,UPI, AMAZON ,Retail,Approved
s100040,2026-02-24, kolkata ,C67750,Amex,Dining,Female,7853.7,Credit, AMAZON ,Utilities,Declined
s100041,2026-02-21, vizag ,C25991,Visa,Shopping,Male,24657.65,Credit, AMAZON ,Retail,Declined
s100042,2026-01-10, mumbai ,C53952,MasterCard,Dining,Male,22995.77,UPI, IRCTC ,Utilities,Approved
s100043,2026-01-14, mumbai ,C20450,Visa,Dining,Female,9924.73,UPI, ZOMATO ,E-commerce,Declined
s100044,2026-05-02, vizag ,C94213,Amex,Shopping,Female,8806.44,NetBanking, HPCL ,Fuel,Declined
s100045,2026-04-30, vizag ,C21180,Visa,Travel,Male,11506.79,NetBanking, SWIGGY ,Food,Approved
s100046,2026-06-15, hyderabad ,C59227,MasterCard,Groceries,Female,2501.21,NetBanking, IRCTC ,Retail,Declined
s100047,2026-06-21, kolkata ,C61443,Amex,Shopping,Female,3737.9,Credit, IRCTC ,Retail,Declined
s100048,2026-03-26, hyderabad ,C94079,MasterCard,Fuel,Female,22904.98,UPI, DMART ,E-commerce,Declined
s100049,2026-02-13, hyderabad ,C68062,Amex,Travel,Male,24961.49,Credit, IRCTC ,Travel,Approved
s100050,2026-05-25, delhi ,C88667,RuPay,Dining,Female,1420.8,NetBanking, IOCL ,Utilities,Approved
s100051,2026-01-08, delhi ,C92917,MasterCard,Utilities,Female,1438.06,UPI, IRCTC ,Fuel,Declined
s100052,2026-05-19, vizag ,C62223,Visa,Groceries,Female,10338.29,UPI, RELIANCE ,E-commerce,Approved
s100053,2026-03-27, delhi ,C92709,RuPay,Dining,Male,24825.82,NetBanking, IRCTC ,E-commerce,Declined
s100054,2026-02-20, mumbai ,C99647,RuPay,Shopping,Female,6201.13,Credit, RELIANCE ,E-commerce,Approved
s100055,2026-05-14, pune ,C85625,Visa,Travel,Male,24312.2,Credit, RELIANCE ,Travel,Approved
s100056,2026-06-23, vizag ,C14195,MasterCard,Dining,Female,4664.77,Credit, HPCL ,Utilities,Approved
s100057,2026-02-25, bengaluru ,C36811,RuPay,Utilities,Male,7851.9,UPI, HPCL ,E-commerce,Declined
s100058,2026-04-11, chennai ,C19811,Amex,Dining,Female,18216.65,NetBanking, RELIANCE ,E-commerce,Approved
s100059,2026-01-27, vizag ,C27797,Amex,Travel,Male,2114.59,UPI, DMART ,Food,Declined
s100060,2026-01-06, vizag ,C99634,Amex,Groceries,Male,5700.32,UPI, AMAZON ,Utilities,Declined
s100061,2026-05-31, kolkata ,C20524,Amex,Utilities,Female,2392.41,UPI, IOCL ,Retail,Declined
s100062,2026-01-24, delhi ,C55993,Amex,Fuel,Female,7978.71,NetBanking, IOCL ,Fuel,Declined
s100063,2026-02-11, mumbai ,C67894,RuPay,Utilities,Female,11616.0,NetBanking, HPCL ,E-commerce,Approved
s100064,2026-01-17, mumbai ,C95948,Visa,Dining,Female,18060.69,UPI, AMAZON ,Utilities,Declined
s100065,2026-06-13, hyderabad ,C10189,MasterCard,Groceries,Female,14477.78,UPI, RELIANCE ,Utilities,Declined
s100066,2026-03-20, pune ,C33991,Amex,Shopping,Female,23730.06,Credit, AMAZON ,Retail,Declined
s100067,2026-05-09, hyderabad ,C65056,RuPay,Dining,Female,20854.01,UPI, DMART ,Utilities,Declined
s100068,2026-05-19, delhi ,C88781,Amex,Utilities,Female,15095.27,Credit, RELIANCE ,E-commerce,Approved
s100069,2026-05-29, chennai ,C31871,Amex,Shopping,Female,12580.06,Credit, IRCTC ,Food,Declined
s100070,2026-04-06, vizag ,C79638,RuPay,Travel,Female,12154.38,NetBanking, IOCL ,Travel,Approved
s100071,2026-01-02, chennai ,C44165,Amex,Travel,Male,549.83,NetBanking, DMART ,Retail,Approved
s100072,2026-02-08, chennai ,C55352,Amex,Travel,Male,6541.24,Credit, RELIANCE ,Food,Declined
s100073,2026-03-20, mumbai ,C58949,Visa,Shopping,Female,20973.69,UPI, ZOMATO ,Utilities,Declined
s100074,2026-03-01, bengaluru ,C47548,MasterCard,Utilities,Female,10604.99,Credit, SWIGGY ,Food,Declined
s100075,2026-04-20, hyderabad ,C36402,MasterCard,Utilities,Male,12084.01,Credit, AMAZON ,E-commerce,Approved
s100076,2026-03-07, pune ,C78893,Amex,Travel,Male,15761.14,NetBanking, IRCTC ,Fuel,Declined
s100077,2026-06-06, vizag ,C89042,MasterCard,Utilities,Male,18920.76,NetBanking, IRCTC ,Retail,Approved
s100078,2026-02-20, vizag ,C66304,MasterCard,Shopping,Female,13097.9,NetBanking, RELIANCE ,Travel,Approved
s100079,2026-04-25, mumbai ,C83044,Amex,Shopping,Male,22785.16,UPI, ZOMATO ,Retail,Approved
s100080,2026-03-05, pune ,C14868,Amex,Utilities,Male,12050.07,UPI, IRCTC ,Utilities,Declined
s100081,2026-02-04, bengaluru ,C85990,Visa,Dining,Female,23097.2,NetBanking, IOCL ,E-commerce,Approved
s100082,2026-02-23, delhi ,C33135,RuPay,Fuel,Female,11646.09,NetBanking, RELIANCE ,Food,Declined
s100083,2026-02-17, bengaluru ,C17415,Amex,Dining,Female,11477.01,UPI, IOCL ,Food,Approved
s100084,2026-06-29, vizag ,C19861,Visa,Shopping,Male,9036.18,NetBanking, HPCL ,Travel,Declined
s100085,2026-05-09, mumbai ,C38469,Visa,Travel,Male,17334.55,UPI, AMAZON ,Utilities,Declined
s100086,2026-02-10, delhi ,C28387,Amex,Fuel,Male,17758.72,Credit, RELIANCE ,Travel,Declined
s100087,2026-05-08, mumbai ,C61056,RuPay,Fuel,Female,19520.21,Credit, IOCL ,Food,Approved
s100088,2026-02-24, chennai ,C86063,RuPay,Fuel,Female,6031.63,UPI, HPCL ,Retail,Declined
s100089,2026-04-30, kolkata ,C36724,RuPay,Dining,Male,20219.22,NetBanking, ZOMATO ,E-commerce,Approved
s100090,2026-04-30, chennai ,C82450,RuPay,Groceries,Female,13164.3,Credit, AMAZON ,Fuel,Declined
s100091,2026-04-22, chennai ,C45093,RuPay,Utilities,Male,23251.43,Credit, SWIGGY ,Fuel,Approved
s100092,2026-03-21, vizag ,C39293,RuPay,Utilities,Female,9430.21,Credit, SWIGGY ,Travel,Approved
s100093,2026-04-08, delhi ,C91084,Amex,Fuel,Male,12234.32,NetBanking, HPCL ,Food,Approved
s100094,2026-02-08, chennai ,C28531,Amex,Travel,Female,18288.5,Credit, ZOMATO ,Retail,Approved
s100095,2026-01-09, hyderabad ,C29367,Amex,Fuel,Male,11559.34,UPI, AMAZON ,Food,Declined
s100096,2026-06-06, vizag ,C67264,MasterCard,Shopping,Male,22438.27,Credit, SWIGGY ,Travel,Approved
s100097,2026-05-22, kolkata ,C95076,Visa,Fuel,Female,12941.47,Credit, RELIANCE ,E-commerce,Declined
s100098,2026-03-29, hyderabad ,C17164,Visa,Dining,Male,23778.08,UPI, ZOMATO ,Fuel,Approved
s100099,2026-05-30, chennai ,C28828,RuPay,Travel,Female,8962.46,UPI, ZOMATO ,Retail,Approved
s100100,2026-02-16, chennai ,C22571,RuPay,Utilities,Female,7063.04,Credit, IRCTC ,Fuel,Declined
s100101,2026-06-17, bengaluru ,C68618,Amex,Shopping,Male,5294.38,Credit, IRCTC ,Fuel,Approved
s100102,2026-03-23, kolkata ,C86519,RuPay,Shopping,Male,12092.45,UPI, IOCL ,Fuel,Declined
s100103,2026-01-17, hyderabad ,C66542,MasterCard,Dining,Male,16304.67,Credit, RELIANCE ,Fuel,Declined
s100104,2026-03-16, hyderabad ,C75862,Visa,Fuel,Female,20703.32,Credit, IOCL ,Fuel,Approved
s100105,2026-05-16, chennai ,C19076,RuPay,Travel,Male,13676.11,NetBanking, IOCL ,Retail,Approved
s100106,2026-01-02, chennai ,C82416,RuPay,Fuel,Female,3698.26,NetBanking, ZOMATO ,E-commerce,Declined
s100107,2026-04-09, hyderabad ,C83352,MasterCard,Utilities,Male,14316.81,Credit, IOCL ,E-commerce,Declined
s100108,2026-06-29, pune ,C79244,Amex,Travel,Female,15370.17,NetBanking, DMART ,Fuel,Declined
s100109,2026-03-11, hyderabad ,C87887,MasterCard,Shopping,Female,8894.9,UPI, HPCL ,E-commerce,Approved
s100110,2026-05-08, hyderabad ,C58858,RuPay,Shopping,Female,7720.72,UPI, AMAZON ,Travel,Declined
s100111,2026-04-08, chennai ,C39496,Visa,Utilities,Male,20858.73,UPI, AMAZON ,Fuel,Declined
s100112,2026-03-11, kolkata ,C24164,RuPay,Fuel,Male,3549.36,NetBanking, IRCTC ,Travel,Approved
s100113,2026-04-17, kolkata ,C92362,RuPay,Dining,Female,20924.7,UPI, AMAZON ,Travel,Approved
s100114,2026-05-11, pune ,C94399,RuPay,Utilities,Female,10762.15,UPI, IRCTC ,Food,Approved
s100115,2026-05-30, bengaluru ,C88884,RuPay,Dining,Female,5721.22,Credit, AMAZON ,Utilities,Approved
s100116,2026-03-25, chennai ,C20832,Amex,Fuel,Male,769.97,UPI, IOCL ,Travel,Declined
s100117,2026-01-19, delhi ,C34548,RuPay,Utilities,Male,4291.59,Credit, DMART ,Utilities,Approved
s100118,2026-02-03, kolkata ,C94939,Amex,Utilities,Male,5940.39,UPI, IRCTC ,Utilities,Approved
s100119,2026-02-26, mumbai ,C10974,MasterCard,Fuel,Female,9312.87,Credit, IRCTC ,Food,Approved
s100120,2026-02-23, delhi ,C60577,MasterCard,Groceries,Male,12922.84,UPI, RELIANCE ,Travel,Declined
s100121,2026-03-23, kolkata ,C82412,Amex,Dining,Male,18723.17,UPI, AMAZON ,E-commerce,Approved
s100122,2026-04-03, pune ,C38209,Visa,Travel,Female,20821.11,Credit, DMART ,Travel,Declined
s100123,2026-02-26, pune ,C69514,Visa,Shopping,Male,24038.33,UPI, SWIGGY ,Fuel,Approved
s100124,2026-03-14, bengaluru ,C55554,Visa,Travel,Female,10749.38,Credit, ZOMATO ,Travel,Approved
s100125,2026-04-27, bengaluru ,C14657,Visa,Dining,Female,10434.15,Credit, IOCL ,Food,Declined
s100126,2026-05-18, pune ,C48075,RuPay,Utilities,Female,5950.1,NetBanking, IOCL ,Retail,Declined
s100127,2026-05-08, kolkata ,C66827,RuPay,Shopping,Female,15495.27,Credit, RELIANCE ,Utilities,Approved
s100128,2026-03-12, delhi ,C27403,MasterCard,Shopping,Male,20885.21,Credit, RELIANCE ,Food,Declined
s100129,2026-03-10, delhi ,C90465,Visa,Shopping,Female,2507.68,UPI, RELIANCE ,Fuel,Approved
s100130,2026-04-14, mumbai ,C53928,Visa,Utilities,Female,18821.48,Credit, DMART ,Utilities,Declined
s100131,2026-01-22, mumbai ,C20123,MasterCard,Travel,Female,2930.7,Credit, HPCL ,E-commerce,Approved
s100132,2026-05-05, delhi ,C72235,MasterCard,Travel,Female,11460.39,NetBanking, IRCTC ,Food,Approved
s100133,2026-02-14, mumbai ,C91342,Visa,Dining,Female,1995.96,NetBanking, IOCL ,Fuel,Approved
s100134,2026-02-13, pune ,C78451,RuPay,Utilities,Female,16572.04,Credit, IRCTC ,Utilities,Declined
s100135,2026-06-28, vizag ,C49899,Visa,Shopping,Female,7755.38,UPI, AMAZON ,Food,Approved
s100136,2026-06-06, vizag ,C29855,Amex,Fuel,Female,8745.6,UPI, HPCL ,Food,Approved
s100137,2026-04-09, bengaluru ,C76425,MasterCard,Utilities,Female,6637.3,UPI, DMART ,E-commerce,Approved
s100138,2026-06-02, pune ,C44170,RuPay,Travel,Male,14667.19,NetBanking, RELIANCE ,Travel,Approved
s100139,2026-04-05, chennai ,C77354,Amex,Groceries,Female,13724.08,Credit, DMART ,Food,Approved
s100140,2026-06-21, vizag ,C16285,Amex,Travel,Male,7676.73,UPI, IRCTC ,Retail,Declined
s100141,2026-06-26, pune ,C33490,Visa,Fuel,Female,9591.13,Credit, SWIGGY ,Food,Approved
s100142,2026-04-08, delhi ,C20039,RuPay,Dining,Male,4775.95,UPI, SWIGGY ,E-commerce,Approved
s100143,2026-02-21, delhi ,C19398,Amex,Shopping,Male,488.47,Credit, HPCL ,E-commerce,Declined
s100144,2026-05-04, bengaluru ,C96112,RuPay,Travel,Male,7859.55,UPI, DMART ,Travel,Declined
s100145,2026-03-25, mumbai ,C81124,Amex,Groceries,Female,13771.21,UPI, RELIANCE ,Fuel,Declined
s100146,2026-04-20, bengaluru ,C77824,Visa,Shopping,Female,6106.97,NetBanking, DMART ,Food,Declined
s100147,2026-05-16, chennai ,C71394,MasterCard,Groceries,Male,20597.19,NetBanking, AMAZON ,Food,Approved
s100148,2026-03-21, kolkata ,C46106,RuPay,Travel,Male,5978.95,NetBanking, AMAZON ,Food,Approved
s100149,2026-03-08, pune ,C26302,Visa,Shopping,Male,20982.07,UPI, IRCTC ,Retail,Approved
s100150,2026-01-08, chennai ,C74615,Amex,Groceries,Male,20213.49,UPI, RELIANCE ,Retail,Approved
s100151,2026-05-08, mumbai ,C65931,RuPay,Fuel,Female,20795.6,Credit, IOCL ,E-commerce,Declined
s100152,2026-05-30, hyderabad ,C44126,Amex,Groceries,Female,5350.02,Credit, RELIANCE ,Food,Declined
s100153,2026-03-08, mumbai ,C16871,RuPay,Groceries,Female,22226.79,UPI, ZOMATO ,E-commerce,Approved
s100154,2026-06-23, pune ,C90553,Amex,Travel,Male,10578.16,NetBanking, IOCL ,E-commerce,Approved
s100155,2026-06-06, vizag ,C30491,Amex,Travel,Male,17546.36,Credit, SWIGGY ,Utilities,Approved
s100156,2026-01-30, kolkata ,C48136,Visa,Fuel,Male,17559.97,UPI, ZOMATO ,Food,Declined
s100157,2026-01-13, chennai ,C57278,RuPay,Groceries,Female,1113.98,UPI, RELIANCE ,Fuel,Approved
s100158,2026-02-12, mumbai ,C78242,RuPay,Groceries,Female,21288.32,NetBanking, IRCTC ,Fuel,Declined
s100159,2026-05-27, delhi ,C58140,MasterCard,Groceries,Female,1688.53,UPI, SWIGGY ,Food,Declined
s100160,2026-02-15, delhi ,C91614,Amex,Dining,Female,10013.91,UPI, DMART ,Retail,Declined
s100161,2026-04-22, mumbai ,C80263,MasterCard,Dining,Female,10255.25,UPI, HPCL ,E-commerce,Approved
s100162,2026-01-21, hyderabad ,C20259,MasterCard,Groceries,Male,6210.18,NetBanking, HPCL ,Travel,Approved
s100163,2026-06-14, delhi ,C33403,Visa,Travel,Female,18453.62,Credit, ZOMATO ,Travel,Declined
s100164,2026-04-27, delhi ,C83911,MasterCard,Shopping,Female,22150.71,Credit, RELIANCE ,Travel,Approved
s100165,2026-04-06, delhi ,C38197,Visa,Shopping,Male,23462.03,NetBanking, IRCTC ,Travel,Approved
s100166,2026-01-17, pune ,C18279,Amex,Groceries,Female,19764.86,UPI, AMAZON ,Food,Approved
s100167,2026-03-07, vizag ,C23370,RuPay,Dining,Female,10438.94,Credit, AMAZON ,Fuel,Approved
s100168,2026-06-20, bengaluru ,C15098,MasterCard,Fuel,Male,4569.82,Credit, RELIANCE ,Retail,Declined
s100169,2026-04-04, bengaluru ,C33444,Visa,Dining,Male,3496.32,Credit, ZOMATO ,Travel,Approved
s100170,2026-03-09, chennai ,C31531,Amex,Groceries,Male,10370.26,NetBanking, RELIANCE ,E-commerce,Declined
s100171,2026-03-09, pune ,C36596,Amex,Fuel,Female,16185.45,UPI, ZOMATO ,E-commerce,Declined
s100172,2026-05-06, vizag ,C74715,Visa,Fuel,Male,16007.79,NetBanking, DMART ,Retail,Approved
s100173,2026-04-19, delhi ,C34405,MasterCard,Groceries,Female,4835.33,UPI, SWIGGY ,Food,Approved
s100174,2026-02-23, mumbai ,C60711,MasterCard,Fuel,Male,21922.03,UPI, HPCL ,E-commerce,Declined
s100175,2026-03-05, chennai ,C36247,Visa,Travel,Female,8584.29,Credit, HPCL ,Fuel,Declined
s100176,2026-04-22, chennai ,C92575,Amex,Fuel,Male,21983.17,UPI, IOCL ,Travel,Approved
s100177,2026-06-23, mumbai ,C11906,Amex,Shopping,Male,15032.71,UPI, AMAZON ,Food,Declined
s100178,2026-05-07, kolkata ,C84645,MasterCard,Utilities,Male,24964.63,NetBanking, DMART ,Utilities,Declined
s100179,2026-05-24, vizag ,C45765,Amex,Fuel,Male,5938.62,NetBanking, DMART ,Fuel,Approved
s100180,2026-01-10, chennai ,C47889,Visa,Travel,Female,2915.66,UPI, IOCL ,Retail,Declined
s100181,2026-02-23, pune ,C36786,MasterCard,Groceries,Female,953.09,NetBanking, IOCL ,Food,Declined
s100182,2026-05-09, kolkata ,C79866,RuPay,Shopping,Female,5392.01,Credit, IOCL ,Retail,Approved
s100183,2026-01-16, kolkata ,C56469,Visa,Travel,Female,21075.11,Credit, IOCL ,Utilities,Declined
s100184,2026-06-25, delhi ,C36339,Visa,Fuel,Female,8906.3,UPI, DMART ,Utilities,Approved
s100185,2026-02-22, hyderabad ,C96659,MasterCard,Dining,Female,14374.43,Credit, ZOMATO ,Fuel,Declined
s100186,2026-06-06, vizag ,C89679,MasterCard,Travel,Female,5174.87,Credit, IRCTC ,E-commerce,Declined
s100187,2026-05-26, delhi ,C53702,MasterCard,Utilities,Male,4303.69,NetBanking, IOCL ,E-commerce,Declined
s100188,2026-02-05, hyderabad ,C91863,Visa,Shopping,Male,17085.0,Credit, DMART ,Travel,Approved
s100189,2026-03-19, bengaluru ,C48248,Visa,Travel,Male,14003.06,Credit, DMART ,Utilities,Approved
s100190,2026-06-22, delhi ,C72809,RuPay,Utilities,Male,24259.87,NetBanking, IOCL ,Retail,Declined
s100191,2026-03-07, bengaluru ,C33937,MasterCard,Dining,Female,11360.65,UPI, SWIGGY ,Utilities,Approved
s100192,2026-06-29, chennai ,C47405,RuPay,Groceries,Female,426.48,UPI, RELIANCE ,Travel,Approved
s100193,2026-05-18, bengaluru ,C69447,RuPay,Utilities,Female,3541.97,NetBanking, IRCTC ,Fuel,Declined
s100194,2026-05-16, pune ,C92017,MasterCard,Dining,Female,12627.54,Credit, AMAZON ,Fuel,Approved
s100195,2026-05-21, bengaluru ,C31687,MasterCard,Travel,Female,9806.09,UPI, RELIANCE ,Fuel,Approved
s100196,2026-06-04, vizag ,C10209,MasterCard,Fuel,Female,14714.28,Credit, IOCL ,Utilities,Approved
s100197,2026-04-02, bengaluru ,C99953,RuPay,Shopping,Male,1962.55,UPI, IRCTC ,Retail,Approved
s100198,2026-04-23, hyderabad ,C27730,RuPay,Groceries,Male,12521.55,UPI, AMAZON ,Fuel,Declined
s100199,2026-01-14, delhi ,C94825,MasterCard,Dining,Female,23033.65,NetBanking, HPCL ,Retail,Declined
s100200,2026-02-20, vizag ,C21326,Amex,Groceries,Male,17147.82,UPI, IRCTC ,Retail,Approved
s100201,2026-01-07, hyderabad ,C36174,MasterCard,Travel,Female,14427.06,UPI, SWIGGY ,Food,Declined
s100202,2026-01-18, mumbai ,C40918,Visa,Fuel,Female,2376.83,UPI, IRCTC ,Fuel,Declined
s100203,2026-05-19, delhi ,C30694,MasterCard,Dining,Female,5017.69,UPI, SWIGGY ,Retail,Approved
s100204,2026-06-01, hyderabad ,C37046,RuPay,Utilities,Male,6244.43,UPI, IOCL ,Utilities,Declined
s100205,2026-02-20, kolkata ,C66636,Amex,Fuel,Male,10083.39,UPI, IRCTC ,Travel,Approved
s100206,2026-03-19, pune ,C32120,MasterCard,Shopping,Male,5392.33,UPI, IRCTC ,Travel,Declined
s100207,2026-02-17, vizag ,C90260,MasterCard,Utilities,Female,14942.62,UPI, ZOMATO ,Food,Declined
s100208,2026-03-22, mumbai ,C94057,MasterCard,Travel,Male,3070.2,NetBanking, HPCL ,E-commerce,Declined
s100209,2026-03-17, hyderabad ,C66782,RuPay,Fuel,Male,4987.34,NetBanking, DMART ,Travel,Declined
s100210,2026-01-11, chennai ,C50392,RuPay,Dining,Male,307.73,UPI, ZOMATO ,E-commerce,Approved
s100211,2026-04-13, mumbai ,C28578,Amex,Utilities,Male,23969.95,NetBanking, SWIGGY ,Fuel,Approved
s100212,2026-03-06, bengaluru ,C12164,RuPay,Groceries,Female,23718.76,NetBanking, IOCL ,Retail,Declined
s100213,2026-03-18, chennai ,C70877,MasterCard,Utilities,Male,4768.69,UPI, SWIGGY ,Utilities,Declined
s100214,2026-03-14, mumbai ,C60792,Amex,Dining,Female,15318.93,UPI, HPCL ,Utilities,Declined
s100215,2026-04-10, vizag ,C92519,MasterCard,Dining,Female,17760.47,Credit, DMART ,Utilities,Approved
s100216,2026-02-22, mumbai ,C27379,Amex,Shopping,Male,20313.41,UPI, AMAZON ,Retail,Declined
s100217,2026-06-20, vizag ,C25810,Amex,Fuel,Female,21432.48,UPI, DMART ,Fuel,Declined
s100218,2026-01-31, delhi ,C70248,RuPay,Dining,Male,24369.33,NetBanking, AMAZON ,Retail,Declined
s100219,2026-05-30, pune ,C29691,Amex,Fuel,Female,12934.33,Credit, RELIANCE ,Fuel,Declined
s100220,2026-05-25, pune ,C62949,Visa,Travel,Male,18857.78,NetBanking, IOCL ,Food,Approved
s100221,2026-06-22, pune ,C90610,MasterCard,Shopping,Male,4034.8,UPI, HPCL ,Fuel,Approved
s100222,2026-05-21, pune ,C15673,Amex,Shopping,Male,4861.64,NetBanking, IRCTC ,Travel,Declined
s100223,2026-01-19, bengaluru ,C34118,Visa,Groceries,Female,5393.03,NetBanking, RELIANCE ,Retail,Declined
s100224,2026-06-13, pune ,C22761,MasterCard,Shopping,Male,24540.63,Credit, HPCL ,Retail,Approved
s100225,2026-02-20, hyderabad ,C36824,MasterCard,Travel,Male,5642.44,NetBanking, ZOMATO ,E-commerce,Approved
s100226,2026-06-28, bengaluru ,C41600,Amex,Utilities,Female,22991.78,Credit, HPCL ,Fuel,Approved
s100227,2026-04-23, vizag ,C61120,Amex,Shopping,Male,6222.01,Credit, SWIGGY ,Retail,Approved
s100228,2026-06-01, kolkata ,C63490,RuPay,Fuel,Female,6467.73,UPI, IOCL ,Travel,Declined
s100229,2026-03-11, mumbai ,C13098,Amex,Groceries,Male,9614.89,Credit, SWIGGY ,Utilities,Declined
s100230,2026-05-25, bengaluru ,C87018,Amex,Groceries,Male,4412.1,NetBanking, DMART ,E-commerce,Approved
s100231,2026-01-03, hyderabad ,C77858,RuPay,Groceries,Male,14666.8,UPI, DMART ,Fuel,Approved
s100232,2026-01-20, vizag ,C87448,Amex,Groceries,Male,626.49,UPI, AMAZON ,Food,Declined
s100233,2026-05-27, pune ,C16920,RuPay,Travel,Male,21187.98,Credit, HPCL ,E-commerce,Approved
s100234,2026-05-27, hyderabad ,C28623,RuPay,Utilities,Female,19078.46,Credit, IOCL ,E-commerce,Declined
s100235,2026-06-01, mumbai ,C99634,Amex,Groceries,Female,20788.58,NetBanking, ZOMATO ,E-commerce,Declined
s100236,2026-03-01, chennai ,C41526,Visa,Groceries,Female,447.29,NetBanking, ZOMATO ,Food,Declined
s100237,2026-01-20, hyderabad ,C41837,Amex,Dining,Male,4462.79,NetBanking, ZOMATO ,Fuel,Declined
s100238,2026-02-01, pune ,C26859,RuPay,Shopping,Male,13207.03,Credit, IOCL ,Retail,Declined
s100239,2026-05-07, bengaluru ,C25547,Amex,Travel,Female,17892.54,UPI, SWIGGY ,Food,Approved
s100240,2026-02-18, chennai ,C99735,Visa,Fuel,Male,22195.4,NetBanking, DMART ,Travel,Declined
s100241,2026-06-25, bengaluru ,C22903,RuPay,Shopping,Male,22900.93,Credit, DMART ,Travel,Declined
s100242,2026-01-12, chennai ,C35076,RuPay,Groceries,Female,15882.79,NetBanking, IOCL ,Fuel,Approved
s100243,2026-05-11, hyderabad ,C22763,RuPay,Fuel,Male,21242.88,NetBanking, IRCTC ,Travel,Declined
s100244,2026-02-28, bengaluru ,C62312,Amex,Dining,Female,1321.71,UPI, DMART ,Food,Approved
s100245,2026-04-29, delhi ,C71411,Amex,Fuel,Male,21358.75,Credit, IRCTC ,Travel,Declined
s100246,2026-06-21, vizag ,C15990,RuPay,Fuel,Male,16245.21,NetBanking, SWIGGY ,Food,Approved
s100247,2026-01-01, hyderabad ,C34216,MasterCard,Fuel,Male,2932.04,Credit, SWIGGY ,Fuel,Approved
s100248,2026-03-21, bengaluru ,C49438,MasterCard,Fuel,Female,19030.11,UPI, IOCL ,Fuel,Declined
s100249,2026-05-17, delhi ,C29226,RuPay,Shopping,Female,5604.52,NetBanking, AMAZON ,E-commerce,Approved
s100250,2026-06-01, vizag ,C65023,MasterCard,Groceries,Female,9056.58,Credit, SWIGGY ,E-commerce,Declined
s100251,2026-01-23, bengaluru ,C35966,Visa,Groceries,Male,11138.02,UPI, IOCL ,E-commerce,Declined
s100252,2026-01-02, kolkata ,C23928,Amex,Utilities,Female,13953.33,UPI, IOCL ,Travel,Approved
s100253,2026-06-14, hyderabad ,C88553,Amex,Groceries,Female,19232.49,Credit, DMART ,Fuel,Declined
s100254,2026-05-27, kolkata ,C89215,MasterCard,Groceries,Female,6434.84,UPI, AMAZON ,Travel,Declined
s100255,2026-04-23, chennai ,C50512,Amex,Dining,Male,2165.25,Credit, IOCL ,Retail,Declined
s100256,2026-02-09, hyderabad ,C86402,Visa,Dining,Male,23763.37,UPI, SWIGGY ,E-commerce,Declined
s100257,2026-06-29, chennai ,C35391,Visa,Shopping,Male,1657.14,Credit, IOCL ,Food,Declined
s100258,2026-03-04, vizag ,C27586,Visa,Utilities,Female,19688.41,NetBanking, IRCTC ,Travel,Declined
s100259,2026-06-17, hyderabad ,C49940,Amex,Fuel,Female,17376.54,Credit, RELIANCE ,Food,Declined
s100260,2026-04-10, pune ,C60344,RuPay,Fuel,Female,7956.63,UPI, IOCL ,Food,Approved
s100261,2026-03-27, vizag ,C24696,Visa,Fuel,Male,1070.63,UPI, AMAZON ,E-commerce,Approved
s100262,2026-06-27, pune ,C92051,MasterCard,Travel,Female,12314.27,NetBanking, RELIANCE ,Food,Approved
s100263,2026-04-03, pune ,C27989,RuPay,Dining,Female,2046.71,Credit, IRCTC ,Retail,Declined
s100264,2026-06-05, delhi ,C80190,Visa,Shopping,Female,1732.96,UPI, IRCTC ,E-commerce,Declined
s100265,2026-02-22, delhi ,C29013,MasterCard,Shopping,Female,13550.64,Credit, RELIANCE ,E-commerce,Approved
s100266,2026-01-17, mumbai ,C38704,MasterCard,Fuel,Male,7086.15,Credit, IRCTC ,Food,Declined
s100267,2026-03-30, delhi ,C96025,Visa,Fuel,Female,1155.29,UPI, IOCL ,Travel,Approved
s100268,2026-02-07, pune ,C68996,Amex,Fuel,Male,15306.25,NetBanking, AMAZON ,Retail,Declined
s100269,2026-06-04, hyderabad ,C45551,Amex,Groceries,Female,15155.41,Credit, DMART ,Fuel,Approved
s100270,2026-05-14, kolkata ,C44959,MasterCard,Dining,Male,10273.37,UPI, DMART ,Food,Approved
s100271,2026-04-10, vizag ,C98050,Amex,Fuel,Female,22937.69,UPI, ZOMATO ,Retail,Declined
s100272,2026-06-24, delhi ,C98250,MasterCard,Utilities,Female,15607.3,UPI, SWIGGY ,Utilities,Declined
s100273,2026-05-19, bengaluru ,C98029,RuPay,Fuel,Male,6519.78,Credit, HPCL ,Food,Approved
s100274,2026-04-03, hyderabad ,C79890,Amex,Travel,Female,1119.43,UPI, RELIANCE ,Travel,Declined
s100275,2026-05-17, bengaluru ,C81234,Amex,Dining,Female,21612.22,Credit, IRCTC ,Fuel,Approved
s100276,2026-05-28, mumbai ,C78885,Amex,Fuel,Female,23031.88,NetBanking, DMART ,Travel,Approved
s100277,2026-01-06, bengaluru ,C41556,RuPay,Shopping,Female,5373.68,NetBanking, RELIANCE ,Fuel,Approved
s100278,2026-03-21, hyderabad ,C48398,Amex,Groceries,Female,11921.42,UPI, IRCTC ,Travel,Declined
s100279,2026-02-17, mumbai ,C63811,MasterCard,Dining,Male,5891.79,NetBanking, AMAZON ,Retail,Declined
s100280,2026-03-23, delhi ,C50617,Amex,Utilities,Female,20106.75,Credit, RELIANCE ,E-commerce,Approved
s100281,2026-06-02, pune ,C48786,Amex,Shopping,Female,2632.93,UPI, IRCTC ,E-commerce,Declined
s100282,2026-05-25, hyderabad ,C85090,Visa,Utilities,Female,9980.2,UPI, DMART ,Food,Approved
s100283,2026-06-02, pune ,C25479,Visa,Fuel,Male,17897.31,UPI, IOCL ,Utilities,Approved
s100284,2026-03-23, vizag ,C62145,MasterCard,Fuel,Male,24484.54,NetBanking, AMAZON ,Retail,Approved
s100285,2026-03-30, vizag ,C87376,RuPay,Travel,Male,696.87,Credit, SWIGGY ,Travel,Declined
s100286,2026-01-19, pune ,C65893,Amex,Utilities,Male,1127.45,UPI, HPCL ,Retail,Declined
s100287,2026-04-06, kolkata ,C30284,MasterCard,Fuel,Male,2928.97,UPI, RELIANCE ,Fuel,Approved
s100288,2026-05-25, hyderabad ,C51998,MasterCard,Dining,Male,3026.46,Credit, HPCL ,Utilities,Declined
s100289,2026-06-29, hyderabad ,C97168,Amex,Groceries,Male,16827.14,Credit, RELIANCE ,Utilities,Declined
s100290,2026-05-13, mumbai ,C28452,MasterCard,Utilities,Female,22290.07,UPI, ZOMATO ,Food,Declined
s100291,2026-05-02, delhi ,C59268,Amex,Shopping,Female,5192.2,Credit, SWIGGY ,E-commerce,Declined
s100292,2026-05-10, delhi ,C30474,Amex,Utilities,Male,22198.97,UPI, ZOMATO ,Food,Declined
s100293,2026-04-22, pune ,C79423,RuPay,Utilities,Female,13773.7,UPI, SWIGGY ,Travel,Approved
s100294,2026-06-28, chennai ,C46311,MasterCard,Dining,Male,6707.57,NetBanking, RELIANCE ,Utilities,Declined
s100295,2026-01-24, kolkata ,C55334,MasterCard,Groceries,Female,24386.46,Credit, ZOMATO ,E-commerce,Approved
s100296,2026-05-21, vizag ,C72985,Amex,Groceries,Female,24847.28,Credit, SWIGGY ,Travel,Declined
s100297,2026-06-20, vizag ,C67844,RuPay,Dining,Female,19461.14,NetBanking, HPCL ,Utilities,Approved
s100298,2026-01-05, mumbai ,C18822,Amex,Groceries,Female,12212.63,NetBanking, IOCL ,E-commerce,Declined
s100299,2026-06-20, kolkata ,C67421,RuPay,Utilities,Male,23795.76,UPI, AMAZON ,Utilities,Declined
s100300,2026-05-01, delhi ,C62879,MasterCard,Groceries,Male,10190.73,UPI, IOCL ,Travel,Approved
s100301,2026-05-17, kolkata ,C51679,Visa,Travel,Male,2238.72,Credit, SWIGGY ,E-commerce,Approved
s100302,2026-05-14, chennai ,C92395,Amex,Shopping,Male,13338.0,NetBanking, IOCL ,Utilities,Declined
s100303,2026-03-22, bengaluru ,C93755,RuPay,Dining,Female,20213.5,Credit, HPCL ,E-commerce,Declined
s100304,2026-05-26, mumbai ,C90489,Amex,Dining,Male,2764.73,NetBanking, ZOMATO ,Travel,Approved
s100305,2026-02-17, kolkata ,C50401,Visa,Utilities,Male,6647.77,UPI, ZOMATO ,Travel,Approved
s100306,2026-06-26, pune ,C73742,Amex,Groceries,Female,2957.14,NetBanking, IRCTC ,Retail,Approved
s100307,2026-02-16, chennai ,C70702,Visa,Fuel,Male,16347.5,NetBanking, AMAZON ,E-commerce,Approved
s100308,2026-01-22, delhi ,C88742,Visa,Fuel,Female,11126.79,NetBanking, ZOMATO ,Travel,Declined
s100309,2026-04-25, vizag ,C42322,RuPay,Utilities,Male,3827.01,Credit, IRCTC ,Fuel,Approved
s100310,2026-02-18, chennai ,C96827,Visa,Shopping,Male,10455.73,NetBanking, SWIGGY ,Fuel,Approved
s100311,2026-04-02, hyderabad ,C78730,RuPay,Dining,Female,5237.23,NetBanking, HPCL ,Travel,Declined
s100312,2026-03-27, kolkata ,C28569,Amex,Fuel,Male,11709.37,NetBanking, RELIANCE ,Travel,Declined
s100313,2026-04-11, delhi ,C55572,Visa,Shopping,Male,9552.09,Credit, SWIGGY ,Food,Approved
s100314,2026-01-14, kolkata ,C29273,Amex,Travel,Female,18040.41,UPI, HPCL ,Retail,Declined
s100315,2026-03-10, delhi ,C60966,MasterCard,Fuel,Male,18224.01,NetBanking, SWIGGY ,Retail,Approved
s100316,2026-05-29, chennai ,C70100,RuPay,Shopping,Male,17168.36,Credit, DMART ,Utilities,Approved
s100317,2026-02-06, chennai ,C14988,MasterCard,Fuel,Female,16430.04,Credit, ZOMATO ,E-commerce,Approved
s100318,2026-04-09, delhi ,C14200,RuPay,Travel,Male,17905.5,NetBanking, ZOMATO ,Retail,Approved
s100319,2026-05-06, hyderabad ,C10160,Amex,Dining,Female,9357.55,NetBanking, AMAZON ,E-commerce,Approved
s100320,2026-02-15, chennai ,C66480,Visa,Dining,Male,7244.78,UPI, SWIGGY ,Retail,Approved
s100321,2026-04-20, vizag ,C43631,RuPay,Dining,Female,24913.86,Credit, DMART ,E-commerce,Approved
s100322,2026-02-05, mumbai ,C40402,RuPay,Travel,Male,11220.11,UPI, HPCL ,Retail,Approved
s100323,2026-04-02, pune ,C80524,MasterCard,Fuel,Female,22147.68,UPI, ZOMATO ,Fuel,Declined
s100324,2026-05-20, chennai ,C28166,RuPay,Groceries,Male,22797.14,NetBanking, DMART ,Retail,Declined
s100325,2026-04-04, mumbai ,C90838,MasterCard,Utilities,Male,621.91,NetBanking, DMART ,Travel,Approved
s100326,2026-02-02, pune ,C71258,Visa,Utilities,Female,11318.25,Credit, HPCL ,Food,Approved
s100327,2026-03-18, delhi ,C55029,RuPay,Utilities,Female,8214.41,NetBanking, HPCL ,E-commerce,Approved
s100328,2026-03-01, bengaluru ,C59003,Amex,Shopping,Female,5351.17,NetBanking, AMAZON ,Retail,Declined
s100329,2026-02-10, kolkata ,C48754,RuPay,Shopping,Female,22162.33,NetBanking, SWIGGY ,Food,Declined
s100330,2026-04-06, mumbai ,C23047,Visa,Shopping,Male,4890.17,UPI, ZOMATO ,Fuel,Declined
s100331,2026-02-04, kolkata ,C34956,MasterCard,Utilities,Female,8814.32,Credit, HPCL ,Utilities,Approved
s100332,2026-06-05, chennai ,C60969,RuPay,Groceries,Male,18672.94,Credit, IRCTC ,Fuel,Declined
s100333,2026-02-11, hyderabad ,C74043,MasterCard,Dining,Female,23350.91,NetBanking, SWIGGY ,Fuel,Declined
s100334,2026-01-11, kolkata ,C95020,RuPay,Shopping,Male,18230.89,NetBanking, DMART ,Fuel,Declined
s100335,2026-06-19, delhi ,C38918,MasterCard,Travel,Female,3674.3,NetBanking, ZOMATO ,E-commerce,Approved
s100336,2026-01-19, bengaluru ,C25824,Amex,Fuel,Male,24017.26,Credit, RELIANCE ,Retail,Approved
s100337,2026-01-15, pune ,C40905,MasterCard,Utilities,Male,1158.62,NetBanking, IRCTC ,Fuel,Declined
s100338,2026-04-09, hyderabad ,C79355,Visa,Travel,Female,9636.01,UPI, DMART ,E-commerce,Approved
s100339,2026-03-15, vizag ,C80325,MasterCard,Travel,Female,20628.59,NetBanking, DMART ,E-commerce,Declined
s100340,2026-02-19, hyderabad ,C61402,Amex,Travel,Male,18431.84,NetBanking, ZOMATO ,Food,Declined
s100341,2026-01-10, chennai ,C70928,MasterCard,Fuel,Female,595.44,UPI, AMAZON ,Retail,Declined
s100342,2026-03-29, hyderabad ,C61631,MasterCard,Groceries,Female,19636.42,Credit, ZOMATO ,Retail,Declined
s100343,2026-01-23, kolkata ,C89746,RuPay,Utilities,Female,10838.62,UPI, IOCL ,Fuel,Declined
s100344,2026-04-07, vizag ,C61976,RuPay,Dining,Male,7023.52,NetBanking, SWIGGY ,E-commerce,Approved
s100345,2026-01-02, hyderabad ,C24383,MasterCard,Dining,Female,4864.99,NetBanking, SWIGGY ,Food,Approved
s100346,2026-01-05, vizag ,C41490,MasterCard,Groceries,Male,3767.02,NetBanking, IRCTC ,Retail,Declined
s100347,2026-04-20, chennai ,C94174,MasterCard,Groceries,Male,6787.42,Credit, DMART ,Travel,Declined
s100348,2026-01-31, vizag ,C74724,Amex,Travel,Female,13521.14,UPI, IOCL ,E-commerce,Approved
s100349,2026-06-28, hyderabad ,C14684,Visa,Travel,Male,21326.03,Credit, IOCL ,Retail,Declined
s100350,2026-05-08, mumbai ,C91677,MasterCard,Utilities,Male,23930.97,NetBanking, DMART ,Travel,Approved
s100351,2026-02-02, kolkata ,C87180,Amex,Groceries,Male,23981.7,NetBanking, ZOMATO ,Utilities,Declined
s100352,2026-06-23, hyderabad ,C94999,Visa,Shopping,Female,9326.38,UPI, HPCL ,Travel,Approved
s100353,2026-06-26, mumbai ,C24371,MasterCard,Utilities,Male,23449.21,UPI, AMAZON ,Utilities,Declined
s100354,2026-03-12, delhi ,C60877,RuPay,Fuel,Male,16723.86,NetBanking, DMART ,Retail,Declined
s100355,2026-06-23, delhi ,C24305,RuPay,Groceries,Male,4104.91,UPI, SWIGGY ,Travel,Declined
s100356,2026-01-12, bengaluru ,C71595,Amex,Groceries,Male,21040.14,UPI, AMAZON ,E-commerce,Approved
s100357,2026-04-19, pune ,C35243,Amex,Fuel,Female,7433.49,NetBanking, HPCL ,E-commerce,Approved
s100358,2026-05-02, mumbai ,C20356,Visa,Shopping,Male,21972.35,Credit, HPCL ,Food,Declined
s100359,2026-04-18, hyderabad ,C66921,Visa,Travel,Male,12685.33,NetBanking, IOCL ,E-commerce,Declined
s100360,2026-04-09, kolkata ,C23150,Visa,Utilities,Male,13811.23,Credit, DMART ,Utilities,Approved
s100361,2026-05-04, pune ,C75884,Amex,Travel,Male,9090.03,Credit, AMAZON ,Fuel,Declined
s100362,2026-03-24, mumbai ,C35978,Amex,Groceries,Male,23948.43,NetBanking, RELIANCE ,Fuel,Declined
s100363,2026-05-29, bengaluru ,C77634,Amex,Fuel,Female,8062.14,UPI, IOCL ,Retail,Declined
s100364,2026-03-23, delhi ,C87524,Amex,Travel,Male,4396.33,UPI, RELIANCE ,Travel,Declined
s100365,2026-05-16, mumbai ,C17139,Visa,Groceries,Female,13414.08,NetBanking, HPCL ,Travel,Declined
s100366,2026-06-10, mumbai ,C43287,RuPay,Shopping,Male,18003.94,Credit, ZOMATO ,Retail,Declined
s100367,2026-05-23, mumbai ,C21199,MasterCard,Dining,Male,23400.98,UPI, IRCTC ,Travel,Approved
s100368,2026-05-08, mumbai ,C28046,Visa,Shopping,Male,9714.19,UPI, DMART ,Food,Declined
s100369,2026-06-20, bengaluru ,C25624,Visa,Groceries,Female,1182.15,Credit, HPCL ,Retail,Declined
s100370,2026-01-17, vizag ,C50750,RuPay,Dining,Female,2726.56,NetBanking, DMART ,Fuel,Declined
s100371,2026-06-13, hyderabad ,C12355,Visa,Fuel,Male,21924.24,Credit, IRCTC ,Retail,Approved
s100372,2026-06-25, chennai ,C25392,RuPay,Shopping,Male,6456.11,Credit, DMART ,E-commerce,Approved
s100373,2026-06-14, chennai ,C24279,RuPay,Utilities,Male,14547.53,UPI, HPCL ,Retail,Declined
s100374,2026-03-15, mumbai ,C94554,Amex,Utilities,Female,23769.26,UPI, IOCL ,E-commerce,Declined
s100375,2026-04-20, bengaluru ,C58929,MasterCard,Groceries,Female,23605.87,NetBanking, HPCL ,Travel,Declined
s100376,2026-01-12, bengaluru ,C48207,Amex,Utilities,Male,15121.1,NetBanking, AMAZON ,Fuel,Approved
s100377,2026-02-27, chennai ,C59266,RuPay,Dining,Male,14207.44,NetBanking, IOCL ,Fuel,Approved
s100378,2026-02-04, kolkata ,C62843,Amex,Utilities,Male,9687.37,NetBanking, RELIANCE ,Utilities,Declined
s100379,2026-04-26, hyderabad ,C98482,Amex,Utilities,Female,8941.68,UPI, IOCL ,Travel,Declined
s100380,2026-04-24, pune ,C88703,Amex,Dining,Female,12111.74,NetBanking, AMAZON ,E-commerce,Declined
s100381,2026-03-23, hyderabad ,C63933,MasterCard,Groceries,Male,19530.52,Credit, IRCTC ,Fuel,Approved
s100382,2026-03-13, vizag ,C47031,Visa,Utilities,Male,10906.69,NetBanking, IOCL ,Travel,Declined
s100383,2026-01-14, vizag ,C42228,RuPay,Travel,Female,175.21,NetBanking, ZOMATO ,Retail,Approved
s100384,2026-04-28, mumbai ,C27733,Visa,Groceries,Male,175.49,UPI, HPCL ,Utilities,Approved
s100385,2026-06-10, hyderabad ,C31546,MasterCard,Shopping,Female,8408.34,UPI, IOCL ,Fuel,Approved
s100386,2026-01-15, mumbai ,C75295,Visa,Dining,Male,20830.13,NetBanking, AMAZON ,Food,Approved
s100387,2026-02-18, bengaluru ,C55324,RuPay,Groceries,Female,7410.69,Credit, HPCL ,Travel,Declined
s100388,2026-01-01, delhi ,C80940,Amex,Dining,Male,2883.88,UPI, RELIANCE ,Travel,Declined
s100389,2026-05-30, kolkata ,C41405,RuPay,Groceries,Female,9404.11,NetBanking, AMAZON ,Fuel,Declined
s100390,2026-01-27, kolkata ,C28517,Amex,Dining,Male,6723.32,NetBanking, IOCL ,Retail,Declined
s100391,2026-01-15, bengaluru ,C42321,MasterCard,Fuel,Female,21876.21,UPI, IOCL ,Food,Approved
s100392,2026-01-17, bengaluru ,C76953,Amex,Fuel,Female,2868.88,UPI, ZOMATO ,Utilities,Approved
s100393,2026-01-12, vizag ,C20290,Visa,Groceries,Male,2061.37,Credit, IOCL ,E-commerce,Declined
s100394,2026-01-09, mumbai ,C50952,Amex,Fuel,Male,11894.68,UPI, DMART ,Food,Declined
s100395,2026-01-23, delhi ,C63438,RuPay,Travel,Female,8258.79,Credit, IRCTC ,Retail,Declined
s100396,2026-04-04, bengaluru ,C64398,RuPay,Utilities,Male,8788.64,UPI, IOCL ,Retail,Approved
s100397,2026-06-26, mumbai ,C60049,MasterCard,Groceries,Female,17903.1,NetBanking, IOCL ,Travel,Approved
s100398,2026-01-14, vizag ,C48608,RuPay,Groceries,Female,4566.04,UPI, AMAZON ,E-commerce,Approved
s100399,2026-04-16, pune ,C40278,Amex,Travel,Female,590.04,UPI, IOCL ,Fuel,Declined
s100400,2026-06-10, vizag ,C73628,Visa,Groceries,Female,1706.21,UPI, RELIANCE ,Travel,Declined
s100401,2026-05-21, kolkata ,C46006,Visa,Utilities,Female,5480.21,Credit, AMAZON ,Utilities,Declined
s100402,2026-02-20, pune ,C19947,RuPay,Fuel,Female,23461.83,NetBanking, RELIANCE ,Fuel,Declined
s100403,2026-06-13, kolkata ,C57708,Visa,Groceries,Male,22947.33,Credit, AMAZON ,E-commerce,Declined
s100404,2026-06-08, bengaluru ,C32671,Amex,Travel,Male,24152.71,UPI, HPCL ,Utilities,Approved
s100405,2026-06-06, bengaluru ,C85479,MasterCard,Utilities,Male,9123.07,NetBanking, DMART ,Food,Approved
s100406,2026-03-03, chennai ,C96352,MasterCard,Dining,Male,8013.99,Credit, RELIANCE ,Fuel,Declined
s100407,2026-04-03, vizag ,C25692,Visa,Utilities,Male,17736.3,NetBanking, DMART ,Retail,Approved
s100408,2026-01-01, hyderabad ,C66047,MasterCard,Groceries,Male,12857.16,NetBanking, RELIANCE ,Travel,Declined
s100409,2026-01-30, kolkata ,C74732,Visa,Dining,Female,10059.53,NetBanking, IOCL ,E-commerce,Declined
s100410,2026-06-08, bengaluru ,C22437,Amex,Groceries,Male,6004.91,NetBanking, ZOMATO ,Fuel,Approved
s100411,2026-03-05, mumbai ,C57366,MasterCard,Fuel,Female,6256.2,UPI, RELIANCE ,Utilities,Declined
s100412,2026-02-05, delhi ,C56405,Visa,Travel,Male,14405.33,Credit, SWIGGY ,Food,Declined
s100413,2026-01-24, kolkata ,C82169,MasterCard,Shopping,Male,2030.25,NetBanking, RELIANCE ,Travel,Declined
s100414,2026-04-09, chennai ,C22682,Amex,Groceries,Female,3341.28,UPI, AMAZON ,Retail,Declined
s100415,2026-06-14, delhi ,C94391,Amex,Groceries,Male,24276.67,Credit, IRCTC ,Retail,Approved
s100416,2026-03-06, chennai ,C66727,MasterCard,Dining,Male,9879.3,NetBanking, DMART ,Retail,Declined
s100417,2026-03-06, bengaluru ,C48483,RuPay,Groceries,Female,23540.81,NetBanking, SWIGGY ,Food,Declined
s100418,2026-06-06, hyderabad ,C46375,RuPay,Dining,Female,17445.22,UPI, IOCL ,Travel,Approved
s100419,2026-03-11, delhi ,C20218,Visa,Travel,Female,14696.89,NetBanking, AMAZON ,Food,Declined
s100420,2026-02-16, pune ,C38433,MasterCard,Shopping,Male,15838.27,UPI, SWIGGY ,Travel,Approved
s100421,2026-03-13, pune ,C25558,RuPay,Travel,Male,18861.96,NetBanking, HPCL ,Food,Declined
s100422,2026-03-09, vizag ,C27863,Visa,Utilities,Female,16753.24,Credit, IOCL ,Food,Approved
s100423,2026-03-30, hyderabad ,C23570,Amex,Groceries,Male,754.31,Credit, HPCL ,Food,Approved
s100424,2026-03-08, delhi ,C81820,Amex,Groceries,Female,12998.04,NetBanking, RELIANCE ,Food,Approved
s100425,2026-03-31, chennai ,C78006,MasterCard,Fuel,Female,18811.76,NetBanking, RELIANCE ,Utilities,Approved
s100426,2026-05-24, hyderabad ,C76678,MasterCard,Fuel,Female,16070.07,Credit, RELIANCE ,Retail,Approved
s100427,2026-05-29, chennai ,C56716,MasterCard,Utilities,Male,197.41,NetBanking, SWIGGY ,Retail,Approved
s100428,2026-06-12, pune ,C98963,RuPay,Dining,Male,5368.33,NetBanking, RELIANCE ,Food,Approved
s100429,2026-05-31, hyderabad ,C31957,RuPay,Fuel,Male,484.93,NetBanking, RELIANCE ,Retail,Declined
s100430,2026-06-03, chennai ,C57332,Amex,Shopping,Male,8390.66,NetBanking, SWIGGY ,Retail,Approved
s100431,2026-04-21, hyderabad ,C40412,MasterCard,Groceries,Female,1324.22,Credit, HPCL ,Food,Approved
s100432,2026-01-04, mumbai ,C73067,Visa,Dining,Male,19695.58,Credit, IOCL ,Fuel,Declined
s100433,2026-02-07, delhi ,C59968,Visa,Shopping,Female,20563.79,Credit, AMAZON ,Fuel,Declined
s100434,2026-01-30, pune ,C21044,MasterCard,Groceries,Female,22917.99,Credit, AMAZON ,Fuel,Declined
s100435,2026-06-26, delhi ,C85739,RuPay,Fuel,Male,19503.45,Credit, ZOMATO ,Fuel,Approved
s100436,2026-03-02, kolkata ,C48757,Amex,Groceries,Female,3233.21,UPI, AMAZON ,E-commerce,Approved
s100437,2026-03-22, kolkata ,C76340,RuPay,Shopping,Male,6799.92,Credit, RELIANCE ,Fuel,Declined
s100438,2026-05-19, kolkata ,C92406,Amex,Fuel,Female,7874.79,NetBanking, RELIANCE ,Utilities,Declined
s100439,2026-06-22, pune ,C73557,Visa,Shopping,Female,11038.99,NetBanking, HPCL ,E-commerce,Approved
s100440,2026-04-30, bengaluru ,C88668,Visa,Utilities,Male,5881.29,Credit, IRCTC ,Food,Approved
s100441,2026-03-31, chennai ,C24995,Amex,Groceries,Male,6716.09,UPI, DMART ,Travel,Declined
s100442,2026-05-17, kolkata ,C65111,MasterCard,Fuel,Female,16701.04,NetBanking, HPCL ,E-commerce,Declined
s100443,2026-01-29, bengaluru ,C54937,RuPay,Groceries,Male,2899.42,NetBanking, ZOMATO ,Fuel,Declined
s100444,2026-06-02, bengaluru ,C91783,MasterCard,Utilities,Female,8198.52,NetBanking, ZOMATO ,E-commerce,Declined
s100445,2026-02-22, mumbai ,C61631,Amex,Dining,Female,13763.05,UPI, IRCTC ,E-commerce,Approved
s100446,2026-04-26, delhi ,C13040,Visa,Utilities,Male,14213.86,Credit, DMART ,E-commerce,Approved
s100447,2026-04-15, mumbai ,C82775,MasterCard,Groceries,Female,20959.86,Credit, RELIANCE ,Food,Declined
s100448,2026-03-09, pune ,C20524,Visa,Utilities,Female,12564.57,NetBanking, ZOMATO ,Travel,Approved
s100449,2026-04-26, bengaluru ,C55397,RuPay,Groceries,Female,14519.83,Credit, IRCTC ,Travel,Declined
s100450,2026-06-04, delhi ,C79971,MasterCard,Fuel,Female,15463.76,Credit, AMAZON ,Fuel,Approved
s100451,2026-01-09, hyderabad ,C64578,RuPay,Dining,Male,15111.66,NetBanking, IRCTC ,Retail,Approved
s100452,2026-01-22, kolkata ,C71687,MasterCard,Dining,Female,7272.77,NetBanking, IRCTC ,Utilities,Approved
s100453,2026-04-25, pune ,C10381,RuPay,Shopping,Male,16421.47,UPI, SWIGGY ,E-commerce,Approved
s100454,2026-01-16, kolkata ,C68643,Visa,Fuel,Male,11096.15,UPI, ZOMATO ,E-commerce,Approved
s100455,2026-03-25, chennai ,C13339,Amex,Travel,Male,18135.65,UPI, SWIGGY ,Travel,Declined
s100456,2026-05-17, mumbai ,C87850,MasterCard,Fuel,Female,21706.05,NetBanking, IOCL ,Food,Declined
s100457,2026-03-07, mumbai ,C43523,Amex,Shopping,Male,19846.92,UPI, DMART ,E-commerce,Declined
s100458,2026-06-10, kolkata ,C92205,MasterCard,Groceries,Male,2115.03,UPI, AMAZON ,Utilities,Approved
s100459,2026-01-06, vizag ,C92246,Visa,Dining,Female,3301.63,NetBanking, RELIANCE ,Travel,Declined
s100460,2026-05-16, bengaluru ,C21122,Visa,Groceries,Female,11637.76,Credit, ZOMATO ,E-commerce,Approved
s100461,2026-04-26, delhi ,C50771,MasterCard,Travel,Female,11760.58,NetBanking, AMAZON ,E-commerce,Declined
s100462,2026-06-18, chennai ,C55247,Amex,Dining,Female,12474.18,Credit, ZOMATO ,Travel,Declined
s100463,2026-03-31, delhi ,C67729,RuPay,Fuel,Female,1687.78,NetBanking, AMAZON ,E-commerce,Declined
s100464,2026-01-08, hyderabad ,C53873,RuPay,Utilities,Female,7850.4,NetBanking, IOCL ,Retail,Declined
s100465,2026-02-07, bengaluru ,C65181,RuPay,Groceries,Female,20435.56,NetBanking, IRCTC ,Fuel,Approved
s100466,2026-04-28, kolkata ,C61167,Amex,Dining,Female,17569.09,UPI, SWIGGY ,Retail,Approved
s100467,2026-03-03, bengaluru ,C52043,Amex,Shopping,Female,325.47,UPI, DMART ,E-commerce,Approved
s100468,2026-03-13, pune ,C17653,Amex,Dining,Male,10945.46,UPI, AMAZON ,Utilities,Declined
s100469,2026-05-11, hyderabad ,C23491,MasterCard,Groceries,Female,3082.08,UPI, IOCL ,Retail,Approved
s100470,2026-06-05, mumbai ,C56940,MasterCard,Dining,Male,2213.18,NetBanking, HPCL ,Retail,Declined
s100471,2026-03-29, pune ,C76182,Visa,Groceries,Male,19844.85,UPI, DMART ,Retail,Declined
s100472,2026-06-17, delhi ,C27897,Amex,Fuel,Male,16820.76,NetBanking, RELIANCE ,Retail,Approved
s100473,2026-06-15, chennai ,C94363,Visa,Fuel,Male,8174.96,NetBanking, IRCTC ,E-commerce,Declined
s100474,2026-04-13, vizag ,C50484,Visa,Dining,Male,13659.12,NetBanking, ZOMATO ,Retail,Approved
s100475,2026-01-29, bengaluru ,C54580,Amex,Travel,Male,8161.28,UPI, RELIANCE ,Utilities,Declined
s100476,2026-03-28, mumbai ,C99972,Visa,Shopping,Female,13618.87,Credit, IRCTC ,Food,Declined
s100477,2026-05-25, chennai ,C24517,RuPay,Groceries,Female,6409.97,NetBanking, HPCL ,E-commerce,Declined
s100478,2026-04-09, mumbai ,C95126,MasterCard,Utilities,Male,5266.55,Credit, RELIANCE ,E-commerce,Declined
s100479,2026-05-22, hyderabad ,C71125,Visa,Fuel,Male,21746.62,Credit, ZOMATO ,Travel,Declined
s100480,2026-03-09, bengaluru ,C27543,RuPay,Fuel,Male,2685.68,NetBanking, IRCTC ,Utilities,Approved
s100481,2026-03-16, hyderabad ,C95382,Visa,Dining,Male,14862.97,UPI, SWIGGY ,Utilities,Declined
s100482,2026-06-11, pune ,C72056,Amex,Utilities,Female,23205.66,NetBanking, IOCL ,Retail,Declined
s100483,2026-02-21, kolkata ,C69154,Visa,Fuel,Female,3158.74,Credit, AMAZON ,Retail,Declined
s100484,2026-04-04, vizag ,C45178,Visa,Utilities,Female,8585.55,UPI, RELIANCE ,Retail,Approved
s100485,2026-01-13, chennai ,C34237,RuPay,Groceries,Male,5851.19,UPI, DMART ,Food,Declined
s100486,2026-03-21, mumbai ,C38469,MasterCard,Utilities,Female,22911.18,NetBanking, HPCL ,Utilities,Approved
s100487,2026-01-17, bengaluru ,C19006,RuPay,Groceries,Male,11104.08,Credit, IRCTC ,Utilities,Approved
s100488,2026-04-18, vizag ,C66225,RuPay,Groceries,Male,15895.92,NetBanking, DMART ,Utilities,Approved
s100489,2026-05-08, mumbai ,C19851,Visa,Fuel,Male,15352.55,Credit, AMAZON ,Utilities,Declined
s100490,2026-04-11, hyderabad ,C16298,RuPay,Groceries,Male,7852.36,UPI, IOCL ,Food,Declined
s100491,2026-03-30, bengaluru ,C12735,MasterCard,Shopping,Female,5342.93,NetBanking, RELIANCE ,Retail,Declined
s100492,2026-06-30, mumbai ,C85195,MasterCard,Utilities,Male,4246.46,Credit, RELIANCE ,Travel,Declined
s100493,2026-05-16, hyderabad ,C74450,Amex,Shopping,Female,8986.75,UPI, IOCL ,Travel,Declined
s100494,2026-02-24, pune ,C88134,MasterCard,Shopping,Male,6482.16,Credit, DMART ,Retail,Declined
s100495,2026-03-29, mumbai ,C43969,Amex,Travel,Male,23733.44,UPI, AMAZON ,Utilities,Declined
s100496,2026-06-23, vizag ,C81320,Visa,Shopping,Male,3710.48,Credit, SWIGGY ,Utilities,Declined
s100497,2026-06-12, delhi ,C46495,Amex,Utilities,Female,13443.11,NetBanking, ZOMATO ,Utilities,Declined
s100498,2026-06-08, delhi ,C49480,RuPay,Fuel,Female,4510.38,NetBanking, ZOMATO ,Food,Approved
s100499,2026-06-08, bengaluru ,C43649,MasterCard,Dining,Male,12043.26,Credit, IRCTC ,Fuel,Approved
s100500,2026-03-11, mumbai ,C80133,MasterCard,Dining,Female,19665.58,NetBanking, IOCL ,E-commerce,Approved
s100501,2026-02-24, pune ,C52279,RuPay,Travel,Male,22418.42,NetBanking, DMART ,Retail,Declined
s100502,2026-02-14, hyderabad ,C64166,Amex,Dining,Male,1600.82,NetBanking, HPCL ,Fuel,Approved
s100503,2026-03-03, mumbai ,C43466,Amex,Shopping,Female,4106.41,NetBanking, HPCL ,Travel,Approved
s100504,2026-05-25, bengaluru ,C88561,Visa,Utilities,Male,13770.23,Credit, DMART ,Fuel,Approved
s100505,2026-03-24, hyderabad ,C67987,MasterCard,Shopping,Female,13352.3,UPI, ZOMATO ,E-commerce,Declined
s100506,2026-01-10, kolkata ,C76772,Visa,Travel,Male,17148.7,UPI, IOCL ,Retail,Declined
s100507,2026-05-09, pune ,C61810,Amex,Groceries,Male,11790.03,NetBanking, IOCL ,Retail,Declined
s100508,2026-02-15, delhi ,C40152,Visa,Travel,Female,21806.46,UPI, ZOMATO ,E-commerce,Declined
s100509,2026-06-01, vizag ,C54951,MasterCard,Utilities,Male,1835.27,UPI, IOCL ,Utilities,Approved
s100510,2026-03-04, delhi ,C52132,RuPay,Travel,Female,20012.88,Credit, RELIANCE ,Utilities,Approved
s100511,2026-02-05, bengaluru ,C90880,RuPay,Shopping,Male,5191.4,Credit, AMAZON ,Travel,Approved
s100512,2026-01-15, mumbai ,C13119,MasterCard,Utilities,Male,3873.29,Credit, RELIANCE ,Utilities,Declined
s100513,2026-01-18, vizag ,C65931,Amex,Shopping,Female,1236.14,NetBanking, IOCL ,Fuel,Approved
s100514,2026-06-28, chennai ,C82443,MasterCard,Dining,Female,11264.33,Credit, AMAZON ,Utilities,Approved
s100515,2026-06-03, vizag ,C73928,MasterCard,Travel,Female,14550.39,UPI, RELIANCE ,Travel,Declined
s100516,2026-06-01, hyderabad ,C25106,MasterCard,Fuel,Male,9169.67,Credit, AMAZON ,E-commerce,Approved
s100517,2026-03-28, mumbai ,C43093,MasterCard,Dining,Female,9782.09,NetBanking, IRCTC ,Food,Approved
s100518,2026-04-20, vizag ,C93188,RuPay,Dining,Female,7332.71,Credit, DMART ,Travel,Approved
s100519,2026-02-16, bengaluru ,C19704,RuPay,Travel,Female,4595.51,UPI, ZOMATO ,Travel,Approved
s100520,2026-02-11, bengaluru ,C61989,RuPay,Travel,Female,119.87,UPI, SWIGGY ,Travel,Approved
s100521,2026-04-01, mumbai ,C61355,Visa,Dining,Male,3805.02,NetBanking, SWIGGY ,Fuel,Approved
s100522,2026-05-29, chennai ,C79740,Amex,Dining,Male,2539.13,UPI, ZOMATO ,Utilities,Approved
s100523,2026-05-16, pune ,C47368,RuPay,Utilities,Male,896.53,Credit, IRCTC ,Utilities,Declined
s100524,2026-01-27, delhi ,C22530,Amex,Groceries,Female,544.75,NetBanking, RELIANCE ,Food,Declined
s100525,2026-06-30, chennai ,C13836,Visa,Utilities,Female,1418.3,NetBanking, SWIGGY ,E-commerce,Declined
s100526,2026-05-26, mumbai ,C88918,Amex,Dining,Male,1274.03,UPI, ZOMATO ,Fuel,Approved
s100527,2026-03-31, hyderabad ,C57026,RuPay,Groceries,Female,13947.63,UPI, SWIGGY ,Utilities,Approved
s100528,2026-03-20, bengaluru ,C50278,Amex,Fuel,Female,258.05,NetBanking, HPCL ,Food,Declined
s100529,2026-01-20, pune ,C62505,MasterCard,Groceries,Male,23381.85,Credit, HPCL ,Utilities,Approved
s100530,2026-06-10, bengaluru ,C62162,RuPay,Utilities,Male,7773.0,UPI, IOCL ,Utilities,Approved
s100531,2026-02-28, hyderabad ,C91669,RuPay,Dining,Male,7688.72,UPI, RELIANCE ,Fuel,Declined
s100532,2026-02-05, vizag ,C59814,Amex,Dining,Female,2651.37,UPI, IRCTC ,Food,Declined
s100533,2026-04-15, kolkata ,C67771,RuPay,Dining,Male,17128.35,Credit, IOCL ,Travel,Approved
s100534,2026-04-12, bengaluru ,C95597,Visa,Fuel,Female,20147.45,UPI, ZOMATO ,Retail,Declined
s100535,2026-01-19, vizag ,C25423,Amex,Shopping,Female,7590.01,NetBanking, RELIANCE ,Travel,Declined
s100536,2026-06-13, mumbai ,C45767,MasterCard,Groceries,Female,2286.32,Credit, DMART ,E-commerce,Approved
s100537,2026-06-18, mumbai ,C25364,RuPay,Shopping,Male,6819.52,Credit, DMART ,E-commerce,Approved
s100538,2026-01-12, bengaluru ,C94796,Amex,Travel,Female,6529.33,NetBanking, DMART ,Travel,Declined
s100539,2026-05-26, kolkata ,C22645,RuPay,Groceries,Male,19489.78,Credit, RELIANCE ,Utilities,Approved
s100540,2026-02-14, delhi ,C52220,MasterCard,Travel,Female,18763.33,NetBanking, AMAZON ,Utilities,Declined
s100541,2026-01-12, chennai ,C70469,RuPay,Dining,Female,18333.13,UPI, SWIGGY ,Retail,Declined
s100542,2026-03-12, chennai ,C98716,RuPay,Utilities,Female,1612.82,Credit, IOCL ,Fuel,Approved
s100543,2026-06-11, pune ,C96719,RuPay,Dining,Female,10965.69,NetBanking, RELIANCE ,E-commerce,Declined
s100544,2026-06-28, chennai ,C84935,Amex,Groceries,Male,19614.1,Credit, DMART ,Utilities,Declined
s100545,2026-01-07, kolkata ,C41566,MasterCard,Travel,Female,8825.1,NetBanking, HPCL ,Travel,Approved
s100546,2026-05-21, chennai ,C84655,Visa,Utilities,Male,23864.79,NetBanking, ZOMATO ,Food,Approved
s100547,2026-02-05, delhi ,C46503,Visa,Groceries,Female,12986.58,UPI, RELIANCE ,Utilities,Declined
s100548,2026-05-22, delhi ,C90995,RuPay,Fuel,Female,20209.94,UPI, AMAZON ,Travel,Declined
s100549,2026-04-27, pune ,C20740,RuPay,Groceries,Female,15861.23,Credit, IOCL ,Utilities,Approved
s100550,2026-04-21, hyderabad ,C80761,MasterCard,Groceries,Male,383.33,NetBanking, AMAZON ,E-commerce,Approved
s100551,2026-06-02, vizag ,C80298,Visa,Dining,Female,18295.63,NetBanking, RELIANCE ,Utilities,Declined
s100552,2026-04-19, pune ,C92775,RuPay,Groceries,Male,15279.51,Credit, RELIANCE ,Retail,Approved
s100553,2026-02-02, bengaluru ,C62261,Visa,Groceries,Female,20507.92,Credit, RELIANCE ,Utilities,Approved
s100554,2026-02-28, chennai ,C74865,MasterCard,Groceries,Female,6550.21,UPI, DMART ,Food,Approved
s100555,2026-05-13, mumbai ,C82901,Visa,Travel,Female,13594.4,NetBanking, RELIANCE ,Utilities,Approved
s100556,2026-02-24, mumbai ,C26633,MasterCard,Shopping,Female,10681.82,UPI, DMART ,Fuel,Declined
s100557,2026-01-21, hyderabad ,C76626,Visa,Shopping,Female,5000.5,Credit, IRCTC ,Utilities,Approved
s100558,2026-04-25, pune ,C99250,MasterCard,Fuel,Female,8684.02,UPI, SWIGGY ,Travel,Declined
s100559,2026-02-03, chennai ,C72662,Visa,Utilities,Male,21844.97,NetBanking, HPCL ,Travel,Declined
s100560,2026-02-12, chennai ,C96196,RuPay,Shopping,Female,5095.94,Credit, HPCL ,Travel,Declined
s100561,2026-06-15, hyderabad ,C78768,MasterCard,Dining,Female,21180.59,Credit, AMAZON ,E-commerce,Declined
s100562,2026-06-18, hyderabad ,C94949,MasterCard,Fuel,Female,12239.04,UPI, IOCL ,Food,Declined
s100563,2026-05-10, pune ,C86226,Amex,Dining,Male,18207.11,NetBanking, ZOMATO ,Food,Approved
s100564,2026-02-27, mumbai ,C53567,MasterCard,Shopping,Male,12520.54,NetBanking, AMAZON ,Retail,Approved
s100565,2026-05-17, delhi ,C98460,Visa,Travel,Female,14894.16,UPI, HPCL ,Food,Approved
s100566,2026-06-06, chennai ,C70730,Visa,Groceries,Male,11589.28,NetBanking, IOCL ,Retail,Declined
s100567,2026-05-19, hyderabad ,C85291,RuPay,Groceries,Male,6628.33,Credit, HPCL ,Travel,Declined
s100568,2026-01-30, vizag ,C42171,Amex,Groceries,Male,2063.87,NetBanking, AMAZON ,E-commerce,Approved
s100569,2026-04-25, pune ,C93631,RuPay,Travel,Female,11421.34,UPI, HPCL ,Retail,Declined
s100570,2026-01-29, hyderabad ,C64871,Amex,Utilities,Female,21675.84,UPI, AMAZON ,Utilities,Declined
s100571,2026-02-01, kolkata ,C73989,Amex,Shopping,Male,5952.55,Credit, SWIGGY ,Fuel,Approved
s100572,2026-02-26, hyderabad ,C11272,MasterCard,Groceries,Female,3104.41,NetBanking, HPCL ,E-commerce,Declined
s100573,2026-06-30, pune ,C99735,Visa,Groceries,Male,1463.84,Credit, AMAZON ,Retail,Declined
s100574,2026-03-10, mumbai ,C23819,MasterCard,Dining,Male,2822.37,NetBanking, ZOMATO ,Utilities,Approved
s100575,2026-03-11, bengaluru ,C90798,Amex,Utilities,Female,14172.28,NetBanking, HPCL ,Retail,Approved
s100576,2026-06-27, chennai ,C94167,MasterCard,Dining,Male,15586.21,Credit, IRCTC ,Utilities,Declined
s100577,2026-02-23, bengaluru ,C92454,Visa,Dining,Male,877.59,UPI, HPCL ,Fuel,Declined
s100578,2026-02-20, hyderabad ,C39173,Visa,Dining,Male,22841.44,UPI, IOCL ,Food,Approved
s100579,2026-04-30, kolkata ,C90258,Amex,Travel,Female,20651.67,NetBanking, DMART ,E-commerce,Declined
s100580,2026-01-21, hyderabad ,C23866,RuPay,Travel,Male,11064.75,Credit, ZOMATO ,Travel,Declined
s100581,2026-02-28, hyderabad ,C23431,Visa,Shopping,Female,3475.73,NetBanking, SWIGGY ,Retail,Approved
s100582,2026-01-05, chennai ,C31150,Amex,Groceries,Female,17313.27,UPI, RELIANCE ,E-commerce,Declined
s100583,2026-02-13, vizag ,C97396,MasterCard,Groceries,Male,21645.51,NetBanking, SWIGGY ,Retail,Declined
s100584,2026-01-18, kolkata ,C60293,MasterCard,Shopping,Male,10506.91,UPI, ZOMATO ,Fuel,Declined
s100585,2026-02-03, vizag ,C67770,Amex,Fuel,Female,10244.06,UPI, IRCTC ,Utilities,Declined
s100586,2026-04-11, pune ,C93678,Amex,Travel,Male,15382.49,NetBanking, IRCTC ,Travel,Declined
s100587,2026-06-10, vizag ,C22300,Amex,Utilities,Female,18940.33,UPI, RELIANCE ,Fuel,Approved
s100588,2026-05-25, bengaluru ,C75208,Amex,Groceries,Female,19236.3,UPI, IRCTC ,Fuel,Approved
s100589,2026-05-20, bengaluru ,C21192,Visa,Fuel,Male,12105.13,NetBanking, HPCL ,Fuel,Approved
s100590,2026-01-30, chennai ,C63558,MasterCard,Dining,Female,1860.38,NetBanking, HPCL ,Utilities,Approved
s100591,2026-02-23, chennai ,C34375,RuPay,Fuel,Male,15649.87,Credit, RELIANCE ,Retail,Declined
s100592,2026-03-08, delhi ,C58385,RuPay,Utilities,Female,18189.13,UPI, SWIGGY ,Food,Approved
s100593,2026-04-24, vizag ,C88604,MasterCard,Travel,Female,19946.84,NetBanking, HPCL ,E-commerce,Declined
s100594,2026-03-21, hyderabad ,C63482,Amex,Shopping,Female,11288.96,NetBanking, SWIGGY ,Retail,Approved
s100595,2026-06-24, kolkata ,C25808,MasterCard,Dining,Female,15270.99,NetBanking, RELIANCE ,Retail,Declined
s100596,2026-04-07, bengaluru ,C83505,MasterCard,Travel,Male,22808.17,NetBanking, HPCL ,Fuel,Declined
s100597,2026-05-25, hyderabad ,C88657,Visa,Groceries,Male,4486.86,Credit, RELIANCE ,Food,Approved
s100598,2026-03-22, bengaluru ,C57885,Amex,Dining,Male,936.7,UPI, RELIANCE ,Retail,Declined
s100599,2026-01-27, mumbai ,C35165,RuPay,Dining,Male,19945.02,NetBanking, SWIGGY ,Travel,Approved
s100600,2026-05-05, chennai ,C80924,MasterCard,Shopping,Female,798.75,Credit, RELIANCE ,Travel,Approved
s100601,2026-01-15, hyderabad ,C44783,MasterCard,Groceries,Male,14106.56,Credit, RELIANCE ,Fuel,Approved
s100602,2026-02-09, delhi ,C73107,Amex,Utilities,Female,10833.03,NetBanking, HPCL ,Fuel,Approved
s100603,2026-01-07, mumbai ,C22782,Amex,Groceries,Female,1350.06,NetBanking, IRCTC ,Food,Declined
s100604,2026-01-21, mumbai ,C73813,Amex,Utilities,Female,13308.12,UPI, DMART ,Utilities,Declined
s100605,2026-05-07, bengaluru ,C82956,RuPay,Travel,Male,15628.85,Credit, SWIGGY ,Fuel,Declined
s100606,2026-03-31, mumbai ,C77218,RuPay,Fuel,Female,1076.27,UPI, SWIGGY ,Utilities,Declined
s100607,2026-06-12, mumbai ,C43053,Visa,Fuel,Male,20907.94,UPI, RELIANCE ,Fuel,Declined
s100608,2026-06-05, vizag ,C31573,MasterCard,Travel,Female,19656.37,NetBanking, ZOMATO ,E-commerce,Approved
s100609,2026-02-14, pune ,C90871,MasterCard,Utilities,Male,16586.02,Credit, HPCL ,Retail,Declined
s100610,2026-03-10, delhi ,C98794,RuPay,Travel,Male,6257.1,Credit, HPCL ,Fuel,Declined
s100611,2026-05-20, chennai ,C53291,RuPay,Dining,Female,24172.63,Credit, IRCTC ,Fuel,Declined
s100612,2026-04-24, vizag ,C78178,MasterCard,Shopping,Male,23999.23,UPI, DMART ,Food,Approved
s100613,2026-05-20, hyderabad ,C62515,Amex,Groceries,Female,18893.86,NetBanking, SWIGGY ,E-commerce,Approved
s100614,2026-04-28, mumbai ,C71177,MasterCard,Groceries,Male,12538.38,UPI, AMAZON ,Retail,Declined
s100615,2026-01-18, delhi ,C93154,RuPay,Travel,Female,731.93,NetBanking, RELIANCE ,Fuel,Approved
s100616,2026-06-06, pune ,C60112,RuPay,Fuel,Female,18711.7,UPI, SWIGGY ,E-commerce,Declined
s100617,2026-05-27, chennai ,C26617,MasterCard,Travel,Female,945.24,Credit, RELIANCE ,Fuel,Approved
s100618,2026-04-02, bengaluru ,C20748,Amex,Travel,Female,4815.65,NetBanking, IRCTC ,Fuel,Approved
s100619,2026-03-31, delhi ,C61336,Visa,Dining,Male,16561.75,UPI, IRCTC ,Travel,Approved
s100620,2026-05-05, pune ,C89460,MasterCard,Fuel,Female,4096.45,Credit, AMAZON ,Fuel,Declined
s100621,2026-03-25, kolkata ,C36343,Visa,Travel,Female,17086.06,UPI, DMART ,Retail,Declined
s100622,2026-03-27, hyderabad ,C79149,Amex,Travel,Female,12690.31,UPI, IRCTC ,Food,Declined
s100623,2026-05-18, bengaluru ,C65817,Amex,Shopping,Male,15634.84,UPI, DMART ,E-commerce,Declined
s100624,2026-03-15, delhi ,C72229,MasterCard,Groceries,Male,11920.41,UPI, ZOMATO ,Travel,Declined
s100625,2026-04-29, delhi ,C72522,Amex,Fuel,Female,1087.48,NetBanking, ZOMATO ,Utilities,Declined
s100626,2026-05-22, mumbai ,C50902,RuPay,Dining,Female,18844.42,NetBanking, IRCTC ,Retail,Declined
s100627,2026-06-30, pune ,C50393,Visa,Fuel,Female,10702.11,Credit, HPCL ,Food,Approved
s100628,2026-01-22, pune ,C60176,MasterCard,Dining,Female,22204.88,NetBanking, DMART ,Fuel,Approved
s100629,2026-04-05, chennai ,C69060,MasterCard,Fuel,Male,14000.69,UPI, IOCL ,Retail,Approved
s100630,2026-04-19, delhi ,C63616,Visa,Dining,Female,15901.25,NetBanking, IRCTC ,Retail,Approved
s100631,2026-05-05, pune ,C53115,MasterCard,Shopping,Male,18169.58,Credit, IRCTC ,Utilities,Approved
s100632,2026-03-09, mumbai ,C95309,MasterCard,Travel,Female,12829.28,NetBanking, RELIANCE ,Fuel,Approved
s100633,2026-01-03, kolkata ,C66313,Amex,Travel,Male,6541.36,NetBanking, HPCL ,Utilities,Approved
s100634,2026-01-09, hyderabad ,C12810,MasterCard,Shopping,Male,103.0,Credit, IRCTC ,Retail,Declined
s100635,2026-04-13, kolkata ,C21801,Amex,Shopping,Male,12752.42,NetBanking, IOCL ,Travel,Declined
s100636,2026-06-27, bengaluru ,C61312,MasterCard,Dining,Female,19476.16,UPI, AMAZON ,Retail,Declined
s100637,2026-02-11, pune ,C18182,Visa,Groceries,Male,20343.32,NetBanking, DMART ,Travel,Approved
s100638,2026-04-05, mumbai ,C69835,RuPay,Shopping,Male,24407.54,Credit, HPCL ,Food,Declined
s100639,2026-01-30, kolkata ,C31917,RuPay,Groceries,Male,5393.77,Credit, DMART ,Utilities,Approved
s100640,2026-05-02, hyderabad ,C25148,Amex,Dining,Female,7781.85,Credit, IRCTC ,Travel,Declined
s100641,2026-03-09, bengaluru ,C73880,RuPay,Fuel,Female,13735.27,Credit, DMART ,Retail,Approved
s100642,2026-02-26, bengaluru ,C51793,MasterCard,Travel,Female,9495.16,Credit, HPCL ,Travel,Approved
s100643,2026-06-13, hyderabad ,C93535,MasterCard,Dining,Female,2704.24,Credit, IOCL ,Travel,Declined
s100644,2026-06-27, kolkata ,C79239,MasterCard,Groceries,Female,16881.83,Credit, RELIANCE ,Food,Declined
s100645,2026-01-09, chennai ,C78911,RuPay,Utilities,Female,5464.65,UPI, ZOMATO ,Travel,Approved
s100646,2026-01-18, chennai ,C18701,Visa,Travel,Female,3316.79,Credit, ZOMATO ,Fuel,Declined
s100647,2026-03-02, hyderabad ,C21007,Amex,Travel,Female,14274.93,UPI, AMAZON ,Travel,Declined
s100648,2026-03-07, pune ,C98863,Visa,Travel,Female,3780.59,Credit, AMAZON ,Retail,Approved
s100649,2026-06-13, mumbai ,C76110,Amex,Fuel,Female,1913.49,NetBanking, IOCL ,E-commerce,Declined
s100650,2026-02-03, bengaluru ,C28506,Visa,Fuel,Male,7228.9,NetBanking, HPCL ,Fuel,Declined
s100651,2026-04-01, chennai ,C20598,Visa,Fuel,Female,13825.66,UPI, SWIGGY ,Retail,Declined
s100652,2026-06-23, pune ,C66813,Amex,Groceries,Male,4218.35,Credit, ZOMATO ,Travel,Declined
s100653,2026-01-25, vizag ,C21600,Visa,Travel,Female,12497.15,NetBanking, RELIANCE ,Fuel,Approved
s100654,2026-06-28, kolkata ,C85154,Visa,Dining,Male,20846.85,UPI, HPCL ,Retail,Approved
s100655,2026-03-27, mumbai ,C83602,RuPay,Fuel,Female,21925.2,NetBanking, RELIANCE ,E-commerce,Declined
s100656,2026-04-29, vizag ,C13041,Visa,Travel,Male,17472.27,NetBanking, HPCL ,Food,Approved
s100657,2026-04-29, mumbai ,C32295,RuPay,Travel,Male,13699.5,UPI, SWIGGY ,Retail,Approved
s100658,2026-02-09, kolkata ,C31140,MasterCard,Travel,Male,10698.13,Credit, SWIGGY ,Fuel,Approved
s100659,2026-04-27, mumbai ,C99148,MasterCard,Groceries,Male,1875.6,UPI, SWIGGY ,Food,Declined
s100660,2026-04-04, hyderabad ,C42632,Visa,Shopping,Female,18517.14,Credit, ZOMATO ,Utilities,Approved
s100661,2026-01-16, mumbai ,C86653,Amex,Fuel,Male,20370.4,Credit, AMAZON ,Travel,Declined
s100662,2026-02-25, mumbai ,C14699,RuPay,Fuel,Male,20458.72,NetBanking, IRCTC ,Travel,Approved
s100663,2026-06-19, kolkata ,C12586,Visa,Utilities,Female,21940.96,UPI, SWIGGY ,Utilities,Declined
s100664,2026-04-06, pune ,C78343,RuPay,Groceries,Male,8853.44,UPI, HPCL ,Food,Declined
s100665,2026-04-30, pune ,C58000,Amex,Travel,Female,24225.58,NetBanking, RELIANCE ,Food,Declined
s100666,2026-03-29, hyderabad ,C21328,MasterCard,Groceries,Female,3349.26,UPI, HPCL ,Travel,Declined
s100667,2026-02-05, chennai ,C32686,Visa,Dining,Female,1544.65,UPI, RELIANCE ,Retail,Approved
s100668,2026-03-12, vizag ,C19924,RuPay,Groceries,Male,18306.1,NetBanking, IRCTC ,Utilities,Declined
s100669,2026-04-27, vizag ,C68904,MasterCard,Fuel,Male,6410.87,UPI, IRCTC ,Fuel,Declined
s100670,2026-02-24, kolkata ,C29208,MasterCard,Fuel,Female,8514.6,UPI, IRCTC ,Retail,Declined
s100671,2026-02-21, delhi ,C73323,Amex,Utilities,Female,5520.59,NetBanking, IOCL ,Travel,Declined
s100672,2026-05-11, chennai ,C69511,Amex,Travel,Female,23102.31,NetBanking, IOCL ,Fuel,Approved
s100673,2026-03-30, vizag ,C38716,Visa,Utilities,Male,17840.08,NetBanking, ZOMATO ,Fuel,Approved
s100674,2026-03-10, delhi ,C93564,MasterCard,Shopping,Male,10265.04,UPI, IOCL ,E-commerce,Approved
s100675,2026-04-28, pune ,C13091,RuPay,Dining,Male,2568.69,NetBanking, ZOMATO ,Travel,Declined
s100676,2026-01-25, hyderabad ,C74714,RuPay,Shopping,Male,14103.83,UPI, IOCL ,E-commerce,Approved
s100677,2026-04-06, hyderabad ,C18406,Amex,Fuel,Female,20863.38,NetBanking, HPCL ,E-commerce,Approved
s100678,2026-02-17, kolkata ,C76455,MasterCard,Utilities,Male,8967.47,UPI, RELIANCE ,Utilities,Declined
s100679,2026-02-17, hyderabad ,C61163,Visa,Travel,Male,19473.43,UPI, HPCL ,Food,Approved
s100680,2026-03-29, delhi ,C42344,RuPay,Groceries,Female,21920.34,Credit, DMART ,Fuel,Declined
s100681,2026-04-25, bengaluru ,C86280,Visa,Utilities,Male,16686.74,Credit, HPCL ,Utilities,Approved
s100682,2026-01-09, vizag ,C42298,MasterCard,Travel,Female,9199.74,Credit, DMART ,Retail,Approved
s100683,2026-01-10, mumbai ,C49230,Visa,Travel,Female,17849.38,Credit, DMART ,Food,Approved
s100684,2026-01-21, hyderabad ,C94676,RuPay,Dining,Male,19294.47,Credit, DMART ,Fuel,Declined
s100685,2026-04-27, hyderabad ,C95452,Visa,Shopping,Female,13409.99,Credit, ZOMATO ,E-commerce,Declined
s100686,2026-03-19, delhi ,C57398,MasterCard,Fuel,Male,5636.42,Credit, RELIANCE ,Travel,Declined
s100687,2026-04-24, hyderabad ,C85676,Amex,Groceries,Female,20594.83,Credit, ZOMATO ,Utilities,Approved
s100688,2026-03-29, delhi ,C10825,Amex,Dining,Female,18805.18,UPI, DMART ,Utilities,Declined
s100689,2026-06-27, chennai ,C92567,RuPay,Groceries,Female,13753.36,Credit, IRCTC ,E-commerce,Declined
s100690,2026-03-27, mumbai ,C90694,RuPay,Shopping,Male,19489.68,Credit, AMAZON ,Food,Declined
s100691,2026-03-30, delhi ,C53156,RuPay,Fuel,Male,3390.8,UPI, HPCL ,Food,Approved
s100692,2026-02-03, bengaluru ,C82614,Visa,Dining,Female,21868.22,Credit, ZOMATO ,Retail,Declined
s100693,2026-06-01, mumbai ,C47188,RuPay,Travel,Female,22232.01,Credit, AMAZON ,Food,Declined
s100694,2026-05-06, delhi ,C93974,MasterCard,Fuel,Male,21283.26,NetBanking, IRCTC ,E-commerce,Declined
s100695,2026-02-23, delhi ,C48699,MasterCard,Utilities,Female,2660.64,NetBanking, SWIGGY ,Retail,Declined
s100696,2026-04-24, pune ,C45333,MasterCard,Groceries,Female,24588.13,UPI, IRCTC ,Utilities,Declined
s100697,2026-05-25, vizag ,C26456,RuPay,Shopping,Female,13053.0,NetBanking, IRCTC ,Retail,Approved
s100698,2026-03-27, mumbai ,C54124,Visa,Groceries,Male,11237.32,UPI, SWIGGY ,Utilities,Declined
s100699,2026-06-13, hyderabad ,C35226,MasterCard,Shopping,Female,12354.57,Credit, IRCTC ,Food,Approved
s100700,2026-03-28, vizag ,C74365,RuPay,Groceries,Male,4642.41,Credit, RELIANCE ,Utilities,Approved
s100701,2026-01-09, delhi ,C11600,MasterCard,Groceries,Female,3408.23,Credit, IRCTC ,Retail,Declined
s100702,2026-06-13, mumbai ,C82485,RuPay,Travel,Male,9036.91,Credit, AMAZON ,Retail,Approved
s100703,2026-03-22, kolkata ,C41442,MasterCard,Dining,Female,10446.0,UPI, IRCTC ,Food,Declined
s100704,2026-05-10, kolkata ,C91633,RuPay,Shopping,Male,15183.32,UPI, ZOMATO ,Utilities,Approved
s100705,2026-02-26, delhi ,C48503,RuPay,Utilities,Female,6265.98,Credit, IOCL ,Food,Declined
s100706,2026-02-18, vizag ,C51320,RuPay,Groceries,Male,2309.65,NetBanking, IOCL ,E-commerce,Declined
s100707,2026-04-18, kolkata ,C40091,MasterCard,Travel,Male,19844.43,Credit, DMART ,E-commerce,Declined
s100708,2026-03-08, bengaluru ,C59692,MasterCard,Travel,Female,11462.01,UPI, SWIGGY ,Utilities,Approved
s100709,2026-01-19, delhi ,C14142,Amex,Travel,Female,24687.68,UPI, ZOMATO ,E-commerce,Approved
s100710,2026-04-19, vizag ,C99689,RuPay,Shopping,Male,11504.78,Credit, ZOMATO ,E-commerce,Approved
s100711,2026-05-12, mumbai ,C44170,RuPay,Dining,Male,20556.24,Credit, IRCTC ,Travel,Declined
s100712,2026-04-19, pune ,C24233,RuPay,Utilities,Male,3956.08,Credit, AMAZON ,Fuel,Declined
s100713,2026-05-05, kolkata ,C14763,RuPay,Shopping,Female,11242.01,NetBanking, ZOMATO ,Utilities,Declined
s100714,2026-01-22, chennai ,C45803,MasterCard,Groceries,Female,6530.21,UPI, IOCL ,Food,Declined
s100715,2026-05-29, mumbai ,C76748,MasterCard,Travel,Male,21208.0,Credit, SWIGGY ,Utilities,Approved
s100716,2026-05-02, mumbai ,C54412,MasterCard,Shopping,Male,13029.26,Credit, DMART ,Utilities,Approved
s100717,2026-06-29, kolkata ,C96416,Amex,Dining,Female,22155.66,UPI, HPCL ,Fuel,Declined
s100718,2026-05-15, vizag ,C36136,MasterCard,Fuel,Female,1676.43,Credit, DMART ,Food,Declined
s100719,2026-03-06, bengaluru ,C96922,MasterCard,Dining,Female,23557.51,NetBanking, DMART ,Fuel,Declined
s100720,2026-06-25, hyderabad ,C24929,RuPay,Groceries,Female,6776.5,Credit, ZOMATO ,Travel,Approved
s100721,2026-05-28, bengaluru ,C86410,RuPay,Utilities,Female,16450.22,Credit, DMART ,Food,Declined
s100722,2026-02-13, kolkata ,C20472,RuPay,Groceries,Male,22360.67,UPI, AMAZON ,Travel,Declined
s100723,2026-01-21, chennai ,C31815,RuPay,Shopping,Male,16278.75,Credit, DMART ,E-commerce,Approved
s100724,2026-03-30, vizag ,C99586,RuPay,Groceries,Male,13958.47,Credit, AMAZON ,E-commerce,Declined
s100725,2026-06-15, chennai ,C43451,Amex,Fuel,Male,22234.87,Credit, ZOMATO ,Travel,Declined
s100726,2026-02-15, kolkata ,C39880,Visa,Utilities,Female,1409.41,Credit, AMAZON ,Fuel,Declined
s100727,2026-04-22, vizag ,C16918,RuPay,Utilities,Male,18459.26,UPI, HPCL ,Fuel,Approved
s100728,2026-02-24, pune ,C46529,Visa,Dining,Female,3827.81,NetBanking, RELIANCE ,Retail,Declined
s100729,2026-05-26, delhi ,C79834,Amex,Dining,Male,13489.28,UPI, SWIGGY ,Fuel,Declined
s100730,2026-01-20, chennai ,C20548,MasterCard,Groceries,Female,14280.2,Credit, ZOMATO ,Fuel,Approved
s100731,2026-05-08, hyderabad ,C61363,MasterCard,Dining,Male,5722.5,Credit, IOCL ,Travel,Approved
s100732,2026-04-08, bengaluru ,C24533,MasterCard,Shopping,Female,1538.67,UPI, HPCL ,E-commerce,Declined
s100733,2026-02-11, delhi ,C75207,RuPay,Travel,Female,24101.09,NetBanking, AMAZON ,Fuel,Declined
s100734,2026-03-07, kolkata ,C25448,RuPay,Dining,Female,12910.06,NetBanking, ZOMATO ,Food,Approved
s100735,2026-02-01, kolkata ,C65406,RuPay,Shopping,Female,11417.55,UPI, ZOMATO ,Retail,Approved
s100736,2026-03-20, vizag ,C54051,MasterCard,Shopping,Male,1125.86,NetBanking, IOCL ,E-commerce,Approved
s100737,2026-02-02, kolkata ,C12830,MasterCard,Shopping,Female,24609.96,NetBanking, ZOMATO ,Utilities,Declined
s100738,2026-06-14, delhi ,C27363,MasterCard,Dining,Male,11290.55,NetBanking, AMAZON ,Utilities,Approved
s100739,2026-04-26, bengaluru ,C71250,Visa,Shopping,Female,8116.42,NetBanking, AMAZON ,Food,Declined
s100740,2026-04-14, bengaluru ,C29213,Visa,Travel,Female,8512.39,UPI, IOCL ,Travel,Declined
s100741,2026-04-10, mumbai ,C60524,MasterCard,Dining,Male,24386.24,NetBanking, DMART ,Retail,Approved
s100742,2026-06-18, chennai ,C33067,MasterCard,Fuel,Female,24204.9,Credit, DMART ,E-commerce,Approved
s100743,2026-05-06, chennai ,C14019,RuPay,Utilities,Female,14114.08,NetBanking, IRCTC ,Food,Approved
s100744,2026-01-24, chennai ,C40375,MasterCard,Travel,Female,20854.51,NetBanking, IRCTC ,Utilities,Declined
s100745,2026-06-11, vizag ,C55485,Visa,Fuel,Male,15048.71,NetBanking, RELIANCE ,Fuel,Approved
s100746,2026-01-07, bengaluru ,C40719,MasterCard,Dining,Male,18630.33,UPI, HPCL ,Travel,Approved
s100747,2026-06-19, pune ,C16469,Amex,Utilities,Female,15087.97,Credit, DMART ,Retail,Approved
s100748,2026-05-18, chennai ,C35729,Amex,Shopping,Female,18741.26,NetBanking, IRCTC ,Fuel,Approved
s100749,2026-04-21, mumbai ,C21475,MasterCard,Shopping,Male,17223.93,NetBanking, IRCTC ,Retail,Approved
s100750,2026-03-02, kolkata ,C69767,MasterCard,Utilities,Female,1846.94,NetBanking, AMAZON ,Travel,Declined
s100751,2026-06-22, kolkata ,C20032,RuPay,Travel,Female,2272.09,NetBanking, ZOMATO ,Fuel,Approved
s100752,2026-05-10, bengaluru ,C94568,Visa,Fuel,Female,17516.48,NetBanking, SWIGGY ,Utilities,Approved
s100753,2026-05-29, chennai ,C31513,MasterCard,Fuel,Female,18607.32,NetBanking, ZOMATO ,Utilities,Approved
s100754,2026-06-14, chennai ,C15492,Visa,Fuel,Male,22971.99,UPI, RELIANCE ,Retail,Approved
s100755,2026-02-06, vizag ,C49321,Amex,Shopping,Male,20042.81,Credit, SWIGGY ,Travel,Approved
s100756,2026-01-02, mumbai ,C50244,RuPay,Travel,Male,8548.31,UPI, SWIGGY ,Retail,Declined
s100757,2026-06-03, delhi ,C22072,Amex,Shopping,Female,13768.4,UPI, HPCL ,E-commerce,Approved
s100758,2026-02-25, chennai ,C76439,MasterCard,Fuel,Male,15114.49,UPI, HPCL ,E-commerce,Approved
s100759,2026-01-03, delhi ,C94047,MasterCard,Utilities,Female,19254.71,NetBanking, RELIANCE ,Retail,Declined
s100760,2026-01-24, hyderabad ,C97753,MasterCard,Travel,Male,8770.11,UPI, IOCL ,Retail,Approved
s100761,2026-01-15, kolkata ,C30665,Amex,Shopping,Female,7112.17,Credit, HPCL ,Food,Declined
s100762,2026-06-22, kolkata ,C21456,Amex,Dining,Female,17577.74,NetBanking, IOCL ,Retail,Approved
s100763,2026-03-19, chennai ,C86901,Amex,Travel,Male,1545.34,Credit, SWIGGY ,E-commerce,Approved
s100764,2026-01-08, chennai ,C55100,MasterCard,Groceries,Male,9733.9,Credit, DMART ,Food,Declined
s100765,2026-05-23, chennai ,C52599,Visa,Travel,Male,22317.05,NetBanking, AMAZON ,E-commerce,Declined
s100766,2026-06-05, kolkata ,C13227,RuPay,Travel,Female,14141.22,UPI, AMAZON ,Fuel,Declined
s100767,2026-06-14, pune ,C96268,Visa,Dining,Male,22867.76,Credit, AMAZON ,Travel,Declined
s100768,2026-02-23, hyderabad ,C78644,Amex,Shopping,Female,8353.43,Credit, IOCL ,Retail,Approved
s100769,2026-02-12, delhi ,C48739,Visa,Groceries,Male,17000.29,UPI, AMAZON ,Retail,Approved
s100770,2026-01-16, mumbai ,C72956,Amex,Fuel,Male,3634.69,Credit, ZOMATO ,Fuel,Approved
s100771,2026-02-20, pune ,C13077,Amex,Groceries,Female,7824.2,Credit, ZOMATO ,Food,Approved
s100772,2026-05-11, mumbai ,C31935,Amex,Fuel,Female,2483.79,Credit, SWIGGY ,Retail,Declined
s100773,2026-03-13, mumbai ,C49900,Visa,Utilities,Male,21031.7,UPI, ZOMATO ,Food,Declined
s100774,2026-06-16, kolkata ,C92076,RuPay,Utilities,Male,4976.79,Credit, AMAZON ,Travel,Approved
s100775,2026-02-25, hyderabad ,C97343,RuPay,Shopping,Male,12571.96,UPI, ZOMATO ,Retail,Declined
s100776,2026-01-01, kolkata ,C26440,MasterCard,Travel,Male,18369.55,NetBanking, SWIGGY ,Fuel,Approved
s100777,2026-05-26, delhi ,C41484,Amex,Groceries,Male,5422.16,Credit, IRCTC ,Utilities,Declined
s100778,2026-04-01, pune ,C62819,RuPay,Utilities,Male,21403.01,Credit, AMAZON ,Utilities,Approved
s100779,2026-04-06, mumbai ,C81301,RuPay,Dining,Male,11302.78,UPI, DMART ,Retail,Approved
s100780,2026-03-13, kolkata ,C52636,Visa,Shopping,Male,17113.5,NetBanking, DMART ,Travel,Declined
s100781,2026-01-30, chennai ,C15843,Visa,Utilities,Female,1111.7,UPI, IRCTC ,Travel,Approved
s100782,2026-01-02, vizag ,C68303,Visa,Utilities,Female,15817.68,Credit, AMAZON ,Fuel,Approved
s100783,2026-01-29, vizag ,C41666,RuPay,Shopping,Female,5152.52,Credit, ZOMATO ,Travel,Approved
s100784,2026-06-16, mumbai ,C90826,Amex,Travel,Male,2633.1,UPI, RELIANCE ,Fuel,Declined
s100785,2026-01-26, chennai ,C96620,MasterCard,Travel,Male,22450.94,NetBanking, AMAZON ,E-commerce,Approved
s100786,2026-03-22, mumbai ,C74751,RuPay,Shopping,Male,13372.74,UPI, AMAZON ,Utilities,Approved
s100787,2026-02-17, chennai ,C83483,Amex,Utilities,Female,418.27,NetBanking, HPCL ,Travel,Declined
s100788,2026-06-30, delhi ,C27872,MasterCard,Travel,Male,15744.03,NetBanking, AMAZON ,Utilities,Approved
s100789,2026-04-22, delhi ,C33756,Visa,Utilities,Female,14676.75,NetBanking, SWIGGY ,E-commerce,Declined
s100790,2026-03-01, delhi ,C47415,Amex,Dining,Male,12174.48,NetBanking, IOCL ,Fuel,Approved
s100791,2026-06-08, chennai ,C10750,RuPay,Travel,Male,20910.96,UPI, HPCL ,E-commerce,Declined
s100792,2026-04-01, mumbai ,C40282,Visa,Travel,Male,6328.69,UPI, DMART ,Travel,Approved
s100793,2026-06-26, kolkata ,C77698,Amex,Travel,Female,5590.2,NetBanking, HPCL ,Retail,Approved
s100794,2026-03-09, hyderabad ,C28714,Visa,Groceries,Male,1361.23,Credit, AMAZON ,Retail,Approved
s100795,2026-01-18, bengaluru ,C94265,RuPay,Fuel,Female,8673.94,NetBanking, HPCL ,Fuel,Declined
s100796,2026-02-13, bengaluru ,C64567,MasterCard,Travel,Female,18513.15,UPI, IRCTC ,E-commerce,Declined
s100797,2026-02-24, delhi ,C44178,Amex,Travel,Female,624.24,NetBanking, RELIANCE ,Retail,Approved
s100798,2026-05-16, bengaluru ,C61661,Visa,Groceries,Female,16358.28,NetBanking, ZOMATO ,Utilities,Approved
s100799,2026-05-06, mumbai ,C28812,Amex,Fuel,Female,9583.02,UPI, ZOMATO ,Travel,Approved
s100800,2026-05-17, delhi ,C66989,Amex,Groceries,Female,4512.62,Credit, RELIANCE ,Retail,Approved
s100801,2026-02-09, chennai ,C73105,Visa,Travel,Female,6052.74,Credit, HPCL ,Utilities,Declined
s100802,2026-01-08, chennai ,C59775,RuPay,Travel,Female,15465.48,UPI, ZOMATO ,Fuel,Approved
s100803,2026-02-12, mumbai ,C42486,Visa,Fuel,Male,12658.86,NetBanking, SWIGGY ,Utilities,Approved
s100804,2026-03-25, bengaluru ,C43181,MasterCard,Utilities,Male,11896.2,UPI, SWIGGY ,Fuel,Approved
s100805,2026-05-31, delhi ,C96072,RuPay,Dining,Male,13400.3,NetBanking, DMART ,Utilities,Approved
s100806,2026-02-06, delhi ,C15005,Amex,Groceries,Male,18084.47,UPI, DMART ,Retail,Approved
s100807,2026-03-31, delhi ,C67387,MasterCard,Utilities,Male,11855.02,Credit, ZOMATO ,Travel,Declined
s100808,2026-06-26, kolkata ,C35032,RuPay,Utilities,Male,22544.15,Credit, ZOMATO ,Food,Declined
s100809,2026-06-20, bengaluru ,C83176,Visa,Utilities,Female,22889.5,NetBanking, RELIANCE ,Retail,Approved
s100810,2026-06-08, kolkata ,C64274,RuPay,Groceries,Female,17598.21,NetBanking, SWIGGY ,E-commerce,Approved
s100811,2026-05-12, chennai ,C68693,RuPay,Travel,Female,6951.32,UPI, ZOMATO ,Fuel,Approved
s100812,2026-04-06, hyderabad ,C73942,Amex,Groceries,Male,11928.77,NetBanking, IRCTC ,Food,Declined
s100813,2026-02-21, pune ,C40225,Amex,Fuel,Male,2542.53,UPI, IRCTC ,E-commerce,Declined
s100814,2026-01-16, hyderabad ,C89660,RuPay,Shopping,Male,20163.49,UPI, RELIANCE ,Fuel,Declined
s100815,2026-02-25, chennai ,C41421,Visa,Fuel,Male,10149.49,NetBanking, ZOMATO ,Food,Declined
s100816,2026-05-03, delhi ,C99520,RuPay,Shopping,Male,9955.65,UPI, IRCTC ,Travel,Approved
s100817,2026-01-26, kolkata ,C12110,MasterCard,Travel,Male,4257.98,NetBanking, HPCL ,Travel,Approved
s100818,2026-06-08, mumbai ,C99923,MasterCard,Travel,Female,7062.79,NetBanking, IRCTC ,Travel,Approved
s100819,2026-06-08, pune ,C61060,MasterCard,Fuel,Female,7347.3,NetBanking, IOCL ,Retail,Declined
s100820,2026-04-27, bengaluru ,C78889,MasterCard,Dining,Female,1631.66,Credit, IOCL ,E-commerce,Approved
s100821,2026-04-16, kolkata ,C67576,MasterCard,Groceries,Male,3096.51,NetBanking, HPCL ,Utilities,Declined
s100822,2026-03-31, delhi ,C18782,RuPay,Travel,Female,12030.68,Credit, AMAZON ,Travel,Declined
s100823,2026-02-27, mumbai ,C67989,Amex,Shopping,Female,14995.3,NetBanking, IOCL ,Retail,Declined
s100824,2026-04-13, chennai ,C45812,MasterCard,Shopping,Female,16497.01,Credit, IOCL ,Retail,Approved
s100825,2026-01-10, vizag ,C87267,MasterCard,Groceries,Male,16024.72,NetBanking, DMART ,Food,Declined
s100826,2026-02-22, pune ,C64884,MasterCard,Shopping,Male,1948.91,NetBanking, HPCL ,Fuel,Approved
s100827,2026-04-09, chennai ,C60212,Amex,Dining,Male,8276.12,NetBanking, DMART ,E-commerce,Declined
s100828,2026-06-25, vizag ,C37813,RuPay,Travel,Female,13130.69,Credit, AMAZON ,Fuel,Declined
s100829,2026-04-25, delhi ,C69850,MasterCard,Shopping,Male,21338.55,UPI, DMART ,Food,Declined
s100830,2026-02-09, hyderabad ,C81385,Amex,Shopping,Male,14280.76,NetBanking, IOCL ,Retail,Declined
s100831,2026-05-06, vizag ,C66056,MasterCard,Shopping,Female,9703.52,UPI, RELIANCE ,Food,Approved
s100832,2026-04-14, hyderabad ,C12420,Amex,Travel,Female,378.32,Credit, SWIGGY ,E-commerce,Approved
s100833,2026-05-11, mumbai ,C75602,Visa,Fuel,Male,11540.1,Credit, RELIANCE ,E-commerce,Declined
s100834,2026-06-02, hyderabad ,C75179,Amex,Utilities,Female,3178.21,NetBanking, RELIANCE ,Travel,Declined
s100835,2026-06-30, bengaluru ,C64291,Amex,Travel,Male,22199.96,NetBanking, AMAZON ,Retail,Approved
s100836,2026-02-07, chennai ,C33532,RuPay,Travel,Female,10884.79,NetBanking, IOCL ,Travel,Approved
s100837,2026-05-02, pune ,C83600,Amex,Dining,Female,24821.05,UPI, ZOMATO ,Food,Approved
s100838,2026-03-18, mumbai ,C81367,MasterCard,Groceries,Male,5023.11,NetBanking, SWIGGY ,E-commerce,Approved
s100839,2026-02-17, kolkata ,C88484,Visa,Dining,Female,19178.74,NetBanking, ZOMATO ,Food,Declined
s100840,2026-03-17, chennai ,C68227,MasterCard,Travel,Female,23784.65,NetBanking, HPCL ,E-commerce,Declined
s100841,2026-03-18, vizag ,C30231,Visa,Shopping,Male,10890.18,UPI, ZOMATO ,Retail,Declined
s100842,2026-04-28, delhi ,C71777,Visa,Shopping,Male,17571.31,UPI, AMAZON ,Food,Approved
s100843,2026-01-30, hyderabad ,C13766,Visa,Dining,Female,11799.75,UPI, AMAZON ,E-commerce,Approved
s100844,2026-02-10, hyderabad ,C13262,MasterCard,Utilities,Female,7768.1,Credit, IRCTC ,Fuel,Approved
s100845,2026-02-04, mumbai ,C55044,RuPay,Groceries,Male,837.16,UPI, DMART ,Retail,Declined
s100846,2026-03-28, kolkata ,C34371,Visa,Groceries,Male,4316.93,UPI, AMAZON ,Fuel,Declined
s100847,2026-01-28, bengaluru ,C34798,Amex,Travel,Female,8768.78,UPI, ZOMATO ,E-commerce,Declined
s100848,2026-04-10, pune ,C64489,MasterCard,Dining,Female,21217.53,UPI, AMAZON ,Fuel,Approved
s100849,2026-04-15, chennai ,C77008,Amex,Travel,Female,3899.96,NetBanking, IRCTC ,Utilities,Approved
s100850,2026-03-15, mumbai ,C11313,Amex,Fuel,Female,5984.67,Credit, ZOMATO ,Fuel,Declined
s100851,2026-04-26, hyderabad ,C88605,Visa,Dining,Male,13844.83,Credit, IRCTC ,Food,Approved
s100852,2026-01-16, delhi ,C49754,Visa,Dining,Male,16455.92,Credit, IOCL ,Travel,Declined
s100853,2026-05-19, hyderabad ,C60462,Amex,Shopping,Female,13519.06,Credit, IRCTC ,Fuel,Approved
s100854,2026-02-06, vizag ,C73431,Visa,Travel,Male,24044.71,NetBanking, HPCL ,Travel,Approved
s100855,2026-06-27, pune ,C37822,RuPay,Groceries,Female,16070.54,Credit, IRCTC ,Fuel,Declined
s100856,2026-05-07, mumbai ,C40411,Visa,Fuel,Female,22628.66,UPI, IRCTC ,Retail,Declined
s100857,2026-06-25, delhi ,C93318,RuPay,Fuel,Male,20578.96,Credit, IRCTC ,Retail,Approved
s100858,2026-01-09, kolkata ,C57745,Amex,Groceries,Male,23474.25,UPI, HPCL ,Fuel,Approved
s100859,2026-06-07, mumbai ,C49107,MasterCard,Fuel,Male,22489.46,UPI, SWIGGY ,Food,Declined
s100860,2026-03-22, vizag ,C38764,MasterCard,Utilities,Female,2206.22,NetBanking, SWIGGY ,E-commerce,Declined
s100861,2026-04-18, bengaluru ,C69820,MasterCard,Fuel,Male,7067.68,Credit, DMART ,Utilities,Declined
s100862,2026-05-27, chennai ,C43120,Amex,Utilities,Female,24768.04,UPI, SWIGGY ,E-commerce,Approved
s100863,2026-03-25, mumbai ,C14906,Visa,Travel,Female,13065.74,UPI, DMART ,Food,Approved
s100864,2026-05-06, mumbai ,C45523,Visa,Dining,Female,20269.26,UPI, DMART ,Retail,Approved
s100865,2026-04-09, mumbai ,C10732,Visa,Travel,Male,22780.33,NetBanking, RELIANCE ,Retail,Approved
s100866,2026-01-12, chennai ,C28951,Visa,Groceries,Male,21973.49,Credit, SWIGGY ,Utilities,Declined
s100867,2026-06-29, hyderabad ,C38387,Amex,Fuel,Female,4192.74,UPI, IRCTC ,E-commerce,Declined
s100868,2026-02-05, vizag ,C34606,RuPay,Travel,Male,3541.72,UPI, DMART ,Fuel,Declined
s100869,2026-06-22, chennai ,C80381,RuPay,Travel,Female,12530.65,NetBanking, IRCTC ,E-commerce,Declined
s100870,2026-01-11, chennai ,C71976,Amex,Groceries,Female,13416.37,UPI, IOCL ,Travel,Declined
s100871,2026-01-25, chennai ,C79454,Visa,Dining,Female,23254.75,Credit, DMART ,E-commerce,Approved
s100872,2026-06-28, pune ,C37793,Visa,Dining,Male,8421.25,UPI, HPCL ,Utilities,Declined
s100873,2026-06-07, vizag ,C23704,MasterCard,Travel,Male,2924.74,Credit, RELIANCE ,Utilities,Approved
s100874,2026-01-03, delhi ,C32092,MasterCard,Shopping,Female,15703.69,UPI, HPCL ,Fuel,Declined
s100875,2026-03-23, pune ,C48011,RuPay,Fuel,Female,8145.14,NetBanking, ZOMATO ,Fuel,Approved
s100876,2026-04-10, hyderabad ,C50098,MasterCard,Shopping,Female,12924.56,NetBanking, SWIGGY ,Fuel,Declined
s100877,2026-03-13, hyderabad ,C61852,Visa,Groceries,Female,14536.63,Credit, ZOMATO ,Fuel,Declined
s100878,2026-01-13, pune ,C99072,MasterCard,Fuel,Male,4764.42,Credit, HPCL ,Food,Declined
s100879,2026-02-19, hyderabad ,C79880,Visa,Travel,Male,597.73,NetBanking, IRCTC ,Retail,Approved
s100880,2026-04-10, vizag ,C68827,Visa,Travel,Male,14152.59,NetBanking, RELIANCE ,Travel,Approved
s100881,2026-05-19, delhi ,C23254,MasterCard,Utilities,Female,14739.68,Credit, IRCTC ,Retail,Declined
s100882,2026-02-26, mumbai ,C28337,RuPay,Shopping,Female,19285.67,NetBanking, AMAZON ,Travel,Approved
s100883,2026-04-19, chennai ,C73730,RuPay,Groceries,Male,2519.93,NetBanking, DMART ,E-commerce,Declined
s100884,2026-03-19, delhi ,C50637,RuPay,Fuel,Male,16964.02,UPI, DMART ,E-commerce,Approved
s100885,2026-04-10, bengaluru ,C10462,Amex,Fuel,Male,22261.59,UPI, HPCL ,Retail,Approved
s100886,2026-06-08, pune ,C22495,RuPay,Utilities,Female,359.18,Credit, HPCL ,Retail,Approved
s100887,2026-03-20, hyderabad ,C41893,MasterCard,Utilities,Female,325.08,UPI, AMAZON ,E-commerce,Approved
s100888,2026-01-20, vizag ,C82844,RuPay,Dining,Male,22510.63,UPI, IRCTC ,Food,Approved
s100889,2026-03-12, pune ,C57795,Visa,Fuel,Male,15042.22,UPI, IRCTC ,E-commerce,Approved
s100890,2026-05-16, kolkata ,C80273,Amex,Dining,Female,11021.9,UPI, SWIGGY ,Food,Approved
s100891,2026-04-08, mumbai ,C37039,MasterCard,Fuel,Female,13120.74,Credit, IOCL ,Fuel,Declined
s100892,2026-02-18, bengaluru ,C86327,Visa,Utilities,Female,23667.52,Credit, DMART ,Travel,Declined
s100893,2026-01-29, vizag ,C17450,MasterCard,Dining,Male,22261.21,Credit, SWIGGY ,Food,Declined
s100894,2026-05-18, mumbai ,C21685,RuPay,Utilities,Female,7076.67,UPI, AMAZON ,Fuel,Approved
s100895,2026-03-02, chennai ,C44708,MasterCard,Shopping,Female,20872.95,UPI, SWIGGY ,Utilities,Declined
s100896,2026-06-23, vizag ,C37914,MasterCard,Groceries,Female,4008.85,NetBanking, RELIANCE ,Fuel,Approved
s100897,2026-06-16, bengaluru ,C42368,MasterCard,Groceries,Female,23709.66,UPI, DMART ,Fuel,Declined
s100898,2026-06-25, delhi ,C62979,Visa,Travel,Female,14753.39,Credit, HPCL ,Travel,Declined
s100899,2026-01-07, pune ,C63302,RuPay,Utilities,Male,9620.67,UPI, DMART ,Retail,Declined
s100900,2026-02-26, bengaluru ,C30466,RuPay,Shopping,Male,4716.57,UPI, RELIANCE ,E-commerce,Declined
s100901,2026-03-11, vizag ,C67124,Visa,Travel,Female,1551.53,Credit, SWIGGY ,E-commerce,Declined
s100902,2026-02-07, kolkata ,C51300,Amex,Groceries,Female,1851.31,UPI, AMAZON ,Travel,Declined
s100903,2026-03-18, mumbai ,C13491,Visa,Dining,Male,7708.85,UPI, IOCL ,Utilities,Approved
s100904,2026-04-02, mumbai ,C19407,MasterCard,Shopping,Female,18941.02,Credit, HPCL ,Travel,Declined
s100905,2026-04-07, kolkata ,C89071,MasterCard,Dining,Female,18223.38,Credit, SWIGGY ,Utilities,Approved
s100906,2026-03-07, chennai ,C73266,RuPay,Utilities,Male,4486.47,NetBanking, HPCL ,Utilities,Declined
s100907,2026-01-28, chennai ,C76147,MasterCard,Dining,Male,4070.63,NetBanking, HPCL ,Food,Declined
s100908,2026-06-18, bengaluru ,C86392,RuPay,Utilities,Male,10235.63,NetBanking, DMART ,Retail,Declined
s100909,2026-03-30, kolkata ,C21830,Visa,Travel,Male,14019.79,UPI, IRCTC ,Retail,Declined
s100910,2026-05-14, kolkata ,C75970,RuPay,Shopping,Male,851.98,Credit, SWIGGY ,Food,Approved
s100911,2026-04-10, pune ,C61332,MasterCard,Utilities,Female,22325.01,Credit, RELIANCE ,E-commerce,Declined
s100912,2026-03-09, bengaluru ,C56508,MasterCard,Shopping,Male,18258.22,NetBanking, IOCL ,Travel,Declined
s100913,2026-05-04, hyderabad ,C24887,Amex,Shopping,Female,24972.09,Credit, RELIANCE ,Utilities,Approved
s100914,2026-02-19, kolkata ,C26450,Amex,Fuel,Female,9342.25,Credit, DMART ,Retail,Declined
s100915,2026-05-19, pune ,C60740,MasterCard,Groceries,Female,7436.14,Credit, ZOMATO ,Utilities,Approved
s100916,2026-02-11, hyderabad ,C50817,RuPay,Shopping,Female,5554.52,NetBanking, ZOMATO ,Fuel,Declined
s100917,2026-02-05, delhi ,C16294,RuPay,Fuel,Male,7011.1,UPI, DMART ,Utilities,Approved
s100918,2026-04-13, kolkata ,C63402,Visa,Travel,Male,14508.72,NetBanking, RELIANCE ,Utilities,Declined
s100919,2026-02-24, bengaluru ,C54155,MasterCard,Groceries,Male,23677.79,UPI, AMAZON ,Retail,Approved
s100920,2026-01-28, kolkata ,C81158,Amex,Dining,Male,4101.62,NetBanking, RELIANCE ,Fuel,Approved
s100921,2026-03-07, kolkata ,C55857,Amex,Utilities,Male,20682.88,UPI, DMART ,Travel,Declined
s100922,2026-06-22, mumbai ,C60321,Visa,Utilities,Male,7966.69,NetBanking, IRCTC ,Retail,Declined
s100923,2026-04-10, delhi ,C47343,MasterCard,Travel,Female,17553.08,Credit, AMAZON ,Retail,Declined
s100924,2026-06-14, chennai ,C66389,Amex,Shopping,Female,20325.57,UPI, IOCL ,Utilities,Approved
s100925,2026-01-28, pune ,C55891,Amex,Shopping,Male,22360.4,Credit, IOCL ,Travel,Approved
s100926,2026-04-05, vizag ,C77029,Amex,Dining,Female,783.87,NetBanking, DMART ,Food,Approved
s100927,2026-06-23, kolkata ,C22573,RuPay,Utilities,Female,5765.27,UPI, SWIGGY ,Fuel,Approved
s100928,2026-02-08, vizag ,C88454,Amex,Utilities,Male,23626.37,UPI, IRCTC ,E-commerce,Approved
s100929,2026-05-31, kolkata ,C91913,RuPay,Dining,Female,19898.33,Credit, DMART ,Food,Declined
s100930,2026-04-06, kolkata ,C51197,RuPay,Groceries,Female,14094.74,UPI, IRCTC ,Utilities,Approved
s100931,2026-06-20, kolkata ,C78486,RuPay,Fuel,Female,9409.15,NetBanking, ZOMATO ,Travel,Declined
s100932,2026-02-20, bengaluru ,C54869,Amex,Utilities,Female,14495.07,NetBanking, HPCL ,Utilities,Approved
s100933,2026-05-16, bengaluru ,C55058,Amex,Fuel,Male,16257.98,Credit, IRCTC ,Retail,Declined
s100934,2026-04-14, mumbai ,C87965,Visa,Dining,Female,19487.06,UPI, IRCTC ,Fuel,Declined
s100935,2026-04-11, vizag ,C99101,Amex,Travel,Female,7457.71,UPI, DMART ,Fuel,Approved
s100936,2026-06-22, vizag ,C56713,MasterCard,Travel,Male,14565.56,Credit, HPCL ,Utilities,Declined
s100937,2026-01-30, bengaluru ,C73627,RuPay,Dining,Male,20561.6,UPI, SWIGGY ,E-commerce,Declined
s100938,2026-01-13, chennai ,C25453,Visa,Shopping,Male,22170.83,Credit, IOCL ,Fuel,Declined
s100939,2026-06-08, kolkata ,C72968,MasterCard,Dining,Male,5445.71,Credit, IOCL ,Retail,Declined
s100940,2026-02-21, bengaluru ,C83988,Amex,Shopping,Male,7684.09,UPI, DMART ,Retail,Approved
s100941,2026-01-12, kolkata ,C71961,Amex,Groceries,Female,11520.77,UPI, IOCL ,Fuel,Approved
s100942,2026-06-13, delhi ,C71431,Visa,Fuel,Male,15504.47,NetBanking, IRCTC ,Utilities,Declined
s100943,2026-06-25, pune ,C48361,Visa,Dining,Female,9726.9,UPI, DMART ,Travel,Approved
s100944,2026-01-01, kolkata ,C93873,Amex,Travel,Male,13761.38,Credit, AMAZON ,E-commerce,Declined
s100945,2026-03-25, pune ,C71530,Amex,Shopping,Female,15502.12,Credit, RELIANCE ,Retail,Approved
s100946,2026-01-05, kolkata ,C55411,Amex,Utilities,Female,7714.2,Credit, SWIGGY ,Travel,Approved
s100947,2026-06-13, hyderabad ,C20875,Visa,Groceries,Female,23638.66,Credit, IOCL ,Utilities,Declined
s100948,2026-02-14, bengaluru ,C75480,Visa,Travel,Female,10502.29,UPI, AMAZON ,Utilities,Approved
s100949,2026-05-06, kolkata ,C28567,Visa,Fuel,Female,12136.94,Credit, IRCTC ,E-commerce,Declined
s100950,2026-04-10, pune ,C76511,MasterCard,Dining,Female,15136.36,NetBanking, AMAZON ,Utilities,Approved
s100951,2026-04-15, kolkata ,C56919,Visa,Groceries,Female,19983.2,NetBanking, RELIANCE ,Retail,Approved
s100952,2026-01-10, kolkata ,C18252,Visa,Groceries,Male,6016.53,Credit, ZOMATO ,E-commerce,Declined
s100953,2026-03-02, delhi ,C73552,MasterCard,Travel,Male,17406.86,UPI, AMAZON ,Utilities,Approved
s100954,2026-03-08, vizag ,C49582,Visa,Utilities,Female,14203.78,UPI, IRCTC ,Travel,Declined
s100955,2026-03-14, bengaluru ,C97900,Amex,Travel,Female,10788.17,UPI, DMART ,Fuel,Declined
s100956,2026-02-17, bengaluru ,C39165,MasterCard,Groceries,Male,15551.76,Credit, DMART ,Utilities,Declined
s100957,2026-04-09, bengaluru ,C15224,MasterCard,Groceries,Male,9862.56,NetBanking, AMAZON ,Fuel,Declined
s100958,2026-02-08, kolkata ,C97676,Amex,Utilities,Male,21829.3,UPI, DMART ,Utilities,Approved
s100959,2026-06-08, mumbai ,C78703,MasterCard,Utilities,Male,15107.21,UPI, ZOMATO ,Utilities,Approved
s100960,2026-04-12, vizag ,C34461,Visa,Shopping,Male,344.3,Credit, AMAZON ,E-commerce,Declined
s100961,2026-05-30, hyderabad ,C55849,MasterCard,Dining,Male,2865.3,NetBanking, HPCL ,Food,Declined
s100962,2026-04-16, vizag ,C34338,MasterCard,Travel,Male,3999.62,UPI, ZOMATO ,Utilities,Approved
s100963,2026-06-29, mumbai ,C77672,RuPay,Fuel,Male,2488.8,NetBanking, ZOMATO ,Fuel,Approved
s100964,2026-02-10, chennai ,C44680,MasterCard,Utilities,Female,6444.56,UPI, AMAZON ,Utilities,Declined
s100965,2026-04-21, bengaluru ,C55298,MasterCard,Utilities,Male,3443.5,NetBanking, HPCL ,Food,Declined
s100966,2026-05-19, kolkata ,C18633,MasterCard,Utilities,Male,8776.99,UPI, DMART ,Travel,Approved
s100967,2026-02-15, bengaluru ,C24990,Amex,Groceries,Female,8816.26,NetBanking, AMAZON ,Travel,Approved
s100968,2026-05-12, chennai ,C17268,Visa,Shopping,Female,2935.24,UPI, AMAZON ,Fuel,Declined
s100969,2026-01-29, mumbai ,C54582,MasterCard,Shopping,Female,11114.28,Credit, RELIANCE ,Travel,Approved
s100970,2026-01-16, pune ,C70853,Visa,Utilities,Male,10827.06,NetBanking, ZOMATO ,Fuel,Approved
s100971,2026-03-22, vizag ,C13373,Amex,Utilities,Male,19758.11,UPI, RELIANCE ,Fuel,Approved
s100972,2026-06-29, delhi ,C66421,Visa,Fuel,Female,3670.55,Credit, IRCTC ,Food,Approved
s100973,2026-02-16, kolkata ,C19349,Amex,Dining,Male,9717.28,NetBanking, HPCL ,Retail,Declined
s100974,2026-01-14, chennai ,C28998,RuPay,Fuel,Male,19665.57,UPI, RELIANCE ,E-commerce,Approved
s100975,2026-05-17, mumbai ,C11738,MasterCard,Groceries,Male,19129.28,NetBanking, DMART ,Travel,Approved
s100976,2026-06-13, bengaluru ,C85651,MasterCard,Shopping,Female,21097.19,UPI, IRCTC ,E-commerce,Approved
s100977,2026-06-30, chennai ,C40117,Visa,Dining,Male,2083.87,NetBanking, HPCL ,Retail,Declined
s100978,2026-02-15, vizag ,C70465,Visa,Groceries,Male,7635.96,Credit, HPCL ,Utilities,Declined
s100979,2026-05-10, hyderabad ,C87005,Visa,Fuel,Female,20353.48,NetBanking, HPCL ,Fuel,Declined
s100980,2026-03-14, chennai ,C70368,Amex,Utilities,Male,15197.39,UPI, ZOMATO ,Retail,Declined
s100981,2026-03-04, bengaluru ,C34671,RuPay,Travel,Male,5722.03,NetBanking, HPCL ,Utilities,Declined
s100982,2026-03-06, pune ,C25918,RuPay,Travel,Female,23641.77,NetBanking, IRCTC ,Retail,Declined
s100983,2026-03-07, hyderabad ,C32964,RuPay,Utilities,Female,19842.3,Credit, AMAZON ,Fuel,Approved
s100984,2026-06-12, bengaluru ,C68159,Visa,Fuel,Female,6908.77,UPI, IRCTC ,E-commerce,Declined
s100985,2026-06-04, kolkata ,C47672,Amex,Utilities,Male,14021.95,UPI, RELIANCE ,Travel,Declined
s100986,2026-05-08, vizag ,C75329,RuPay,Groceries,Male,18642.36,UPI, IRCTC ,Travel,Approved
s100987,2026-02-03, delhi ,C71810,Visa,Utilities,Male,387.78,NetBanking, DMART ,Food,Approved
s100988,2026-01-30, vizag ,C43482,RuPay,Dining,Male,2341.34,NetBanking, DMART ,Utilities,Declined
s100989,2026-06-23, bengaluru ,C60898,RuPay,Shopping,Male,17861.1,Credit, HPCL ,E-commerce,Declined
s100990,2026-03-13, pune ,C25203,Amex,Travel,Male,6044.78,Credit, IOCL ,Utilities,Declined
s100991,2026-01-17, hyderabad ,C25020,Amex,Utilities,Female,19566.04,UPI, RELIANCE ,Travel,Approved
s100992,2026-03-10, kolkata ,C70822,Visa,Shopping,Male,1651.56,NetBanking, SWIGGY ,Food,Approved
s100993,2026-06-26, hyderabad ,C79343,Amex,Travel,Male,8570.53,NetBanking, IRCTC ,Retail,Declined
s100994,2026-02-23, pune ,C97408,RuPay,Fuel,Male,4850.25,Credit, IOCL ,Utilities,Declined
s100995,2026-03-10, mumbai ,C27482,MasterCard,Groceries,Female,10440.88,Credit, ZOMATO ,Travel,Approved
s100996,2026-04-18, vizag ,C82303,MasterCard,Utilities,Female,20326.73,UPI, HPCL ,Retail,Approved
s100997,2026-03-20, mumbai ,C83747,Amex,Fuel,Female,3628.75,Credit, IOCL ,Utilities,Declined
s100998,2026-03-22, kolkata ,C46943,RuPay,Travel,Male,19764.36,Credit, SWIGGY ,E-commerce,Approved
s100999,2026-03-10, vizag ,C66700,Amex,Travel,Female,17373.97,UPI, AMAZON ,Food,Declined
s101000,2026-05-13, delhi ,C29594,RuPay,Groceries,Male,12928.54,UPI, IRCTC ,E-commerce,Approved
s101001,2026-01-19, bengaluru ,C94888,Amex,Groceries,Male,16304.99,NetBanking, IRCTC ,Utilities,Approved
s101002,2026-02-12, hyderabad ,C13824,RuPay,Dining,Female,11240.96,Credit, IRCTC ,Fuel,Declined
s101003,2026-06-20, bengaluru ,C63476,Visa,Fuel,Female,1839.67,Credit, IRCTC ,Utilities,Declined
s101004,2026-06-23, delhi ,C17761,Amex,Shopping,Female,23649.36,Credit, ZOMATO ,Utilities,Approved
s101005,2026-05-12, delhi ,C16083,RuPay,Utilities,Female,22717.34,Credit, ZOMATO ,E-commerce,Approved
s101006,2026-01-31, delhi ,C86964,Amex,Travel,Male,9756.7,Credit, RELIANCE ,Fuel,Declined
s101007,2026-04-01, kolkata ,C39302,MasterCard,Dining,Female,20656.11,NetBanking, AMAZON ,Retail,Approved
s101008,2026-03-27, chennai ,C22156,Amex,Utilities,Male,24993.4,Credit, DMART ,Fuel,Approved
s101009,2026-05-17, bengaluru ,C42489,Visa,Utilities,Female,1947.49,Credit, HPCL ,E-commerce,Approved
s101010,2026-04-01, bengaluru ,C44766,Amex,Utilities,Female,16726.69,NetBanking, ZOMATO ,Food,Approved
s101011,2026-03-04, mumbai ,C14614,RuPay,Dining,Female,10159.0,NetBanking, ZOMATO ,Utilities,Declined
s101012,2026-02-20, delhi ,C94302,Amex,Travel,Female,12699.32,NetBanking, ZOMATO ,Travel,Declined
s101013,2026-02-22, vizag ,C37231,MasterCard,Groceries,Male,1141.69,NetBanking, AMAZON ,Travel,Declined
s101014,2026-01-26, kolkata ,C97505,Amex,Groceries,Male,7182.18,NetBanking, RELIANCE ,Travel,Approved
s101015,2026-06-15, hyderabad ,C25843,MasterCard,Utilities,Male,14865.05,Credit, AMAZON ,E-commerce,Approved
s101016,2026-02-04, pune ,C27590,Visa,Dining,Male,13431.01,NetBanking, SWIGGY ,E-commerce,Declined
s101017,2026-04-09, pune ,C64539,Amex,Utilities,Male,11319.53,UPI, AMAZON ,Utilities,Declined
s101018,2026-06-26, mumbai ,C93917,Amex,Groceries,Female,17626.28,Credit, SWIGGY ,Retail,Declined
s101019,2026-03-03, pune ,C56074,RuPay,Dining,Male,3237.93,NetBanking, SWIGGY ,Food,Declined
s101020,2026-04-10, hyderabad ,C17391,Amex,Travel,Male,14431.16,Credit, RELIANCE ,Food,Approved
s101021,2026-06-05, mumbai ,C58958,Visa,Travel,Male,7508.7,NetBanking, ZOMATO ,Fuel,Declined
s101022,2026-01-15, hyderabad ,C50740,Amex,Travel,Female,293.89,UPI, IOCL ,Fuel,Declined
s101023,2026-03-11, delhi ,C88319,RuPay,Dining,Female,23942.94,UPI, ZOMATO ,Food,Approved
s101024,2026-02-11, mumbai ,C48237,Visa,Fuel,Male,18894.41,UPI, RELIANCE ,Retail,Approved
s101025,2026-03-17, hyderabad ,C92432,Visa,Travel,Male,12119.86,Credit, SWIGGY ,Retail,Approved
s101026,2026-01-26, chennai ,C24316,Amex,Groceries,Male,1148.97,UPI, IRCTC ,Travel,Approved
s101027,2026-02-17, hyderabad ,C77870,MasterCard,Travel,Male,16863.06,NetBanking, ZOMATO ,Food,Declined
s101028,2026-05-12, vizag ,C37656,RuPay,Fuel,Male,24009.23,Credit, IRCTC ,E-commerce,Declined
s101029,2026-02-27, pune ,C74621,Visa,Utilities,Male,9815.84,Credit, HPCL ,Food,Declined
s101030,2026-05-28, vizag ,C77372,RuPay,Groceries,Female,22702.12,Credit, ZOMATO ,Fuel,Declined
s101031,2026-03-05, pune ,C52417,RuPay,Fuel,Female,6829.3,UPI, IRCTC ,Food,Approved
s101032,2026-03-15, mumbai ,C81775,Amex,Groceries,Female,5958.56,NetBanking, SWIGGY ,Fuel,Declined
s101033,2026-01-09, kolkata ,C44490,Visa,Travel,Female,18479.18,UPI, AMAZON ,Fuel,Declined
s101034,2026-05-29, mumbai ,C42535,Amex,Travel,Female,14391.95,Credit, DMART ,Travel,Declined
s101035,2026-01-05, hyderabad ,C66102,MasterCard,Shopping,Female,13062.49,UPI, SWIGGY ,Travel,Approved
s101036,2026-06-10, pune ,C96550,MasterCard,Shopping,Female,8665.17,UPI, AMAZON ,Travel,Declined
s101037,2026-04-16, hyderabad ,C89725,RuPay,Dining,Male,22755.08,Credit, ZOMATO ,E-commerce,Approved
s101038,2026-03-12, delhi ,C13953,MasterCard,Dining,Female,9133.4,NetBanking, HPCL ,Utilities,Approved
s101039,2026-02-01, delhi ,C33253,RuPay,Fuel,Male,15779.35,UPI, IRCTC ,Food,Approved
s101040,2026-03-18, hyderabad ,C30262,Visa,Fuel,Male,6793.76,UPI, AMAZON ,Utilities,Declined
s101041,2026-04-10, hyderabad ,C61723,RuPay,Groceries,Female,15903.88,Credit, AMAZON ,Fuel,Declined
s101042,2026-04-16, kolkata ,C35866,RuPay,Shopping,Male,10439.89,Credit, ZOMATO ,Utilities,Declined
s101043,2026-05-07, vizag ,C34926,Visa,Travel,Female,8477.08,UPI, IRCTC ,Food,Approved
s101044,2026-02-26, mumbai ,C20567,MasterCard,Fuel,Male,17183.96,NetBanking, AMAZON ,Fuel,Approved
s101045,2026-01-31, hyderabad ,C38429,Amex,Dining,Male,23223.24,NetBanking, AMAZON ,E-commerce,Declined
s101046,2026-05-08, bengaluru ,C84890,Amex,Shopping,Female,22934.43,NetBanking, IOCL ,Food,Declined
s101047,2026-05-11, delhi ,C36205,MasterCard,Fuel,Female,8079.04,NetBanking, IRCTC ,Retail,Approved
s101048,2026-06-19, chennai ,C74275,MasterCard,Travel,Male,2791.24,UPI, AMAZON ,Travel,Declined
s101049,2026-02-21, mumbai ,C46622,Amex,Shopping,Female,12013.5,Credit, SWIGGY ,Retail,Declined
s101050,2026-02-24, vizag ,C33322,RuPay,Utilities,Male,2350.04,UPI, IRCTC ,Utilities,Declined
s101051,2026-05-14, delhi ,C84849,Amex,Groceries,Male,978.33,Credit, IRCTC ,E-commerce,Approved
s101052,2026-01-03, bengaluru ,C89733,MasterCard,Dining,Female,1607.48,Credit, HPCL ,Retail,Declined
s101053,2026-03-24, pune ,C57640,RuPay,Fuel,Female,2469.42,NetBanking, DMART ,Utilities,Declined
s101054,2026-06-23, kolkata ,C22017,RuPay,Groceries,Female,19804.29,Credit, SWIGGY ,Travel,Approved
s101055,2026-04-16, vizag ,C72583,Visa,Travel,Male,2261.87,NetBanking, AMAZON ,E-commerce,Approved
s101056,2026-06-14, kolkata ,C46114,Visa,Groceries,Female,16443.78,UPI, SWIGGY ,Fuel,Declined
s101057,2026-04-14, delhi ,C28305,RuPay,Groceries,Female,8535.51,Credit, DMART ,Food,Declined
s101058,2026-05-30, bengaluru ,C10875,RuPay,Groceries,Female,4455.24,UPI, IOCL ,Travel,Declined
s101059,2026-02-27, mumbai ,C75098,MasterCard,Travel,Male,21218.63,NetBanking, DMART ,Fuel,Approved
s101060,2026-01-07, hyderabad ,C13210,MasterCard,Travel,Male,652.38,Credit, RELIANCE ,Food,Declined
s101061,2026-04-07, hyderabad ,C61002,Amex,Groceries,Female,16778.09,UPI, HPCL ,Fuel,Declined
s101062,2026-03-17, delhi ,C24572,Visa,Groceries,Female,12581.65,Credit, DMART ,Food,Approved
s101063,2026-05-05, delhi ,C92746,MasterCard,Fuel,Female,1468.68,NetBanking, SWIGGY ,Food,Approved
s101064,2026-02-21, kolkata ,C72898,Visa,Dining,Male,15801.52,NetBanking, SWIGGY ,Fuel,Approved
s101065,2026-06-12, chennai ,C60309,MasterCard,Utilities,Male,11340.38,NetBanking, SWIGGY ,E-commerce,Declined
s101066,2026-03-31, pune ,C10417,Amex,Groceries,Male,4973.15,Credit, HPCL ,E-commerce,Approved
s101067,2026-05-12, chennai ,C45906,MasterCard,Shopping,Female,18761.33,UPI, AMAZON ,Travel,Declined
s101068,2026-06-10, mumbai ,C46397,RuPay,Travel,Female,21986.41,NetBanking, SWIGGY ,Food,Declined
s101069,2026-05-04, delhi ,C84615,Amex,Travel,Male,6310.13,Credit, AMAZON ,E-commerce,Declined
s101070,2026-02-02, chennai ,C19701,Visa,Travel,Female,23447.9,NetBanking, DMART ,Retail,Approved
s101071,2026-04-19, kolkata ,C60358,Visa,Shopping,Male,5881.71,Credit, ZOMATO ,E-commerce,Approved
s101072,2026-03-05, pune ,C31633,MasterCard,Travel,Female,14426.87,UPI, ZOMATO ,Food,Approved
s101073,2026-02-23, bengaluru ,C71557,Amex,Shopping,Male,1492.5,Credit, IRCTC ,Retail,Declined
s101074,2026-05-01, hyderabad ,C73033,MasterCard,Fuel,Male,7384.13,UPI, RELIANCE ,Retail,Declined
s101075,2026-04-02, vizag ,C46136,RuPay,Utilities,Female,24793.56,UPI, DMART ,Food,Approved
s101076,2026-06-14, mumbai ,C10663,Visa,Dining,Female,17477.43,UPI, HPCL ,Food,Declined
s101077,2026-04-25, bengaluru ,C58701,Visa,Dining,Female,23299.16,UPI, ZOMATO ,Utilities,Approved
s101078,2026-04-23, chennai ,C83101,Amex,Travel,Male,2005.85,Credit, IOCL ,E-commerce,Approved
s101079,2026-05-03, bengaluru ,C49847,Amex,Groceries,Male,20409.3,Credit, SWIGGY ,Travel,Approved
s101080,2026-01-26, kolkata ,C51599,Visa,Dining,Female,19834.71,Credit, AMAZON ,Travel,Declined
s101081,2026-01-03, hyderabad ,C78029,RuPay,Utilities,Male,12991.43,Credit, SWIGGY ,Retail,Approved
s101082,2026-04-30, kolkata ,C24026,Visa,Utilities,Female,14816.81,NetBanking, IOCL ,Travel,Approved
s101083,2026-02-27, bengaluru ,C23801,Amex,Fuel,Female,13031.11,Credit, ZOMATO ,Food,Declined
s101084,2026-06-27, bengaluru ,C65347,Amex,Fuel,Female,22042.91,UPI, HPCL ,E-commerce,Declined
s101085,2026-04-21, vizag ,C81673,RuPay,Fuel,Female,13805.34,Credit, IRCTC ,Fuel,Declined
s101086,2026-02-07, pune ,C71355,RuPay,Fuel,Male,21760.17,UPI, SWIGGY ,Utilities,Approved
s101087,2026-06-20, pune ,C12375,Amex,Shopping,Female,2327.12,NetBanking, DMART ,E-commerce,Declined
s101088,2026-06-23, vizag ,C80135,Amex,Groceries,Female,12831.95,Credit, ZOMATO ,E-commerce,Declined
s101089,2026-06-07, kolkata ,C63912,Amex,Travel,Female,16505.42,NetBanking, IOCL ,Fuel,Declined
s101090,2026-03-16, hyderabad ,C28428,MasterCard,Fuel,Male,19042.91,UPI, RELIANCE ,Utilities,Declined
s101091,2026-05-24, mumbai ,C90351,Amex,Shopping,Female,11601.1,Credit, ZOMATO ,Food,Approved
s101092,2026-01-12, bengaluru ,C65368,RuPay,Travel,Male,15678.53,Credit, SWIGGY ,Utilities,Approved
s101093,2026-02-14, mumbai ,C78048,Amex,Shopping,Male,1201.59,NetBanking, DMART ,Travel,Declined
s101094,2026-04-11, hyderabad ,C46038,Visa,Shopping,Female,21872.65,Credit, IOCL ,Retail,Approved
s101095,2026-02-08, pune ,C84427,RuPay,Groceries,Female,10703.28,Credit, AMAZON ,Utilities,Declined
s101096,2026-02-21, chennai ,C68311,MasterCard,Dining,Male,19953.79,Credit, IOCL ,Food,Declined
s101097,2026-04-05, delhi ,C86273,Visa,Travel,Female,5425.89,Credit, IRCTC ,Food,Declined
s101098,2026-06-20, mumbai ,C71950,RuPay,Travel,Male,23709.72,NetBanking, IRCTC ,E-commerce,Declined
s101099,2026-05-24, chennai ,C83881,RuPay,Shopping,Male,21397.28,Credit, SWIGGY ,Fuel,Declined
s101100,2026-05-05, chennai ,C86524,RuPay,Groceries,Female,18031.13,Credit, DMART ,Food,Approved
s101101,2026-04-26, hyderabad ,C14681,RuPay,Dining,Male,138.24,NetBanking, RELIANCE ,Retail,Declined
s101102,2026-05-25, vizag ,C10354,Amex,Dining,Male,21554.69,UPI, RELIANCE ,Utilities,Declined
s101103,2026-06-25, chennai ,C45059,RuPay,Groceries,Male,1206.29,Credit, IRCTC ,Retail,Approved
s101104,2026-01-06, mumbai ,C62948,Amex,Utilities,Female,20439.65,Credit, RELIANCE ,Utilities,Declined
s101105,2026-06-20, delhi ,C29268,Amex,Fuel,Male,2785.73,NetBanking, DMART ,Fuel,Approved
s101106,2026-03-02, delhi ,C34651,Visa,Dining,Male,7614.03,NetBanking, IRCTC ,E-commerce,Declined
s101107,2026-03-20, pune ,C13265,MasterCard,Dining,Female,17170.13,NetBanking, IOCL ,Fuel,Declined
s101108,2026-05-22, bengaluru ,C87976,Amex,Travel,Female,10465.78,UPI, SWIGGY ,Fuel,Approved
s101109,2026-02-13, mumbai ,C32411,Amex,Travel,Male,20434.95,Credit, SWIGGY ,Food,Declined
s101110,2026-04-29, bengaluru ,C73622,RuPay,Groceries,Female,9109.31,NetBanking, SWIGGY ,E-commerce,Declined
s101111,2026-04-22, bengaluru ,C29677,RuPay,Travel,Male,2176.96,UPI, AMAZON ,E-commerce,Approved
s101112,2026-06-13, delhi ,C25033,Visa,Fuel,Female,1414.21,UPI, RELIANCE ,Utilities,Approved
s101113,2026-01-06, kolkata ,C90008,MasterCard,Dining,Male,2399.78,NetBanking, SWIGGY ,Food,Approved
s101114,2026-01-05, chennai ,C16180,Amex,Groceries,Male,19614.86,Credit, AMAZON ,Fuel,Approved
s101115,2026-03-13, delhi ,C38096,MasterCard,Shopping,Female,18701.32,UPI, AMAZON ,Utilities,Declined
s101116,2026-04-22, kolkata ,C47406,MasterCard,Shopping,Female,18652.67,NetBanking, HPCL ,Retail,Declined
s101117,2026-04-28, chennai ,C74497,MasterCard,Fuel,Female,1023.32,Credit, SWIGGY ,Travel,Declined
s101118,2026-02-06, hyderabad ,C37626,Amex,Travel,Female,18314.22,UPI, DMART ,Fuel,Approved
s101119,2026-06-20, kolkata ,C99096,Amex,Groceries,Female,17488.36,NetBanking, DMART ,Travel,Approved
s101120,2026-01-24, bengaluru ,C46494,Visa,Dining,Male,21600.01,UPI, IOCL ,Travel,Approved
s101121,2026-06-01, hyderabad ,C74830,Visa,Groceries,Male,21234.12,UPI, RELIANCE ,Food,Approved
s101122,2026-02-26, delhi ,C28740,RuPay,Dining,Male,10460.54,UPI, RELIANCE ,Retail,Approved
s101123,2026-03-22, vizag ,C22748,Amex,Utilities,Female,1334.09,Credit, SWIGGY ,Fuel,Declined
s101124,2026-02-11, delhi ,C25361,RuPay,Groceries,Female,19688.84,NetBanking, ZOMATO ,Food,Declined
s101125,2026-04-15, kolkata ,C38600,Amex,Fuel,Male,21033.27,Credit, AMAZON ,Food,Approved
s101126,2026-03-03, pune ,C74760,RuPay,Utilities,Female,15528.2,NetBanking, HPCL ,Travel,Declined
s101127,2026-04-28, pune ,C64863,RuPay,Dining,Female,12451.25,UPI, HPCL ,Travel,Approved
s101128,2026-02-26, delhi ,C76900,Visa,Dining,Female,22747.55,Credit, RELIANCE ,Travel,Approved
s101129,2026-02-11, bengaluru ,C65473,RuPay,Utilities,Female,5070.08,Credit, SWIGGY ,Utilities,Declined
s101130,2026-06-26, chennai ,C25727,RuPay,Dining,Male,428.63,UPI, IRCTC ,Travel,Approved
s101131,2026-01-14, pune ,C75825,Visa,Shopping,Male,10619.46,Credit, SWIGGY ,Food,Approved
s101132,2026-03-24, bengaluru ,C80376,MasterCard,Dining,Female,8900.29,NetBanking, HPCL ,Fuel,Approved
s101133,2026-01-10, pune ,C70139,MasterCard,Travel,Male,523.96,Credit, HPCL ,Travel,Approved
s101134,2026-06-01, pune ,C17722,MasterCard,Travel,Female,22581.86,UPI, DMART ,Retail,Declined
s101135,2026-03-12, hyderabad ,C26487,RuPay,Groceries,Male,17241.82,Credit, ZOMATO ,Fuel,Declined
s101136,2026-01-01, mumbai ,C23058,MasterCard,Utilities,Male,9060.93,NetBanking, ZOMATO ,Fuel,Declined
s101137,2026-05-27, chennai ,C45126,Visa,Shopping,Female,2869.13,UPI, ZOMATO ,Travel,Approved
s101138,2026-04-08, hyderabad ,C25477,Visa,Fuel,Female,19201.72,Credit, RELIANCE ,Fuel,Approved
s101139,2026-06-21, mumbai ,C29811,RuPay,Groceries,Male,9983.11,UPI, SWIGGY ,Utilities,Approved
s101140,2026-05-01, chennai ,C19253,Amex,Travel,Male,7857.59,NetBanking, DMART ,E-commerce,Approved
s101141,2026-03-17, kolkata ,C82487,Amex,Groceries,Female,2976.09,UPI, IRCTC ,Food,Approved
s101142,2026-02-14, bengaluru ,C59137,MasterCard,Shopping,Female,8817.38,Credit, ZOMATO ,Travel,Declined
s101143,2026-04-29, mumbai ,C21535,MasterCard,Utilities,Male,3880.26,Credit, DMART ,Utilities,Approved
s101144,2026-03-21, mumbai ,C43442,Amex,Dining,Female,3290.62,NetBanking, DMART ,Retail,Declined
s101145,2026-02-15, bengaluru ,C53858,MasterCard,Shopping,Female,23863.51,UPI, AMAZON ,Food,Approved
s101146,2026-01-20, delhi ,C64931,Visa,Utilities,Male,332.91,NetBanking, SWIGGY ,Fuel,Declined
s101147,2026-03-07, vizag ,C58794,MasterCard,Shopping,Male,10698.94,Credit, AMAZON ,Food,Declined
s101148,2026-05-13, bengaluru ,C36486,MasterCard,Travel,Male,5356.73,NetBanking, IRCTC ,Food,Declined
s101149,2026-01-17, vizag ,C55893,Visa,Shopping,Male,16873.56,UPI, ZOMATO ,Food,Declined
s101150,2026-05-18, chennai ,C54053,RuPay,Travel,Male,12706.01,NetBanking, IOCL ,E-commerce,Approved
s101151,2026-02-20, pune ,C78312,Amex,Shopping,Male,23070.48,Credit, HPCL ,Retail,Approved
s101152,2026-06-29, hyderabad ,C73076,MasterCard,Shopping,Female,23897.43,NetBanking, ZOMATO ,Food,Approved
s101153,2026-04-10, kolkata ,C62930,Amex,Groceries,Male,22827.67,Credit, IOCL ,Utilities,Approved
s101154,2026-06-26, kolkata ,C42380,MasterCard,Shopping,Female,8417.28,UPI, AMAZON ,E-commerce,Approved
s101155,2026-02-16, bengaluru ,C47662,MasterCard,Utilities,Female,15236.62,NetBanking, IRCTC ,Fuel,Approved
s101156,2026-05-26, delhi ,C31126,Amex,Groceries,Male,22779.12,NetBanking, DMART ,Travel,Declined
s101157,2026-04-05, kolkata ,C11800,RuPay,Fuel,Male,13926.04,UPI, SWIGGY ,Travel,Declined
s101158,2026-04-29, hyderabad ,C60410,RuPay,Shopping,Male,5220.33,UPI, HPCL ,Fuel,Approved
s101159,2026-06-08, chennai ,C45145,RuPay,Groceries,Male,22269.62,Credit, IOCL ,Fuel,Declined
s101160,2026-02-25, mumbai ,C87403,MasterCard,Utilities,Female,760.09,NetBanking, RELIANCE ,Food,Approved
s101161,2026-05-19, chennai ,C40161,Visa,Shopping,Male,14673.27,UPI, HPCL ,Travel,Declined
s101162,2026-03-07, pune ,C65001,Visa,Groceries,Male,16260.95,NetBanking, IOCL ,Fuel,Declined
s101163,2026-04-03, chennai ,C72235,RuPay,Shopping,Male,20511.37,Credit, IOCL ,Travel,Declined
s101164,2026-03-14, chennai ,C70372,Amex,Fuel,Female,15146.67,NetBanking, DMART ,Fuel,Declined
s101165,2026-01-29, mumbai ,C62332,RuPay,Travel,Female,11821.07,NetBanking, DMART ,E-commerce,Declined
s101166,2026-03-21, hyderabad ,C25237,RuPay,Dining,Male,13959.12,Credit, DMART ,Utilities,Declined
s101167,2026-01-29, vizag ,C95092,MasterCard,Travel,Male,17099.27,NetBanking, SWIGGY ,Utilities,Declined
s101168,2026-02-13, vizag ,C25368,Visa,Travel,Female,8216.64,Credit, RELIANCE ,Fuel,Declined
s101169,2026-01-30, chennai ,C24312,Amex,Travel,Female,20288.85,UPI, IOCL ,Utilities,Approved
s101170,2026-04-11, pune ,C26270,MasterCard,Dining,Male,7646.25,Credit, RELIANCE ,Retail,Declined
s101171,2026-02-01, chennai ,C57549,Visa,Dining,Male,2862.99,Credit, AMAZON ,Retail,Declined
s101172,2026-05-12, bengaluru ,C41488,Amex,Shopping,Female,2165.78,NetBanking, IOCL ,Utilities,Approved
s101173,2026-06-29, delhi ,C59063,MasterCard,Travel,Male,9214.04,NetBanking, HPCL ,Retail,Approved
s101174,2026-04-03, bengaluru ,C84488,RuPay,Travel,Male,21241.16,NetBanking, RELIANCE ,Fuel,Declined
s101175,2026-05-04, hyderabad ,C33860,RuPay,Utilities,Female,8942.85,UPI, ZOMATO ,Travel,Approved
s101176,2026-02-10, hyderabad ,C52126,RuPay,Utilities,Female,23340.92,NetBanking, DMART ,Retail,Declined
s101177,2026-04-25, mumbai ,C42567,RuPay,Utilities,Male,11453.13,NetBanking, IOCL ,Utilities,Approved
s101178,2026-02-07, mumbai ,C16705,Visa,Utilities,Male,11066.82,NetBanking, ZOMATO ,Travel,Declined
s101179,2026-04-21, mumbai ,C27376,RuPay,Utilities,Male,9885.31,UPI, RELIANCE ,E-commerce,Declined
s101180,2026-06-26, kolkata ,C93270,Amex,Travel,Female,5207.98,UPI, HPCL ,E-commerce,Approved
s101181,2026-06-14, hyderabad ,C37865,Amex,Dining,Male,23899.04,NetBanking, IOCL ,Utilities,Approved
s101182,2026-02-02, kolkata ,C92111,Amex,Fuel,Female,8405.94,NetBanking, SWIGGY ,E-commerce,Declined
s101183,2026-02-27, bengaluru ,C79655,Amex,Travel,Female,4644.11,NetBanking, HPCL ,Food,Approved
s101184,2026-04-25, chennai ,C70573,RuPay,Dining,Male,360.09,UPI, DMART ,E-commerce,Declined
s101185,2026-05-24, chennai ,C79224,Amex,Fuel,Male,9388.16,UPI, DMART ,Fuel,Declined
s101186,2026-06-21, vizag ,C43816,RuPay,Fuel,Male,15135.22,Credit, IOCL ,Travel,Declined
s101187,2026-01-13, vizag ,C96508,Visa,Utilities,Male,17045.78,Credit, SWIGGY ,Food,Approved
s101188,2026-01-25, pune ,C53071,RuPay,Groceries,Female,15773.77,Credit, HPCL ,Fuel,Approved
s101189,2026-01-14, bengaluru ,C57435,Visa,Fuel,Male,23122.84,NetBanking, IRCTC ,Fuel,Declined
s101190,2026-02-18, bengaluru ,C19773,Amex,Utilities,Female,15925.02,Credit, ZOMATO ,Retail,Approved
s101191,2026-02-22, delhi ,C52915,Visa,Shopping,Female,825.92,UPI, DMART ,Utilities,Approved
s101192,2026-05-05, kolkata ,C60218,Amex,Fuel,Male,9662.65,Credit, IOCL ,E-commerce,Declined
s101193,2026-01-16, kolkata ,C47980,Visa,Travel,Male,2293.92,Credit, RELIANCE ,Fuel,Declined
s101194,2026-01-06, bengaluru ,C96431,RuPay,Utilities,Female,1113.5,NetBanking, AMAZON ,Travel,Approved
s101195,2026-05-13, mumbai ,C52110,MasterCard,Fuel,Female,4834.73,Credit, SWIGGY ,Food,Approved
s101196,2026-03-31, pune ,C30487,MasterCard,Travel,Male,1761.37,UPI, DMART ,Travel,Approved
s101197,2026-02-05, kolkata ,C81980,MasterCard,Dining,Female,13534.26,Credit, ZOMATO ,Utilities,Approved
s101198,2026-05-01, mumbai ,C80358,MasterCard,Utilities,Female,19717.68,NetBanking, ZOMATO ,Food,Approved
s101199,2026-04-15, delhi ,C52604,Amex,Shopping,Female,11033.0,NetBanking, IRCTC ,E-commerce,Declined
s101200,2026-05-06, kolkata ,C53306,Visa,Groceries,Male,14900.0,UPI, SWIGGY ,Utilities,Declined
s101201,2026-06-07, mumbai ,C10648,Amex,Utilities,Female,8289.11,NetBanking, SWIGGY ,Travel,Approved
s101202,2026-02-13, mumbai ,C17648,Amex,Dining,Male,21973.44,UPI, IOCL ,Travel,Approved
s101203,2026-06-17, chennai ,C82896,Amex,Fuel,Male,24963.55,NetBanking, IRCTC ,Food,Declined
s101204,2026-06-07, bengaluru ,C14138,Visa,Shopping,Male,17407.32,Credit, HPCL ,Fuel,Approved
s101205,2026-01-29, bengaluru ,C15760,RuPay,Dining,Male,12765.23,NetBanking, SWIGGY ,Travel,Declined
s101206,2026-03-07, pune ,C40186,MasterCard,Travel,Female,11800.99,Credit, DMART ,Fuel,Declined
s101207,2026-01-20, bengaluru ,C10992,RuPay,Travel,Male,10110.07,NetBanking, RELIANCE ,E-commerce,Declined
s101208,2026-03-29, pune ,C21600,RuPay,Dining,Male,17042.81,Credit, AMAZON ,E-commerce,Declined
s101209,2026-06-14, kolkata ,C49108,Visa,Travel,Male,11500.5,UPI, RELIANCE ,Retail,Approved
s101210,2026-05-10, pune ,C52720,Amex,Shopping,Male,2046.75,UPI, IRCTC ,Travel,Declined
s101211,2026-05-18, bengaluru ,C15885,Amex,Groceries,Male,11639.65,NetBanking, DMART ,Fuel,Approved
s101212,2026-03-02, vizag ,C71816,Amex,Groceries,Male,2525.49,Credit, ZOMATO ,Utilities,Approved
s101213,2026-04-27, pune ,C86091,MasterCard,Groceries,Female,23489.99,UPI, DMART ,Utilities,Declined
s101214,2026-06-20, bengaluru ,C92020,RuPay,Shopping,Female,1079.21,Credit, HPCL ,Travel,Declined
s101215,2026-05-02, chennai ,C39794,Amex,Shopping,Male,2692.11,NetBanking, RELIANCE ,E-commerce,Approved
s101216,2026-04-23, kolkata ,C99347,Visa,Travel,Female,22311.42,NetBanking, HPCL ,E-commerce,Declined
s101217,2026-02-06, pune ,C39269,Amex,Dining,Female,14871.12,UPI, HPCL ,Utilities,Approved
s101218,2026-02-03, pune ,C45549,Amex,Dining,Male,22498.35,UPI, AMAZON ,Retail,Declined
s101219,2026-02-24, vizag ,C26654,MasterCard,Shopping,Male,9083.2,Credit, RELIANCE ,E-commerce,Declined
s101220,2026-04-22, chennai ,C89036,Amex,Utilities,Female,13109.22,NetBanking, RELIANCE ,Food,Approved
s101221,2026-03-09, chennai ,C78622,Visa,Utilities,Female,4336.3,NetBanking, ZOMATO ,Utilities,Declined
s101222,2026-03-16, kolkata ,C10391,Amex,Shopping,Female,23441.76,NetBanking, IRCTC ,Retail,Approved
s101223,2026-06-09, bengaluru ,C97981,MasterCard,Groceries,Male,23036.88,UPI, RELIANCE ,E-commerce,Declined
s101224,2026-06-04, pune ,C37553,RuPay,Utilities,Female,10465.85,UPI, AMAZON ,Travel,Declined
s101225,2026-04-17, chennai ,C43843,Visa,Travel,Female,24923.84,Credit, IOCL ,Retail,Approved
s101226,2026-04-19, kolkata ,C47727,Visa,Dining,Male,1423.22,Credit, IRCTC ,Food,Approved
s101227,2026-03-07, vizag ,C44833,MasterCard,Fuel,Male,18738.79,Credit, IOCL ,Utilities,Declined
s101228,2026-01-06, pune ,C98372,Visa,Utilities,Female,10527.65,Credit, RELIANCE ,Utilities,Approved
s101229,2026-06-10, vizag ,C16832,Visa,Dining,Male,6960.15,Credit, HPCL ,Travel,Approved
s101230,2026-01-05, vizag ,C70546,MasterCard,Groceries,Female,20881.36,UPI, IOCL ,Food,Approved
s101231,2026-03-13, pune ,C78428,Amex,Fuel,Male,18446.45,NetBanking, AMAZON ,E-commerce,Declined
s101232,2026-05-23, pune ,C45524,Visa,Utilities,Female,17275.5,UPI, DMART ,Food,Declined
s101233,2026-05-30, chennai ,C24481,MasterCard,Dining,Male,18015.51,UPI, RELIANCE ,Food,Approved
s101234,2026-05-04, bengaluru ,C77269,Amex,Dining,Male,16680.94,UPI, IRCTC ,Utilities,Declined
s101235,2026-02-05, hyderabad ,C18873,Amex,Travel,Female,23527.29,UPI, DMART ,Retail,Approved
s101236,2026-02-04, pune ,C82605,Visa,Utilities,Female,5298.91,NetBanking, DMART ,Retail,Approved
s101237,2026-01-10, delhi ,C99162,MasterCard,Dining,Male,24463.39,NetBanking, IOCL ,Fuel,Approved
s101238,2026-06-21, pune ,C42211,MasterCard,Fuel,Female,13959.54,Credit, HPCL ,Utilities,Declined
s101239,2026-02-12, delhi ,C10433,RuPay,Dining,Female,2399.54,Credit, AMAZON ,Food,Approved
s101240,2026-05-27, pune ,C76501,Visa,Dining,Male,13277.08,Credit, RELIANCE ,Fuel,Declined
s101241,2026-03-25, mumbai ,C66080,Amex,Fuel,Female,8980.0,NetBanking, DMART ,Fuel,Approved
s101242,2026-05-24, vizag ,C83280,RuPay,Fuel,Male,20380.98,UPI, IRCTC ,Food,Approved
s101243,2026-02-15, pune ,C18598,RuPay,Groceries,Female,21887.72,NetBanking, DMART ,Retail,Declined
s101244,2026-01-17, pune ,C30962,Visa,Groceries,Male,19877.43,NetBanking, IRCTC ,Retail,Declined
s101245,2026-02-22, hyderabad ,C15913,Amex,Fuel,Male,16282.07,NetBanking, HPCL ,Fuel,Declined
s101246,2026-04-29, mumbai ,C71346,Amex,Travel,Female,23754.56,NetBanking, SWIGGY ,Utilities,Approved
s101247,2026-01-06, delhi ,C58488,MasterCard,Fuel,Female,3247.15,UPI, SWIGGY ,Utilities,Approved
s101248,2026-02-19, vizag ,C60496,RuPay,Shopping,Female,17384.29,Credit, IRCTC ,E-commerce,Declined
s101249,2026-03-23, pune ,C30419,MasterCard,Travel,Female,7329.78,NetBanking, SWIGGY ,Retail,Approved
s101250,2026-05-11, pune ,C19318,RuPay,Fuel,Male,18834.22,NetBanking, IRCTC ,Retail,Declined
s101251,2026-03-22, kolkata ,C24227,MasterCard,Groceries,Male,23200.44,Credit, AMAZON ,Travel,Declined
s101252,2026-01-26, mumbai ,C24141,Visa,Fuel,Male,12366.91,Credit, IOCL ,Food,Approved
s101253,2026-05-11, chennai ,C26345,MasterCard,Utilities,Female,18179.28,Credit, RELIANCE ,E-commerce,Approved
s101254,2026-01-20, bengaluru ,C77706,Visa,Shopping,Male,16599.76,Credit, HPCL ,Fuel,Approved
s101255,2026-02-26, mumbai ,C16122,Visa,Groceries,Male,15793.84,NetBanking, IOCL ,E-commerce,Approved
s101256,2026-01-05, chennai ,C83647,Amex,Utilities,Male,13685.46,UPI, IRCTC ,Retail,Declined
s101257,2026-06-14, kolkata ,C33492,MasterCard,Travel,Male,9122.31,NetBanking, HPCL ,Food,Declined
s101258,2026-05-09, hyderabad ,C69936,Amex,Shopping,Female,14264.8,Credit, SWIGGY ,Travel,Declined
s101259,2026-03-08, delhi ,C30775,MasterCard,Utilities,Female,23381.97,NetBanking, IOCL ,Travel,Declined
s101260,2026-01-08, chennai ,C99966,Amex,Fuel,Male,14462.63,UPI, ZOMATO ,Travel,Approved
s101261,2026-02-09, delhi ,C82669,Visa,Fuel,Female,11644.54,NetBanking, IRCTC ,Food,Approved
s101262,2026-06-15, bengaluru ,C54022,Amex,Travel,Female,10472.84,NetBanking, DMART ,Travel,Approved
s101263,2026-03-05, delhi ,C80618,RuPay,Travel,Female,8176.65,UPI, HPCL ,Fuel,Approved
s101264,2026-06-16, chennai ,C64603,MasterCard,Groceries,Female,8680.12,UPI, AMAZON ,Fuel,Approved
s101265,2026-01-19, vizag ,C57102,Amex,Dining,Male,23812.84,UPI, SWIGGY ,Utilities,Declined
s101266,2026-04-10, pune ,C78082,RuPay,Shopping,Male,13162.99,NetBanking, ZOMATO ,Food,Approved
s101267,2026-01-13, vizag ,C15669,Amex,Fuel,Male,6495.21,Credit, RELIANCE ,Retail,Approved
s101268,2026-06-13, pune ,C87241,Amex,Fuel,Female,23050.06,NetBanking, ZOMATO ,Travel,Approved
s101269,2026-02-15, pune ,C13000,RuPay,Travel,Male,10929.21,NetBanking, SWIGGY ,Fuel,Declined
s101270,2026-05-17, kolkata ,C18692,Visa,Dining,Female,8145.86,NetBanking, ZOMATO ,Food,Declined
s101271,2026-05-14, chennai ,C66658,MasterCard,Dining,Male,15919.54,NetBanking, HPCL ,Retail,Approved
s101272,2026-02-26, kolkata ,C56554,Visa,Dining,Female,6946.73,UPI, SWIGGY ,Retail,Approved
s101273,2026-03-18, hyderabad ,C84269,Amex,Fuel,Female,8515.31,Credit, DMART ,Utilities,Approved
s101274,2026-02-22, mumbai ,C48139,MasterCard,Utilities,Male,24544.75,UPI, RELIANCE ,Utilities,Declined
s101275,2026-06-29, delhi ,C91578,Amex,Utilities,Male,2505.3,NetBanking, ZOMATO ,Retail,Declined
s101276,2026-01-06, chennai ,C61278,Visa,Utilities,Male,3146.47,NetBanking, ZOMATO ,Retail,Declined
s101277,2026-02-23, chennai ,C37267,Visa,Fuel,Female,17597.25,NetBanking, ZOMATO ,Food,Declined
s101278,2026-05-12, delhi ,C64892,MasterCard,Fuel,Female,20992.28,Credit, AMAZON ,Utilities,Approved
s101279,2026-01-24, kolkata ,C61453,MasterCard,Dining,Male,10042.28,NetBanking, SWIGGY ,E-commerce,Approved
s101280,2026-05-11, bengaluru ,C47068,Amex,Utilities,Female,18101.45,Credit, DMART ,Fuel,Approved
s101281,2026-04-29, bengaluru ,C94768,RuPay,Utilities,Male,19387.48,Credit, SWIGGY ,Fuel,Approved
s101282,2026-05-18, chennai ,C71195,Amex,Utilities,Male,6825.38,NetBanking, SWIGGY ,Food,Approved
s101283,2026-04-06, vizag ,C23687,Amex,Utilities,Male,8001.83,UPI, HPCL ,Retail,Declined
s101284,2026-03-15, pune ,C70404,Visa,Travel,Female,4707.8,UPI, HPCL ,Fuel,Approved
s101285,2026-02-01, hyderabad ,C67959,Visa,Groceries,Male,4834.92,UPI, DMART ,Utilities,Approved
s101286,2026-01-28, pune ,C56476,RuPay,Groceries,Male,11029.48,NetBanking, HPCL ,Food,Approved
s101287,2026-03-11, bengaluru ,C42831,RuPay,Shopping,Female,2186.45,UPI, SWIGGY ,Retail,Approved
s101288,2026-03-04, pune ,C83856,Visa,Dining,Male,3277.15,NetBanking, HPCL ,Food,Declined
s101289,2026-03-28, delhi ,C75666,RuPay,Fuel,Male,7140.28,Credit, AMAZON ,Utilities,Declined
s101290,2026-06-01, pune ,C70176,Amex,Utilities,Male,1820.05,NetBanking, IOCL ,Utilities,Declined
s101291,2026-06-18, kolkata ,C67964,MasterCard,Shopping,Male,12386.05,NetBanking, IRCTC ,Food,Approved
s101292,2026-06-30, vizag ,C86227,Visa,Utilities,Female,18425.93,NetBanking, RELIANCE ,E-commerce,Declined
s101293,2026-06-18, mumbai ,C41891,Visa,Fuel,Male,22637.7,Credit, IOCL ,Retail,Declined
s101294,2026-01-02, mumbai ,C20713,RuPay,Utilities,Male,17914.95,NetBanking, IOCL ,Travel,Declined
s101295,2026-05-04, delhi ,C43062,RuPay,Dining,Male,18211.55,Credit, RELIANCE ,Utilities,Declined
s101296,2026-01-06, pune ,C49994,Amex,Dining,Female,12571.19,NetBanking, AMAZON ,Travel,Declined
s101297,2026-03-09, vizag ,C47596,MasterCard,Fuel,Male,3277.44,NetBanking, RELIANCE ,Retail,Declined
s101298,2026-02-26, vizag ,C22330,RuPay,Groceries,Female,4893.82,NetBanking, AMAZON ,E-commerce,Approved
s101299,2026-04-29, chennai ,C96507,RuPay,Shopping,Male,13432.45,UPI, AMAZON ,Utilities,Declined
s101300,2026-06-05, kolkata ,C51486,Amex,Groceries,Female,5919.14,UPI, ZOMATO ,E-commerce,Approved
s101301,2026-02-08, hyderabad ,C73540,MasterCard,Fuel,Female,19939.64,NetBanking, AMAZON ,Travel,Declined
s101302,2026-01-02, chennai ,C34103,MasterCard,Travel,Female,16333.08,Credit, RELIANCE ,Utilities,Approved
s101303,2026-03-02, mumbai ,C70811,Visa,Fuel,Female,13482.04,Credit, IOCL ,Travel,Approved
s101304,2026-05-27, mumbai ,C83448,RuPay,Travel,Female,1078.81,NetBanking, IRCTC ,Retail,Approved
s101305,2026-01-10, chennai ,C96254,MasterCard,Travel,Female,17067.1,NetBanking, DMART ,Retail,Approved
s101306,2026-06-10, kolkata ,C23240,Visa,Shopping,Female,8011.97,UPI, AMAZON ,Travel,Approved
s101307,2026-05-29, mumbai ,C63418,RuPay,Fuel,Female,6925.99,Credit, ZOMATO ,E-commerce,Approved
s101308,2026-05-11, chennai ,C33810,MasterCard,Travel,Male,5686.29,NetBanking, RELIANCE ,Utilities,Declined
s101309,2026-01-16, bengaluru ,C13343,MasterCard,Groceries,Male,4948.04,NetBanking, RELIANCE ,Utilities,Approved
s101310,2026-02-25, chennai ,C80811,RuPay,Shopping,Male,7149.74,Credit, HPCL ,Retail,Declined
s101311,2026-01-10, chennai ,C28022,Visa,Utilities,Female,19560.83,NetBanking, DMART ,Food,Approved
s101312,2026-01-14, bengaluru ,C88605,RuPay,Groceries,Male,24101.45,Credit, ZOMATO ,Fuel,Declined
s101313,2026-05-09, delhi ,C96815,MasterCard,Utilities,Male,19980.55,NetBanking, IRCTC ,Utilities,Declined
s101314,2026-01-31, delhi ,C26012,Amex,Shopping,Male,12189.26,Credit, AMAZON ,Utilities,Approved
s101315,2026-06-02, bengaluru ,C24159,RuPay,Travel,Male,18317.26,UPI, HPCL ,E-commerce,Approved
s101316,2026-06-20, delhi ,C24376,Visa,Travel,Male,20396.94,UPI, SWIGGY ,Utilities,Declined
s101317,2026-04-08, chennai ,C94888,Visa,Utilities,Male,15442.26,Credit, RELIANCE ,Utilities,Declined
s101318,2026-02-18, kolkata ,C58245,MasterCard,Utilities,Male,15286.54,Credit, ZOMATO ,Utilities,Approved
s101319,2026-01-14, pune ,C59641,RuPay,Dining,Female,15509.52,Credit, IOCL ,Food,Approved
s101320,2026-02-06, vizag ,C90798,RuPay,Travel,Male,2513.32,Credit, ZOMATO ,Fuel,Declined
s101321,2026-02-03, pune ,C36495,MasterCard,Utilities,Male,7806.45,NetBanking, HPCL ,E-commerce,Declined
s101322,2026-06-20, mumbai ,C12142,Amex,Shopping,Female,21679.05,NetBanking, HPCL ,Fuel,Declined
s101323,2026-01-30, chennai ,C17961,MasterCard,Utilities,Male,13623.56,UPI, SWIGGY ,E-commerce,Declined
s101324,2026-01-04, chennai ,C62869,Visa,Dining,Female,19662.17,NetBanking, SWIGGY ,Travel,Approved
s101325,2026-01-26, pune ,C66596,MasterCard,Groceries,Female,19952.87,UPI, DMART ,Fuel,Approved
s101326,2026-04-15, hyderabad ,C48065,RuPay,Utilities,Male,17691.29,NetBanking, DMART ,Travel,Declined
s101327,2026-01-10, pune ,C96997,Amex,Travel,Female,16962.42,UPI, RELIANCE ,Fuel,Approved
s101328,2026-02-13, kolkata ,C83845,Visa,Travel,Male,5648.13,UPI, IRCTC ,Retail,Declined
s101329,2026-02-23, hyderabad ,C90144,MasterCard,Dining,Female,12676.51,NetBanking, IRCTC ,Retail,Approved
s101330,2026-01-13, chennai ,C16547,RuPay,Utilities,Male,1177.85,UPI, IOCL ,Travel,Declined
s101331,2026-06-07, hyderabad ,C34787,RuPay,Travel,Male,8583.32,UPI, IOCL ,Travel,Declined
s101332,2026-01-21, vizag ,C43693,MasterCard,Shopping,Female,23583.36,UPI, SWIGGY ,Utilities,Declined
s101333,2026-06-30, chennai ,C99953,Visa,Shopping,Female,7072.5,UPI, SWIGGY ,Fuel,Approved
s101334,2026-02-16, mumbai ,C19484,Visa,Dining,Female,23234.07,NetBanking, SWIGGY ,Travel,Approved
s101335,2026-02-17, mumbai ,C28435,RuPay,Utilities,Female,24745.8,UPI, RELIANCE ,Food,Declined
s101336,2026-02-26, hyderabad ,C46470,RuPay,Utilities,Female,678.74,UPI, HPCL ,Fuel,Declined
s101337,2026-03-14, bengaluru ,C66920,MasterCard,Shopping,Male,12705.41,Credit, AMAZON ,Utilities,Declined
s101338,2026-05-25, chennai ,C55578,Visa,Groceries,Male,3093.62,NetBanking, SWIGGY ,Food,Approved
s101339,2026-03-04, bengaluru ,C20947,Amex,Dining,Female,20737.0,UPI, IOCL ,Retail,Declined
s101340,2026-02-26, hyderabad ,C16338,RuPay,Utilities,Male,5142.49,NetBanking, AMAZON ,E-commerce,Declined
s101341,2026-04-12, delhi ,C11664,Amex,Utilities,Female,20941.51,UPI, IOCL ,Fuel,Declined
s101342,2026-01-24, delhi ,C61104,Amex,Groceries,Female,15513.8,Credit, IRCTC ,Utilities,Declined
s101343,2026-02-08, pune ,C72202,Amex,Travel,Male,16452.44,Credit, IOCL ,Travel,Declined
s101344,2026-06-25, kolkata ,C51346,Amex,Dining,Female,439.51,Credit, IRCTC ,Food,Declined
s101345,2026-03-29, kolkata ,C25015,Amex,Fuel,Male,1486.38,NetBanking, IOCL ,Food,Declined
s101346,2026-06-03, mumbai ,C90714,MasterCard,Travel,Female,23236.81,Credit, SWIGGY ,Travel,Approved
s101347,2026-04-19, chennai ,C75961,RuPay,Fuel,Female,10447.5,NetBanking, IRCTC ,Food,Declined
s101348,2026-04-24, vizag ,C92686,RuPay,Fuel,Female,18447.93,Credit, IRCTC ,Food,Approved
s101349,2026-01-30, hyderabad ,C71574,Amex,Dining,Female,19335.36,Credit, ZOMATO ,Retail,Declined
s101350,2026-03-27, hyderabad ,C36857,RuPay,Shopping,Male,10762.29,NetBanking, ZOMATO ,Travel,Approved
s101351,2026-06-10, kolkata ,C24299,RuPay,Dining,Female,13900.18,UPI, IOCL ,E-commerce,Declined
s101352,2026-04-26, kolkata ,C50092,Amex,Fuel,Male,21313.64,Credit, RELIANCE ,Travel,Approved
s101353,2026-05-18, kolkata ,C63050,MasterCard,Groceries,Female,2552.4,NetBanking, RELIANCE ,E-commerce,Declined
s101354,2026-02-27, kolkata ,C60761,RuPay,Dining,Female,11480.47,NetBanking, AMAZON ,Food,Approved
s101355,2026-05-06, chennai ,C75255,Amex,Groceries,Male,10396.51,NetBanking, HPCL ,Food,Approved
s101356,2026-03-08, vizag ,C66686,Amex,Travel,Female,15755.26,UPI, SWIGGY ,E-commerce,Approved
s101357,2026-02-10, kolkata ,C24420,MasterCard,Groceries,Female,21540.01,NetBanking, SWIGGY ,Travel,Declined
s101358,2026-02-14, delhi ,C44414,Visa,Dining,Female,6845.01,NetBanking, RELIANCE ,Food,Approved
s101359,2026-03-19, bengaluru ,C13380,RuPay,Utilities,Female,12869.5,Credit, IRCTC ,Retail,Approved
s101360,2026-05-06, hyderabad ,C38978,MasterCard,Utilities,Male,8832.83,UPI, HPCL ,E-commerce,Declined
s101361,2026-02-19, mumbai ,C94852,Visa,Shopping,Female,2257.8,NetBanking, IRCTC ,Fuel,Declined
s101362,2026-01-15, kolkata ,C84534,Amex,Utilities,Male,7758.9,NetBanking, ZOMATO ,Food,Approved
s101363,2026-01-17, hyderabad ,C35467,Visa,Shopping,Female,21880.16,NetBanking, IOCL ,Retail,Approved
s101364,2026-03-08, hyderabad ,C48868,RuPay,Fuel,Female,1951.97,UPI, DMART ,Retail,Approved
s101365,2026-04-12, mumbai ,C52975,RuPay,Shopping,Female,4926.12,UPI, DMART ,Utilities,Approved
s101366,2026-03-16, hyderabad ,C77500,Visa,Travel,Female,22380.07,NetBanking, HPCL ,Travel,Declined
s101367,2026-01-14, chennai ,C49335,MasterCard,Shopping,Female,1759.51,Credit, RELIANCE ,Food,Approved
s101368,2026-03-28, delhi ,C44490,RuPay,Travel,Male,8613.9,NetBanking, HPCL ,Retail,Approved
s101369,2026-02-01, pune ,C27331,Amex,Fuel,Female,17533.46,NetBanking, HPCL ,Utilities,Approved
s101370,2026-03-17, pune ,C93901,Amex,Dining,Male,10920.5,Credit, ZOMATO ,E-commerce,Approved
s101371,2026-05-13, bengaluru ,C63898,MasterCard,Dining,Female,5791.63,Credit, HPCL ,Retail,Approved
s101372,2026-02-20, pune ,C61903,MasterCard,Dining,Female,11240.26,NetBanking, AMAZON ,E-commerce,Declined
s101373,2026-06-23, hyderabad ,C41774,RuPay,Groceries,Male,24879.21,UPI, RELIANCE ,Fuel,Approved
s101374,2026-02-21, pune ,C63099,MasterCard,Fuel,Male,6620.89,Credit, IRCTC ,Travel,Declined
s101375,2026-01-23, chennai ,C12173,RuPay,Dining,Female,15462.01,Credit, IRCTC ,Utilities,Declined
s101376,2026-01-01, kolkata ,C76088,MasterCard,Shopping,Female,19186.31,NetBanking, HPCL ,E-commerce,Approved
s101377,2026-03-06, pune ,C62609,RuPay,Utilities,Female,22029.84,Credit, DMART ,Utilities,Approved
s101378,2026-05-01, kolkata ,C93784,Visa,Dining,Male,473.84,NetBanking, IOCL ,E-commerce,Declined
s101379,2026-04-30, delhi ,C44588,MasterCard,Utilities,Female,24599.26,NetBanking, IRCTC ,Travel,Declined
s101380,2026-06-17, vizag ,C19307,Amex,Utilities,Male,23511.7,UPI, IOCL ,Retail,Approved
s101381,2026-04-10, hyderabad ,C63451,Visa,Fuel,Male,21115.71,NetBanking, RELIANCE ,Retail,Approved
s101382,2026-02-16, mumbai ,C12822,MasterCard,Dining,Female,4072.48,NetBanking, SWIGGY ,Food,Approved
s101383,2026-01-11, bengaluru ,C63880,Visa,Groceries,Female,813.35,NetBanking, SWIGGY ,Retail,Approved
s101384,2026-04-13, chennai ,C76534,RuPay,Utilities,Male,6936.37,UPI, ZOMATO ,E-commerce,Approved
s101385,2026-06-18, kolkata ,C78865,MasterCard,Shopping,Male,1916.68,Credit, SWIGGY ,Retail,Declined
s101386,2026-05-07, pune ,C79218,Amex,Groceries,Male,24322.28,NetBanking, SWIGGY ,Food,Declined
s101387,2026-05-04, kolkata ,C62327,MasterCard,Shopping,Male,1455.99,Credit, HPCL ,Retail,Declined
s101388,2026-01-04, mumbai ,C76200,Amex,Dining,Female,21195.32,UPI, IRCTC ,Fuel,Declined
s101389,2026-01-05, chennai ,C58761,Amex,Fuel,Female,6714.68,NetBanking, ZOMATO ,Travel,Declined
s101390,2026-02-11, mumbai ,C58132,Amex,Utilities,Female,4381.6,Credit, SWIGGY ,Retail,Approved
s101391,2026-03-31, delhi ,C99920,Amex,Shopping,Female,18648.6,NetBanking, IRCTC ,E-commerce,Approved
s101392,2026-05-14, kolkata ,C16492,Visa,Utilities,Female,9253.57,NetBanking, IRCTC ,Fuel,Approved
s101393,2026-06-18, pune ,C59259,Amex,Dining,Male,23926.02,NetBanking, SWIGGY ,Retail,Declined
s101394,2026-01-11, mumbai ,C88942,Amex,Travel,Female,18441.4,NetBanking, SWIGGY ,Utilities,Approved
s101395,2026-06-24, mumbai ,C77359,Visa,Utilities,Female,5505.73,UPI, IRCTC ,Travel,Declined
s101396,2026-06-11, bengaluru ,C60758,Amex,Shopping,Male,6516.25,UPI, AMAZON ,Travel,Declined
s101397,2026-03-06, pune ,C27188,MasterCard,Travel,Male,23614.36,NetBanking, DMART ,Travel,Approved
s101398,2026-05-23, vizag ,C43934,RuPay,Shopping,Male,2508.21,NetBanking, IRCTC ,E-commerce,Approved
s101399,2026-03-30, vizag ,C60966,Amex,Shopping,Female,20091.43,Credit, SWIGGY ,E-commerce,Declined
s101400,2026-03-24, vizag ,C18196,RuPay,Fuel,Female,22519.11,NetBanking, HPCL ,Travel,Approved
s101401,2026-01-08, pune ,C62580,Amex,Groceries,Male,10347.94,Credit, SWIGGY ,Food,Approved
s101402,2026-01-09, chennai ,C54580,Amex,Shopping,Female,8491.35,Credit, ZOMATO ,Food,Declined
s101403,2026-04-18, kolkata ,C70323,MasterCard,Dining,Male,5551.09,Credit, DMART ,E-commerce,Approved
s101404,2026-03-12, pune ,C83625,Amex,Fuel,Female,22008.72,UPI, SWIGGY ,Travel,Approved
s101405,2026-05-20, pune ,C18693,Amex,Shopping,Male,17294.11,UPI, IOCL ,Retail,Approved
s101406,2026-05-11, chennai ,C38765,Amex,Fuel,Male,9405.48,UPI, AMAZON ,Retail,Approved
s101407,2026-02-27, hyderabad ,C46232,Amex,Utilities,Male,3893.23,UPI, RELIANCE ,Retail,Declined
s101408,2026-02-18, vizag ,C51370,Visa,Fuel,Female,3436.01,NetBanking, IOCL ,Utilities,Declined
s101409,2026-01-17, pune ,C19241,Visa,Travel,Female,11094.8,Credit, IOCL ,Retail,Approved
s101410,2026-06-26, pune ,C90669,MasterCard,Shopping,Male,14888.59,UPI, RELIANCE ,Utilities,Declined
s101411,2026-05-11, kolkata ,C24587,Visa,Shopping,Male,14193.47,NetBanking, IRCTC ,Utilities,Declined
s101412,2026-06-25, delhi ,C14805,MasterCard,Dining,Male,16736.94,Credit, ZOMATO ,Utilities,Declined
s101413,2026-03-14, mumbai ,C59113,RuPay,Fuel,Female,19396.58,NetBanking, SWIGGY ,Retail,Approved
s101414,2026-03-18, pune ,C92382,RuPay,Shopping,Male,12642.32,UPI, HPCL ,Utilities,Declined
s101415,2026-04-21, vizag ,C51396,MasterCard,Shopping,Female,10284.03,NetBanking, DMART ,Travel,Declined
s101416,2026-06-15, mumbai ,C87553,MasterCard,Utilities,Female,20427.02,Credit, IRCTC ,Food,Approved
s101417,2026-02-18, chennai ,C61807,RuPay,Fuel,Male,15057.63,UPI, SWIGGY ,Travel,Approved
s101418,2026-02-07, hyderabad ,C78277,RuPay,Groceries,Female,5917.53,NetBanking, DMART ,Fuel,Approved
s101419,2026-01-24, pune ,C72457,Amex,Travel,Female,17816.97,Credit, IOCL ,E-commerce,Approved
s101420,2026-01-04, pune ,C29424,Amex,Fuel,Male,3093.1,Credit, IOCL ,Retail,Declined
s101421,2026-04-20, pune ,C29947,Visa,Utilities,Male,21801.23,UPI, IOCL ,Retail,Declined
s101422,2026-03-16, mumbai ,C70438,Amex,Groceries,Male,18106.83,Credit, IOCL ,Food,Declined
s101423,2026-03-08, pune ,C64336,Amex,Dining,Male,23065.98,UPI, AMAZON ,Food,Approved
s101424,2026-01-18, hyderabad ,C84183,RuPay,Utilities,Female,12141.13,UPI, IRCTC ,Fuel,Approved
s101425,2026-03-29, vizag ,C82827,RuPay,Utilities,Male,11527.42,Credit, HPCL ,Utilities,Approved
s101426,2026-06-23, pune ,C94211,Amex,Shopping,Male,17234.25,NetBanking, HPCL ,Fuel,Approved
s101427,2026-05-09, vizag ,C53125,Visa,Travel,Male,13259.23,UPI, RELIANCE ,Retail,Approved
s101428,2026-04-30, delhi ,C17475,Amex,Fuel,Female,11972.84,UPI, IOCL ,Retail,Approved
s101429,2026-01-03, hyderabad ,C12439,RuPay,Dining,Male,19742.11,UPI, AMAZON ,Food,Declined
s101430,2026-04-21, pune ,C87557,Visa,Fuel,Male,22539.89,Credit, IOCL ,E-commerce,Declined
s101431,2026-04-19, mumbai ,C87210,Visa,Fuel,Male,19778.05,UPI, SWIGGY ,Retail,Approved
s101432,2026-05-01, mumbai ,C68474,Amex,Groceries,Male,2855.5,UPI, HPCL ,E-commerce,Approved
s101433,2026-02-07, kolkata ,C99837,Visa,Utilities,Female,22091.26,NetBanking, RELIANCE ,Fuel,Approved
s101434,2026-04-14, kolkata ,C87069,MasterCard,Groceries,Female,3437.24,Credit, IRCTC ,Travel,Approved
s101435,2026-01-27, delhi ,C76773,Amex,Dining,Male,875.21,NetBanking, IOCL ,Retail,Approved
s101436,2026-01-21, hyderabad ,C36493,Visa,Shopping,Female,17221.08,NetBanking, ZOMATO ,Retail,Declined
s101437,2026-06-01, bengaluru ,C35147,RuPay,Shopping,Male,16872.24,Credit, HPCL ,Utilities,Declined
s101438,2026-04-25, chennai ,C48930,RuPay,Utilities,Male,15235.16,UPI, DMART ,Utilities,Approved
s101439,2026-02-24, bengaluru ,C74432,MasterCard,Groceries,Male,13885.46,Credit, IRCTC ,Fuel,Approved
s101440,2026-06-30, vizag ,C51895,RuPay,Fuel,Male,22056.3,UPI, AMAZON ,Travel,Declined
s101441,2026-03-15, delhi ,C13523,RuPay,Utilities,Female,12208.64,UPI, IRCTC ,Retail,Declined
s101442,2026-01-29, mumbai ,C65183,Visa,Dining,Male,19934.01,Credit, SWIGGY ,Fuel,Approved
s101443,2026-03-13, bengaluru ,C11651,Amex,Fuel,Female,20476.32,UPI, IOCL ,Food,Declined
s101444,2026-02-22, kolkata ,C11351,Visa,Travel,Female,18796.46,UPI, ZOMATO ,Food,Declined
s101445,2026-02-05, vizag ,C58461,MasterCard,Dining,Male,11423.19,Credit, IOCL ,Utilities,Declined
s101446,2026-02-21, vizag ,C29297,RuPay,Travel,Female,14278.35,UPI, DMART ,Retail,Approved
s101447,2026-04-07, pune ,C19583,RuPay,Utilities,Male,10466.84,Credit, AMAZON ,E-commerce,Approved
s101448,2026-02-06, pune ,C76970,RuPay,Groceries,Female,18637.21,Credit, RELIANCE ,Fuel,Declined
s101449,2026-01-05, pune ,C40943,Amex,Fuel,Female,16621.17,Credit, DMART ,Retail,Declined
s101450,2026-03-10, kolkata ,C75504,MasterCard,Dining,Male,22637.91,UPI, RELIANCE ,Travel,Declined
s101451,2026-01-18, hyderabad ,C53375,MasterCard,Fuel,Male,7433.74,UPI, HPCL ,Fuel,Declined
s101452,2026-01-07, pune ,C14990,RuPay,Fuel,Female,14676.9,NetBanking, AMAZON ,Food,Approved
s101453,2026-03-04, pune ,C65027,MasterCard,Dining,Male,22286.13,Credit, AMAZON ,Utilities,Declined
s101454,2026-01-11, hyderabad ,C88539,Visa,Dining,Male,24335.79,NetBanking, ZOMATO ,Retail,Declined
s101455,2026-02-08, bengaluru ,C70453,Amex,Utilities,Female,251.43,NetBanking, SWIGGY ,Food,Declined
s101456,2026-04-04, mumbai ,C19818,Visa,Travel,Female,8127.01,NetBanking, DMART ,Food,Declined
s101457,2026-02-24, mumbai ,C94016,MasterCard,Shopping,Male,9705.03,UPI, AMAZON ,E-commerce,Declined
s101458,2026-03-06, bengaluru ,C82371,Amex,Shopping,Male,19257.02,NetBanking, HPCL ,Utilities,Declined
s101459,2026-05-06, bengaluru ,C87017,Amex,Groceries,Male,1394.38,UPI, ZOMATO ,Utilities,Declined
s101460,2026-05-02, kolkata ,C95225,Visa,Dining,Female,21507.63,UPI, DMART ,Utilities,Approved
s101461,2026-01-02, hyderabad ,C91265,MasterCard,Groceries,Male,641.48,UPI, IOCL ,Retail,Approved
s101462,2026-04-18, kolkata ,C73977,MasterCard,Shopping,Male,10476.83,Credit, SWIGGY ,Utilities,Approved
s101463,2026-01-08, chennai ,C75947,MasterCard,Shopping,Female,5111.04,NetBanking, AMAZON ,Retail,Declined
s101464,2026-03-21, chennai ,C83291,Visa,Groceries,Male,8727.53,NetBanking, RELIANCE ,Retail,Declined
s101465,2026-03-22, bengaluru ,C67889,Amex,Groceries,Male,8689.25,NetBanking, IRCTC ,Food,Approved
s101466,2026-04-17, bengaluru ,C26704,MasterCard,Fuel,Female,17296.3,Credit, ZOMATO ,Retail,Declined
s101467,2026-01-13, hyderabad ,C18975,Visa,Shopping,Male,22225.36,Credit, AMAZON ,Food,Approved
s101468,2026-05-15, hyderabad ,C20021,MasterCard,Groceries,Male,3491.53,NetBanking, IRCTC ,Utilities,Declined
s101469,2026-03-31, chennai ,C22469,Visa,Fuel,Male,11129.02,NetBanking, SWIGGY ,Travel,Approved
s101470,2026-01-13, pune ,C16714,Visa,Shopping,Male,1764.22,NetBanking, HPCL ,E-commerce,Declined
s101471,2026-05-10, hyderabad ,C76931,RuPay,Utilities,Male,2174.46,NetBanking, DMART ,Travel,Approved
s101472,2026-06-20, delhi ,C24061,MasterCard,Groceries,Female,1583.97,Credit, DMART ,Retail,Declined
s101473,2026-03-26, hyderabad ,C78327,MasterCard,Dining,Female,20071.92,Credit, AMAZON ,Fuel,Declined
s101474,2026-03-05, hyderabad ,C67517,Visa,Travel,Male,12372.01,Credit, DMART ,E-commerce,Declined
s101475,2026-04-05, bengaluru ,C49713,Visa,Travel,Female,17636.14,NetBanking, DMART ,Food,Declined
s101476,2026-04-15, bengaluru ,C15522,RuPay,Shopping,Male,19864.97,UPI, IRCTC ,Travel,Approved
s101477,2026-02-10, vizag ,C53999,MasterCard,Dining,Male,7599.28,UPI, AMAZON ,Travel,Approved
s101478,2026-02-28, mumbai ,C96573,RuPay,Dining,Female,436.33,NetBanking, DMART ,Food,Approved
s101479,2026-04-02, kolkata ,C35093,Amex,Travel,Male,24640.3,NetBanking, ZOMATO ,Fuel,Declined
s101480,2026-05-10, bengaluru ,C23153,RuPay,Travel,Female,11931.44,UPI, AMAZON ,Food,Declined
s101481,2026-04-03, vizag ,C65866,Amex,Groceries,Female,1875.82,NetBanking, IOCL ,E-commerce,Approved
s101482,2026-03-14, chennai ,C14325,MasterCard,Fuel,Female,5248.18,NetBanking, ZOMATO ,Retail,Declined
s101483,2026-05-16, chennai ,C75615,Visa,Travel,Female,13455.42,Credit, HPCL ,Utilities,Declined
s101484,2026-01-30, kolkata ,C89290,Visa,Fuel,Female,6209.79,NetBanking, HPCL ,Travel,Declined
s101485,2026-01-16, vizag ,C49000,Visa,Travel,Female,23168.51,Credit, SWIGGY ,Travel,Declined
s101486,2026-06-04, chennai ,C62413,Amex,Groceries,Female,19307.92,NetBanking, ZOMATO ,E-commerce,Approved
s101487,2026-02-28, mumbai ,C34721,RuPay,Utilities,Female,23737.52,UPI, ZOMATO ,Retail,Approved
s101488,2026-04-29, vizag ,C71733,Amex,Fuel,Male,9300.8,NetBanking, IOCL ,E-commerce,Declined
s101489,2026-01-06, hyderabad ,C20602,MasterCard,Fuel,Male,6138.28,NetBanking, HPCL ,Fuel,Declined
s101490,2026-01-18, vizag ,C96302,Amex,Utilities,Male,14333.42,Credit, AMAZON ,Fuel,Approved
s101491,2026-04-26, vizag ,C28451,RuPay,Shopping,Female,1311.22,Credit, AMAZON ,Food,Approved
s101492,2026-06-12, pune ,C13401,RuPay,Dining,Female,16699.66,Credit, ZOMATO ,E-commerce,Declined
s101493,2026-05-13, hyderabad ,C33932,RuPay,Utilities,Female,18379.91,NetBanking, HPCL ,Retail,Declined
s101494,2026-06-13, delhi ,C13349,Amex,Utilities,Male,6650.9,Credit, AMAZON ,Retail,Declined
s101495,2026-01-31, kolkata ,C99013,Visa,Dining,Female,24969.01,Credit, HPCL ,Fuel,Declined
s101496,2026-02-28, hyderabad ,C84477,Visa,Travel,Male,20265.87,Credit, AMAZON ,E-commerce,Approved
s101497,2026-03-26, bengaluru ,C79056,Amex,Travel,Female,587.0,NetBanking, ZOMATO ,Utilities,Declined
s101498,2026-01-12, chennai ,C36759,Visa,Groceries,Female,24258.97,NetBanking, SWIGGY ,Utilities,Declined
s101499,2026-05-06, bengaluru ,C55155,Amex,Travel,Male,5534.31,UPI, DMART ,Travel,Approved
s101500,2026-01-03, vizag ,C43639,MasterCard,Shopping,Male,10961.14,Credit, AMAZON ,E-commerce,Approved
s101501,2026-01-09, chennai ,C24094,RuPay,Groceries,Female,23417.69,Credit, AMAZON ,Food,Declined
s101502,2026-06-25, vizag ,C85047,RuPay,Utilities,Female,7894.61,UPI, DMART ,Utilities,Declined
s101503,2026-06-03, vizag ,C28440,RuPay,Fuel,Male,10962.0,NetBanking, HPCL ,Retail,Declined
s101504,2026-03-29, vizag ,C94324,RuPay,Shopping,Male,21304.9,NetBanking, IRCTC ,E-commerce,Declined
s101505,2026-01-28, bengaluru ,C11047,Visa,Dining,Male,2050.43,Credit, ZOMATO ,Food,Approved
s101506,2026-06-08, hyderabad ,C87466,MasterCard,Utilities,Female,10689.77,Credit, HPCL ,Food,Declined
s101507,2026-05-10, bengaluru ,C78920,MasterCard,Dining,Female,24443.66,UPI, DMART ,Utilities,Declined
s101508,2026-01-20, chennai ,C56578,RuPay,Utilities,Male,22312.15,UPI, SWIGGY ,Fuel,Approved
s101509,2026-06-06, bengaluru ,C97828,Amex,Shopping,Male,20916.34,UPI, SWIGGY ,E-commerce,Approved
s101510,2026-03-11, delhi ,C50223,MasterCard,Travel,Male,4658.91,NetBanking, ZOMATO ,Utilities,Declined
s101511,2026-06-01, bengaluru ,C17401,Amex,Dining,Male,12263.95,UPI, IOCL ,Utilities,Approved
s101512,2026-03-22, vizag ,C86261,Visa,Groceries,Male,13520.27,NetBanking, IRCTC ,Retail,Approved
s101513,2026-01-03, vizag ,C36722,Amex,Travel,Female,5910.04,Credit, DMART ,E-commerce,Approved
s101514,2026-04-11, chennai ,C78817,Amex,Utilities,Male,3422.1,NetBanking, HPCL ,Food,Approved
s101515,2026-06-06, mumbai ,C50670,Amex,Dining,Female,1186.37,Credit, DMART ,E-commerce,Declined
s101516,2026-02-03, delhi ,C57654,MasterCard,Fuel,Male,22857.96,UPI, DMART ,Fuel,Approved
s101517,2026-04-10, pune ,C27623,MasterCard,Dining,Male,17326.84,UPI, SWIGGY ,Food,Declined
s101518,2026-04-22, pune ,C64716,RuPay,Shopping,Female,909.32,Credit, DMART ,Utilities,Approved
s101519,2026-02-25, vizag ,C44999,Amex,Groceries,Female,7555.05,UPI, HPCL ,E-commerce,Approved
s101520,2026-01-21, chennai ,C49242,Amex,Dining,Female,1961.83,UPI, HPCL ,Utilities,Approved
s101521,2026-02-01, mumbai ,C18566,Visa,Groceries,Female,13184.24,Credit, AMAZON ,Retail,Approved
s101522,2026-05-28, vizag ,C66756,Amex,Utilities,Male,4549.85,Credit, HPCL ,E-commerce,Approved
s101523,2026-02-25, pune ,C13632,MasterCard,Groceries,Female,10376.38,NetBanking, SWIGGY ,Fuel,Declined
s101524,2026-06-04, chennai ,C74825,MasterCard,Dining,Female,12084.22,UPI, HPCL ,Retail,Approved
s101525,2026-03-16, pune ,C69185,Visa,Shopping,Female,23810.55,UPI, SWIGGY ,Fuel,Declined
s101526,2026-05-19, delhi ,C72340,MasterCard,Dining,Female,1157.72,Credit, RELIANCE ,Fuel,Approved
s101527,2026-05-03, vizag ,C24466,Amex,Fuel,Female,24546.78,NetBanking, SWIGGY ,Travel,Declined
s101528,2026-02-17, mumbai ,C86357,Amex,Groceries,Male,6875.01,Credit, AMAZON ,Travel,Approved
s101529,2026-05-30, pune ,C52232,RuPay,Dining,Male,4214.03,Credit, HPCL ,Retail,Approved
s101530,2026-04-09, hyderabad ,C80356,Visa,Dining,Male,6822.03,Credit, HPCL ,Utilities,Declined
s101531,2026-04-11, vizag ,C51932,MasterCard,Groceries,Male,14480.6,NetBanking, HPCL ,Utilities,Declined
s101532,2026-06-05, hyderabad ,C57520,RuPay,Fuel,Female,12867.08,UPI, IOCL ,Travel,Approved
s101533,2026-01-18, hyderabad ,C40451,RuPay,Dining,Female,1236.93,Credit, IOCL ,E-commerce,Declined
s101534,2026-06-04, mumbai ,C80764,RuPay,Dining,Male,12828.4,Credit, IOCL ,Retail,Declined
s101535,2026-01-02, vizag ,C32028,Visa,Shopping,Female,1011.81,Credit, RELIANCE ,Food,Approved
s101536,2026-04-13, mumbai ,C50201,Visa,Travel,Female,9804.68,NetBanking, ZOMATO ,Fuel,Approved
s101537,2026-01-29, vizag ,C55510,MasterCard,Travel,Male,17488.86,Credit, DMART ,Food,Declined
s101538,2026-04-03, hyderabad ,C48390,MasterCard,Travel,Female,13750.1,UPI, DMART ,Retail,Declined
s101539,2026-05-05, hyderabad ,C19922,RuPay,Groceries,Male,23984.11,NetBanking, HPCL ,Fuel,Approved
s101540,2026-06-19, mumbai ,C86838,MasterCard,Shopping,Male,22717.85,Credit, DMART ,Utilities,Approved
s101541,2026-06-17, vizag ,C46434,Visa,Fuel,Female,6375.45,Credit, IOCL ,Retail,Declined
s101542,2026-02-24, chennai ,C39318,Amex,Dining,Male,23932.87,NetBanking, IRCTC ,Travel,Declined
s101543,2026-05-02, chennai ,C87702,RuPay,Travel,Male,7214.58,UPI, RELIANCE ,Retail,Approved
s101544,2026-04-19, delhi ,C72765,MasterCard,Shopping,Male,16077.65,Credit, SWIGGY ,Utilities,Approved
s101545,2026-02-10, kolkata ,C15766,MasterCard,Groceries,Male,3833.75,UPI, ZOMATO ,Food,Approved
s101546,2026-05-08, pune ,C79162,MasterCard,Travel,Female,16819.36,Credit, HPCL ,Retail,Approved
s101547,2026-06-09, bengaluru ,C77573,Visa,Utilities,Male,7295.61,NetBanking, RELIANCE ,Travel,Approved
s101548,2026-02-13, kolkata ,C39677,RuPay,Shopping,Female,9325.5,Credit, IRCTC ,Retail,Approved
s101549,2026-06-08, mumbai ,C87159,Amex,Travel,Male,20459.39,NetBanking, RELIANCE ,Fuel,Approved
s101550,2026-04-15, vizag ,C67517,RuPay,Fuel,Female,23491.7,UPI, SWIGGY ,Utilities,Declined
s101551,2026-03-14, delhi ,C50096,MasterCard,Shopping,Female,23043.25,UPI, RELIANCE ,Food,Approved
s101552,2026-02-11, mumbai ,C36764,RuPay,Shopping,Male,5149.89,NetBanking, ZOMATO ,Travel,Declined
s101553,2026-06-13, mumbai ,C74563,RuPay,Fuel,Male,24231.21,Credit, DMART ,E-commerce,Declined
s101554,2026-03-26, mumbai ,C24923,MasterCard,Dining,Female,8724.02,UPI, IOCL ,Food,Declined
s101555,2026-04-24, hyderabad ,C56443,Amex,Fuel,Female,2430.82,NetBanking, DMART ,Utilities,Approved
s101556,2026-02-28, mumbai ,C40448,RuPay,Dining,Male,19333.63,NetBanking, ZOMATO ,Travel,Approved
s101557,2026-02-01, mumbai ,C53939,RuPay,Fuel,Male,17704.23,Credit, SWIGGY ,E-commerce,Approved
s101558,2026-03-01, vizag ,C35239,MasterCard,Fuel,Male,3394.21,Credit, HPCL ,Retail,Approved
s101559,2026-02-02, kolkata ,C15152,Amex,Shopping,Female,15773.65,NetBanking, IOCL ,Food,Approved
s101560,2026-01-01, vizag ,C12161,Amex,Travel,Female,20079.78,NetBanking, HPCL ,Travel,Declined
s101561,2026-05-24, bengaluru ,C85519,MasterCard,Shopping,Female,14396.43,Credit, DMART ,E-commerce,Approved
s101562,2026-06-08, delhi ,C86264,MasterCard,Shopping,Male,8063.81,NetBanking, IRCTC ,Retail,Declined
s101563,2026-04-05, mumbai ,C26842,Amex,Shopping,Female,21219.05,NetBanking, IOCL ,Retail,Approved
s101564,2026-01-15, bengaluru ,C41786,Visa,Dining,Female,19531.44,Credit, RELIANCE ,Retail,Declined
s101565,2026-06-05, bengaluru ,C22810,Amex,Dining,Female,22112.61,Credit, DMART ,Travel,Approved
s101566,2026-04-09, delhi ,C97659,RuPay,Dining,Female,15166.09,Credit, IRCTC ,Fuel,Declined
s101567,2026-04-06, vizag ,C83590,MasterCard,Dining,Male,1389.35,Credit, AMAZON ,Travel,Declined
s101568,2026-01-01, mumbai ,C34553,MasterCard,Dining,Male,18597.25,NetBanking, SWIGGY ,Utilities,Approved
s101569,2026-05-25, bengaluru ,C36373,RuPay,Shopping,Female,6204.75,Credit, ZOMATO ,Retail,Approved
s101570,2026-01-26, chennai ,C91678,Visa,Travel,Female,4116.22,Credit, IRCTC ,Utilities,Declined
s101571,2026-02-01, kolkata ,C14359,Visa,Fuel,Female,3792.19,NetBanking, IRCTC ,Utilities,Approved
s101572,2026-01-18, chennai ,C93891,Visa,Fuel,Male,24174.76,Credit, AMAZON ,Food,Approved
s101573,2026-06-03, vizag ,C77468,RuPay,Shopping,Female,16939.81,UPI, RELIANCE ,Utilities,Approved
s101574,2026-05-29, vizag ,C98238,Amex,Utilities,Female,21112.0,UPI, IRCTC ,E-commerce,Approved
s101575,2026-01-13, delhi ,C53787,MasterCard,Fuel,Female,3576.29,Credit, IOCL ,Travel,Approved
s101576,2026-02-12, vizag ,C20418,RuPay,Dining,Male,16127.58,UPI, AMAZON ,Food,Declined
s101577,2026-02-09, mumbai ,C39908,MasterCard,Dining,Female,1084.29,NetBanking, SWIGGY ,Travel,Declined
s101578,2026-05-12, mumbai ,C20901,Amex,Utilities,Female,18700.59,Credit, IOCL ,E-commerce,Approved
s101579,2026-04-12, bengaluru ,C67181,Amex,Utilities,Female,5664.98,Credit, HPCL ,Retail,Declined
s101580,2026-02-11, chennai ,C96191,RuPay,Dining,Female,13676.7,NetBanking, IRCTC ,Food,Approved
s101581,2026-06-03, bengaluru ,C68185,Visa,Fuel,Male,19714.06,NetBanking, DMART ,E-commerce,Approved
s101582,2026-05-26, pune ,C67888,MasterCard,Groceries,Male,23315.63,Credit, ZOMATO ,Fuel,Declined
s101583,2026-02-04, mumbai ,C45856,MasterCard,Utilities,Male,5769.59,UPI, RELIANCE ,Retail,Declined
s101584,2026-03-19, bengaluru ,C12183,Visa,Travel,Female,23830.44,Credit, IRCTC ,E-commerce,Declined
s101585,2026-04-08, kolkata ,C54232,Amex,Dining,Female,412.83,UPI, DMART ,Utilities,Approved
s101586,2026-04-02, bengaluru ,C73697,RuPay,Groceries,Female,4394.66,Credit, SWIGGY ,Retail,Approved
s101587,2026-06-28, hyderabad ,C42627,Visa,Dining,Female,6606.01,UPI, AMAZON ,Retail,Declined
s101588,2026-06-20, vizag ,C48268,RuPay,Fuel,Male,11190.6,UPI, IOCL ,E-commerce,Approved
s101589,2026-03-13, vizag ,C99671,Amex,Utilities,Female,19658.63,NetBanking, HPCL ,Food,Declined
s101590,2026-03-19, kolkata ,C83871,MasterCard,Dining,Female,14990.97,NetBanking, AMAZON ,Retail,Approved
s101591,2026-05-02, vizag ,C48983,Amex,Shopping,Female,24836.19,NetBanking, RELIANCE ,Travel,Declined
s101592,2026-03-22, vizag ,C59682,MasterCard,Travel,Female,20303.87,NetBanking, RELIANCE ,E-commerce,Approved
s101593,2026-01-28, mumbai ,C74273,Amex,Shopping,Male,9114.98,Credit, DMART ,Retail,Declined
s101594,2026-02-03, delhi ,C32657,Visa,Travel,Female,18719.22,Credit, ZOMATO ,Retail,Approved
s101595,2026-06-17, vizag ,C93392,Visa,Travel,Female,3449.08,UPI, HPCL ,Fuel,Approved
s101596,2026-01-12, hyderabad ,C29008,Visa,Groceries,Male,6784.85,Credit, AMAZON ,Food,Declined
s101597,2026-05-25, hyderabad ,C13662,Visa,Groceries,Male,21019.61,Credit, RELIANCE ,Retail,Declined
s101598,2026-01-16, pune ,C58561,RuPay,Fuel,Female,20860.53,UPI, DMART ,Fuel,Approved
s101599,2026-01-14, kolkata ,C36197,Visa,Shopping,Female,7194.08,NetBanking, AMAZON ,Food,Declined
s101600,2026-04-26, kolkata ,C45510,Amex,Groceries,Male,16664.4,NetBanking, IOCL ,Travel,Approved
s101601,2026-04-13, pune ,C21191,MasterCard,Dining,Female,21764.96,UPI, HPCL ,Retail,Declined
s101602,2026-01-10, delhi ,C31533,Visa,Travel,Male,9146.69,Credit, HPCL ,Food,Declined
s101603,2026-01-16, hyderabad ,C10817,RuPay,Travel,Female,1494.58,NetBanking, IRCTC ,Travel,Declined
s101604,2026-04-13, mumbai ,C97593,MasterCard,Shopping,Male,4736.08,UPI, SWIGGY ,Utilities,Approved
s101605,2026-06-17, mumbai ,C66382,Visa,Dining,Male,242.13,UPI, IOCL ,E-commerce,Approved
s101606,2026-06-13, hyderabad ,C92569,Amex,Fuel,Female,6237.52,Credit, IOCL ,Food,Approved
s101607,2026-03-03, bengaluru ,C66933,Amex,Dining,Male,11276.11,NetBanking, AMAZON ,Travel,Declined
s101608,2026-06-14, kolkata ,C12858,Visa,Travel,Female,14834.06,Credit, DMART ,Fuel,Declined
s101609,2026-05-27, mumbai ,C45877,RuPay,Shopping,Male,16359.7,UPI, DMART ,Travel,Approved
s101610,2026-02-17, vizag ,C89889,MasterCard,Dining,Male,3571.04,UPI, ZOMATO ,Travel,Declined
s101611,2026-03-19, bengaluru ,C91260,RuPay,Utilities,Female,24930.81,Credit, AMAZON ,Food,Declined
s101612,2026-01-07, mumbai ,C64471,MasterCard,Travel,Male,14594.23,Credit, IOCL ,E-commerce,Declined
s101613,2026-05-25, mumbai ,C26165,MasterCard,Groceries,Male,9504.54,UPI, ZOMATO ,Retail,Approved
s101614,2026-03-10, mumbai ,C34754,MasterCard,Utilities,Female,6518.04,UPI, ZOMATO ,Fuel,Approved
s101615,2026-04-14, delhi ,C86687,RuPay,Dining,Male,19787.51,Credit, IOCL ,Fuel,Approved
s101616,2026-03-25, bengaluru ,C57401,Amex,Dining,Female,16323.85,Credit, HPCL ,Utilities,Declined
s101617,2026-05-27, bengaluru ,C67523,Visa,Dining,Male,16763.36,NetBanking, DMART ,Retail,Declined
s101618,2026-04-23, hyderabad ,C61499,Visa,Groceries,Male,23774.84,UPI, HPCL ,E-commerce,Declined
s101619,2026-05-02, hyderabad ,C63705,Amex,Travel,Female,20414.25,Credit, AMAZON ,Utilities,Approved
s101620,2026-02-16, bengaluru ,C99053,Amex,Shopping,Female,22964.41,NetBanking, IOCL ,Travel,Declined
s101621,2026-01-02, delhi ,C82977,Amex,Utilities,Male,2143.37,UPI, IOCL ,E-commerce,Approved
s101622,2026-03-21, kolkata ,C63965,MasterCard,Travel,Female,24940.02,UPI, DMART ,Retail,Declined
s101623,2026-01-18, kolkata ,C27758,Visa,Groceries,Female,22687.58,UPI, RELIANCE ,Retail,Declined
s101624,2026-05-08, delhi ,C60401,Amex,Shopping,Female,22163.89,Credit, IOCL ,Fuel,Approved
s101625,2026-06-05, delhi ,C80729,Visa,Utilities,Female,6737.76,UPI, IRCTC ,Travel,Approved
s101626,2026-01-11, chennai ,C69005,MasterCard,Shopping,Male,11220.44,UPI, DMART ,E-commerce,Approved
s101627,2026-01-28, chennai ,C89964,Visa,Travel,Female,1780.48,Credit, IOCL ,Utilities,Approved
s101628,2026-04-07, mumbai ,C21903,MasterCard,Utilities,Female,14669.85,UPI, AMAZON ,Food,Approved
s101629,2026-05-11, chennai ,C91773,RuPay,Groceries,Male,23941.49,NetBanking, IRCTC ,Fuel,Declined
s101630,2026-02-11, chennai ,C31774,MasterCard,Fuel,Male,7846.41,Credit, IRCTC ,E-commerce,Approved
s101631,2026-04-03, delhi ,C73325,Amex,Utilities,Male,6513.87,NetBanking, IRCTC ,E-commerce,Approved
s101632,2026-01-05, kolkata ,C96644,Visa,Travel,Male,14605.38,UPI, IRCTC ,Utilities,Approved
s101633,2026-05-12, delhi ,C55463,Visa,Groceries,Male,13440.07,NetBanking, SWIGGY ,Retail,Approved
s101634,2026-01-01, vizag ,C48352,Visa,Travel,Female,10422.5,UPI, RELIANCE ,Food,Approved
s101635,2026-01-02, hyderabad ,C86671,MasterCard,Fuel,Male,13375.48,UPI, AMAZON ,Food,Approved
s101636,2026-02-07, chennai ,C45607,Visa,Fuel,Male,9497.36,NetBanking, AMAZON ,E-commerce,Declined
s101637,2026-05-19, hyderabad ,C70860,MasterCard,Groceries,Male,20396.51,UPI, ZOMATO ,Utilities,Approved
s101638,2026-04-27, vizag ,C29701,Visa,Shopping,Male,10828.16,UPI, AMAZON ,Utilities,Declined
s101639,2026-04-19, pune ,C58550,MasterCard,Travel,Male,1349.39,Credit, IOCL ,Utilities,Declined
s101640,2026-01-22, kolkata ,C19001,Amex,Groceries,Female,11180.19,Credit, ZOMATO ,Travel,Approved
s101641,2026-06-23, bengaluru ,C92236,Amex,Fuel,Male,13542.89,NetBanking, DMART ,Travel,Approved
s101642,2026-06-16, bengaluru ,C76459,RuPay,Shopping,Male,14207.99,Credit, AMAZON ,E-commerce,Declined
s101643,2026-06-23, delhi ,C89463,MasterCard,Groceries,Female,10376.19,NetBanking, HPCL ,Food,Approved
s101644,2026-04-15, kolkata ,C26339,Visa,Shopping,Female,11637.89,NetBanking, AMAZON ,E-commerce,Approved
s101645,2026-05-27, chennai ,C17848,Amex,Groceries,Female,13834.01,NetBanking, IOCL ,Food,Declined
s101646,2026-04-02, vizag ,C25111,RuPay,Travel,Female,4211.75,Credit, IRCTC ,Travel,Approved
s101647,2026-06-17, mumbai ,C81618,Amex,Travel,Male,11652.62,UPI, IRCTC ,Utilities,Declined
s101648,2026-02-08, vizag ,C32323,RuPay,Shopping,Male,10018.04,Credit, ZOMATO ,Fuel,Approved
s101649,2026-01-31, chennai ,C25368,RuPay,Fuel,Male,855.31,NetBanking, DMART ,Retail,Approved
s101650,2026-03-11, kolkata ,C22316,MasterCard,Utilities,Male,2513.54,Credit, ZOMATO ,Fuel,Approved
s101651,2026-04-27, vizag ,C21208,Visa,Shopping,Male,4235.47,NetBanking, SWIGGY ,Utilities,Declined
s101652,2026-06-22, mumbai ,C77028,Amex,Shopping,Female,15272.44,UPI, IRCTC ,Fuel,Declined
s101653,2026-03-24, mumbai ,C52693,RuPay,Dining,Male,15535.01,UPI, RELIANCE ,Retail,Approved
s101654,2026-01-03, mumbai ,C68156,MasterCard,Dining,Male,11692.24,NetBanking, ZOMATO ,Food,Approved
s101655,2026-05-13, bengaluru ,C53413,Visa,Utilities,Male,23519.04,UPI, HPCL ,Fuel,Approved
s101656,2026-02-24, kolkata ,C79000,MasterCard,Dining,Male,7337.51,NetBanking, SWIGGY ,Food,Declined
s101657,2026-04-01, pune ,C68749,RuPay,Groceries,Male,1634.0,Credit, RELIANCE ,Food,Declined
s101658,2026-05-24, vizag ,C50608,MasterCard,Dining,Female,11167.47,Credit, SWIGGY ,Fuel,Approved
s101659,2026-02-15, pune ,C55835,MasterCard,Shopping,Male,17014.54,UPI, IRCTC ,Fuel,Declined
s101660,2026-05-26, delhi ,C46122,Amex,Travel,Male,1736.17,NetBanking, ZOMATO ,Fuel,Declined
s101661,2026-04-17, delhi ,C85712,MasterCard,Dining,Male,9081.38,UPI, RELIANCE ,Fuel,Approved
s101662,2026-02-08, delhi ,C13828,MasterCard,Groceries,Male,24404.93,NetBanking, DMART ,Retail,Approved
s101663,2026-05-29, delhi ,C35501,Amex,Fuel,Female,24572.2,Credit, AMAZON ,Retail,Approved
s101664,2026-05-27, delhi ,C25223,RuPay,Utilities,Male,16852.06,NetBanking, AMAZON ,E-commerce,Declined
s101665,2026-01-11, bengaluru ,C67913,Amex,Utilities,Female,15634.44,Credit, RELIANCE ,Fuel,Approved
s101666,2026-02-05, delhi ,C84220,RuPay,Fuel,Male,251.64,NetBanking, IOCL ,Utilities,Declined
s101667,2026-01-08, chennai ,C48812,Visa,Fuel,Female,14486.02,NetBanking, IRCTC ,Travel,Declined
s101668,2026-06-14, vizag ,C70722,Amex,Groceries,Female,6896.39,UPI, HPCL ,Fuel,Approved
s101669,2026-01-01, vizag ,C29254,Visa,Utilities,Female,21095.99,Credit, DMART ,Utilities,Approved
s101670,2026-05-04, hyderabad ,C17282,Amex,Utilities,Female,23746.23,UPI, SWIGGY ,Retail,Declined
s101671,2026-03-05, delhi ,C57939,Amex,Dining,Male,16930.27,UPI, HPCL ,Retail,Approved
s101672,2026-01-23, bengaluru ,C38192,RuPay,Travel,Male,7906.27,UPI, HPCL ,Travel,Declined
s101673,2026-04-15, delhi ,C50933,MasterCard,Fuel,Male,4183.28,NetBanking, DMART ,Utilities,Declined
s101674,2026-04-09, bengaluru ,C36596,Amex,Shopping,Male,5560.3,Credit, RELIANCE ,Fuel,Approved
s101675,2026-03-16, kolkata ,C10501,RuPay,Dining,Female,24373.23,Credit, HPCL ,Retail,Declined
s101676,2026-05-16, hyderabad ,C24249,Amex,Shopping,Female,2648.48,UPI, AMAZON ,Fuel,Declined
s101677,2026-05-23, bengaluru ,C51770,MasterCard,Dining,Female,17440.07,Credit, ZOMATO ,Utilities,Approved
s101678,2026-05-07, pune ,C11844,Amex,Utilities,Male,24219.63,UPI, DMART ,Retail,Approved
s101679,2026-01-10, delhi ,C17427,Amex,Groceries,Male,21006.65,Credit, IOCL ,Retail,Approved
s101680,2026-06-14, vizag ,C83793,Visa,Fuel,Male,5382.09,UPI, IRCTC ,Food,Declined
s101681,2026-01-24, kolkata ,C69973,Visa,Shopping,Female,14787.05,UPI, HPCL ,Fuel,Approved
s101682,2026-04-08, chennai ,C62582,Amex,Dining,Male,18966.54,Credit, IOCL ,Fuel,Approved
s101683,2026-04-15, pune ,C86097,Amex,Fuel,Male,11185.14,Credit, DMART ,Retail,Declined
s101684,2026-01-19, chennai ,C21166,RuPay,Fuel,Female,22251.15,Credit, IOCL ,Retail,Declined
s101685,2026-02-26, bengaluru ,C66204,Amex,Groceries,Female,24094.68,NetBanking, RELIANCE ,Fuel,Declined
s101686,2026-02-06, kolkata ,C73990,Amex,Utilities,Male,20631.88,NetBanking, SWIGGY ,E-commerce,Declined
s101687,2026-03-18, pune ,C95239,Visa,Groceries,Male,10252.71,Credit, IOCL ,Fuel,Declined
s101688,2026-03-05, vizag ,C11655,Visa,Travel,Female,15503.36,NetBanking, HPCL ,Food,Approved
s101689,2026-06-29, pune ,C78991,MasterCard,Dining,Male,24317.26,Credit, ZOMATO ,Fuel,Approved
s101690,2026-02-25, bengaluru ,C87442,Amex,Utilities,Male,10552.06,UPI, SWIGGY ,Retail,Approved
s101691,2026-03-22, bengaluru ,C20575,MasterCard,Utilities,Female,1757.16,Credit, DMART ,Utilities,Approved
s101692,2026-05-16, chennai ,C72810,Amex,Travel,Female,16492.4,UPI, IRCTC ,Fuel,Approved
s101693,2026-05-06, kolkata ,C92112,Amex,Groceries,Male,10596.72,UPI, RELIANCE ,Food,Declined
s101694,2026-04-26, vizag ,C37749,Visa,Fuel,Female,23118.01,Credit, ZOMATO ,Utilities,Approved
s101695,2026-05-05, delhi ,C41372,RuPay,Fuel,Female,1902.85,NetBanking, IOCL ,Retail,Declined
s101696,2026-04-13, kolkata ,C44001,Amex,Shopping,Female,13091.22,Credit, ZOMATO ,Food,Declined
s101697,2026-01-31, mumbai ,C20436,Visa,Dining,Female,9894.61,Credit, RELIANCE ,Fuel,Declined
s101698,2026-02-06, delhi ,C53718,Visa,Groceries,Female,21784.71,Credit, AMAZON ,E-commerce,Declined
s101699,2026-05-14, hyderabad ,C62724,Visa,Fuel,Female,15703.39,NetBanking, ZOMATO ,Utilities,Approved
s101700,2026-02-22, kolkata ,C38499,MasterCard,Dining,Male,24489.15,UPI, ZOMATO ,E-commerce,Declined
s101701,2026-06-11, delhi ,C37467,MasterCard,Groceries,Female,350.69,Credit, HPCL ,Fuel,Declined
s101702,2026-04-10, chennai ,C47124,Visa,Dining,Male,23791.8,UPI, SWIGGY ,Utilities,Declined
s101703,2026-05-15, vizag ,C17129,MasterCard,Groceries,Male,11829.33,Credit, AMAZON ,Utilities,Declined
s101704,2026-04-07, delhi ,C15438,Visa,Dining,Female,23550.3,Credit, ZOMATO ,Fuel,Declined
s101705,2026-05-07, pune ,C98260,MasterCard,Travel,Male,15864.22,UPI, SWIGGY ,E-commerce,Declined
s101706,2026-06-17, pune ,C12222,Amex,Travel,Female,24298.44,UPI, SWIGGY ,Fuel,Declined
s101707,2026-06-10, mumbai ,C85010,MasterCard,Fuel,Female,13917.76,Credit, IOCL ,Travel,Approved
s101708,2026-03-12, hyderabad ,C47051,MasterCard,Dining,Female,7342.0,UPI, DMART ,Fuel,Approved
s101709,2026-04-20, hyderabad ,C16611,MasterCard,Utilities,Male,3879.45,NetBanking, ZOMATO ,Utilities,Declined
s101710,2026-05-07, chennai ,C65042,Amex,Groceries,Female,5810.94,UPI, DMART ,Food,Approved
s101711,2026-03-19, hyderabad ,C80410,Amex,Travel,Female,2673.26,UPI, RELIANCE ,Utilities,Approved
s101712,2026-06-27, bengaluru ,C86364,MasterCard,Utilities,Female,13503.69,UPI, HPCL ,Travel,Approved
s101713,2026-02-13, chennai ,C76623,Amex,Dining,Female,394.75,UPI, SWIGGY ,Travel,Declined
s101714,2026-01-19, kolkata ,C84022,RuPay,Utilities,Male,5763.97,NetBanking, AMAZON ,Travel,Approved
s101715,2026-05-19, hyderabad ,C76519,Amex,Groceries,Male,8003.63,NetBanking, ZOMATO ,Utilities,Declined
s101716,2026-01-26, delhi ,C34122,Amex,Fuel,Male,23106.72,NetBanking, DMART ,Utilities,Approved
s101717,2026-06-30, bengaluru ,C29740,RuPay,Utilities,Female,5806.25,UPI, IRCTC ,Utilities,Approved
s101718,2026-03-15, bengaluru ,C31568,Amex,Dining,Female,17451.7,NetBanking, AMAZON ,Food,Declined
s101719,2026-04-11, kolkata ,C15695,Visa,Utilities,Male,12924.12,UPI, SWIGGY ,E-commerce,Approved
s101720,2026-01-20, bengaluru ,C93407,MasterCard,Fuel,Male,9033.08,Credit, IOCL ,E-commerce,Declined
s101721,2026-04-05, delhi ,C29828,Amex,Utilities,Female,16798.45,Credit, SWIGGY ,E-commerce,Approved
s101722,2026-03-21, pune ,C27877,Amex,Dining,Female,18304.85,NetBanking, AMAZON ,Fuel,Approved
s101723,2026-06-24, delhi ,C91792,RuPay,Groceries,Female,789.21,NetBanking, DMART ,Utilities,Declined
s101724,2026-03-17, kolkata ,C46246,Visa,Groceries,Female,3717.18,NetBanking, DMART ,E-commerce,Approved
s101725,2026-02-12, mumbai ,C20182,RuPay,Travel,Female,23647.0,UPI, IOCL ,Fuel,Approved
s101726,2026-02-14, pune ,C58179,RuPay,Shopping,Female,18908.65,NetBanking, HPCL ,Travel,Approved
s101727,2026-04-16, pune ,C74097,Visa,Fuel,Female,10321.8,NetBanking, SWIGGY ,Travel,Approved
s101728,2026-02-07, hyderabad ,C80935,Visa,Utilities,Male,10709.68,NetBanking, IOCL ,Retail,Approved
s101729,2026-05-25, pune ,C93554,Amex,Fuel,Male,9614.68,UPI, DMART ,E-commerce,Approved
s101730,2026-02-22, vizag ,C43803,MasterCard,Fuel,Male,24877.35,NetBanking, IOCL ,Fuel,Declined
s101731,2026-01-10, hyderabad ,C75028,Amex,Utilities,Female,11236.45,Credit, ZOMATO ,Travel,Declined
s101732,2026-04-09, chennai ,C34696,RuPay,Dining,Female,7786.19,UPI, DMART ,Utilities,Declined
s101733,2026-03-28, vizag ,C76876,RuPay,Shopping,Male,14530.93,Credit, AMAZON ,Fuel,Declined
s101734,2026-06-02, hyderabad ,C56958,Amex,Fuel,Male,20553.46,UPI, IOCL ,Retail,Declined
s101735,2026-01-25, hyderabad ,C40518,Visa,Travel,Male,727.65,UPI, AMAZON ,Retail,Approved
s101736,2026-01-01, chennai ,C46221,Amex,Dining,Female,10530.92,NetBanking, IOCL ,Fuel,Declined
s101737,2026-01-02, kolkata ,C48496,Visa,Fuel,Male,24591.04,NetBanking, DMART ,E-commerce,Declined
s101738,2026-06-17, chennai ,C83834,Amex,Dining,Male,4481.57,NetBanking, ZOMATO ,Travel,Approved
s101739,2026-03-29, vizag ,C14704,MasterCard,Travel,Male,24707.51,NetBanking, DMART ,Food,Approved
s101740,2026-06-19, hyderabad ,C16927,MasterCard,Utilities,Female,20435.49,NetBanking, AMAZON ,Travel,Approved
s101741,2026-06-17, mumbai ,C94897,RuPay,Shopping,Female,6183.62,UPI, SWIGGY ,Food,Declined
s101742,2026-01-16, kolkata ,C37279,Amex,Shopping,Female,5294.68,NetBanking, RELIANCE ,Fuel,Declined
s101743,2026-02-22, kolkata ,C86328,MasterCard,Travel,Male,24284.09,UPI, RELIANCE ,Travel,Declined
s101744,2026-03-10, bengaluru ,C95177,Amex,Travel,Male,10843.83,UPI, IRCTC ,Utilities,Approved
s101745,2026-01-07, pune ,C48660,Visa,Utilities,Female,14292.29,UPI, DMART ,Travel,Approved
s101746,2026-04-09, chennai ,C69780,MasterCard,Travel,Female,19085.83,Credit, IRCTC ,E-commerce,Approved
s101747,2026-05-29, chennai ,C99372,MasterCard,Travel,Male,2374.74,UPI, DMART ,Travel,Declined
s101748,2026-06-30, mumbai ,C66234,Amex,Groceries,Male,17721.69,UPI, RELIANCE ,E-commerce,Approved
s101749,2026-03-29, chennai ,C23395,MasterCard,Dining,Male,10553.72,NetBanking, HPCL ,E-commerce,Declined
s101750,2026-02-18, pune ,C57704,Visa,Groceries,Male,685.67,Credit, IOCL ,Fuel,Declined
s101751,2026-02-19, pune ,C87997,RuPay,Fuel,Male,5708.3,NetBanking, HPCL ,Travel,Declined
s101752,2026-04-26, delhi ,C50985,MasterCard,Dining,Female,997.67,UPI, SWIGGY ,Retail,Approved
s101753,2026-04-04, kolkata ,C37314,RuPay,Fuel,Female,810.92,Credit, DMART ,Retail,Approved
s101754,2026-06-08, bengaluru ,C49309,RuPay,Groceries,Male,13572.79,Credit, SWIGGY ,Travel,Declined
s101755,2026-01-15, mumbai ,C28088,Amex,Utilities,Female,2655.78,UPI, IOCL ,Travel,Approved
s101756,2026-02-09, pune ,C58469,MasterCard,Groceries,Female,1942.63,NetBanking, RELIANCE ,Utilities,Approved
s101757,2026-05-01, delhi ,C46022,Visa,Utilities,Male,7410.52,NetBanking, IOCL ,Retail,Declined
s101758,2026-05-11, mumbai ,C27190,RuPay,Travel,Male,13067.27,Credit, DMART ,Utilities,Declined
s101759,2026-04-22, hyderabad ,C45325,Visa,Utilities,Male,18476.62,NetBanking, IRCTC ,Utilities,Declined
s101760,2026-05-19, vizag ,C15491,Visa,Dining,Male,1996.34,UPI, DMART ,Fuel,Declined
s101761,2026-06-15, vizag ,C47097,RuPay,Fuel,Male,1604.48,UPI, IRCTC ,Utilities,Approved
s101762,2026-06-21, chennai ,C26652,MasterCard,Utilities,Female,7548.65,Credit, IRCTC ,Retail,Declined
s101763,2026-02-12, delhi ,C93138,RuPay,Utilities,Female,21848.44,Credit, IRCTC ,Travel,Declined
s101764,2026-04-19, delhi ,C91515,RuPay,Groceries,Male,3866.19,UPI, IRCTC ,Utilities,Declined
s101765,2026-05-02, delhi ,C33675,MasterCard,Utilities,Female,18992.99,Credit, IOCL ,Travel,Declined
s101766,2026-03-03, pune ,C25968,RuPay,Travel,Female,18179.1,UPI, RELIANCE ,Food,Approved
s101767,2026-03-24, pune ,C39986,RuPay,Travel,Female,13582.29,UPI, DMART ,Utilities,Approved
s101768,2026-02-26, delhi ,C71831,Amex,Utilities,Female,6910.29,NetBanking, ZOMATO ,Fuel,Declined
s101769,2026-02-24, bengaluru ,C26210,Visa,Groceries,Male,20145.23,Credit, RELIANCE ,Utilities,Approved
s101770,2026-02-17, bengaluru ,C65939,Visa,Utilities,Female,10547.52,UPI, DMART ,Fuel,Declined
s101771,2026-02-22, bengaluru ,C93802,Visa,Groceries,Male,5540.37,Credit, RELIANCE ,Food,Declined
s101772,2026-02-06, bengaluru ,C10223,Visa,Dining,Female,20059.79,NetBanking, HPCL ,E-commerce,Approved
s101773,2026-04-02, delhi ,C78535,RuPay,Fuel,Female,19603.98,NetBanking, AMAZON ,E-commerce,Declined
s101774,2026-04-15, kolkata ,C53352,Visa,Travel,Male,15591.22,UPI, RELIANCE ,Retail,Approved
s101775,2026-03-03, mumbai ,C60459,RuPay,Dining,Female,6760.95,NetBanking, SWIGGY ,Food,Declined
s101776,2026-06-28, chennai ,C11981,RuPay,Travel,Female,1380.31,Credit, RELIANCE ,Travel,Declined
s101777,2026-06-03, bengaluru ,C63575,MasterCard,Utilities,Male,21733.61,UPI, RELIANCE ,Food,Approved
s101778,2026-04-04, chennai ,C37526,MasterCard,Fuel,Female,10505.48,UPI, RELIANCE ,Travel,Approved
s101779,2026-05-05, hyderabad ,C19091,MasterCard,Fuel,Male,21346.93,UPI, AMAZON ,Food,Declined
s101780,2026-05-13, chennai ,C27082,MasterCard,Dining,Male,17014.09,NetBanking, ZOMATO ,Fuel,Approved
s101781,2026-01-17, vizag ,C77375,RuPay,Shopping,Female,12677.4,NetBanking, HPCL ,Retail,Declined
s101782,2026-01-14, pune ,C40520,Amex,Dining,Female,11036.4,Credit, IRCTC ,Food,Approved
s101783,2026-04-24, kolkata ,C72329,MasterCard,Shopping,Male,5152.13,UPI, DMART ,Utilities,Declined
s101784,2026-06-25, kolkata ,C58389,Visa,Fuel,Male,4909.82,UPI, HPCL ,Fuel,Approved
s101785,2026-02-14, mumbai ,C93865,RuPay,Shopping,Female,23387.77,NetBanking, IRCTC ,Travel,Approved
s101786,2026-04-22, chennai ,C59289,MasterCard,Shopping,Female,16932.34,UPI, SWIGGY ,Travel,Approved
s101787,2026-03-11, vizag ,C74227,Amex,Utilities,Female,8535.07,NetBanking, SWIGGY ,E-commerce,Approved
s101788,2026-04-08, hyderabad ,C81007,Visa,Shopping,Male,4238.25,UPI, IOCL ,Travel,Declined
s101789,2026-05-15, bengaluru ,C72365,RuPay,Travel,Male,20386.85,NetBanking, IRCTC ,Fuel,Approved
s101790,2026-06-10, chennai ,C56046,RuPay,Groceries,Female,801.76,Credit, IRCTC ,E-commerce,Declined
s101791,2026-02-21, vizag ,C63689,Visa,Utilities,Male,11812.66,NetBanking, HPCL ,E-commerce,Approved
s101792,2026-03-05, chennai ,C24895,RuPay,Shopping,Male,15771.82,Credit, AMAZON ,Retail,Approved
s101793,2026-05-11, pune ,C78782,Amex,Dining,Female,5673.74,NetBanking, IOCL ,E-commerce,Declined
s101794,2026-05-09, mumbai ,C41630,Amex,Groceries,Male,23319.8,UPI, ZOMATO ,E-commerce,Declined
s101795,2026-01-11, delhi ,C70912,Visa,Shopping,Male,16895.53,UPI, ZOMATO ,E-commerce,Approved
s101796,2026-01-22, bengaluru ,C46111,MasterCard,Shopping,Female,11256.31,Credit, AMAZON ,Food,Declined
s101797,2026-04-11, kolkata ,C36780,Amex,Travel,Female,20962.57,Credit, HPCL ,Fuel,Approved
s101798,2026-02-13, vizag ,C69886,RuPay,Shopping,Male,11832.46,UPI, ZOMATO ,Fuel,Approved
s101799,2026-02-26, bengaluru ,C63649,MasterCard,Dining,Male,7415.27,Credit, SWIGGY ,Utilities,Approved
s101800,2026-05-14, pune ,C64545,MasterCard,Groceries,Male,22578.37,NetBanking, IRCTC ,E-commerce,Declined
s101801,2026-05-08, chennai ,C86134,Visa,Fuel,Male,11362.15,NetBanking, SWIGGY ,Utilities,Declined
s101802,2026-01-16, delhi ,C25610,RuPay,Fuel,Male,1404.83,UPI, ZOMATO ,Travel,Approved
s101803,2026-06-03, hyderabad ,C93206,Visa,Groceries,Female,15389.65,Credit, AMAZON ,Travel,Declined
s101804,2026-06-15, hyderabad ,C82551,MasterCard,Shopping,Male,20676.03,Credit, IOCL ,Retail,Approved
s101805,2026-02-22, hyderabad ,C75101,MasterCard,Utilities,Female,1750.31,NetBanking, IOCL ,Travel,Approved
s101806,2026-06-05, delhi ,C62786,Visa,Groceries,Female,16190.47,UPI, DMART ,Utilities,Approved
s101807,2026-02-18, mumbai ,C25384,Amex,Fuel,Male,1382.46,NetBanking, RELIANCE ,Utilities,Declined
s101808,2026-04-14, mumbai ,C98578,Visa,Fuel,Female,22636.37,Credit, DMART ,Travel,Approved
s101809,2026-01-13, hyderabad ,C47065,Visa,Groceries,Female,21093.77,Credit, HPCL ,Food,Approved
s101810,2026-02-13, mumbai ,C42163,MasterCard,Groceries,Female,23440.77,UPI, RELIANCE ,Utilities,Approved
s101811,2026-02-22, bengaluru ,C72582,Amex,Shopping,Male,23151.55,Credit, DMART ,Utilities,Declined
s101812,2026-02-10, vizag ,C64414,RuPay,Utilities,Female,8531.06,Credit, HPCL ,Food,Approved
s101813,2026-01-18, delhi ,C25819,Amex,Groceries,Female,1469.98,Credit, DMART ,Travel,Approved
s101814,2026-01-22, hyderabad ,C59447,Visa,Fuel,Female,21902.06,Credit, IOCL ,Travel,Declined
s101815,2026-03-28, chennai ,C10856,Visa,Utilities,Female,18937.33,NetBanking, RELIANCE ,Travel,Declined
s101816,2026-04-02, bengaluru ,C59194,Visa,Shopping,Female,20375.82,UPI, IRCTC ,Food,Approved
s101817,2026-06-09, chennai ,C38546,Amex,Shopping,Male,20118.48,Credit, IRCTC ,Retail,Approved
s101818,2026-04-08, vizag ,C67600,Visa,Shopping,Female,5172.02,UPI, RELIANCE ,Travel,Approved
s101819,2026-05-08, hyderabad ,C25960,MasterCard,Utilities,Female,12564.78,Credit, RELIANCE ,E-commerce,Declined
s101820,2026-04-06, pune ,C27657,RuPay,Shopping,Male,21539.24,NetBanking, HPCL ,E-commerce,Approved
s101821,2026-01-04, bengaluru ,C62985,Visa,Shopping,Male,7787.0,Credit, DMART ,Utilities,Approved
s101822,2026-01-17, chennai ,C60464,Visa,Fuel,Male,10685.36,Credit, AMAZON ,Utilities,Approved
s101823,2026-05-27, kolkata ,C71816,RuPay,Dining,Female,11029.21,Credit, IRCTC ,Travel,Approved
s101824,2026-01-27, kolkata ,C40520,MasterCard,Utilities,Female,13640.63,UPI, ZOMATO ,Food,Declined
s101825,2026-05-28, hyderabad ,C81018,RuPay,Dining,Female,24664.75,UPI, DMART ,Food,Declined
s101826,2026-01-28, pune ,C53825,Amex,Travel,Female,6392.65,Credit, RELIANCE ,Utilities,Declined
s101827,2026-04-11, kolkata ,C40502,Visa,Shopping,Male,8199.71,NetBanking, IOCL ,E-commerce,Approved
s101828,2026-06-30, chennai ,C60848,MasterCard,Travel,Male,1395.42,Credit, IOCL ,Retail,Approved
s101829,2026-03-14, chennai ,C42983,Visa,Fuel,Female,3717.98,UPI, IRCTC ,Fuel,Approved
s101830,2026-01-13, bengaluru ,C96336,Amex,Groceries,Male,17389.43,Credit, SWIGGY ,Food,Approved
s101831,2026-03-29, chennai ,C54774,Amex,Dining,Male,15402.82,Credit, DMART ,Food,Declined
s101832,2026-02-15, bengaluru ,C80708,RuPay,Utilities,Female,1027.56,Credit, SWIGGY ,Retail,Approved
s101833,2026-05-27, hyderabad ,C99338,RuPay,Utilities,Female,17540.45,UPI, IOCL ,Fuel,Declined
s101834,2026-04-29, pune ,C99756,Amex,Fuel,Male,24600.53,NetBanking, SWIGGY ,Retail,Approved
s101835,2026-06-19, vizag ,C15186,RuPay,Travel,Female,11435.78,NetBanking, RELIANCE ,E-commerce,Approved
s101836,2026-03-24, mumbai ,C64396,Visa,Shopping,Female,6907.53,UPI, IRCTC ,Fuel,Approved
s101837,2026-01-09, bengaluru ,C80703,Amex,Dining,Female,11350.5,Credit, RELIANCE ,Fuel,Declined
s101838,2026-06-16, delhi ,C20097,Visa,Travel,Male,15828.2,NetBanking, DMART ,Retail,Declined
s101839,2026-01-15, vizag ,C35344,Amex,Dining,Male,1386.28,UPI, RELIANCE ,Food,Approved
s101840,2026-03-08, delhi ,C69539,Visa,Shopping,Female,11817.44,UPI, AMAZON ,Food,Approved
s101841,2026-04-21, chennai ,C40524,MasterCard,Travel,Male,10931.51,UPI, ZOMATO ,Travel,Declined
s101842,2026-03-28, vizag ,C63445,Visa,Fuel,Male,20970.89,Credit, AMAZON ,Travel,Declined
s101843,2026-03-24, pune ,C55342,MasterCard,Fuel,Female,608.15,NetBanking, SWIGGY ,Retail,Approved
s101844,2026-05-16, vizag ,C30692,Amex,Fuel,Female,16370.9,UPI, IRCTC ,Retail,Declined
s101845,2026-06-08, chennai ,C47488,MasterCard,Groceries,Female,6340.97,Credit, IRCTC ,Utilities,Approved
s101846,2026-05-20, hyderabad ,C22711,Amex,Fuel,Male,9973.6,UPI, DMART ,Utilities,Approved
s101847,2026-05-20, kolkata ,C78440,MasterCard,Shopping,Male,14645.53,NetBanking, ZOMATO ,Travel,Approved
s101848,2026-03-12, pune ,C75427,Visa,Groceries,Female,1479.7,Credit, SWIGGY ,E-commerce,Declined
s101849,2026-05-22, vizag ,C10854,RuPay,Shopping,Male,14228.16,Credit, HPCL ,Retail,Approved
s101850,2026-03-01, mumbai ,C52816,Visa,Shopping,Female,1391.35,UPI, RELIANCE ,Retail,Approved
s101851,2026-03-20, delhi ,C13390,RuPay,Utilities,Male,23601.16,NetBanking, IRCTC ,Retail,Approved
s101852,2026-02-23, vizag ,C99066,Amex,Groceries,Male,8229.09,NetBanking, AMAZON ,Travel,Approved
s101853,2026-06-06, pune ,C84513,Visa,Travel,Male,8154.35,NetBanking, ZOMATO ,E-commerce,Declined
s101854,2026-03-29, kolkata ,C73983,RuPay,Dining,Female,3420.38,Credit, HPCL ,Retail,Approved
s101855,2026-01-10, kolkata ,C41413,Amex,Travel,Female,1050.07,NetBanking, HPCL ,E-commerce,Declined
s101856,2026-02-05, hyderabad ,C45534,Visa,Shopping,Male,15551.31,NetBanking, SWIGGY ,Food,Declined
s101857,2026-02-24, mumbai ,C93304,Amex,Dining,Male,12806.74,UPI, HPCL ,E-commerce,Approved
s101858,2026-03-04, hyderabad ,C36111,Amex,Dining,Male,22918.09,NetBanking, DMART ,Fuel,Approved
s101859,2026-05-07, vizag ,C12797,RuPay,Dining,Female,5490.51,Credit, AMAZON ,Utilities,Approved
s101860,2026-05-05, bengaluru ,C39893,Amex,Groceries,Male,22673.1,UPI, HPCL ,Fuel,Declined
s101861,2026-01-19, hyderabad ,C42664,MasterCard,Groceries,Male,1945.79,Credit, IOCL ,Fuel,Approved
s101862,2026-05-23, kolkata ,C66803,Visa,Dining,Male,15432.06,UPI, DMART ,Utilities,Declined
s101863,2026-05-07, chennai ,C43128,Visa,Dining,Female,18575.27,NetBanking, SWIGGY ,Travel,Approved
s101864,2026-04-10, bengaluru ,C92036,Visa,Travel,Male,18271.59,UPI, AMAZON ,Travel,Approved
s101865,2026-03-17, vizag ,C47473,MasterCard,Utilities,Male,1135.82,NetBanking, DMART ,E-commerce,Declined
s101866,2026-06-09, mumbai ,C45426,RuPay,Dining,Female,1880.96,Credit, AMAZON ,Food,Approved
s101867,2026-04-10, vizag ,C49384,RuPay,Groceries,Male,15409.65,Credit, ZOMATO ,Utilities,Approved
s101868,2026-04-23, hyderabad ,C95633,MasterCard,Dining,Male,8001.62,Credit, HPCL ,Retail,Declined
s101869,2026-06-29, chennai ,C28269,Amex,Groceries,Female,2880.03,UPI, DMART ,Food,Approved
s101870,2026-02-19, mumbai ,C54462,Visa,Dining,Male,826.41,UPI, RELIANCE ,Travel,Declined
s101871,2026-01-04, mumbai ,C51160,Amex,Utilities,Male,9224.21,Credit, DMART ,E-commerce,Approved
s101872,2026-06-16, pune ,C72054,Amex,Fuel,Female,24048.94,UPI, AMAZON ,E-commerce,Declined
s101873,2026-04-28, vizag ,C89238,RuPay,Groceries,Male,22054.1,Credit, RELIANCE ,Food,Approved
s101874,2026-01-29, hyderabad ,C98948,Amex,Travel,Female,8839.92,Credit, IOCL ,Travel,Approved
s101875,2026-01-03, chennai ,C95747,Visa,Fuel,Female,13479.59,UPI, ZOMATO ,Utilities,Approved
s101876,2026-02-18, chennai ,C16612,RuPay,Groceries,Male,16080.4,Credit, RELIANCE ,Travel,Declined
s101877,2026-01-03, delhi ,C30515,RuPay,Shopping,Female,1309.55,Credit, IRCTC ,Food,Declined
s101878,2026-02-05, delhi ,C54067,Visa,Shopping,Male,3605.62,Credit, AMAZON ,Fuel,Declined
s101879,2026-06-26, vizag ,C52341,MasterCard,Fuel,Male,4084.82,NetBanking, SWIGGY ,Travel,Declined
s101880,2026-03-20, mumbai ,C22978,Visa,Groceries,Male,18494.86,Credit, AMAZON ,Fuel,Declined
s101881,2026-04-22, pune ,C78109,MasterCard,Utilities,Female,12374.27,NetBanking, HPCL ,Fuel,Declined
s101882,2026-02-04, hyderabad ,C78275,MasterCard,Dining,Female,15439.34,UPI, IRCTC ,Retail,Declined
s101883,2026-05-14, hyderabad ,C74537,RuPay,Groceries,Female,12619.48,Credit, DMART ,Food,Declined
s101884,2026-01-16, bengaluru ,C71091,Amex,Travel,Female,11340.8,UPI, AMAZON ,Retail,Approved
s101885,2026-04-18, bengaluru ,C56882,Amex,Groceries,Female,10767.15,NetBanking, AMAZON ,Utilities,Declined
s101886,2026-05-24, hyderabad ,C25170,MasterCard,Fuel,Male,5336.47,Credit, DMART ,Utilities,Declined
s101887,2026-01-15, delhi ,C68072,Amex,Travel,Female,7490.19,UPI, AMAZON ,Fuel,Declined
s101888,2026-01-03, mumbai ,C74299,MasterCard,Fuel,Male,774.0,Credit, AMAZON ,Fuel,Declined
s101889,2026-05-23, chennai ,C86828,Amex,Fuel,Female,10555.02,Credit, HPCL ,Retail,Declined
s101890,2026-02-26, chennai ,C32013,Visa,Travel,Female,5842.58,UPI, IRCTC ,Fuel,Declined
s101891,2026-04-18, chennai ,C92369,RuPay,Groceries,Male,12724.49,UPI, SWIGGY ,Food,Declined
s101892,2026-02-23, chennai ,C94495,RuPay,Travel,Female,8910.03,Credit, IRCTC ,Travel,Approved
s101893,2026-04-22, pune ,C43091,Visa,Groceries,Male,24923.59,UPI, SWIGGY ,Travel,Approved
s101894,2026-02-02, vizag ,C84538,MasterCard,Utilities,Male,4725.55,Credit, RELIANCE ,E-commerce,Approved
s101895,2026-03-02, vizag ,C96066,Visa,Utilities,Male,3986.98,NetBanking, RELIANCE ,Fuel,Declined
s101896,2026-01-16, chennai ,C98484,Amex,Fuel,Male,15912.3,Credit, AMAZON ,Food,Approved
s101897,2026-01-08, delhi ,C24318,Visa,Dining,Female,11900.99,NetBanking, HPCL ,Travel,Approved
s101898,2026-02-05, mumbai ,C82002,Amex,Groceries,Female,11816.2,UPI, SWIGGY ,Retail,Approved
s101899,2026-04-24, pune ,C96621,Amex,Groceries,Male,12918.92,NetBanking, AMAZON ,Utilities,Declined
s101900,2026-06-30, mumbai ,C61904,Visa,Dining,Female,23882.01,Credit, IRCTC ,Fuel,Approved
s101901,2026-06-16, kolkata ,C88988,Visa,Shopping,Male,13110.28,NetBanking, DMART ,Food,Declined
s101902,2026-03-23, pune ,C27161,Amex,Travel,Male,12445.68,Credit, AMAZON ,Travel,Approved
s101903,2026-01-09, chennai ,C36279,MasterCard,Dining,Male,14081.21,UPI, DMART ,E-commerce,Declined
s101904,2026-06-04, chennai ,C74323,Amex,Utilities,Male,6174.72,NetBanking, IRCTC ,Utilities,Approved
s101905,2026-06-21, mumbai ,C96543,Amex,Utilities,Female,14589.89,Credit, IOCL ,Utilities,Declined
s101906,2026-04-26, bengaluru ,C65500,Amex,Groceries,Male,1894.64,Credit, DMART ,E-commerce,Approved
s101907,2026-05-19, pune ,C56208,RuPay,Fuel,Female,18966.17,UPI, SWIGGY ,Fuel,Declined
s101908,2026-01-06, mumbai ,C82780,Visa,Utilities,Female,2527.87,UPI, HPCL ,Travel,Approved
s101909,2026-05-02, chennai ,C41944,MasterCard,Shopping,Female,5151.6,UPI, IRCTC ,Food,Approved
s101910,2026-02-20, hyderabad ,C53358,Amex,Dining,Male,23173.04,NetBanking, AMAZON ,Utilities,Declined
s101911,2026-02-12, kolkata ,C63253,MasterCard,Fuel,Female,20010.28,UPI, RELIANCE ,Utilities,Approved
s101912,2026-05-14, kolkata ,C28615,RuPay,Groceries,Female,23209.46,Credit, SWIGGY ,Utilities,Declined
s101913,2026-03-14, chennai ,C27533,RuPay,Groceries,Female,14679.14,NetBanking, IRCTC ,Travel,Approved
s101914,2026-04-09, chennai ,C63641,MasterCard,Travel,Female,7557.85,Credit, AMAZON ,Travel,Approved
s101915,2026-01-05, pune ,C50406,RuPay,Utilities,Female,370.86,NetBanking, IRCTC ,Utilities,Declined
s101916,2026-05-06, chennai ,C82254,Amex,Dining,Female,16085.98,UPI, IOCL ,Utilities,Approved
s101917,2026-05-06, mumbai ,C50579,RuPay,Utilities,Female,20815.88,Credit, HPCL ,E-commerce,Declined
s101918,2026-05-12, hyderabad ,C63510,RuPay,Travel,Male,4382.17,UPI, HPCL ,Retail,Approved
s101919,2026-02-21, bengaluru ,C44266,Amex,Utilities,Female,19771.27,Credit, RELIANCE ,E-commerce,Declined
s101920,2026-04-12, pune ,C73883,Amex,Dining,Female,8791.44,Credit, IRCTC ,Travel,Approved
s101921,2026-03-17, delhi ,C70757,Amex,Utilities,Female,18695.5,Credit, IOCL ,Utilities,Declined
s101922,2026-04-15, mumbai ,C68518,Amex,Fuel,Male,24117.42,Credit, SWIGGY ,Travel,Declined
s101923,2026-05-08, kolkata ,C73166,RuPay,Fuel,Female,15526.53,Credit, IOCL ,Utilities,Approved
s101924,2026-03-31, bengaluru ,C89137,Visa,Fuel,Female,16541.11,UPI, ZOMATO ,Retail,Approved
s101925,2026-04-27, bengaluru ,C92604,MasterCard,Dining,Male,6534.27,NetBanking, AMAZON ,Utilities,Declined
s101926,2026-04-21, vizag ,C71549,MasterCard,Groceries,Male,14618.77,NetBanking, AMAZON ,Retail,Declined
s101927,2026-05-24, kolkata ,C96706,MasterCard,Utilities,Female,5123.6,NetBanking, DMART ,Travel,Approved
s101928,2026-02-28, pune ,C14462,MasterCard,Utilities,Female,13144.75,UPI, DMART ,Travel,Approved
s101929,2026-02-15, hyderabad ,C18765,Visa,Shopping,Male,9682.46,UPI, IRCTC ,Food,Declined
s101930,2026-02-14, mumbai ,C69608,RuPay,Dining,Female,3138.59,UPI, ZOMATO ,Fuel,Declined
s101931,2026-05-30, vizag ,C35017,RuPay,Fuel,Male,13032.19,Credit, AMAZON ,Travel,Approved
s101932,2026-01-24, chennai ,C44671,Visa,Utilities,Female,10635.52,UPI, HPCL ,Fuel,Declined
s101933,2026-06-29, bengaluru ,C90464,Amex,Dining,Female,8898.24,Credit, IRCTC ,Food,Approved
s101934,2026-02-22, bengaluru ,C15990,Amex,Utilities,Female,11004.62,Credit, IRCTC ,E-commerce,Approved
s101935,2026-05-01, vizag ,C70008,MasterCard,Utilities,Female,6238.41,NetBanking, IOCL ,Travel,Approved
s101936,2026-03-11, delhi ,C21861,MasterCard,Dining,Female,12048.48,NetBanking, AMAZON ,Retail,Declined
s101937,2026-02-05, hyderabad ,C90510,MasterCard,Travel,Male,22564.24,Credit, RELIANCE ,E-commerce,Declined
s101938,2026-04-02, pune ,C50922,Amex,Dining,Male,361.05,UPI, ZOMATO ,Utilities,Declined
s101939,2026-01-12, bengaluru ,C27402,Visa,Shopping,Female,909.77,UPI, DMART ,E-commerce,Declined
s101940,2026-02-20, kolkata ,C19686,Visa,Fuel,Male,13294.44,Credit, DMART ,Travel,Approved
s101941,2026-03-29, chennai ,C68843,Visa,Fuel,Female,10272.95,Credit, IOCL ,Retail,Declined
s101942,2026-01-22, kolkata ,C28387,RuPay,Fuel,Female,6645.04,UPI, IOCL ,Fuel,Approved
s101943,2026-04-03, vizag ,C85933,MasterCard,Groceries,Male,16599.07,Credit, IRCTC ,Fuel,Declined
s101944,2026-05-04, kolkata ,C80656,RuPay,Groceries,Male,4821.82,UPI, RELIANCE ,Utilities,Declined
s101945,2026-01-29, pune ,C20843,Amex,Shopping,Female,5945.26,NetBanking, RELIANCE ,Food,Declined
s101946,2026-06-08, pune ,C64052,Amex,Utilities,Female,22177.79,UPI, IRCTC ,Food,Declined
s101947,2026-04-09, hyderabad ,C77869,RuPay,Utilities,Female,10968.1,Credit, DMART ,Food,Approved
s101948,2026-06-26, delhi ,C78905,Amex,Shopping,Female,18745.88,NetBanking, AMAZON ,E-commerce,Approved
s101949,2026-03-26, bengaluru ,C95173,Visa,Shopping,Female,20022.32,Credit, IOCL ,Travel,Approved
s101950,2026-01-02, chennai ,C29191,Visa,Travel,Male,8119.73,UPI, HPCL ,Fuel,Approved
s101951,2026-06-28, mumbai ,C55405,MasterCard,Dining,Male,18185.35,UPI, IRCTC ,Utilities,Approved
s101952,2026-04-24, kolkata ,C12127,Amex,Utilities,Female,996.95,Credit, ZOMATO ,E-commerce,Approved
s101953,2026-06-21, vizag ,C95709,MasterCard,Dining,Male,2444.51,NetBanking, AMAZON ,Fuel,Declined
s101954,2026-04-22, hyderabad ,C59319,MasterCard,Utilities,Male,6202.72,NetBanking, IRCTC ,Food,Declined
s101955,2026-06-27, mumbai ,C62399,RuPay,Utilities,Female,18062.87,Credit, DMART ,Fuel,Declined
s101956,2026-02-24, bengaluru ,C19139,Visa,Groceries,Male,21132.77,Credit, HPCL ,Retail,Approved
s101957,2026-01-30, kolkata ,C41729,Visa,Dining,Female,16755.99,NetBanking, DMART ,Fuel,Approved
s101958,2026-05-21, chennai ,C96536,Amex,Groceries,Male,24661.0,Credit, ZOMATO ,Fuel,Declined
s101959,2026-03-04, pune ,C48094,Amex,Shopping,Male,6315.0,Credit, IOCL ,Food,Approved
s101960,2026-03-07, chennai ,C86215,Amex,Dining,Male,14814.23,UPI, SWIGGY ,Retail,Declined
s101961,2026-04-19, mumbai ,C37637,Visa,Groceries,Male,13240.74,Credit, AMAZON ,Retail,Approved
s101962,2026-06-14, vizag ,C17225,Amex,Fuel,Male,1876.01,Credit, HPCL ,Utilities,Approved
s101963,2026-06-26, mumbai ,C61060,Visa,Groceries,Male,14759.36,Credit, DMART ,Fuel,Declined
s101964,2026-03-29, delhi ,C97520,Amex,Travel,Male,17238.39,NetBanking, ZOMATO ,Retail,Approved
s101965,2026-05-16, pune ,C83509,Amex,Groceries,Female,624.28,UPI, HPCL ,Utilities,Approved
s101966,2026-02-27, chennai ,C27431,MasterCard,Dining,Male,14526.16,Credit, DMART ,Retail,Declined
s101967,2026-04-11, delhi ,C48220,MasterCard,Shopping,Male,17592.2,UPI, IRCTC ,Retail,Declined
s101968,2026-05-24, mumbai ,C34779,MasterCard,Utilities,Female,9084.32,NetBanking, AMAZON ,E-commerce,Approved
s101969,2026-05-16, bengaluru ,C76229,RuPay,Utilities,Male,15947.47,UPI, ZOMATO ,Fuel,Approved
s101970,2026-03-05, hyderabad ,C17502,Amex,Dining,Male,16347.33,Credit, SWIGGY ,Food,Approved
s101971,2026-04-08, hyderabad ,C60322,RuPay,Dining,Male,3703.9,NetBanking, HPCL ,Travel,Declined
s101972,2026-02-05, kolkata ,C73571,MasterCard,Groceries,Female,21241.44,UPI, HPCL ,Food,Approved
s101973,2026-05-04, pune ,C93944,MasterCard,Shopping,Female,9797.88,NetBanking, HPCL ,Utilities,Approved
s101974,2026-04-24, mumbai ,C49263,MasterCard,Fuel,Male,18209.13,NetBanking, IRCTC ,E-commerce,Declined
s101975,2026-06-04, chennai ,C36141,Amex,Shopping,Female,6185.34,NetBanking, SWIGGY ,Retail,Approved
s101976,2026-03-26, kolkata ,C63238,Visa,Dining,Male,22825.14,Credit, IOCL ,Food,Declined
s101977,2026-04-10, pune ,C33129,Visa,Travel,Male,16286.59,Credit, IRCTC ,Food,Approved
s101978,2026-01-03, hyderabad ,C45224,Amex,Utilities,Male,20662.89,UPI, DMART ,E-commerce,Approved
s101979,2026-01-25, pune ,C10428,Visa,Shopping,Female,4322.91,UPI, IOCL ,Retail,Declined
s101980,2026-01-27, kolkata ,C69712,RuPay,Groceries,Male,9095.73,Credit, ZOMATO ,Travel,Approved
s101981,2026-04-05, vizag ,C30643,MasterCard,Shopping,Female,6571.58,UPI, HPCL ,Travel,Approved
s101982,2026-06-16, pune ,C80887,Visa,Shopping,Female,15402.13,UPI, SWIGGY ,Food,Declined
s101983,2026-01-23, delhi ,C65492,RuPay,Dining,Male,22816.64,Credit, IOCL ,E-commerce,Approved
s101984,2026-02-17, delhi ,C97952,Amex,Shopping,Female,2717.2,UPI, RELIANCE ,Food,Approved
s101985,2026-06-27, pune ,C27506,MasterCard,Shopping,Male,17008.09,NetBanking, RELIANCE ,Retail,Approved
s101986,2026-03-21, mumbai ,C96790,Visa,Utilities,Male,8799.08,Credit, AMAZON ,Utilities,Approved
s101987,2026-05-28, hyderabad ,C47995,MasterCard,Utilities,Female,14390.01,NetBanking, AMAZON ,Fuel,Declined
s101988,2026-05-20, chennai ,C51410,MasterCard,Travel,Female,12428.89,Credit, HPCL ,Utilities,Declined
s101989,2026-06-16, hyderabad ,C67079,Visa,Dining,Male,6305.37,NetBanking, RELIANCE ,E-commerce,Declined
s101990,2026-05-16, bengaluru ,C66956,MasterCard,Dining,Female,23436.66,NetBanking, HPCL ,Travel,Approved
s101991,2026-02-11, mumbai ,C39835,RuPay,Travel,Female,10053.82,Credit, HPCL ,Fuel,Declined
s101992,2026-03-19, pune ,C70076,Visa,Utilities,Male,11083.15,Credit, SWIGGY ,Fuel,Declined
s101993,2026-06-14, delhi ,C95207,Visa,Travel,Male,9715.23,Credit, SWIGGY ,Travel,Approved
s101994,2026-06-25, mumbai ,C19710,MasterCard,Groceries,Male,20965.82,NetBanking, DMART ,Utilities,Declined
s101995,2026-05-02, hyderabad ,C49547,Visa,Travel,Female,20894.44,Credit, AMAZON ,Food,Approved
s101996,2026-04-21, hyderabad ,C71125,Amex,Shopping,Female,1862.85,UPI, AMAZON ,Utilities,Declined
s101997,2026-03-15, hyderabad ,C16748,RuPay,Shopping,Female,23909.83,UPI, DMART ,Utilities,Approved
s101998,2026-05-09, chennai ,C73214,MasterCard,Shopping,Female,19852.72,NetBanking, DMART ,E-commerce,Declined
s101999,2026-04-21, delhi ,C88290,Amex,Groceries,Female,13167.18,Credit, RELIANCE ,Travel,Declined
s102000,2026-05-07, delhi ,C82279,RuPay,Shopping,Male,18854.88,Credit, IRCTC ,Food,Declined
s102001,2026-05-29, mumbai ,C39306,RuPay,Travel,Male,19505.86,Credit, DMART ,Fuel,Declined
s102002,2026-01-29, kolkata ,C87468,RuPay,Dining,Female,19174.58,UPI, RELIANCE ,Fuel,Approved
s102003,2026-03-21, vizag ,C63283,Visa,Dining,Male,8311.57,NetBanking, HPCL ,Travel,Approved
s102004,2026-02-18, bengaluru ,C52434,RuPay,Dining,Male,10637.69,NetBanking, IOCL ,Retail,Approved
s102005,2026-02-25, kolkata ,C11611,Amex,Groceries,Female,20544.52,NetBanking, SWIGGY ,Travel,Declined
s102006,2026-06-10, chennai ,C75358,MasterCard,Travel,Female,8129.72,UPI, IOCL ,Fuel,Declined
s102007,2026-03-22, bengaluru ,C23721,RuPay,Shopping,Male,16894.64,NetBanking, IRCTC ,Food,Approved
s102008,2026-06-07, kolkata ,C13951,Visa,Travel,Female,12366.46,UPI, HPCL ,Food,Approved
s102009,2026-05-28, delhi ,C92485,RuPay,Travel,Female,24915.87,NetBanking, IOCL ,E-commerce,Declined
s102010,2026-01-10, vizag ,C69467,RuPay,Fuel,Female,2667.45,Credit, IOCL ,Travel,Approved
s102011,2026-03-25, mumbai ,C57450,MasterCard,Shopping,Male,21082.55,Credit, HPCL ,Food,Declined
s102012,2026-02-18, hyderabad ,C52673,Amex,Groceries,Male,12801.27,UPI, ZOMATO ,Utilities,Approved
s102013,2026-02-03, kolkata ,C22092,Amex,Shopping,Male,11770.45,UPI, IRCTC ,Utilities,Declined
s102014,2026-03-30, chennai ,C31772,Amex,Utilities,Male,12979.95,Credit, ZOMATO ,Travel,Declined
s102015,2026-05-06, hyderabad ,C17291,Amex,Shopping,Female,24058.0,NetBanking, AMAZON ,Utilities,Approved
s102016,2026-05-25, kolkata ,C95569,MasterCard,Fuel,Female,18435.28,NetBanking, IRCTC ,Retail,Declined
s102017,2026-03-08, hyderabad ,C85847,Amex,Dining,Male,18834.9,Credit, HPCL ,E-commerce,Approved
s102018,2026-05-23, chennai ,C63760,MasterCard,Fuel,Male,18327.37,UPI, HPCL ,Retail,Declined
s102019,2026-03-18, hyderabad ,C67669,Amex,Utilities,Female,13520.88,NetBanking, DMART ,Food,Approved
s102020,2026-01-03, delhi ,C38300,MasterCard,Shopping,Male,3461.6,UPI, HPCL ,Retail,Approved
s102021,2026-04-27, vizag ,C48801,MasterCard,Utilities,Female,13448.22,NetBanking, SWIGGY ,Retail,Declined
s102022,2026-05-20, vizag ,C30977,RuPay,Groceries,Female,8798.45,Credit, SWIGGY ,E-commerce,Declined
s102023,2026-03-25, hyderabad ,C53453,Visa,Utilities,Female,5438.05,UPI, SWIGGY ,Food,Approved
s102024,2026-04-06, delhi ,C82076,Amex,Travel,Male,17573.8,Credit, HPCL ,Utilities,Approved
s102025,2026-02-16, delhi ,C55206,Amex,Shopping,Male,3674.84,NetBanking, DMART ,Utilities,Declined
s102026,2026-01-23, hyderabad ,C81910,MasterCard,Groceries,Male,14179.38,Credit, IRCTC ,Retail,Declined
s102027,2026-05-26, vizag ,C69961,RuPay,Utilities,Male,5355.06,UPI, IRCTC ,Travel,Declined
s102028,2026-03-29, delhi ,C86173,Visa,Utilities,Female,12253.9,NetBanking, DMART ,Retail,Approved
s102029,2026-03-01, bengaluru ,C22989,Amex,Utilities,Female,19443.81,UPI, SWIGGY ,Food,Declined
s102030,2026-06-20, mumbai ,C41923,RuPay,Dining,Female,6231.06,NetBanking, RELIANCE ,Fuel,Approved
s102031,2026-02-16, vizag ,C11154,Amex,Utilities,Female,12528.62,UPI, IRCTC ,E-commerce,Declined
s102032,2026-02-16, pune ,C17920,Amex,Dining,Male,15945.11,Credit, IOCL ,Fuel,Approved
s102033,2026-06-22, hyderabad ,C97050,RuPay,Dining,Male,9741.37,Credit, RELIANCE ,Utilities,Approved
s102034,2026-01-23, pune ,C49216,Amex,Fuel,Male,1911.06,NetBanking, DMART ,Utilities,Approved
s102035,2026-06-13, chennai ,C80328,Amex,Utilities,Female,4813.05,NetBanking, SWIGGY ,Utilities,Approved
s102036,2026-06-13, delhi ,C85251,MasterCard,Utilities,Female,23031.7,NetBanking, ZOMATO ,Utilities,Approved
s102037,2026-01-31, pune ,C76051,Visa,Groceries,Male,4610.34,Credit, DMART ,Travel,Approved
s102038,2026-01-26, hyderabad ,C84629,Amex,Fuel,Male,7830.84,NetBanking, RELIANCE ,E-commerce,Approved
s102039,2026-05-21, delhi ,C40331,RuPay,Utilities,Female,19619.64,Credit, AMAZON ,Food,Declined
s102040,2026-05-01, chennai ,C73268,MasterCard,Shopping,Male,2674.8,NetBanking, ZOMATO ,Fuel,Declined
s102041,2026-04-03, kolkata ,C35463,MasterCard,Utilities,Female,20864.3,UPI, AMAZON ,Utilities,Declined
s102042,2026-02-27, kolkata ,C10099,Amex,Travel,Female,12714.09,UPI, SWIGGY ,Utilities,Approved
s102043,2026-06-03, pune ,C99691,MasterCard,Fuel,Female,17611.33,Credit, IOCL ,Retail,Approved
s102044,2026-05-29, chennai ,C39731,RuPay,Utilities,Female,12067.99,NetBanking, SWIGGY ,Travel,Declined
s102045,2026-01-20, vizag ,C34854,MasterCard,Dining,Female,6155.52,NetBanking, HPCL ,Food,Declined
s102046,2026-04-25, delhi ,C92644,Visa,Fuel,Male,15904.26,NetBanking, SWIGGY ,Food,Declined
s102047,2026-04-09, pune ,C35043,RuPay,Shopping,Female,684.71,Credit, RELIANCE ,Travel,Approved
s102048,2026-05-21, delhi ,C97963,Amex,Dining,Female,17546.0,Credit, ZOMATO ,Food,Approved
s102049,2026-02-17, delhi ,C69518,Visa,Shopping,Male,4768.84,NetBanking, DMART ,Utilities,Declined
s102050,2026-06-11, mumbai ,C69805,Visa,Fuel,Female,17950.27,UPI, RELIANCE ,Food,Approved
s102051,2026-06-01, kolkata ,C14692,Visa,Utilities,Female,7953.24,UPI, HPCL ,Travel,Approved
s102052,2026-02-11, bengaluru ,C69729,Visa,Dining,Female,12396.23,UPI, DMART ,Fuel,Approved
s102053,2026-01-03, bengaluru ,C62274,MasterCard,Utilities,Female,12607.42,UPI, RELIANCE ,Food,Approved
s102054,2026-02-24, kolkata ,C20751,Visa,Groceries,Female,8583.07,NetBanking, IOCL ,Travel,Declined
s102055,2026-02-11, vizag ,C28968,Amex,Shopping,Male,16464.3,NetBanking, SWIGGY ,Utilities,Approved
s102056,2026-03-19, vizag ,C59812,MasterCard,Utilities,Male,12782.43,Credit, IOCL ,Food,Approved
s102057,2026-06-02, delhi ,C63370,Visa,Shopping,Female,11609.72,UPI, DMART ,Utilities,Declined
s102058,2026-03-13, bengaluru ,C78022,Visa,Travel,Female,1393.53,NetBanking, DMART ,Retail,Approved
s102059,2026-04-20, mumbai ,C29024,MasterCard,Shopping,Male,22466.89,NetBanking, RELIANCE ,Fuel,Declined
s102060,2026-06-03, hyderabad ,C19579,MasterCard,Travel,Female,3856.89,Credit, IOCL ,Food,Approved
s102061,2026-05-18, kolkata ,C60767,Amex,Travel,Male,15630.04,UPI, IRCTC ,Food,Declined
s102062,2026-04-28, hyderabad ,C41762,MasterCard,Dining,Female,15558.56,NetBanking, DMART ,Travel,Approved
s102063,2026-05-20, mumbai ,C90867,Amex,Utilities,Female,20486.67,UPI, IRCTC ,E-commerce,Approved
s102064,2026-02-24, kolkata ,C14847,Visa,Travel,Female,24575.25,UPI, DMART ,Travel,Approved
s102065,2026-01-22, chennai ,C73968,Visa,Groceries,Male,18558.78,Credit, SWIGGY ,Utilities,Approved
s102066,2026-03-02, kolkata ,C15111,RuPay,Groceries,Female,6766.34,UPI, HPCL ,Utilities,Declined
s102067,2026-04-22, mumbai ,C84672,RuPay,Fuel,Male,14318.84,Credit, HPCL ,Travel,Declined
s102068,2026-05-14, chennai ,C74055,Amex,Travel,Female,22603.3,UPI, RELIANCE ,Retail,Declined
s102069,2026-06-21, hyderabad ,C20890,MasterCard,Travel,Female,11636.45,NetBanking, ZOMATO ,Food,Declined
s102070,2026-02-22, mumbai ,C72197,Visa,Utilities,Male,15056.2,UPI, DMART ,Food,Approved
s102071,2026-05-22, vizag ,C24526,Amex,Travel,Male,13254.46,Credit, HPCL ,E-commerce,Approved
s102072,2026-06-24, vizag ,C61830,Visa,Groceries,Female,4160.41,Credit, DMART ,Food,Declined
s102073,2026-03-26, mumbai ,C81284,RuPay,Travel,Female,7507.38,NetBanking, HPCL ,Retail,Declined
s102074,2026-03-11, vizag ,C55324,MasterCard,Shopping,Female,15787.31,NetBanking, RELIANCE ,Utilities,Approved
s102075,2026-01-23, delhi ,C77890,MasterCard,Shopping,Male,5051.93,UPI, RELIANCE ,Travel,Declined
s102076,2026-05-17, kolkata ,C97392,RuPay,Fuel,Female,10495.16,Credit, DMART ,Food,Declined
s102077,2026-03-28, kolkata ,C56379,Visa,Fuel,Female,24386.38,Credit, IRCTC ,Travel,Declined
s102078,2026-04-05, bengaluru ,C81281,Visa,Utilities,Male,10458.41,NetBanking, AMAZON ,Travel,Declined
s102079,2026-06-25, vizag ,C72921,MasterCard,Utilities,Male,4776.22,UPI, AMAZON ,E-commerce,Declined
s102080,2026-02-24, hyderabad ,C13193,Amex,Groceries,Male,12401.67,Credit, IRCTC ,Food,Approved
s102081,2026-01-04, vizag ,C96836,Amex,Groceries,Male,14453.95,UPI, IRCTC ,Utilities,Approved
s102082,2026-06-26, bengaluru ,C66628,RuPay,Fuel,Female,13634.86,Credit, SWIGGY ,Food,Approved
s102083,2026-01-27, pune ,C36094,RuPay,Dining,Male,607.83,Credit, ZOMATO ,Fuel,Declined
s102084,2026-01-21, vizag ,C17686,MasterCard,Fuel,Male,16540.82,UPI, ZOMATO ,Utilities,Declined
s102085,2026-01-04, bengaluru ,C81246,Amex,Shopping,Male,22697.74,Credit, ZOMATO ,Retail,Declined
s102086,2026-02-06, mumbai ,C27180,RuPay,Travel,Female,22005.26,Credit, IRCTC ,Travel,Approved
s102087,2026-06-25, mumbai ,C32823,Visa,Groceries,Female,5057.64,Credit, RELIANCE ,Travel,Approved
s102088,2026-03-05, hyderabad ,C38579,Amex,Utilities,Male,6048.22,Credit, HPCL ,Food,Approved
s102089,2026-03-07, vizag ,C95848,RuPay,Travel,Female,22519.37,Credit, AMAZON ,Fuel,Approved
s102090,2026-01-31, hyderabad ,C68312,Visa,Utilities,Female,10538.25,UPI, HPCL ,Fuel,Declined
s102091,2026-03-28, mumbai ,C35960,RuPay,Utilities,Male,18255.24,UPI, HPCL ,Fuel,Declined
s102092,2026-02-26, vizag ,C15163,Visa,Utilities,Male,12735.36,NetBanking, AMAZON ,Retail,Approved
s102093,2026-04-13, bengaluru ,C36818,Amex,Groceries,Female,17667.24,UPI, AMAZON ,Food,Approved
s102094,2026-03-22, hyderabad ,C38926,MasterCard,Utilities,Female,2528.19,Credit, IOCL ,Retail,Declined
s102095,2026-05-23, delhi ,C56383,Amex,Utilities,Male,10371.36,Credit, ZOMATO ,Retail,Approved
s102096,2026-03-04, delhi ,C96785,MasterCard,Dining,Male,4303.59,Credit, RELIANCE ,Retail,Declined
s102097,2026-06-07, chennai ,C69020,MasterCard,Utilities,Female,748.7,Credit, SWIGGY ,Utilities,Approved
s102098,2026-01-05, vizag ,C53292,Visa,Fuel,Male,19495.35,NetBanking, IRCTC ,Fuel,Declined
s102099,2026-01-03, kolkata ,C56133,Amex,Dining,Female,15827.76,UPI, ZOMATO ,Fuel,Approved
s102100,2026-04-24, bengaluru ,C37641,Visa,Groceries,Male,22328.31,Credit, SWIGGY ,Travel,Approved
s102101,2026-02-12, bengaluru ,C37789,RuPay,Utilities,Male,5517.42,Credit, IRCTC ,Retail,Approved
s102102,2026-01-16, hyderabad ,C47921,MasterCard,Shopping,Female,9446.99,Credit, AMAZON ,Retail,Approved
s102103,2026-06-24, hyderabad ,C86197,RuPay,Shopping,Female,16094.09,Credit, RELIANCE ,E-commerce,Declined
s102104,2026-04-02, chennai ,C16581,Visa,Utilities,Male,8207.06,UPI, IRCTC ,E-commerce,Declined
s102105,2026-01-02, kolkata ,C31247,MasterCard,Utilities,Male,6715.32,NetBanking, HPCL ,Travel,Declined
s102106,2026-03-01, vizag ,C42189,Visa,Travel,Male,24378.59,NetBanking, IOCL ,Retail,Declined
s102107,2026-04-16, mumbai ,C11877,Visa,Utilities,Female,9610.64,Credit, RELIANCE ,Travel,Approved
s102108,2026-04-28, mumbai ,C89589,Amex,Dining,Female,24377.89,UPI, DMART ,Retail,Approved
s102109,2026-03-12, chennai ,C11029,MasterCard,Dining,Female,19412.94,NetBanking, SWIGGY ,E-commerce,Declined
s102110,2026-03-05, bengaluru ,C48966,Visa,Fuel,Male,14773.66,NetBanking, HPCL ,Utilities,Declined
s102111,2026-02-11, pune ,C41583,MasterCard,Utilities,Female,2672.35,NetBanking, SWIGGY ,Retail,Declined
s102112,2026-01-04, pune ,C63947,MasterCard,Shopping,Male,4657.96,NetBanking, ZOMATO ,Retail,Approved
s102113,2026-02-08, hyderabad ,C16402,RuPay,Utilities,Male,10162.84,NetBanking, ZOMATO ,Utilities,Approved
s102114,2026-04-05, pune ,C84374,Amex,Travel,Female,20703.01,Credit, RELIANCE ,E-commerce,Declined
s102115,2026-01-04, mumbai ,C90419,RuPay,Utilities,Male,18184.13,NetBanking, SWIGGY ,Retail,Approved
s102116,2026-06-20, pune ,C90961,RuPay,Fuel,Male,18369.95,Credit, IOCL ,Fuel,Approved
s102117,2026-04-19, bengaluru ,C39818,RuPay,Utilities,Female,5180.54,NetBanking, IOCL ,Retail,Approved
s102118,2026-03-11, delhi ,C66719,MasterCard,Dining,Female,9158.44,Credit, ZOMATO ,Utilities,Declined
s102119,2026-06-18, vizag ,C26817,MasterCard,Travel,Female,21284.89,UPI, RELIANCE ,Food,Declined
s102120,2026-06-26, delhi ,C69685,MasterCard,Dining,Male,22229.53,NetBanking, SWIGGY ,Travel,Declined
s102121,2026-01-26, vizag ,C39322,RuPay,Groceries,Female,1495.83,NetBanking, SWIGGY ,Travel,Declined
s102122,2026-06-24, hyderabad ,C65343,Amex,Travel,Male,15256.64,Credit, RELIANCE ,Food,Approved
s102123,2026-02-09, vizag ,C93584,Visa,Fuel,Female,18944.87,Credit, AMAZON ,Food,Declined
s102124,2026-05-11, hyderabad ,C28980,MasterCard,Groceries,Female,16863.29,NetBanking, IOCL ,Fuel,Approved
s102125,2026-01-16, bengaluru ,C47307,RuPay,Shopping,Female,9746.24,UPI, SWIGGY ,E-commerce,Approved
s102126,2026-02-16, delhi ,C32872,MasterCard,Shopping,Female,24782.58,Credit, IOCL ,Fuel,Approved
s102127,2026-03-05, chennai ,C25706,Amex,Utilities,Male,18571.79,NetBanking, ZOMATO ,Retail,Approved
s102128,2026-05-23, kolkata ,C66437,Amex,Shopping,Male,5375.96,NetBanking, IOCL ,Food,Declined
s102129,2026-04-21, vizag ,C63994,RuPay,Shopping,Female,17153.03,NetBanking, IOCL ,Retail,Declined
s102130,2026-05-23, vizag ,C94090,RuPay,Travel,Female,23151.25,Credit, HPCL ,Utilities,Approved
s102131,2026-03-14, bengaluru ,C79489,Amex,Fuel,Female,5055.52,UPI, HPCL ,Travel,Declined
s102132,2026-02-09, kolkata ,C68043,MasterCard,Groceries,Female,18692.67,Credit, IRCTC ,Food,Approved
s102133,2026-03-28, mumbai ,C62289,RuPay,Fuel,Female,17330.97,Credit, AMAZON ,Utilities,Approved
s102134,2026-06-22, chennai ,C13785,Amex,Travel,Female,17778.55,UPI, RELIANCE ,Utilities,Declined
s102135,2026-01-23, mumbai ,C28749,RuPay,Travel,Male,18165.6,Credit, DMART ,Travel,Approved
s102136,2026-03-11, chennai ,C20723,RuPay,Shopping,Male,8632.11,UPI, ZOMATO ,Utilities,Approved
s102137,2026-03-06, mumbai ,C50101,MasterCard,Shopping,Male,8698.28,Credit, IOCL ,Utilities,Approved
s102138,2026-01-10, pune ,C19069,Visa,Groceries,Female,17360.86,Credit, ZOMATO ,Fuel,Declined
s102139,2026-06-08, chennai ,C81224,MasterCard,Travel,Female,3893.21,Credit, ZOMATO ,Retail,Declined
s102140,2026-01-16, kolkata ,C11417,Amex,Dining,Male,6948.48,UPI, IOCL ,Travel,Approved
s102141,2026-03-01, kolkata ,C90374,Visa,Dining,Male,5940.43,Credit, SWIGGY ,Retail,Approved
s102142,2026-02-28, delhi ,C19113,Amex,Utilities,Female,14722.27,NetBanking, RELIANCE ,Utilities,Approved
s102143,2026-06-22, bengaluru ,C70023,Visa,Fuel,Female,4148.86,UPI, IOCL ,E-commerce,Approved
s102144,2026-01-25, chennai ,C71852,Visa,Dining,Male,21027.9,NetBanking, SWIGGY ,E-commerce,Approved
s102145,2026-04-24, hyderabad ,C94279,RuPay,Groceries,Male,8848.68,Credit, DMART ,Fuel,Declined
s102146,2026-02-01, vizag ,C78541,Amex,Utilities,Male,8691.05,NetBanking, IOCL ,Utilities,Approved
s102147,2026-04-05, kolkata ,C41556,Amex,Shopping,Female,6889.73,NetBanking, IOCL ,Utilities,Declined
s102148,2026-06-15, hyderabad ,C47276,RuPay,Dining,Female,231.03,NetBanking, IOCL ,Retail,Declined
s102149,2026-02-28, kolkata ,C92801,Amex,Travel,Male,14011.43,Credit, HPCL ,E-commerce,Approved
s102150,2026-06-27, mumbai ,C63850,MasterCard,Travel,Female,4858.85,Credit, IRCTC ,Retail,Approved
s102151,2026-01-24, chennai ,C74101,Visa,Dining,Female,8068.55,UPI, IRCTC ,Fuel,Approved
s102152,2026-03-13, vizag ,C89571,Visa,Fuel,Male,1095.06,Credit, IRCTC ,Food,Approved
s102153,2026-04-14, bengaluru ,C77291,RuPay,Utilities,Male,4104.61,UPI, IOCL ,Food,Approved
s102154,2026-04-20, delhi ,C47038,Visa,Shopping,Male,19015.27,NetBanking, ZOMATO ,Food,Declined
s102155,2026-04-19, bengaluru ,C48140,Visa,Dining,Male,9855.68,Credit, ZOMATO ,Travel,Approved
s102156,2026-05-23, kolkata ,C38164,RuPay,Dining,Female,1053.51,NetBanking, ZOMATO ,E-commerce,Declined
s102157,2026-03-20, delhi ,C48915,RuPay,Fuel,Male,24615.83,NetBanking, RELIANCE ,Travel,Approved
s102158,2026-03-04, pune ,C55000,MasterCard,Dining,Male,11549.56,Credit, AMAZON ,Food,Approved
s102159,2026-05-07, vizag ,C90961,Visa,Travel,Male,13403.94,Credit, AMAZON ,E-commerce,Declined
s102160,2026-02-25, bengaluru ,C10349,RuPay,Shopping,Female,795.71,UPI, DMART ,Travel,Approved
s102161,2026-06-21, delhi ,C77455,Amex,Shopping,Female,2908.83,NetBanking, IOCL ,Fuel,Approved
s102162,2026-05-04, mumbai ,C39539,MasterCard,Fuel,Male,15044.61,Credit, AMAZON ,Fuel,Approved
s102163,2026-01-30, delhi ,C89026,MasterCard,Fuel,Female,13913.85,Credit, SWIGGY ,Food,Approved
s102164,2026-06-07, mumbai ,C98041,Amex,Travel,Female,15089.12,NetBanking, IOCL ,Utilities,Approved
s102165,2026-01-04, kolkata ,C14654,MasterCard,Groceries,Male,23000.79,Credit, IRCTC ,Fuel,Approved
s102166,2026-02-16, mumbai ,C59021,MasterCard,Dining,Female,8213.91,UPI, RELIANCE ,Food,Approved
s102167,2026-03-27, chennai ,C93598,RuPay,Fuel,Male,23739.32,NetBanking, HPCL ,Retail,Approved
s102168,2026-04-15, kolkata ,C57179,Amex,Dining,Female,12223.77,NetBanking, HPCL ,Fuel,Declined
s102169,2026-02-01, mumbai ,C11302,RuPay,Shopping,Male,15113.84,Credit, AMAZON ,E-commerce,Declined
s102170,2026-06-30, kolkata ,C37882,MasterCard,Shopping,Female,10740.75,NetBanking, IOCL ,Travel,Declined
s102171,2026-03-21, mumbai ,C62521,Amex,Utilities,Male,10845.26,Credit, HPCL ,Travel,Approved
s102172,2026-01-01, mumbai ,C78679,Visa,Utilities,Female,16237.95,UPI, IRCTC ,Fuel,Approved
s102173,2026-01-23, pune ,C36806,Visa,Travel,Male,359.08,UPI, IRCTC ,Travel,Approved
s102174,2026-03-19, pune ,C95545,RuPay,Groceries,Female,8276.34,Credit, SWIGGY ,E-commerce,Declined
s102175,2026-05-14, delhi ,C38644,Amex,Dining,Male,2541.27,NetBanking, IRCTC ,Retail,Declined
s102176,2026-05-03, bengaluru ,C60384,RuPay,Utilities,Male,16152.87,UPI, RELIANCE ,Travel,Declined
s102177,2026-06-01, mumbai ,C66040,Visa,Travel,Male,8268.77,NetBanking, AMAZON ,Travel,Approved
s102178,2026-01-18, mumbai ,C85150,RuPay,Utilities,Male,17700.62,NetBanking, SWIGGY ,Retail,Approved
s102179,2026-03-13, delhi ,C57455,Amex,Utilities,Female,20687.18,UPI, RELIANCE ,Travel,Declined
s102180,2026-06-11, bengaluru ,C30667,MasterCard,Shopping,Female,18990.91,UPI, RELIANCE ,Fuel,Approved
s102181,2026-06-11, chennai ,C23504,Visa,Dining,Male,13510.89,NetBanking, ZOMATO ,Retail,Approved
s102182,2026-06-24, hyderabad ,C15198,Amex,Groceries,Female,14954.19,Credit, IRCTC ,Retail,Declined
s102183,2026-04-29, hyderabad ,C94703,RuPay,Travel,Male,19894.53,NetBanking, RELIANCE ,Retail,Declined
s102184,2026-02-23, hyderabad ,C34020,RuPay,Shopping,Female,12657.42,NetBanking, ZOMATO ,Travel,Declined
s102185,2026-02-23, mumbai ,C89372,Amex,Travel,Male,16030.14,UPI, AMAZON ,Fuel,Declined
s102186,2026-04-01, hyderabad ,C27761,Amex,Groceries,Female,19831.37,NetBanking, DMART ,Travel,Approved
s102187,2026-03-23, mumbai ,C84914,RuPay,Shopping,Female,10240.48,Credit, HPCL ,Retail,Approved
s102188,2026-05-01, hyderabad ,C42411,Amex,Utilities,Female,15495.5,NetBanking, IRCTC ,Food,Approved
s102189,2026-04-10, mumbai ,C16293,Visa,Travel,Male,11846.05,UPI, IRCTC ,Food,Declined
s102190,2026-05-19, bengaluru ,C26111,RuPay,Travel,Female,13394.77,Credit, ZOMATO ,Retail,Approved
s102191,2026-05-19, delhi ,C47935,Visa,Shopping,Male,1619.84,Credit, ZOMATO ,Travel,Declined
s102192,2026-05-11, chennai ,C52471,Amex,Groceries,Male,24627.17,Credit, RELIANCE ,Retail,Approved
s102193,2026-03-01, vizag ,C42225,RuPay,Travel,Male,21449.24,UPI, IRCTC ,Retail,Declined
s102194,2026-01-01, bengaluru ,C64727,RuPay,Utilities,Female,13623.22,UPI, AMAZON ,Utilities,Declined
s102195,2026-01-09, mumbai ,C35950,Amex,Fuel,Female,8891.56,UPI, DMART ,E-commerce,Approved
s102196,2026-06-28, bengaluru ,C47865,Amex,Travel,Female,13487.61,Credit, IRCTC ,Retail,Approved
s102197,2026-01-06, kolkata ,C18790,RuPay,Groceries,Female,21509.92,Credit, DMART ,Food,Declined
s102198,2026-06-04, vizag ,C83937,RuPay,Fuel,Female,11705.37,NetBanking, AMAZON ,E-commerce,Declined
s102199,2026-02-16, chennai ,C52264,Visa,Fuel,Female,20368.85,UPI, DMART ,Food,Declined
s102200,2026-05-20, hyderabad ,C88659,MasterCard,Groceries,Male,10278.38,Credit, SWIGGY ,Utilities,Declined
s102201,2026-05-05, hyderabad ,C70826,Visa,Dining,Female,1374.3,UPI, HPCL ,Fuel,Declined
s102202,2026-03-24, chennai ,C71941,MasterCard,Shopping,Male,24209.97,NetBanking, DMART ,Retail,Declined
s102203,2026-06-01, chennai ,C28248,Visa,Shopping,Female,19786.14,Credit, IOCL ,Retail,Declined
s102204,2026-06-25, delhi ,C45209,RuPay,Fuel,Female,15246.55,UPI, DMART ,Retail,Declined
s102205,2026-01-04, mumbai ,C44288,Visa,Shopping,Female,15181.13,NetBanking, ZOMATO ,Retail,Approved
s102206,2026-03-23, hyderabad ,C28203,Amex,Utilities,Female,6127.12,Credit, DMART ,Fuel,Approved
s102207,2026-06-25, kolkata ,C56189,RuPay,Travel,Female,22955.99,Credit, IOCL ,Retail,Approved
s102208,2026-05-28, pune ,C27186,Amex,Shopping,Female,12561.49,NetBanking, IOCL ,E-commerce,Declined
s102209,2026-02-10, pune ,C17961,MasterCard,Groceries,Male,19728.87,Credit, RELIANCE ,E-commerce,Declined
s102210,2026-05-21, chennai ,C28676,Visa,Travel,Male,19664.21,NetBanking, SWIGGY ,Travel,Approved
s102211,2026-05-23, bengaluru ,C37077,RuPay,Shopping,Female,12910.5,UPI, ZOMATO ,Retail,Approved
s102212,2026-02-07, kolkata ,C59354,Visa,Fuel,Male,13794.14,Credit, DMART ,Fuel,Declined
s102213,2026-02-14, hyderabad ,C51883,Visa,Utilities,Male,9364.35,UPI, DMART ,Retail,Approved
s102214,2026-05-25, kolkata ,C32609,RuPay,Groceries,Female,7339.7,NetBanking, HPCL ,Food,Approved
s102215,2026-05-02, hyderabad ,C38671,RuPay,Travel,Female,4446.51,UPI, ZOMATO ,Travel,Approved
s102216,2026-05-05, delhi ,C30081,Visa,Dining,Male,14645.84,UPI, HPCL ,Travel,Declined
s102217,2026-01-30, hyderabad ,C42883,RuPay,Travel,Male,10925.77,UPI, HPCL ,Fuel,Approved
s102218,2026-06-05, chennai ,C49416,Visa,Utilities,Female,20001.71,UPI, DMART ,Utilities,Approved
s102219,2026-05-16, vizag ,C17535,Visa,Dining,Female,15360.58,NetBanking, AMAZON ,E-commerce,Declined
s102220,2026-01-24, hyderabad ,C30039,Visa,Groceries,Male,9401.1,UPI, HPCL ,Food,Declined
s102221,2026-02-17, bengaluru ,C63855,MasterCard,Travel,Male,15683.27,NetBanking, SWIGGY ,Travel,Declined
s102222,2026-01-08, vizag ,C66946,RuPay,Travel,Female,13245.01,NetBanking, DMART ,Travel,Declined
s102223,2026-06-09, mumbai ,C91624,Amex,Dining,Female,23567.49,NetBanking, DMART ,Travel,Approved
s102224,2026-03-23, hyderabad ,C75170,RuPay,Groceries,Male,2942.83,Credit, IRCTC ,Food,Approved
s102225,2026-04-16, hyderabad ,C11450,Visa,Travel,Female,4747.01,Credit, RELIANCE ,Retail,Approved
s102226,2026-06-09, bengaluru ,C47769,MasterCard,Utilities,Male,6675.84,Credit, HPCL ,Fuel,Approved
s102227,2026-05-27, pune ,C38785,RuPay,Groceries,Male,21946.52,Credit, SWIGGY ,Food,Declined
s102228,2026-01-03, hyderabad ,C41944,RuPay,Fuel,Female,14974.29,NetBanking, IRCTC ,Retail,Approved
s102229,2026-01-25, mumbai ,C84604,MasterCard,Dining,Male,22693.66,UPI, HPCL ,Retail,Approved
s102230,2026-06-23, vizag ,C36408,Visa,Fuel,Female,20953.99,NetBanking, IOCL ,Food,Declined
s102231,2026-06-25, chennai ,C41194,Amex,Travel,Male,10186.16,Credit, DMART ,Utilities,Declined
s102232,2026-01-20, hyderabad ,C34761,Visa,Utilities,Male,13140.46,NetBanking, SWIGGY ,Retail,Declined
s102233,2026-02-24, delhi ,C11002,RuPay,Travel,Female,9007.75,Credit, ZOMATO ,Utilities,Declined
s102234,2026-06-09, mumbai ,C30527,MasterCard,Shopping,Male,17583.84,NetBanking, DMART ,Retail,Approved
s102235,2026-06-05, bengaluru ,C83869,Visa,Dining,Female,17472.11,Credit, RELIANCE ,Food,Declined
s102236,2026-06-15, bengaluru ,C69841,RuPay,Dining,Female,13016.92,NetBanking, HPCL ,Food,Declined
s102237,2026-02-01, chennai ,C20512,Amex,Dining,Female,24839.48,UPI, SWIGGY ,E-commerce,Declined
s102238,2026-04-07, pune ,C68947,RuPay,Groceries,Female,22320.13,UPI, RELIANCE ,Travel,Approved
s102239,2026-02-25, chennai ,C80607,Visa,Shopping,Male,19609.61,Credit, ZOMATO ,Travel,Declined
s102240,2026-06-20, delhi ,C51531,Amex,Groceries,Female,4233.89,UPI, AMAZON ,Food,Approved
s102241,2026-06-28, delhi ,C92208,Visa,Groceries,Male,1133.61,UPI, ZOMATO ,Retail,Declined
s102242,2026-03-21, hyderabad ,C44379,RuPay,Dining,Female,8092.11,Credit, DMART ,Utilities,Approved
s102243,2026-05-28, hyderabad ,C41173,MasterCard,Dining,Female,2569.78,NetBanking, SWIGGY ,Food,Approved
s102244,2026-05-27, chennai ,C63134,MasterCard,Groceries,Female,910.29,NetBanking, AMAZON ,Fuel,Declined
s102245,2026-02-01, bengaluru ,C38611,Visa,Utilities,Male,20982.96,Credit, HPCL ,Utilities,Declined
s102246,2026-01-26, pune ,C82483,RuPay,Groceries,Female,17481.38,Credit, HPCL ,Utilities,Declined
s102247,2026-02-16, chennai ,C41268,Visa,Shopping,Female,12731.11,Credit, IRCTC ,Retail,Declined
s102248,2026-03-31, vizag ,C13440,MasterCard,Travel,Male,15613.25,Credit, DMART ,Travel,Declined
s102249,2026-03-20, mumbai ,C62679,MasterCard,Utilities,Female,23900.31,UPI, DMART ,Fuel,Declined
s102250,2026-02-18, bengaluru ,C72758,RuPay,Groceries,Female,10858.81,Credit, SWIGGY ,Utilities,Declined
s102251,2026-05-21, pune ,C26286,MasterCard,Dining,Male,12237.59,NetBanking, ZOMATO ,Utilities,Declined
s102252,2026-06-03, chennai ,C69050,RuPay,Groceries,Male,20750.32,Credit, IRCTC ,Fuel,Approved
s102253,2026-04-11, bengaluru ,C15439,MasterCard,Shopping,Male,2796.4,Credit, DMART ,Food,Approved
s102254,2026-03-18, hyderabad ,C47972,Amex,Shopping,Female,5831.28,UPI, AMAZON ,Travel,Approved
s102255,2026-01-31, vizag ,C10490,MasterCard,Fuel,Female,22932.04,NetBanking, HPCL ,E-commerce,Approved
s102256,2026-04-17, mumbai ,C26335,Amex,Groceries,Female,12909.85,Credit, AMAZON ,Food,Declined
s102257,2026-01-29, kolkata ,C96057,Amex,Dining,Female,21730.55,UPI, DMART ,Utilities,Declined
s102258,2026-04-09, hyderabad ,C63099,RuPay,Shopping,Female,21859.99,NetBanking, SWIGGY ,Utilities,Declined
s102259,2026-03-10, chennai ,C47601,RuPay,Fuel,Female,18357.13,NetBanking, IOCL ,Travel,Declined
s102260,2026-02-26, kolkata ,C83270,RuPay,Travel,Male,4386.24,UPI, RELIANCE ,Food,Declined
s102261,2026-04-18, vizag ,C41118,Visa,Travel,Female,4381.57,UPI, DMART ,Utilities,Declined
s102262,2026-05-19, mumbai ,C33927,Visa,Fuel,Male,9558.36,NetBanking, DMART ,Fuel,Declined
s102263,2026-05-13, pune ,C13130,Amex,Groceries,Female,8212.99,NetBanking, ZOMATO ,Food,Declined
s102264,2026-05-05, bengaluru ,C10169,RuPay,Travel,Female,12671.06,NetBanking, RELIANCE ,Food,Approved
s102265,2026-03-19, chennai ,C49833,MasterCard,Groceries,Female,15445.49,NetBanking, HPCL ,E-commerce,Approved
s102266,2026-03-26, chennai ,C55774,Visa,Groceries,Female,4631.57,Credit, ZOMATO ,Fuel,Declined
s102267,2026-01-31, chennai ,C22914,Visa,Utilities,Female,359.43,NetBanking, SWIGGY ,Utilities,Declined
s102268,2026-03-08, chennai ,C64116,Visa,Travel,Female,11744.84,Credit, DMART ,Utilities,Declined
s102269,2026-02-02, vizag ,C59043,Amex,Utilities,Male,6103.67,NetBanking, RELIANCE ,E-commerce,Approved
s102270,2026-04-18, bengaluru ,C24805,MasterCard,Dining,Female,23363.28,NetBanking, HPCL ,Travel,Approved
s102271,2026-02-13, mumbai ,C40278,RuPay,Groceries,Male,8043.97,NetBanking, SWIGGY ,Utilities,Declined
s102272,2026-06-02, kolkata ,C40877,MasterCard,Utilities,Female,9842.89,UPI, SWIGGY ,Fuel,Approved
s102273,2026-04-11, bengaluru ,C51524,RuPay,Travel,Female,2637.96,NetBanking, IOCL ,Utilities,Approved
s102274,2026-06-21, delhi ,C71927,RuPay,Fuel,Male,7328.31,UPI, RELIANCE ,Travel,Declined
s102275,2026-04-11, pune ,C77879,MasterCard,Groceries,Male,19823.12,UPI, HPCL ,E-commerce,Declined
s102276,2026-04-21, pune ,C35199,RuPay,Shopping,Female,647.29,NetBanking, SWIGGY ,Utilities,Declined
s102277,2026-04-29, chennai ,C71454,Amex,Groceries,Male,15559.94,Credit, HPCL ,Food,Approved
s102278,2026-03-18, hyderabad ,C13192,RuPay,Dining,Female,1408.2,UPI, DMART ,Food,Approved
s102279,2026-04-21, bengaluru ,C76709,RuPay,Dining,Female,3806.38,UPI, RELIANCE ,E-commerce,Declined
s102280,2026-03-16, chennai ,C95020,Visa,Utilities,Male,2860.96,NetBanking, AMAZON ,Fuel,Approved
s102281,2026-06-25, pune ,C43029,RuPay,Groceries,Male,18324.57,Credit, RELIANCE ,E-commerce,Declined
s102282,2026-05-28, delhi ,C65395,MasterCard,Groceries,Male,14094.9,NetBanking, HPCL ,Fuel,Declined
s102283,2026-02-07, vizag ,C65066,Visa,Fuel,Female,11732.81,UPI, AMAZON ,Utilities,Declined
s102284,2026-02-28, mumbai ,C71272,Visa,Utilities,Male,15025.7,Credit, IOCL ,Retail,Declined
s102285,2026-03-28, bengaluru ,C44035,MasterCard,Dining,Female,10800.61,NetBanking, IOCL ,Utilities,Approved
s102286,2026-03-30, delhi ,C54645,MasterCard,Fuel,Male,19580.66,Credit, IOCL ,Food,Approved
s102287,2026-02-17, pune ,C80392,RuPay,Fuel,Female,20010.75,UPI, AMAZON ,Fuel,Approved
s102288,2026-01-07, vizag ,C42364,RuPay,Travel,Female,1292.9,NetBanking, HPCL ,Fuel,Declined
s102289,2026-06-30, delhi ,C17785,Amex,Dining,Female,18982.6,UPI, SWIGGY ,Fuel,Approved
s102290,2026-03-22, pune ,C85573,MasterCard,Groceries,Female,13357.14,NetBanking, IOCL ,Fuel,Declined
s102291,2026-03-20, kolkata ,C81635,Visa,Fuel,Male,4510.04,Credit, HPCL ,Food,Declined
s102292,2026-04-10, pune ,C36392,Visa,Utilities,Female,22479.09,UPI, ZOMATO ,Fuel,Declined
s102293,2026-02-04, vizag ,C44625,MasterCard,Groceries,Male,7583.36,NetBanking, DMART ,Retail,Approved
s102294,2026-03-15, mumbai ,C93466,Amex,Fuel,Male,11585.72,Credit, IOCL ,Fuel,Declined
s102295,2026-05-12, pune ,C72594,RuPay,Groceries,Male,9630.9,NetBanking, DMART ,Retail,Declined
s102296,2026-04-08, mumbai ,C40818,MasterCard,Dining,Female,9978.82,Credit, IOCL ,Retail,Declined
s102297,2026-05-15, bengaluru ,C25786,Amex,Groceries,Male,8519.56,Credit, ZOMATO ,Food,Declined
s102298,2026-05-13, bengaluru ,C55785,MasterCard,Groceries,Female,10880.71,Credit, IOCL ,Retail,Approved
s102299,2026-06-10, hyderabad ,C79015,RuPay,Travel,Female,4380.87,UPI, AMAZON ,Fuel,Approved
s102300,2026-06-06, kolkata ,C16973,Visa,Utilities,Female,13738.06,NetBanking, SWIGGY ,Fuel,Approved
s102301,2026-03-28, hyderabad ,C62595,Visa,Dining,Female,4603.69,Credit, RELIANCE ,E-commerce,Declined
s102302,2026-03-31, bengaluru ,C24828,MasterCard,Travel,Female,8553.33,UPI, IOCL ,Utilities,Approved
s102303,2026-01-04, mumbai ,C34429,Visa,Groceries,Male,6550.97,Credit, HPCL ,Retail,Approved
s102304,2026-05-24, bengaluru ,C51835,RuPay,Utilities,Female,5305.04,Credit, RELIANCE ,Travel,Declined
s102305,2026-05-06, delhi ,C11237,Visa,Shopping,Female,260.25,UPI, IRCTC ,Food,Approved
s102306,2026-03-14, bengaluru ,C25324,RuPay,Shopping,Female,17973.76,Credit, IOCL ,E-commerce,Declined
s102307,2026-06-28, mumbai ,C44650,Visa,Travel,Male,22227.5,Credit, AMAZON ,Travel,Declined
s102308,2026-02-17, mumbai ,C84103,RuPay,Groceries,Male,11359.58,NetBanking, DMART ,Fuel,Approved
s102309,2026-02-28, mumbai ,C26165,Amex,Dining,Male,10523.08,Credit, IOCL ,Utilities,Approved
s102310,2026-06-18, vizag ,C53681,RuPay,Shopping,Male,7250.96,Credit, IRCTC ,Retail,Declined
s102311,2026-02-09, bengaluru ,C51308,Amex,Fuel,Male,5507.31,NetBanking, RELIANCE ,Travel,Declined
s102312,2026-03-20, kolkata ,C79065,Amex,Shopping,Male,23827.03,Credit, ZOMATO ,Travel,Approved
s102313,2026-02-28, vizag ,C17110,MasterCard,Utilities,Female,17790.74,NetBanking, HPCL ,Fuel,Declined
s102314,2026-05-19, hyderabad ,C83246,Amex,Shopping,Female,2593.05,NetBanking, IOCL ,Food,Approved
s102315,2026-06-07, mumbai ,C67064,MasterCard,Shopping,Female,18481.96,NetBanking, ZOMATO ,Food,Approved
s102316,2026-01-08, chennai ,C16731,MasterCard,Travel,Male,3121.25,UPI, DMART ,E-commerce,Declined
s102317,2026-04-17, bengaluru ,C41771,MasterCard,Groceries,Male,5370.16,UPI, IRCTC ,Utilities,Declined
s102318,2026-05-28, chennai ,C38205,RuPay,Utilities,Male,18633.36,NetBanking, IRCTC ,Food,Approved
s102319,2026-01-12, delhi ,C23036,Amex,Dining,Male,20162.81,NetBanking, ZOMATO ,Utilities,Approved
s102320,2026-01-02, mumbai ,C95169,Visa,Fuel,Female,6932.06,Credit, SWIGGY ,E-commerce,Approved
s102321,2026-06-07, vizag ,C96173,Amex,Groceries,Male,2852.77,NetBanking, AMAZON ,Food,Approved
s102322,2026-03-12, mumbai ,C76031,Visa,Fuel,Female,16204.01,Credit, DMART ,Fuel,Approved
s102323,2026-02-13, hyderabad ,C59251,MasterCard,Travel,Female,1686.73,UPI, AMAZON ,E-commerce,Declined
s102324,2026-04-18, delhi ,C97718,Visa,Travel,Male,15170.59,UPI, HPCL ,Utilities,Declined
s102325,2026-04-09, bengaluru ,C19697,MasterCard,Travel,Male,2015.61,Credit, RELIANCE ,Fuel,Approved
s102326,2026-01-25, delhi ,C86658,MasterCard,Shopping,Male,22376.13,NetBanking, RELIANCE ,Retail,Approved
s102327,2026-04-04, kolkata ,C41746,RuPay,Utilities,Female,20666.27,Credit, IOCL ,Retail,Declined
s102328,2026-04-24, bengaluru ,C87885,MasterCard,Shopping,Male,10573.19,Credit, HPCL ,Utilities,Declined
s102329,2026-02-20, hyderabad ,C81325,Amex,Utilities,Male,16917.27,Credit, IRCTC ,Food,Declined
s102330,2026-05-15, hyderabad ,C11625,MasterCard,Utilities,Female,20599.25,NetBanking, SWIGGY ,E-commerce,Declined
s102331,2026-03-10, kolkata ,C97723,Amex,Dining,Female,23656.59,UPI, RELIANCE ,Food,Declined
s102332,2026-03-22, mumbai ,C30583,Visa,Groceries,Male,15940.11,UPI, ZOMATO ,Food,Declined
s102333,2026-03-08, bengaluru ,C44134,MasterCard,Fuel,Male,1901.62,UPI, AMAZON ,Retail,Approved
s102334,2026-03-07, hyderabad ,C41198,Visa,Shopping,Male,3539.55,NetBanking, IRCTC ,Travel,Approved
s102335,2026-04-09, delhi ,C49393,RuPay,Dining,Female,5089.51,NetBanking, AMAZON ,Food,Declined
s102336,2026-05-27, pune ,C82009,Visa,Utilities,Female,19355.64,UPI, AMAZON ,Food,Declined
s102337,2026-03-19, delhi ,C63481,RuPay,Fuel,Female,11630.62,UPI, RELIANCE ,Utilities,Approved
s102338,2026-01-13, hyderabad ,C27971,MasterCard,Travel,Male,22805.14,UPI, SWIGGY ,Travel,Declined
s102339,2026-01-11, vizag ,C50644,MasterCard,Shopping,Male,21810.07,Credit, IRCTC ,Utilities,Declined
s102340,2026-05-29, delhi ,C45126,Visa,Fuel,Male,1713.74,UPI, IOCL ,Fuel,Declined
s102341,2026-05-02, hyderabad ,C39387,Amex,Travel,Female,7665.84,Credit, RELIANCE ,E-commerce,Declined
s102342,2026-05-30, kolkata ,C99574,MasterCard,Utilities,Female,14137.64,NetBanking, HPCL ,Fuel,Approved
s102343,2026-03-17, pune ,C91227,Amex,Groceries,Female,11895.13,Credit, IRCTC ,Utilities,Approved
s102344,2026-03-22, chennai ,C98084,Amex,Fuel,Female,17236.71,UPI, SWIGGY ,Fuel,Approved
s102345,2026-03-22, vizag ,C51809,Visa,Fuel,Male,2025.66,UPI, SWIGGY ,Travel,Declined
s102346,2026-04-03, bengaluru ,C33540,RuPay,Travel,Female,5953.53,NetBanking, SWIGGY ,Fuel,Approved
s102347,2026-06-30, hyderabad ,C29225,Visa,Utilities,Male,4285.22,NetBanking, HPCL ,Utilities,Approved
s102348,2026-04-24, kolkata ,C18894,Amex,Shopping,Male,19951.5,NetBanking, RELIANCE ,Travel,Approved
s102349,2026-06-03, bengaluru ,C58272,RuPay,Dining,Male,4053.42,Credit, RELIANCE ,Retail,Approved
s102350,2026-04-13, hyderabad ,C21809,Amex,Travel,Female,3683.48,NetBanking, IRCTC ,Retail,Approved
s102351,2026-06-07, bengaluru ,C27831,RuPay,Groceries,Male,7840.68,Credit, AMAZON ,Utilities,Declined
s102352,2026-01-21, delhi ,C53491,Amex,Utilities,Female,3677.4,NetBanking, ZOMATO ,Food,Approved
s102353,2026-01-06, chennai ,C37525,RuPay,Shopping,Female,12053.74,UPI, DMART ,Travel,Declined
s102354,2026-05-01, mumbai ,C36988,Visa,Shopping,Male,3140.61,NetBanking, HPCL ,E-commerce,Approved
s102355,2026-05-14, mumbai ,C30488,Amex,Travel,Male,22752.17,Credit, DMART ,Food,Declined
s102356,2026-06-13, vizag ,C45141,MasterCard,Travel,Male,13500.76,Credit, ZOMATO ,Utilities,Declined
s102357,2026-06-16, kolkata ,C98519,RuPay,Fuel,Female,22583.11,Credit, DMART ,Fuel,Declined
s102358,2026-03-08, pune ,C89715,MasterCard,Fuel,Female,3013.63,Credit, HPCL ,Food,Approved
s102359,2026-05-11, kolkata ,C21584,Visa,Shopping,Female,7597.56,Credit, IRCTC ,E-commerce,Approved
s102360,2026-02-06, pune ,C39088,RuPay,Travel,Female,14790.15,NetBanking, ZOMATO ,Retail,Declined
s102361,2026-02-16, hyderabad ,C52535,Amex,Fuel,Male,15934.45,NetBanking, SWIGGY ,Retail,Approved
s102362,2026-06-05, chennai ,C28630,RuPay,Shopping,Female,20242.46,NetBanking, IOCL ,Food,Approved
s102363,2026-04-25, bengaluru ,C15596,Amex,Utilities,Male,23425.37,NetBanking, DMART ,Utilities,Approved
s102364,2026-06-11, hyderabad ,C39354,MasterCard,Groceries,Male,24764.79,Credit, IRCTC ,Travel,Declined
s102365,2026-02-27, mumbai ,C74746,RuPay,Travel,Male,20477.32,NetBanking, ZOMATO ,Food,Approved
s102366,2026-02-05, kolkata ,C72334,RuPay,Fuel,Male,2111.7,UPI, IRCTC ,Fuel,Approved
s102367,2026-03-06, pune ,C86516,Amex,Groceries,Male,23844.59,Credit, HPCL ,Retail,Declined
s102368,2026-06-26, delhi ,C38544,Amex,Utilities,Male,14972.39,NetBanking, IOCL ,Utilities,Approved
s102369,2026-04-28, mumbai ,C86089,Visa,Fuel,Female,23799.8,UPI, AMAZON ,Utilities,Declined
s102370,2026-01-18, hyderabad ,C79574,Visa,Dining,Female,5081.62,UPI, ZOMATO ,Utilities,Approved
s102371,2026-04-04, mumbai ,C91968,MasterCard,Fuel,Male,14004.75,NetBanking, ZOMATO ,Retail,Declined
s102372,2026-02-08, delhi ,C93815,RuPay,Fuel,Male,8049.09,Credit, AMAZON ,E-commerce,Declined
s102373,2026-03-09, kolkata ,C26011,RuPay,Dining,Female,19872.74,NetBanking, IRCTC ,Utilities,Approved
s102374,2026-03-10, kolkata ,C91504,Amex,Utilities,Female,15166.73,Credit, IOCL ,Retail,Declined
s102375,2026-05-11, hyderabad ,C23542,MasterCard,Utilities,Female,9492.01,NetBanking, IRCTC ,E-commerce,Approved
s102376,2026-03-23, delhi ,C68466,Amex,Travel,Male,18511.73,NetBanking, SWIGGY ,Travel,Approved
s102377,2026-05-24, chennai ,C80795,Visa,Shopping,Male,3949.03,UPI, DMART ,Retail,Declined
s102378,2026-04-12, bengaluru ,C73485,MasterCard,Dining,Male,15180.57,Credit, DMART ,Retail,Declined
s102379,2026-06-07, hyderabad ,C82992,Amex,Dining,Male,4292.77,Credit, IOCL ,Retail,Approved
s102380,2026-04-16, pune ,C16290,Visa,Utilities,Male,6948.88,Credit, SWIGGY ,Utilities,Approved
s102381,2026-06-23, mumbai ,C50907,Visa,Dining,Female,200.56,NetBanking, HPCL ,E-commerce,Approved
s102382,2026-05-08, vizag ,C72958,MasterCard,Shopping,Female,7511.81,UPI, HPCL ,E-commerce,Declined
s102383,2026-02-08, hyderabad ,C96546,Amex,Dining,Female,12391.06,NetBanking, IOCL ,Retail,Declined
s102384,2026-06-28, delhi ,C42671,Visa,Utilities,Male,19911.19,Credit, IOCL ,Fuel,Declined
s102385,2026-01-31, pune ,C41982,RuPay,Travel,Male,3130.76,UPI, AMAZON ,Utilities,Declined
s102386,2026-01-11, chennai ,C29215,Visa,Dining,Male,18111.58,NetBanking, IRCTC ,Retail,Approved
s102387,2026-03-12, hyderabad ,C78228,RuPay,Utilities,Male,22247.97,UPI, SWIGGY ,Fuel,Approved
s102388,2026-05-16, mumbai ,C44732,Visa,Dining,Male,22018.35,Credit, ZOMATO ,Utilities,Approved
s102389,2026-05-11, vizag ,C46214,RuPay,Fuel,Male,14278.56,Credit, IRCTC ,Retail,Approved
s102390,2026-05-03, kolkata ,C12682,MasterCard,Shopping,Male,19913.0,NetBanking, DMART ,Food,Declined
s102391,2026-05-09, hyderabad ,C60918,RuPay,Groceries,Female,19767.78,NetBanking, DMART ,Retail,Declined
s102392,2026-04-14, mumbai ,C24746,Visa,Travel,Male,20055.49,Credit, HPCL ,Food,Approved
s102393,2026-06-18, delhi ,C59237,MasterCard,Travel,Male,12498.75,Credit, DMART ,Fuel,Declined
s102394,2026-06-09, mumbai ,C71326,Amex,Travel,Male,5529.77,NetBanking, SWIGGY ,Utilities,Approved
s102395,2026-05-26, pune ,C95767,MasterCard,Groceries,Male,16159.67,NetBanking, IRCTC ,Retail,Declined
s102396,2026-01-05, kolkata ,C85479,RuPay,Travel,Male,5530.29,NetBanking, AMAZON ,Retail,Declined
s102397,2026-03-10, vizag ,C21721,MasterCard,Dining,Male,20702.64,UPI, IOCL ,Travel,Declined
s102398,2026-05-22, pune ,C94170,Amex,Dining,Female,12927.79,Credit, IOCL ,Utilities,Declined
s102399,2026-03-22, bengaluru ,C29324,Amex,Fuel,Male,2668.55,NetBanking, IRCTC ,Food,Approved
s102400,2026-04-12, mumbai ,C75116,Visa,Utilities,Female,8486.6,UPI, IOCL ,Utilities,Declined
s102401,2026-01-27, pune ,C45770,Visa,Travel,Male,23049.13,NetBanking, IOCL ,E-commerce,Declined
s102402,2026-03-22, hyderabad ,C89671,RuPay,Fuel,Male,15985.34,NetBanking, RELIANCE ,Retail,Declined
s102403,2026-05-12, bengaluru ,C45031,Visa,Fuel,Male,24372.36,NetBanking, DMART ,Fuel,Approved
s102404,2026-03-30, hyderabad ,C97039,RuPay,Utilities,Female,18357.11,NetBanking, DMART ,Food,Declined
s102405,2026-03-23, hyderabad ,C95039,Visa,Fuel,Female,17536.61,UPI, ZOMATO ,E-commerce,Declined
s102406,2026-02-06, kolkata ,C34954,RuPay,Utilities,Female,8995.33,UPI, ZOMATO ,Fuel,Approved
s102407,2026-03-16, vizag ,C64745,MasterCard,Utilities,Female,23381.16,UPI, ZOMATO ,Fuel,Declined
s102408,2026-02-04, chennai ,C16284,RuPay,Fuel,Male,17208.17,UPI, AMAZON ,E-commerce,Approved
s102409,2026-04-20, delhi ,C98415,Amex,Dining,Female,21959.82,UPI, DMART ,Fuel,Approved
s102410,2026-01-13, chennai ,C85895,Amex,Dining,Male,11044.23,UPI, ZOMATO ,Travel,Declined
s102411,2026-06-09, delhi ,C40438,Visa,Utilities,Male,21302.62,UPI, HPCL ,E-commerce,Approved
s102412,2026-04-13, chennai ,C56956,MasterCard,Travel,Male,3466.94,NetBanking, IRCTC ,Fuel,Declined
s102413,2026-02-12, bengaluru ,C80303,Amex,Utilities,Male,22094.85,NetBanking, HPCL ,Travel,Approved
s102414,2026-06-10, vizag ,C93196,MasterCard,Dining,Female,24126.96,Credit, DMART ,Travel,Declined
s102415,2026-02-06, hyderabad ,C71838,Visa,Groceries,Female,11951.88,UPI, ZOMATO ,Travel,Approved
s102416,2026-04-24, delhi ,C55302,MasterCard,Shopping,Male,6912.34,Credit, RELIANCE ,Retail,Declined
s102417,2026-03-18, kolkata ,C33731,RuPay,Fuel,Female,14377.08,UPI, RELIANCE ,Utilities,Approved
s102418,2026-04-12, delhi ,C70369,RuPay,Fuel,Female,9326.89,Credit, IRCTC ,Food,Declined
s102419,2026-01-04, bengaluru ,C63652,Visa,Travel,Female,12283.17,Credit, SWIGGY ,Food,Declined
s102420,2026-06-21, bengaluru ,C27378,MasterCard,Dining,Male,13941.72,NetBanking, IRCTC ,Travel,Declined
s102421,2026-04-13, pune ,C66865,RuPay,Groceries,Female,8753.96,NetBanking, AMAZON ,Fuel,Declined
s102422,2026-03-14, vizag ,C20698,Amex,Utilities,Female,20058.19,NetBanking, DMART ,Food,Declined
s102423,2026-05-05, delhi ,C46406,Amex,Fuel,Female,21172.57,NetBanking, IOCL ,E-commerce,Approved
s102424,2026-05-23, hyderabad ,C43384,RuPay,Groceries,Female,18436.8,Credit, ZOMATO ,Utilities,Approved
s102425,2026-01-01, hyderabad ,C64632,Amex,Fuel,Female,15720.7,Credit, IRCTC ,Utilities,Declined
s102426,2026-04-04, mumbai ,C12548,Visa,Utilities,Female,15953.02,UPI, DMART ,Travel,Approved
s102427,2026-05-03, delhi ,C97011,MasterCard,Utilities,Male,24724.09,NetBanking, DMART ,Retail,Approved
s102428,2026-01-16, delhi ,C41590,Visa,Fuel,Male,13550.22,UPI, ZOMATO ,Retail,Declined
s102429,2026-03-18, bengaluru ,C32809,Amex,Fuel,Male,23219.01,UPI, HPCL ,Travel,Declined
s102430,2026-06-25, kolkata ,C19649,RuPay,Groceries,Male,9638.04,UPI, HPCL ,Fuel,Approved
s102431,2026-06-20, hyderabad ,C31080,MasterCard,Travel,Male,19476.89,UPI, ZOMATO ,Travel,Approved
s102432,2026-02-09, hyderabad ,C51108,MasterCard,Shopping,Female,21168.97,Credit, IRCTC ,E-commerce,Approved
s102433,2026-04-01, bengaluru ,C55103,Amex,Fuel,Female,20723.2,Credit, ZOMATO ,Utilities,Declined
s102434,2026-04-15, vizag ,C29843,MasterCard,Shopping,Male,19048.28,UPI, SWIGGY ,E-commerce,Declined
s102435,2026-06-25, hyderabad ,C68224,Visa,Fuel,Male,12622.89,Credit, ZOMATO ,E-commerce,Declined
s102436,2026-04-22, mumbai ,C57299,RuPay,Dining,Female,9253.07,UPI, ZOMATO ,Travel,Declined
s102437,2026-04-15, chennai ,C10247,Amex,Shopping,Male,17704.21,UPI, IOCL ,Food,Approved
s102438,2026-04-27, hyderabad ,C99038,MasterCard,Fuel,Female,9862.47,Credit, HPCL ,Travel,Approved
s102439,2026-02-05, kolkata ,C49764,Visa,Dining,Male,20026.18,Credit, ZOMATO ,Travel,Approved
s102440,2026-03-16, pune ,C82546,RuPay,Fuel,Male,13610.91,NetBanking, AMAZON ,Fuel,Approved
s102441,2026-01-03, bengaluru ,C17347,MasterCard,Dining,Male,21746.97,NetBanking, AMAZON ,E-commerce,Approved
s102442,2026-06-04, hyderabad ,C68747,MasterCard,Shopping,Female,14067.99,NetBanking, IRCTC ,Travel,Approved
s102443,2026-02-24, hyderabad ,C65502,Visa,Dining,Female,20912.28,Credit, HPCL ,Retail,Declined
s102444,2026-01-13, mumbai ,C44054,RuPay,Fuel,Female,13677.6,NetBanking, RELIANCE ,Utilities,Approved
s102445,2026-02-13, delhi ,C43050,Amex,Utilities,Female,15736.01,Credit, HPCL ,Travel,Approved
s102446,2026-02-08, pune ,C74273,Amex,Shopping,Male,338.31,NetBanking, RELIANCE ,E-commerce,Declined
s102447,2026-03-24, mumbai ,C76607,MasterCard,Groceries,Male,4296.62,Credit, AMAZON ,E-commerce,Approved
s102448,2026-05-21, kolkata ,C93429,MasterCard,Groceries,Female,11708.43,Credit, IRCTC ,Travel,Declined
s102449,2026-01-26, bengaluru ,C88281,RuPay,Groceries,Female,2544.45,UPI, ZOMATO ,Food,Approved
s102450,2026-05-31, vizag ,C83097,MasterCard,Groceries,Female,8545.9,Credit, DMART ,Fuel,Declined
s102451,2026-03-16, delhi ,C61152,Visa,Travel,Male,8464.28,Credit, SWIGGY ,Food,Approved
s102452,2026-04-21, hyderabad ,C23948,Amex,Dining,Male,1542.88,NetBanking, IOCL ,Fuel,Declined
s102453,2026-04-04, delhi ,C15199,Amex,Travel,Male,1388.65,Credit, ZOMATO ,Food,Declined
s102454,2026-01-22, delhi ,C14421,Amex,Dining,Male,21019.66,Credit, DMART ,Utilities,Approved
s102455,2026-03-23, delhi ,C42111,RuPay,Utilities,Male,4862.61,Credit, IRCTC ,Utilities,Declined
s102456,2026-06-01, vizag ,C86205,MasterCard,Groceries,Male,1559.43,NetBanking, AMAZON ,Food,Declined
s102457,2026-05-19, pune ,C97970,RuPay,Shopping,Male,16993.43,Credit, RELIANCE ,E-commerce,Declined
s102458,2026-04-22, kolkata ,C17608,MasterCard,Shopping,Male,6614.86,NetBanking, IOCL ,Retail,Declined
s102459,2026-03-12, kolkata ,C20997,Amex,Fuel,Female,16330.83,Credit, DMART ,Fuel,Declined
s102460,2026-01-06, pune ,C11691,MasterCard,Travel,Male,22107.33,NetBanking, AMAZON ,Utilities,Declined
s102461,2026-05-17, kolkata ,C18974,Visa,Utilities,Female,639.6,UPI, IOCL ,Food,Approved
s102462,2026-03-01, delhi ,C96042,Amex,Fuel,Male,12697.69,UPI, IRCTC ,Food,Declined
s102463,2026-06-22, kolkata ,C47050,Amex,Groceries,Male,16604.21,UPI, AMAZON ,Utilities,Declined
s102464,2026-03-08, vizag ,C67067,MasterCard,Fuel,Male,23565.88,NetBanking, IRCTC ,Utilities,Declined
s102465,2026-05-27, mumbai ,C11773,Visa,Dining,Female,14175.42,Credit, HPCL ,E-commerce,Approved
s102466,2026-04-03, vizag ,C52870,Visa,Fuel,Female,2029.43,UPI, AMAZON ,Retail,Declined
s102467,2026-02-15, vizag ,C51838,Amex,Dining,Male,22647.29,Credit, DMART ,E-commerce,Approved
s102468,2026-04-30, kolkata ,C60536,Visa,Groceries,Female,15343.22,NetBanking, RELIANCE ,Food,Approved
s102469,2026-03-30, delhi ,C14814,RuPay,Dining,Male,225.05,NetBanking, IRCTC ,Travel,Approved
s102470,2026-01-15, hyderabad ,C41769,MasterCard,Travel,Female,5331.5,NetBanking, IRCTC ,E-commerce,Declined
s102471,2026-03-21, chennai ,C28930,Visa,Dining,Female,24336.04,NetBanking, DMART ,E-commerce,Declined
s102472,2026-05-03, bengaluru ,C36000,Amex,Utilities,Female,16683.51,NetBanking, ZOMATO ,Retail,Declined
s102473,2026-06-05, chennai ,C80909,Visa,Dining,Male,15490.49,UPI, RELIANCE ,Travel,Approved
s102474,2026-05-07, chennai ,C90364,Amex,Fuel,Male,1786.67,NetBanking, ZOMATO ,Utilities,Approved
s102475,2026-03-25, hyderabad ,C80618,RuPay,Groceries,Female,16665.85,Credit, DMART ,Retail,Approved
s102476,2026-06-27, chennai ,C80495,MasterCard,Shopping,Male,6557.88,UPI, HPCL ,E-commerce,Declined
s102477,2026-03-14, mumbai ,C37432,MasterCard,Fuel,Male,8085.11,NetBanking, ZOMATO ,Utilities,Declined
s102478,2026-02-19, chennai ,C46193,RuPay,Utilities,Male,18518.67,Credit, RELIANCE ,E-commerce,Declined
s102479,2026-05-12, bengaluru ,C13223,RuPay,Utilities,Male,20980.24,NetBanking, SWIGGY ,Utilities,Approved
s102480,2026-05-19, bengaluru ,C63127,Amex,Groceries,Male,23315.41,Credit, IOCL ,Fuel,Approved
s102481,2026-04-06, bengaluru ,C15735,Amex,Groceries,Female,1667.12,Credit, SWIGGY ,Utilities,Approved
s102482,2026-04-03, kolkata ,C72567,RuPay,Fuel,Female,7264.69,NetBanking, AMAZON ,Fuel,Declined
s102483,2026-04-18, bengaluru ,C68246,RuPay,Travel,Female,10306.63,UPI, AMAZON ,E-commerce,Declined
s102484,2026-01-25, pune ,C21745,MasterCard,Fuel,Male,9961.35,UPI, AMAZON ,Fuel,Declined
s102485,2026-01-25, chennai ,C94603,MasterCard,Dining,Male,17125.33,Credit, IOCL ,E-commerce,Approved
s102486,2026-04-04, vizag ,C87807,Amex,Dining,Female,23564.54,Credit, IRCTC ,Food,Declined
s102487,2026-01-10, vizag ,C83840,Visa,Utilities,Female,11574.26,UPI, RELIANCE ,Retail,Approved
s102488,2026-03-04, mumbai ,C51007,Visa,Fuel,Male,5767.42,NetBanking, AMAZON ,E-commerce,Approved
s102489,2026-01-30, chennai ,C44924,MasterCard,Travel,Male,15785.98,UPI, RELIANCE ,Retail,Approved
s102490,2026-02-12, bengaluru ,C58596,Visa,Fuel,Male,13835.94,Credit, ZOMATO ,E-commerce,Declined
s102491,2026-04-15, pune ,C88795,MasterCard,Travel,Female,20830.8,NetBanking, SWIGGY ,E-commerce,Approved
s102492,2026-05-21, bengaluru ,C49491,RuPay,Groceries,Female,379.79,NetBanking, RELIANCE ,E-commerce,Declined
s102493,2026-03-20, delhi ,C74506,Visa,Dining,Female,15043.26,NetBanking, ZOMATO ,Retail,Approved
s102494,2026-03-17, delhi ,C96601,Amex,Dining,Male,14269.95,UPI, AMAZON ,E-commerce,Declined
s102495,2026-04-12, delhi ,C20803,Amex,Travel,Female,759.54,Credit, ZOMATO ,Retail,Declined
s102496,2026-01-14, kolkata ,C42087,RuPay,Travel,Male,15904.7,NetBanking, IOCL ,Food,Declined
s102497,2026-02-26, hyderabad ,C46272,RuPay,Travel,Female,11686.62,UPI, DMART ,Fuel,Declined
s102498,2026-03-04, chennai ,C93877,RuPay,Utilities,Male,24507.18,UPI, AMAZON ,Fuel,Declined
s102499,2026-01-23, bengaluru ,C26656,Amex,Travel,Male,9648.82,UPI, ZOMATO ,Retail,Approved
s102500,2026-03-28, kolkata ,C97280,Amex,Fuel,Female,17380.23,NetBanking, IRCTC ,Retail,Approved
s102501,2026-05-28, vizag ,C45694,Amex,Travel,Female,5244.49,NetBanking, RELIANCE ,Travel,Declined
s102502,2026-06-03, hyderabad ,C30633,Amex,Utilities,Female,2385.74,NetBanking, HPCL ,Utilities,Declined
s102503,2026-05-18, bengaluru ,C38998,Visa,Fuel,Male,16210.94,NetBanking, HPCL ,Utilities,Declined
s102504,2026-01-09, chennai ,C79813,MasterCard,Dining,Female,16149.77,Credit, AMAZON ,Utilities,Approved
s102505,2026-01-17, hyderabad ,C79730,RuPay,Dining,Male,7989.46,UPI, RELIANCE ,Retail,Approved
s102506,2026-05-12, kolkata ,C56606,MasterCard,Fuel,Female,12509.4,NetBanking, IOCL ,E-commerce,Approved
s102507,2026-04-01, kolkata ,C40445,Amex,Shopping,Male,2336.67,NetBanking, IOCL ,Fuel,Approved
s102508,2026-06-25, vizag ,C29514,Amex,Groceries,Male,16436.05,UPI, ZOMATO ,Food,Declined
s102509,2026-05-31, vizag ,C44961,RuPay,Utilities,Male,13104.45,Credit, RELIANCE ,Fuel,Declined
s102510,2026-01-23, chennai ,C67562,MasterCard,Dining,Male,9498.05,UPI, IOCL ,Fuel,Approved
s102511,2026-06-30, kolkata ,C71685,MasterCard,Shopping,Male,20503.69,UPI, DMART ,Utilities,Declined
s102512,2026-05-09, kolkata ,C76387,Visa,Travel,Male,13217.55,UPI, RELIANCE ,Travel,Declined
s102513,2026-04-23, chennai ,C48860,Visa,Shopping,Female,7287.55,Credit, ZOMATO ,Food,Approved
s102514,2026-05-02, kolkata ,C32321,Amex,Shopping,Female,11622.96,Credit, RELIANCE ,Travel,Declined
s102515,2026-04-20, pune ,C53551,RuPay,Fuel,Female,10829.12,UPI, IRCTC ,E-commerce,Declined
s102516,2026-02-21, hyderabad ,C87948,RuPay,Groceries,Male,2659.39,NetBanking, IRCTC ,E-commerce,Declined
s102517,2026-06-25, mumbai ,C16124,RuPay,Utilities,Female,19175.22,UPI, SWIGGY ,Fuel,Approved
s102518,2026-03-01, hyderabad ,C65735,Amex,Fuel,Male,12372.06,Credit, ZOMATO ,E-commerce,Declined
s102519,2026-06-09, vizag ,C53010,Amex,Dining,Female,2619.9,UPI, ZOMATO ,Utilities,Approved
s102520,2026-03-18, hyderabad ,C90387,Amex,Utilities,Female,12973.16,Credit, IRCTC ,Utilities,Approved
s102521,2026-03-12, vizag ,C44068,RuPay,Fuel,Male,7497.45,Credit, ZOMATO ,Utilities,Approved
s102522,2026-01-03, kolkata ,C14758,MasterCard,Fuel,Female,23591.88,NetBanking, SWIGGY ,Retail,Declined
s102523,2026-03-01, delhi ,C78971,Amex,Fuel,Female,18035.17,UPI, HPCL ,Fuel,Approved
s102524,2026-03-16, hyderabad ,C92415,RuPay,Shopping,Female,15156.53,NetBanking, IRCTC ,Fuel,Declined
s102525,2026-01-19, mumbai ,C72226,Visa,Dining,Female,816.45,NetBanking, IRCTC ,E-commerce,Approved
s102526,2026-03-13, bengaluru ,C24698,MasterCard,Dining,Male,10842.54,Credit, IOCL ,Fuel,Approved
s102527,2026-01-21, vizag ,C91153,Amex,Dining,Female,20863.97,NetBanking, IOCL ,Food,Approved
s102528,2026-03-29, vizag ,C49112,MasterCard,Fuel,Female,922.07,Credit, AMAZON ,E-commerce,Approved
s102529,2026-01-17, chennai ,C64834,Visa,Utilities,Female,4708.53,Credit, DMART ,Fuel,Approved
s102530,2026-04-09, vizag ,C10611,Visa,Shopping,Male,19943.56,Credit, IRCTC ,Retail,Declined
s102531,2026-06-13, kolkata ,C39280,RuPay,Travel,Female,7786.26,Credit, SWIGGY ,E-commerce,Declined
s102532,2026-06-01, delhi ,C29309,RuPay,Shopping,Male,3231.87,Credit, DMART ,Retail,Declined
s102533,2026-02-03, hyderabad ,C71919,Amex,Travel,Male,8656.78,Credit, RELIANCE ,Travel,Declined
s102534,2026-02-01, mumbai ,C71571,Visa,Fuel,Female,11407.03,UPI, SWIGGY ,Travel,Approved
s102535,2026-06-13, kolkata ,C65535,MasterCard,Fuel,Female,17531.76,NetBanking, SWIGGY ,Utilities,Declined
s102536,2026-05-03, bengaluru ,C65881,MasterCard,Dining,Male,12395.64,UPI, IOCL ,Fuel,Approved
s102537,2026-06-22, kolkata ,C80101,Visa,Travel,Male,23535.15,UPI, AMAZON ,E-commerce,Declined
s102538,2026-03-27, vizag ,C11818,Visa,Travel,Male,21523.72,UPI, IRCTC ,Utilities,Approved
s102539,2026-04-28, pune ,C86792,Visa,Fuel,Male,13227.48,UPI, DMART ,Retail,Approved
s102540,2026-05-14, mumbai ,C90055,RuPay,Travel,Female,992.43,UPI, AMAZON ,E-commerce,Declined
s102541,2026-01-23, pune ,C85141,RuPay,Groceries,Female,17364.02,UPI, RELIANCE ,Travel,Approved
s102542,2026-04-26, hyderabad ,C90366,RuPay,Groceries,Male,20825.84,UPI, ZOMATO ,Fuel,Declined
s102543,2026-06-16, delhi ,C46017,Visa,Shopping,Male,18303.53,NetBanking, ZOMATO ,Fuel,Approved
s102544,2026-06-17, chennai ,C25112,RuPay,Travel,Female,4807.78,Credit, IRCTC ,Fuel,Declined
s102545,2026-05-03, chennai ,C96131,RuPay,Fuel,Male,4916.16,NetBanking, ZOMATO ,Retail,Declined
s102546,2026-05-31, bengaluru ,C14442,MasterCard,Dining,Male,14974.47,NetBanking, IOCL ,Travel,Approved
s102547,2026-04-05, delhi ,C43823,Amex,Fuel,Female,8544.56,UPI, SWIGGY ,Travel,Approved
s102548,2026-05-17, chennai ,C30422,MasterCard,Utilities,Female,851.69,Credit, HPCL ,E-commerce,Declined
s102549,2026-05-05, delhi ,C37860,MasterCard,Dining,Female,13267.41,NetBanking, RELIANCE ,Food,Declined
s102550,2026-05-29, vizag ,C59332,Visa,Dining,Male,1229.86,UPI, DMART ,Utilities,Approved
s102551,2026-01-28, delhi ,C67267,MasterCard,Shopping,Male,5163.49,NetBanking, IOCL ,Utilities,Approved
s102552,2026-03-09, pune ,C76102,Amex,Groceries,Male,9677.05,Credit, IOCL ,Retail,Declined
s102553,2026-05-09, delhi ,C94691,Visa,Fuel,Female,21097.76,UPI, ZOMATO ,Fuel,Declined
s102554,2026-02-27, kolkata ,C81528,Visa,Travel,Male,17347.39,UPI, ZOMATO ,E-commerce,Approved
s102555,2026-03-27, chennai ,C48446,Amex,Fuel,Female,18718.49,Credit, AMAZON ,E-commerce,Approved
s102556,2026-01-01, hyderabad ,C42164,RuPay,Utilities,Male,21452.68,UPI, ZOMATO ,E-commerce,Declined
s102557,2026-06-12, chennai ,C79459,Amex,Groceries,Male,7054.6,UPI, HPCL ,Utilities,Approved
s102558,2026-04-19, hyderabad ,C98224,Visa,Groceries,Female,18025.07,NetBanking, ZOMATO ,Utilities,Declined
s102559,2026-05-20, chennai ,C76071,Visa,Travel,Female,15763.54,UPI, RELIANCE ,Food,Approved
s102560,2026-01-22, bengaluru ,C37477,Amex,Groceries,Male,12163.45,Credit, IRCTC ,Food,Approved
s102561,2026-04-22, kolkata ,C65358,RuPay,Travel,Female,14687.92,NetBanking, IRCTC ,E-commerce,Declined
s102562,2026-02-19, mumbai ,C27542,MasterCard,Fuel,Female,21277.05,UPI, AMAZON ,Food,Approved
s102563,2026-04-27, delhi ,C38428,RuPay,Shopping,Female,9676.25,Credit, RELIANCE ,Fuel,Declined
s102564,2026-03-09, mumbai ,C47962,MasterCard,Fuel,Female,518.66,UPI, AMAZON ,Fuel,Approved
s102565,2026-04-01, hyderabad ,C83299,MasterCard,Utilities,Female,8762.25,Credit, HPCL ,Retail,Declined
s102566,2026-01-04, chennai ,C95472,Amex,Shopping,Male,8640.06,NetBanking, RELIANCE ,Food,Approved
s102567,2026-05-01, pune ,C20962,RuPay,Travel,Male,13126.22,NetBanking, RELIANCE ,Utilities,Approved
s102568,2026-06-25, vizag ,C14194,Visa,Groceries,Male,21589.08,UPI, DMART ,Retail,Approved
s102569,2026-02-23, chennai ,C38354,Amex,Utilities,Female,24508.41,NetBanking, SWIGGY ,Travel,Approved
s102570,2026-02-11, chennai ,C71227,Amex,Utilities,Male,24126.93,UPI, IOCL ,Food,Approved
s102571,2026-04-25, kolkata ,C48095,RuPay,Utilities,Male,19070.3,UPI, AMAZON ,Food,Declined
s102572,2026-01-27, mumbai ,C94636,RuPay,Utilities,Male,18030.54,Credit, DMART ,Retail,Declined
s102573,2026-01-30, bengaluru ,C76594,Amex,Utilities,Male,8744.52,Credit, IRCTC ,E-commerce,Approved
s102574,2026-06-17, chennai ,C59430,MasterCard,Travel,Female,6838.32,NetBanking, SWIGGY ,Food,Declined
s102575,2026-06-30, vizag ,C50038,Amex,Utilities,Female,8618.31,UPI, HPCL ,Travel,Approved
s102576,2026-05-26, delhi ,C40430,RuPay,Groceries,Female,6992.74,Credit, ZOMATO ,Utilities,Approved
s102577,2026-05-18, pune ,C18246,Visa,Travel,Female,19856.35,UPI, HPCL ,Utilities,Declined
s102578,2026-01-03, delhi ,C65455,RuPay,Groceries,Female,21101.01,UPI, SWIGGY ,Utilities,Approved
s102579,2026-02-08, hyderabad ,C95750,MasterCard,Utilities,Male,10589.48,Credit, HPCL ,Utilities,Declined
s102580,2026-05-24, hyderabad ,C52294,Amex,Shopping,Female,17322.17,NetBanking, HPCL ,Utilities,Approved
s102581,2026-02-23, pune ,C31370,Visa,Fuel,Female,9925.68,Credit, DMART ,E-commerce,Declined
s102582,2026-04-21, mumbai ,C15078,MasterCard,Shopping,Female,10673.12,NetBanking, ZOMATO ,Retail,Declined
s102583,2026-06-29, bengaluru ,C82102,RuPay,Dining,Male,16479.64,Credit, DMART ,Travel,Declined
s102584,2026-05-23, chennai ,C93356,MasterCard,Shopping,Female,8686.94,NetBanking, ZOMATO ,E-commerce,Approved
s102585,2026-06-21, mumbai ,C43079,Amex,Dining,Female,5977.7,NetBanking, AMAZON ,Travel,Approved
s102586,2026-05-16, bengaluru ,C32622,Amex,Groceries,Female,17434.15,UPI, AMAZON ,E-commerce,Approved
s102587,2026-02-01, bengaluru ,C57925,Amex,Dining,Male,23517.03,Credit, DMART ,E-commerce,Declined
s102588,2026-05-20, pune ,C54698,Amex,Utilities,Male,21545.98,NetBanking, IRCTC ,Fuel,Approved
s102589,2026-02-07, delhi ,C12529,Visa,Travel,Female,10206.52,NetBanking, IOCL ,Travel,Declined
s102590,2026-04-21, bengaluru ,C53482,Visa,Fuel,Male,7560.49,Credit, HPCL ,Utilities,Approved
s102591,2026-04-27, mumbai ,C11051,RuPay,Groceries,Male,23241.38,Credit, IRCTC ,Fuel,Declined
s102592,2026-03-24, hyderabad ,C83934,MasterCard,Fuel,Male,18377.97,NetBanking, DMART ,Food,Approved
s102593,2026-03-29, pune ,C97115,Amex,Fuel,Female,11983.83,Credit, DMART ,Food,Declined
s102594,2026-03-15, hyderabad ,C20345,Amex,Groceries,Female,14138.02,Credit, SWIGGY ,Travel,Declined
s102595,2026-04-27, vizag ,C28248,Visa,Shopping,Male,12424.23,UPI, ZOMATO ,Food,Approved
s102596,2026-04-11, mumbai ,C75037,RuPay,Fuel,Male,7716.05,Credit, AMAZON ,Retail,Declined
s102597,2026-01-08, mumbai ,C62054,RuPay,Utilities,Female,8876.26,NetBanking, HPCL ,Food,Approved
s102598,2026-06-11, hyderabad ,C57193,MasterCard,Dining,Male,4819.65,UPI, ZOMATO ,Travel,Approved
s102599,2026-03-25, delhi ,C71893,Amex,Shopping,Male,3063.42,Credit, IOCL ,Utilities,Approved
s102600,2026-05-06, delhi ,C79919,Amex,Shopping,Male,8488.8,NetBanking, IRCTC ,Fuel,Declined
s102601,2026-05-22, delhi ,C68658,Visa,Utilities,Female,22504.9,UPI, DMART ,Travel,Declined
s102602,2026-03-08, pune ,C12230,MasterCard,Groceries,Male,3174.79,UPI, DMART ,Travel,Approved
s102603,2026-05-06, delhi ,C26808,RuPay,Shopping,Male,9060.78,NetBanking, IOCL ,Travel,Declined
s102604,2026-03-26, chennai ,C73226,MasterCard,Dining,Male,683.59,Credit, IOCL ,Fuel,Approved
s102605,2026-06-05, delhi ,C31996,RuPay,Fuel,Female,23333.92,UPI, AMAZON ,E-commerce,Declined
s102606,2026-01-06, kolkata ,C74515,Visa,Shopping,Female,24680.64,Credit, SWIGGY ,E-commerce,Approved
s102607,2026-05-24, mumbai ,C38257,Visa,Fuel,Male,11772.56,Credit, ZOMATO ,Retail,Approved
s102608,2026-03-23, vizag ,C13238,MasterCard,Utilities,Female,16973.15,Credit, DMART ,Fuel,Approved
s102609,2026-04-01, vizag ,C19876,RuPay,Dining,Female,5881.33,Credit, HPCL ,Travel,Approved
s102610,2026-04-14, mumbai ,C89804,Amex,Shopping,Female,16420.62,Credit, IRCTC ,Food,Approved
s102611,2026-05-15, delhi ,C41429,Amex,Shopping,Male,4080.25,NetBanking, IRCTC ,Retail,Declined
s102612,2026-05-30, bengaluru ,C86850,RuPay,Dining,Male,11951.34,Credit, AMAZON ,E-commerce,Approved
s102613,2026-01-08, pune ,C59666,RuPay,Travel,Male,8108.17,NetBanking, IOCL ,Fuel,Declined
s102614,2026-03-20, chennai ,C96059,Amex,Travel,Male,22893.12,NetBanking, IRCTC ,E-commerce,Approved
s102615,2026-06-21, hyderabad ,C27005,Visa,Travel,Female,6066.32,NetBanking, RELIANCE ,E-commerce,Approved
s102616,2026-06-29, kolkata ,C23073,Amex,Utilities,Male,3636.78,UPI, SWIGGY ,Food,Approved
s102617,2026-01-23, bengaluru ,C12032,MasterCard,Fuel,Female,13064.5,Credit, IOCL ,E-commerce,Approved
s102618,2026-02-18, mumbai ,C66234,MasterCard,Shopping,Female,12014.8,NetBanking, AMAZON ,E-commerce,Declined
s102619,2026-05-20, kolkata ,C71921,Visa,Shopping,Female,8774.04,NetBanking, IOCL ,Utilities,Approved
s102620,2026-06-30, hyderabad ,C31704,Amex,Dining,Male,19807.44,Credit, HPCL ,Utilities,Approved
s102621,2026-05-25, kolkata ,C66953,Amex,Groceries,Male,14475.66,Credit, HPCL ,Travel,Approved
s102622,2026-02-10, mumbai ,C86886,Visa,Utilities,Female,8686.74,UPI, HPCL ,Retail,Declined
s102623,2026-01-12, chennai ,C27083,Visa,Utilities,Female,12397.97,NetBanking, IRCTC ,E-commerce,Approved
s102624,2026-06-01, chennai ,C44503,Visa,Dining,Female,24020.04,NetBanking, RELIANCE ,Travel,Approved
s102625,2026-05-21, mumbai ,C93986,MasterCard,Travel,Female,11735.59,Credit, HPCL ,Utilities,Approved
s102626,2026-06-15, hyderabad ,C24335,RuPay,Utilities,Female,5658.47,UPI, RELIANCE ,Food,Approved
s102627,2026-02-14, hyderabad ,C77633,RuPay,Shopping,Male,15412.03,NetBanking, DMART ,Travel,Approved
s102628,2026-04-29, delhi ,C96806,Amex,Groceries,Male,582.09,UPI, IOCL ,Food,Approved
s102629,2026-04-15, delhi ,C41281,RuPay,Fuel,Female,4164.45,UPI, RELIANCE ,Utilities,Approved
s102630,2026-02-04, hyderabad ,C19187,Amex,Utilities,Female,9272.49,Credit, ZOMATO ,E-commerce,Declined
s102631,2026-03-09, vizag ,C67806,MasterCard,Groceries,Female,5307.81,NetBanking, IOCL ,Food,Declined
s102632,2026-03-14, vizag ,C91491,RuPay,Utilities,Female,22733.06,NetBanking, AMAZON ,Retail,Approved
s102633,2026-04-02, hyderabad ,C44901,Amex,Shopping,Male,17603.3,Credit, ZOMATO ,Utilities,Approved
s102634,2026-04-25, kolkata ,C55786,Visa,Shopping,Female,936.34,Credit, HPCL ,Travel,Declined
s102635,2026-04-15, mumbai ,C91542,Amex,Groceries,Male,20442.49,Credit, DMART ,Fuel,Declined
s102636,2026-06-12, pune ,C73571,Amex,Groceries,Female,5541.94,Credit, HPCL ,E-commerce,Approved
s102637,2026-03-04, kolkata ,C38888,Visa,Dining,Male,15213.36,UPI, HPCL ,Utilities,Approved
s102638,2026-04-12, bengaluru ,C90446,Amex,Shopping,Male,23423.49,NetBanking, DMART ,Fuel,Declined
s102639,2026-06-22, bengaluru ,C63932,Amex,Utilities,Male,6747.76,Credit, AMAZON ,Travel,Declined
s102640,2026-04-08, vizag ,C98736,MasterCard,Travel,Male,24282.82,UPI, RELIANCE ,E-commerce,Declined
s102641,2026-05-12, delhi ,C33371,Amex,Fuel,Female,23293.61,Credit, IRCTC ,Food,Declined
s102642,2026-04-13, delhi ,C83023,Amex,Dining,Male,6664.89,Credit, IOCL ,Travel,Approved
s102643,2026-04-07, bengaluru ,C70425,RuPay,Shopping,Male,22081.5,NetBanking, HPCL ,Utilities,Approved
s102644,2026-01-16, chennai ,C58323,Visa,Shopping,Male,13992.35,UPI, AMAZON ,Retail,Declined
s102645,2026-03-05, mumbai ,C44352,RuPay,Fuel,Male,23977.01,Credit, RELIANCE ,E-commerce,Approved
s102646,2026-02-27, chennai ,C19360,Amex,Fuel,Male,3804.37,NetBanking, IRCTC ,Food,Approved
s102647,2026-06-02, vizag ,C32819,Amex,Groceries,Male,3798.05,Credit, IRCTC ,Utilities,Approved
s102648,2026-01-04, chennai ,C36706,MasterCard,Shopping,Female,4159.11,Credit, SWIGGY ,E-commerce,Approved
s102649,2026-04-10, chennai ,C27101,RuPay,Fuel,Female,23980.58,NetBanking, IOCL ,E-commerce,Approved
s102650,2026-04-13, delhi ,C87599,MasterCard,Travel,Female,17301.01,NetBanking, AMAZON ,Utilities,Approved
s102651,2026-06-01, hyderabad ,C32923,Amex,Dining,Male,20702.18,UPI, ZOMATO ,E-commerce,Approved
s102652,2026-01-05, chennai ,C66705,MasterCard,Dining,Male,20524.33,NetBanking, HPCL ,Retail,Declined
s102653,2026-02-24, mumbai ,C74192,RuPay,Travel,Male,11151.86,Credit, DMART ,Utilities,Approved
s102654,2026-04-09, delhi ,C90353,Visa,Shopping,Female,10468.77,Credit, RELIANCE ,Utilities,Approved
s102655,2026-04-16, pune ,C91623,MasterCard,Fuel,Male,24700.26,NetBanking, IRCTC ,Fuel,Approved
s102656,2026-04-26, hyderabad ,C61168,RuPay,Travel,Female,11335.86,UPI, ZOMATO ,Travel,Approved
s102657,2026-02-25, chennai ,C40582,Amex,Dining,Male,10479.34,UPI, RELIANCE ,Retail,Approved
s102658,2026-06-19, bengaluru ,C88291,Amex,Groceries,Male,24342.02,NetBanking, SWIGGY ,Fuel,Declined
s102659,2026-03-27, chennai ,C11971,RuPay,Travel,Male,7077.92,NetBanking, AMAZON ,Travel,Approved
s102660,2026-04-16, vizag ,C36443,Visa,Utilities,Female,19223.01,NetBanking, DMART ,Retail,Approved
s102661,2026-06-11, vizag ,C60300,MasterCard,Utilities,Female,7330.17,Credit, AMAZON ,Retail,Approved
s102662,2026-01-03, chennai ,C66921,Amex,Shopping,Female,14665.67,Credit, RELIANCE ,Food,Approved
s102663,2026-03-22, vizag ,C13760,MasterCard,Dining,Male,15858.02,NetBanking, IRCTC ,Fuel,Approved
s102664,2026-01-16, hyderabad ,C11110,Visa,Groceries,Male,21052.67,Credit, AMAZON ,Fuel,Approved
s102665,2026-01-13, chennai ,C83281,MasterCard,Fuel,Male,5012.79,NetBanking, HPCL ,Fuel,Approved
s102666,2026-03-27, bengaluru ,C48048,Visa,Dining,Male,10693.87,UPI, AMAZON ,E-commerce,Declined
s102667,2026-02-15, delhi ,C28284,RuPay,Utilities,Female,9270.65,Credit, HPCL ,E-commerce,Declined
s102668,2026-05-29, bengaluru ,C51592,RuPay,Groceries,Male,23011.33,NetBanking, AMAZON ,Travel,Approved
s102669,2026-02-05, mumbai ,C71539,Visa,Utilities,Female,23387.54,UPI, ZOMATO ,Travel,Declined
s102670,2026-06-06, kolkata ,C38105,MasterCard,Travel,Male,24939.83,UPI, IOCL ,E-commerce,Declined
s102671,2026-05-05, chennai ,C88516,RuPay,Shopping,Female,3929.4,Credit, AMAZON ,E-commerce,Approved
s102672,2026-03-16, mumbai ,C22836,Visa,Fuel,Female,16057.28,NetBanking, HPCL ,Utilities,Approved
s102673,2026-04-21, vizag ,C95114,Visa,Travel,Male,374.24,UPI, DMART ,Fuel,Approved
s102674,2026-03-31, hyderabad ,C75996,Visa,Travel,Female,21031.86,Credit, IRCTC ,Travel,Declined
s102675,2026-03-14, bengaluru ,C56665,Visa,Shopping,Male,18778.57,UPI, RELIANCE ,Utilities,Approved
s102676,2026-04-03, bengaluru ,C96260,RuPay,Dining,Male,14222.04,NetBanking, AMAZON ,Travel,Approved
s102677,2026-04-29, bengaluru ,C55310,RuPay,Dining,Male,13849.4,UPI, IOCL ,Fuel,Declined
s102678,2026-06-15, bengaluru ,C78395,Visa,Dining,Male,18128.63,Credit, IOCL ,E-commerce,Approved
s102679,2026-04-11, chennai ,C44128,MasterCard,Utilities,Female,16621.27,NetBanking, DMART ,Food,Approved
s102680,2026-06-29, pune ,C84042,MasterCard,Groceries,Female,21939.85,UPI, AMAZON ,Travel,Declined
s102681,2026-03-10, kolkata ,C40983,MasterCard,Fuel,Male,11145.06,Credit, IOCL ,Utilities,Approved
s102682,2026-04-20, kolkata ,C22419,Visa,Shopping,Female,7498.67,UPI, IOCL ,E-commerce,Declined
s102683,2026-05-07, kolkata ,C99696,MasterCard,Shopping,Female,12508.22,UPI, IRCTC ,Retail,Approved
s102684,2026-06-08, pune ,C30359,RuPay,Shopping,Male,7740.31,NetBanking, IOCL ,Utilities,Approved
s102685,2026-04-02, chennai ,C56470,RuPay,Shopping,Male,21843.23,NetBanking, DMART ,Travel,Approved
s102686,2026-06-04, pune ,C38219,Visa,Utilities,Male,1938.04,UPI, RELIANCE ,E-commerce,Declined
s102687,2026-05-10, pune ,C96754,Amex,Travel,Male,11306.5,Credit, DMART ,Fuel,Approved
s102688,2026-06-11, kolkata ,C26895,Visa,Shopping,Female,19370.23,Credit, DMART ,Travel,Declined
s102689,2026-04-26, chennai ,C66029,RuPay,Travel,Male,8157.6,NetBanking, IOCL ,Utilities,Declined
s102690,2026-01-01, bengaluru ,C84720,RuPay,Dining,Male,3107.29,Credit, DMART ,E-commerce,Declined
s102691,2026-03-18, pune ,C30912,RuPay,Travel,Female,3031.61,NetBanking, ZOMATO ,E-commerce,Declined
s102692,2026-03-25, bengaluru ,C22108,Visa,Utilities,Male,21577.88,Credit, AMAZON ,Food,Approved
s102693,2026-03-30, delhi ,C72708,Visa,Fuel,Female,11626.87,UPI, AMAZON ,Retail,Declined
s102694,2026-01-27, mumbai ,C24541,Visa,Shopping,Female,16016.44,NetBanking, HPCL ,E-commerce,Approved
s102695,2026-01-16, mumbai ,C64890,Amex,Dining,Male,10908.95,Credit, HPCL ,Fuel,Approved
s102696,2026-03-31, delhi ,C97995,RuPay,Dining,Male,9918.01,NetBanking, ZOMATO ,Travel,Approved
s102697,2026-03-26, chennai ,C44898,MasterCard,Dining,Female,16676.69,NetBanking, AMAZON ,E-commerce,Declined
s102698,2026-06-13, bengaluru ,C54130,MasterCard,Utilities,Female,6482.02,Credit, DMART ,Food,Approved
s102699,2026-02-26, hyderabad ,C13420,MasterCard,Fuel,Male,7768.62,UPI, RELIANCE ,E-commerce,Approved
s102700,2026-02-21, pune ,C10436,Amex,Shopping,Male,1760.68,UPI, IOCL ,Retail,Declined
s102701,2026-05-07, kolkata ,C81017,RuPay,Travel,Female,1741.1,Credit, DMART ,Fuel,Approved
s102702,2026-05-04, hyderabad ,C60080,MasterCard,Groceries,Male,12541.75,NetBanking, SWIGGY ,Retail,Declined
s102703,2026-01-01, mumbai ,C29802,Visa,Fuel,Male,16594.92,Credit, RELIANCE ,Fuel,Approved
s102704,2026-03-27, delhi ,C27882,RuPay,Shopping,Female,17536.02,NetBanking, IRCTC ,Fuel,Approved
s102705,2026-01-29, chennai ,C25082,Visa,Travel,Female,21858.43,Credit, RELIANCE ,Utilities,Declined
s102706,2026-06-22, delhi ,C29903,MasterCard,Dining,Male,17507.44,UPI, IOCL ,Food,Approved
s102707,2026-02-15, chennai ,C88203,Visa,Dining,Male,4186.67,NetBanking, RELIANCE ,E-commerce,Declined
s102708,2026-03-26, delhi ,C10238,MasterCard,Travel,Male,22509.82,NetBanking, IOCL ,Fuel,Approved
s102709,2026-03-13, hyderabad ,C38170,Visa,Dining,Female,9366.51,UPI, IRCTC ,E-commerce,Approved
s102710,2026-06-12, hyderabad ,C42455,Amex,Travel,Female,10438.05,UPI, IOCL ,E-commerce,Approved
s102711,2026-03-10, chennai ,C82932,MasterCard,Groceries,Male,24207.48,UPI, IRCTC ,E-commerce,Declined
s102712,2026-05-02, bengaluru ,C50362,MasterCard,Dining,Male,18191.9,Credit, ZOMATO ,E-commerce,Approved
s102713,2026-06-04, pune ,C47370,Visa,Travel,Male,18946.29,Credit, DMART ,E-commerce,Approved
s102714,2026-05-16, delhi ,C29293,RuPay,Dining,Male,24093.7,UPI, RELIANCE ,Retail,Approved
s102715,2026-06-12, kolkata ,C79845,Amex,Groceries,Female,2326.8,Credit, HPCL ,Food,Approved
s102716,2026-05-02, kolkata ,C97571,Visa,Travel,Female,9000.26,Credit, SWIGGY ,Utilities,Approved
s102717,2026-01-28, hyderabad ,C38375,RuPay,Travel,Female,14912.58,Credit, AMAZON ,Food,Declined
s102718,2026-06-02, chennai ,C16192,Amex,Utilities,Female,12608.53,Credit, HPCL ,Fuel,Approved
s102719,2026-01-18, chennai ,C29263,Amex,Shopping,Female,2299.97,NetBanking, AMAZON ,Food,Approved
s102720,2026-06-05, delhi ,C49627,MasterCard,Fuel,Female,4417.19,Credit, IRCTC ,E-commerce,Declined
s102721,2026-03-28, vizag ,C23386,MasterCard,Shopping,Female,8921.61,Credit, IRCTC ,Utilities,Declined
s102722,2026-05-10, hyderabad ,C95249,Visa,Fuel,Male,24789.72,Credit, SWIGGY ,Fuel,Declined
s102723,2026-05-07, delhi ,C26965,Visa,Travel,Male,8478.8,NetBanking, RELIANCE ,Food,Approved
s102724,2026-05-24, hyderabad ,C48572,RuPay,Dining,Female,14632.78,Credit, IOCL ,Retail,Declined
s102725,2026-05-24, delhi ,C72273,Visa,Dining,Male,2981.16,UPI, ZOMATO ,Fuel,Approved
s102726,2026-04-01, mumbai ,C15993,RuPay,Travel,Male,19262.51,Credit, HPCL ,Travel,Approved
s102727,2026-04-11, mumbai ,C94554,RuPay,Shopping,Male,12042.39,Credit, AMAZON ,Fuel,Declined
s102728,2026-03-15, hyderabad ,C71270,MasterCard,Groceries,Female,5514.4,Credit, AMAZON ,Fuel,Approved
s102729,2026-05-29, mumbai ,C97107,MasterCard,Fuel,Female,17340.26,Credit, ZOMATO ,Fuel,Approved
s102730,2026-03-07, kolkata ,C91123,MasterCard,Dining,Female,24032.89,NetBanking, IOCL ,Retail,Approved
s102731,2026-06-23, hyderabad ,C15525,Visa,Shopping,Male,22218.27,Credit, RELIANCE ,E-commerce,Declined
s102732,2026-02-01, delhi ,C94232,Visa,Shopping,Female,17324.27,UPI, IOCL ,E-commerce,Declined
s102733,2026-06-24, bengaluru ,C69599,Amex,Travel,Female,9212.6,Credit, HPCL ,Utilities,Declined
s102734,2026-04-12, kolkata ,C81908,Visa,Travel,Female,12457.43,NetBanking, AMAZON ,Utilities,Approved
s102735,2026-01-23, mumbai ,C83407,RuPay,Shopping,Female,16832.39,UPI, DMART ,Fuel,Approved
s102736,2026-03-05, chennai ,C18421,Visa,Dining,Male,18564.6,NetBanking, SWIGGY ,Food,Declined
s102737,2026-05-31, kolkata ,C23971,RuPay,Utilities,Female,14517.96,UPI, IRCTC ,Fuel,Approved
s102738,2026-04-11, delhi ,C78775,Visa,Groceries,Male,18314.28,Credit, ZOMATO ,Utilities,Declined
s102739,2026-06-11, hyderabad ,C92836,Visa,Travel,Female,8319.31,Credit, SWIGGY ,Retail,Approved
s102740,2026-03-15, mumbai ,C21196,Amex,Utilities,Female,8791.99,NetBanking, SWIGGY ,E-commerce,Approved
s102741,2026-04-12, delhi ,C15899,MasterCard,Shopping,Male,10886.59,UPI, IRCTC ,Retail,Approved
s102742,2026-04-08, chennai ,C26045,Visa,Fuel,Male,16800.88,NetBanking, ZOMATO ,Fuel,Declined
s102743,2026-05-02, chennai ,C84141,Visa,Travel,Female,2603.96,NetBanking, RELIANCE ,E-commerce,Approved
s102744,2026-04-15, chennai ,C38027,Visa,Shopping,Male,19197.32,UPI, RELIANCE ,Utilities,Declined
s102745,2026-01-05, vizag ,C66366,Visa,Groceries,Female,3306.02,Credit, SWIGGY ,Travel,Approved
s102746,2026-03-27, kolkata ,C81097,MasterCard,Utilities,Male,19970.86,Credit, HPCL ,Utilities,Declined
s102747,2026-05-27, delhi ,C92505,Visa,Fuel,Male,9687.29,Credit, IRCTC ,Utilities,Declined
s102748,2026-04-26, delhi ,C17364,Amex,Travel,Female,24833.41,Credit, AMAZON ,Retail,Approved
s102749,2026-05-30, pune ,C74327,Visa,Groceries,Female,14802.96,Credit, ZOMATO ,Utilities,Declined
s102750,2026-02-24, delhi ,C25402,Amex,Dining,Male,12061.73,NetBanking, HPCL ,Food,Declined
s102751,2026-06-02, mumbai ,C64907,Visa,Shopping,Female,4759.82,NetBanking, SWIGGY ,Food,Approved
s102752,2026-03-14, vizag ,C68306,Amex,Travel,Male,8736.22,UPI, IOCL ,Retail,Approved
s102753,2026-03-19, delhi ,C26118,Visa,Fuel,Male,13883.27,Credit, DMART ,Travel,Approved
s102754,2026-05-28, delhi ,C29079,Visa,Dining,Female,12574.91,Credit, ZOMATO ,Travel,Declined
s102755,2026-02-12, hyderabad ,C55498,Amex,Travel,Male,4355.95,Credit, RELIANCE ,Utilities,Declined
s102756,2026-06-11, hyderabad ,C70824,RuPay,Fuel,Male,14309.61,UPI, HPCL ,E-commerce,Approved
s102757,2026-02-22, hyderabad ,C66202,Amex,Groceries,Male,13284.96,NetBanking, HPCL ,Fuel,Approved
s102758,2026-06-25, vizag ,C29776,MasterCard,Travel,Male,14007.61,NetBanking, DMART ,Travel,Approved
s102759,2026-02-18, kolkata ,C88121,MasterCard,Shopping,Female,2541.45,NetBanking, AMAZON ,E-commerce,Approved
s102760,2026-02-23, vizag ,C69278,Visa,Travel,Male,1765.97,UPI, ZOMATO ,Utilities,Declined
s102761,2026-01-17, kolkata ,C36988,MasterCard,Groceries,Female,17002.66,NetBanking, DMART ,E-commerce,Declined
s102762,2026-04-29, pune ,C44788,Visa,Fuel,Male,18935.23,Credit, DMART ,Food,Declined
s102763,2026-06-25, hyderabad ,C81518,Visa,Utilities,Male,3967.51,Credit, SWIGGY ,Food,Approved
s102764,2026-03-10, mumbai ,C82320,RuPay,Fuel,Male,19618.47,Credit, ZOMATO ,Utilities,Declined
s102765,2026-01-08, mumbai ,C35802,RuPay,Shopping,Female,21010.87,Credit, AMAZON ,Food,Approved
s102766,2026-03-26, pune ,C36686,Visa,Shopping,Female,21902.64,NetBanking, HPCL ,Food,Approved
s102767,2026-05-22, kolkata ,C86680,Amex,Shopping,Male,1581.71,UPI, HPCL ,Food,Approved
s102768,2026-04-14, hyderabad ,C90135,RuPay,Utilities,Male,22273.2,UPI, SWIGGY ,Travel,Approved
s102769,2026-05-01, pune ,C94656,Amex,Shopping,Female,13794.39,UPI, AMAZON ,Utilities,Declined
s102770,2026-06-04, chennai ,C83485,Visa,Travel,Male,11297.08,NetBanking, ZOMATO ,Fuel,Approved
s102771,2026-01-11, mumbai ,C39436,RuPay,Fuel,Male,23917.18,UPI, IOCL ,Food,Approved
s102772,2026-01-09, chennai ,C78091,RuPay,Travel,Male,5294.14,UPI, HPCL ,E-commerce,Approved
s102773,2026-04-18, vizag ,C35354,Visa,Dining,Male,10837.85,Credit, IRCTC ,Utilities,Approved
s102774,2026-01-15, bengaluru ,C13978,RuPay,Travel,Female,8938.79,Credit, IRCTC ,E-commerce,Approved
s102775,2026-02-12, hyderabad ,C75413,MasterCard,Fuel,Male,9454.76,UPI, DMART ,E-commerce,Approved
s102776,2026-03-28, hyderabad ,C27631,Amex,Groceries,Female,16211.76,UPI, RELIANCE ,Food,Approved
s102777,2026-06-04, pune ,C79668,RuPay,Groceries,Female,2898.26,Credit, HPCL ,Retail,Declined
s102778,2026-05-24, pune ,C81390,MasterCard,Travel,Male,7522.78,Credit, RELIANCE ,Fuel,Approved
s102779,2026-05-11, pune ,C68707,Amex,Groceries,Male,9683.7,Credit, DMART ,Food,Approved
s102780,2026-03-05, pune ,C10258,MasterCard,Travel,Female,23573.42,UPI, RELIANCE ,Travel,Declined
s102781,2026-05-12, vizag ,C92242,Visa,Shopping,Male,9857.61,Credit, ZOMATO ,Food,Approved
s102782,2026-05-29, chennai ,C15677,RuPay,Travel,Male,6058.79,NetBanking, RELIANCE ,Fuel,Approved
s102783,2026-06-07, bengaluru ,C33178,Amex,Fuel,Female,23196.83,Credit, DMART ,Utilities,Declined
s102784,2026-06-08, pune ,C94280,Visa,Fuel,Female,13108.18,Credit, DMART ,Food,Approved
s102785,2026-02-12, hyderabad ,C18257,MasterCard,Groceries,Male,18930.58,UPI, SWIGGY ,Food,Approved
s102786,2026-03-02, vizag ,C50820,RuPay,Shopping,Male,19070.23,UPI, AMAZON ,Utilities,Approved
s102787,2026-02-12, pune ,C16053,Visa,Groceries,Female,16554.29,NetBanking, HPCL ,Utilities,Approved
s102788,2026-02-25, vizag ,C45036,MasterCard,Fuel,Female,19711.12,UPI, HPCL ,E-commerce,Declined
s102789,2026-02-03, bengaluru ,C17982,RuPay,Dining,Male,8643.49,NetBanking, RELIANCE ,Food,Approved
s102790,2026-01-29, hyderabad ,C98225,RuPay,Travel,Female,18624.92,UPI, DMART ,Utilities,Declined
s102791,2026-05-27, delhi ,C36161,RuPay,Fuel,Female,1651.49,Credit, IOCL ,Fuel,Approved
s102792,2026-06-04, delhi ,C98809,RuPay,Dining,Female,20257.32,NetBanking, ZOMATO ,Retail,Approved
s102793,2026-03-22, pune ,C77190,Amex,Groceries,Female,9189.29,UPI, ZOMATO ,Retail,Declined
s102794,2026-01-18, bengaluru ,C10419,Amex,Utilities,Male,8177.41,Credit, RELIANCE ,Retail,Approved
s102795,2026-03-16, kolkata ,C62245,MasterCard,Shopping,Female,4073.66,NetBanking, SWIGGY ,Fuel,Approved
s102796,2026-04-01, delhi ,C58596,RuPay,Dining,Male,10844.41,UPI, ZOMATO ,Travel,Approved
s102797,2026-01-13, chennai ,C42720,Visa,Shopping,Female,23547.03,NetBanking, IOCL ,Utilities,Declined
s102798,2026-05-18, chennai ,C81010,Amex,Dining,Male,14362.03,Credit, ZOMATO ,Fuel,Approved
s102799,2026-03-10, hyderabad ,C64905,MasterCard,Fuel,Female,24908.91,Credit, SWIGGY ,E-commerce,Approved
s102800,2026-02-08, mumbai ,C12252,Visa,Utilities,Male,1369.66,Credit, DMART ,Retail,Approved
s102801,2026-04-10, mumbai ,C42383,Amex,Shopping,Female,14840.82,UPI, IOCL ,Fuel,Declined
s102802,2026-05-04, mumbai ,C46153,Visa,Travel,Male,22567.56,Credit, RELIANCE ,Retail,Approved
s102803,2026-06-03, hyderabad ,C43304,MasterCard,Utilities,Female,907.67,UPI, IOCL ,Fuel,Approved
s102804,2026-03-10, mumbai ,C64134,RuPay,Utilities,Female,6505.99,NetBanking, IOCL ,Fuel,Declined
s102805,2026-03-19, chennai ,C94980,Visa,Utilities,Male,448.14,UPI, AMAZON ,Fuel,Approved
s102806,2026-04-03, mumbai ,C92998,Visa,Groceries,Male,10304.85,NetBanking, DMART ,Travel,Approved
s102807,2026-06-11, vizag ,C23441,Visa,Travel,Male,16944.53,UPI, SWIGGY ,Food,Declined
s102808,2026-04-13, mumbai ,C79634,MasterCard,Groceries,Female,1058.28,Credit, SWIGGY ,Utilities,Declined
s102809,2026-06-11, vizag ,C84893,Visa,Utilities,Female,15888.0,NetBanking, IRCTC ,Travel,Approved
s102810,2026-03-27, delhi ,C24366,Amex,Groceries,Male,12832.1,NetBanking, RELIANCE ,Food,Declined
s102811,2026-01-10, hyderabad ,C64181,MasterCard,Fuel,Female,4820.99,NetBanking, AMAZON ,Utilities,Approved
s102812,2026-03-25, hyderabad ,C64602,Amex,Utilities,Female,19210.06,NetBanking, DMART ,Food,Approved
s102813,2026-02-21, mumbai ,C14277,MasterCard,Shopping,Male,12117.3,NetBanking, DMART ,Retail,Approved
s102814,2026-06-26, bengaluru ,C27820,Visa,Dining,Male,15307.87,NetBanking, SWIGGY ,Travel,Declined
s102815,2026-04-29, bengaluru ,C80655,Visa,Groceries,Female,2940.22,Credit, AMAZON ,Food,Approved
s102816,2026-04-10, bengaluru ,C81223,RuPay,Groceries,Female,24915.17,Credit, IOCL ,Food,Approved
s102817,2026-04-30, kolkata ,C87174,Amex,Dining,Male,4709.65,NetBanking, DMART ,Retail,Declined
s102818,2026-01-27, vizag ,C73098,MasterCard,Groceries,Female,13519.93,UPI, HPCL ,Fuel,Approved
s102819,2026-01-16, pune ,C26874,RuPay,Fuel,Female,20382.24,NetBanking, IOCL ,Retail,Approved
s102820,2026-05-09, pune ,C58694,MasterCard,Utilities,Female,10436.24,UPI, HPCL ,Fuel,Declined
s102821,2026-06-06, hyderabad ,C52112,RuPay,Fuel,Male,10642.68,NetBanking, IOCL ,Fuel,Approved
s102822,2026-01-23, pune ,C37181,RuPay,Fuel,Female,3700.02,UPI, RELIANCE ,Food,Declined
s102823,2026-06-19, kolkata ,C84733,Amex,Dining,Female,15424.15,NetBanking, AMAZON ,E-commerce,Declined
s102824,2026-05-23, chennai ,C75954,Visa,Dining,Male,6610.86,Credit, HPCL ,Fuel,Declined
s102825,2026-03-11, hyderabad ,C48016,Amex,Fuel,Male,13835.32,UPI, DMART ,E-commerce,Approved
s102826,2026-01-18, bengaluru ,C19523,RuPay,Travel,Female,18832.27,UPI, AMAZON ,E-commerce,Approved
s102827,2026-01-04, vizag ,C76552,RuPay,Shopping,Male,12649.46,UPI, ZOMATO ,Food,Approved
s102828,2026-06-25, delhi ,C40285,MasterCard,Fuel,Male,23534.52,Credit, RELIANCE ,Retail,Approved
s102829,2026-05-26, mumbai ,C95134,RuPay,Travel,Male,6240.07,UPI, DMART ,Retail,Approved
s102830,2026-05-24, delhi ,C43021,Amex,Groceries,Female,13846.17,Credit, DMART ,Fuel,Declined
s102831,2026-06-16, pune ,C93948,Amex,Groceries,Female,22862.23,UPI, SWIGGY ,Fuel,Declined
s102832,2026-01-13, kolkata ,C66809,Visa,Dining,Female,10311.22,UPI, DMART ,Retail,Declined
s102833,2026-02-23, delhi ,C63070,MasterCard,Travel,Female,7471.54,UPI, ZOMATO ,E-commerce,Declined
s102834,2026-05-06, hyderabad ,C13257,RuPay,Shopping,Male,3784.45,NetBanking, HPCL ,Utilities,Approved
s102835,2026-04-14, hyderabad ,C66902,MasterCard,Utilities,Male,1853.82,NetBanking, RELIANCE ,Utilities,Approved
s102836,2026-01-11, pune ,C91767,MasterCard,Dining,Male,22191.92,NetBanking, IRCTC ,Retail,Declined
s102837,2026-06-09, kolkata ,C83508,MasterCard,Travel,Female,2993.94,UPI, DMART ,Utilities,Approved
s102838,2026-04-09, pune ,C22001,RuPay,Utilities,Male,5496.18,Credit, RELIANCE ,Retail,Declined
s102839,2026-02-09, mumbai ,C59667,RuPay,Shopping,Male,20433.9,NetBanking, IOCL ,E-commerce,Declined
s102840,2026-02-08, hyderabad ,C49663,MasterCard,Travel,Male,9563.27,NetBanking, HPCL ,Utilities,Approved
s102841,2026-02-19, pune ,C21939,RuPay,Shopping,Female,14462.62,Credit, SWIGGY ,Fuel,Declined
s102842,2026-01-20, chennai ,C88020,Visa,Utilities,Female,13390.0,UPI, IOCL ,Food,Approved
s102843,2026-04-03, delhi ,C56862,Visa,Utilities,Female,2723.34,NetBanking, HPCL ,E-commerce,Approved
s102844,2026-01-21, mumbai ,C64179,RuPay,Fuel,Male,4698.35,Credit, IOCL ,Retail,Declined
s102845,2026-04-25, kolkata ,C89042,Visa,Groceries,Female,7809.76,UPI, RELIANCE ,Utilities,Declined
s102846,2026-06-01, pune ,C60056,RuPay,Groceries,Male,17992.85,Credit, ZOMATO ,Retail,Declined
s102847,2026-03-06, bengaluru ,C44210,MasterCard,Fuel,Male,15998.03,NetBanking, SWIGGY ,Retail,Declined
s102848,2026-04-29, mumbai ,C62364,MasterCard,Groceries,Female,22468.04,Credit, ZOMATO ,Retail,Approved
s102849,2026-01-12, delhi ,C94808,MasterCard,Fuel,Male,7348.9,Credit, DMART ,E-commerce,Approved
s102850,2026-02-13, pune ,C89918,Visa,Travel,Female,9364.09,NetBanking, HPCL ,Food,Approved
s102851,2026-04-30, bengaluru ,C38821,RuPay,Shopping,Female,1780.2,NetBanking, SWIGGY ,Food,Approved
s102852,2026-05-02, chennai ,C76661,RuPay,Dining,Male,3683.41,Credit, RELIANCE ,Food,Approved
s102853,2026-03-19, bengaluru ,C89284,Amex,Shopping,Male,20334.69,Credit, IRCTC ,E-commerce,Declined
s102854,2026-04-04, pune ,C96016,Amex,Dining,Male,6124.06,UPI, RELIANCE ,Utilities,Approved
s102855,2026-01-02, chennai ,C26912,Amex,Shopping,Female,2572.67,UPI, HPCL ,Utilities,Approved
s102856,2026-01-09, bengaluru ,C32564,Visa,Shopping,Female,19498.7,UPI, DMART ,Food,Approved
s102857,2026-06-16, delhi ,C81572,MasterCard,Groceries,Male,2386.27,NetBanking, IOCL ,Fuel,Approved
s102858,2026-04-03, delhi ,C14417,RuPay,Groceries,Female,16097.06,UPI, AMAZON ,Utilities,Declined
s102859,2026-01-07, pune ,C61952,RuPay,Groceries,Male,21958.31,Credit, AMAZON ,Fuel,Declined
s102860,2026-01-03, bengaluru ,C53791,Amex,Utilities,Male,12525.59,UPI, AMAZON ,Food,Approved
s102861,2026-06-20, kolkata ,C32312,MasterCard,Shopping,Male,21646.55,Credit, ZOMATO ,E-commerce,Declined
s102862,2026-03-04, kolkata ,C51919,MasterCard,Fuel,Male,4974.98,NetBanking, SWIGGY ,Fuel,Declined
s102863,2026-02-09, hyderabad ,C84932,RuPay,Fuel,Female,7458.11,UPI, RELIANCE ,E-commerce,Declined
s102864,2026-02-17, delhi ,C54176,Amex,Utilities,Female,4749.59,Credit, DMART ,Retail,Approved
s102865,2026-01-23, bengaluru ,C94268,Visa,Shopping,Male,16636.24,Credit, AMAZON ,Food,Declined
s102866,2026-02-24, pune ,C94569,Amex,Groceries,Male,5894.73,Credit, DMART ,Utilities,Declined
s102867,2026-03-27, bengaluru ,C51598,RuPay,Dining,Female,5999.65,Credit, HPCL ,Food,Approved
s102868,2026-01-13, vizag ,C28071,Amex,Dining,Female,18232.18,NetBanking, ZOMATO ,Utilities,Declined
s102869,2026-03-02, chennai ,C48114,Amex,Fuel,Female,16616.93,Credit, ZOMATO ,E-commerce,Approved
s102870,2026-06-27, bengaluru ,C22465,MasterCard,Travel,Male,18024.42,UPI, IRCTC ,Food,Approved
s102871,2026-03-26, bengaluru ,C70102,Visa,Utilities,Male,7063.81,NetBanking, ZOMATO ,Utilities,Declined
s102872,2026-06-16, chennai ,C59193,Amex,Travel,Female,14233.48,Credit, SWIGGY ,Travel,Approved
s102873,2026-02-15, chennai ,C31162,MasterCard,Dining,Male,20717.2,Credit, AMAZON ,Retail,Declined
s102874,2026-02-23, chennai ,C26454,Visa,Travel,Female,13727.89,Credit, AMAZON ,E-commerce,Declined
s102875,2026-04-01, mumbai ,C49315,RuPay,Travel,Female,20353.97,Credit, RELIANCE ,Food,Approved
s102876,2026-05-09, bengaluru ,C74684,MasterCard,Dining,Male,6973.55,Credit, IRCTC ,Travel,Declined
s102877,2026-04-25, chennai ,C99527,Visa,Travel,Female,7242.04,UPI, IOCL ,Retail,Approved
s102878,2026-03-28, pune ,C84877,RuPay,Shopping,Female,14016.1,NetBanking, HPCL ,Travel,Declined
s102879,2026-04-04, pune ,C88035,Amex,Dining,Female,23865.42,Credit, AMAZON ,E-commerce,Declined
s102880,2026-01-24, hyderabad ,C65299,MasterCard,Groceries,Female,19213.91,NetBanking, DMART ,Food,Approved
s102881,2026-01-28, chennai ,C98010,RuPay,Utilities,Female,20911.35,UPI, SWIGGY ,Fuel,Declined
s102882,2026-04-13, kolkata ,C98016,RuPay,Dining,Female,380.21,NetBanking, AMAZON ,Food,Declined
s102883,2026-06-15, chennai ,C46661,RuPay,Fuel,Male,18283.45,NetBanking, IOCL ,E-commerce,Approved
s102884,2026-04-28, mumbai ,C48348,RuPay,Dining,Female,24764.41,UPI, DMART ,Fuel,Declined
s102885,2026-06-26, delhi ,C31736,Amex,Travel,Female,14574.31,UPI, IRCTC ,Food,Approved
s102886,2026-04-05, vizag ,C56061,RuPay,Shopping,Female,2150.26,NetBanking, HPCL ,Travel,Declined
s102887,2026-06-02, bengaluru ,C54696,Visa,Groceries,Male,4007.35,NetBanking, ZOMATO ,E-commerce,Declined
s102888,2026-06-19, vizag ,C59280,Visa,Fuel,Female,17594.42,UPI, AMAZON ,Utilities,Approved
s102889,2026-03-21, hyderabad ,C78710,Amex,Dining,Male,20294.21,UPI, SWIGGY ,Fuel,Approved
s102890,2026-01-16, delhi ,C76118,Amex,Shopping,Male,13175.05,Credit, RELIANCE ,Food,Declined
s102891,2026-05-12, chennai ,C31088,RuPay,Shopping,Male,18363.89,NetBanking, IRCTC ,Travel,Approved
s102892,2026-05-08, delhi ,C88913,Amex,Shopping,Female,11485.95,Credit, RELIANCE ,Fuel,Approved
s102893,2026-04-05, pune ,C20145,RuPay,Dining,Male,20890.03,UPI, IRCTC ,Utilities,Declined
s102894,2026-02-05, pune ,C27778,Visa,Travel,Male,949.96,UPI, AMAZON ,Travel,Approved
s102895,2026-04-17, mumbai ,C74793,RuPay,Shopping,Female,17303.63,Credit, SWIGGY ,Food,Declined
s102896,2026-05-11, pune ,C69957,Amex,Fuel,Female,531.76,UPI, HPCL ,Travel,Declined
s102897,2026-04-03, mumbai ,C91270,MasterCard,Shopping,Male,13368.48,NetBanking, DMART ,Fuel,Declined
s102898,2026-01-11, pune ,C46752,RuPay,Dining,Female,22992.69,NetBanking, DMART ,Utilities,Approved
s102899,2026-04-03, hyderabad ,C57880,MasterCard,Fuel,Female,9696.81,NetBanking, RELIANCE ,Utilities,Approved
s102900,2026-03-23, delhi ,C27795,Amex,Fuel,Male,18799.81,UPI, RELIANCE ,Utilities,Approved
s102901,2026-01-24, vizag ,C39941,RuPay,Shopping,Female,3934.6,UPI, SWIGGY ,Retail,Declined
s102902,2026-05-24, delhi ,C80996,RuPay,Fuel,Female,650.99,Credit, SWIGGY ,Retail,Approved
s102903,2026-02-28, pune ,C51538,Visa,Travel,Female,24763.76,NetBanking, AMAZON ,Travel,Declined
s102904,2026-01-29, hyderabad ,C96583,Amex,Groceries,Male,12791.27,NetBanking, AMAZON ,Retail,Approved
s102905,2026-01-30, bengaluru ,C16716,RuPay,Fuel,Male,23886.07,NetBanking, IOCL ,Utilities,Approved
s102906,2026-03-16, kolkata ,C10032,MasterCard,Utilities,Male,7901.44,NetBanking, RELIANCE ,Utilities,Approved
s102907,2026-02-01, bengaluru ,C90729,RuPay,Travel,Male,9928.57,UPI, RELIANCE ,Fuel,Approved
s102908,2026-05-06, hyderabad ,C26765,Amex,Fuel,Male,9405.86,Credit, HPCL ,Fuel,Declined
s102909,2026-04-14, hyderabad ,C42936,Visa,Groceries,Female,2831.83,NetBanking, IRCTC ,E-commerce,Approved
s102910,2026-01-03, hyderabad ,C77580,RuPay,Shopping,Female,3747.71,UPI, AMAZON ,E-commerce,Approved
s102911,2026-04-04, bengaluru ,C97021,MasterCard,Travel,Female,12369.17,UPI, SWIGGY ,Food,Declined
s102912,2026-06-08, chennai ,C60657,Visa,Fuel,Female,16334.97,NetBanking, DMART ,Food,Declined
s102913,2026-04-10, kolkata ,C61508,MasterCard,Groceries,Female,10815.33,NetBanking, DMART ,Fuel,Approved
s102914,2026-06-02, vizag ,C75986,Amex,Dining,Male,7389.81,NetBanking, SWIGGY ,Fuel,Declined
s102915,2026-01-23, kolkata ,C66393,MasterCard,Dining,Male,8649.77,UPI, SWIGGY ,Utilities,Declined
s102916,2026-03-26, chennai ,C49259,Visa,Travel,Female,19657.23,UPI, IRCTC ,Retail,Approved
s102917,2026-03-09, chennai ,C24978,RuPay,Dining,Male,16437.74,NetBanking, AMAZON ,Retail,Approved
s102918,2026-04-26, hyderabad ,C52734,RuPay,Travel,Female,312.29,UPI, SWIGGY ,E-commerce,Approved
s102919,2026-03-06, mumbai ,C30427,Visa,Utilities,Female,13262.88,NetBanking, RELIANCE ,E-commerce,Declined
s102920,2026-06-06, hyderabad ,C94594,RuPay,Utilities,Male,9683.08,NetBanking, IOCL ,E-commerce,Approved
s102921,2026-04-08, vizag ,C64514,MasterCard,Travel,Female,3395.22,NetBanking, ZOMATO ,Utilities,Approved
s102922,2026-06-05, pune ,C77309,Visa,Groceries,Male,23250.13,Credit, DMART ,Retail,Approved
s102923,2026-05-04, kolkata ,C77195,RuPay,Travel,Female,8123.27,Credit, DMART ,Utilities,Approved
s102924,2026-05-02, vizag ,C82247,Visa,Fuel,Male,12563.09,Credit, ZOMATO ,Fuel,Approved
s102925,2026-06-04, hyderabad ,C42239,Visa,Dining,Female,20061.0,Credit, IOCL ,Food,Approved
s102926,2026-02-12, bengaluru ,C49519,MasterCard,Utilities,Male,19932.52,NetBanking, IRCTC ,Travel,Approved
s102927,2026-01-26, hyderabad ,C70531,Amex,Utilities,Male,8830.12,Credit, RELIANCE ,E-commerce,Approved
s102928,2026-05-30, pune ,C86519,MasterCard,Fuel,Female,17233.45,NetBanking, SWIGGY ,Retail,Approved
s102929,2026-06-08, bengaluru ,C41945,RuPay,Groceries,Female,24572.42,Credit, DMART ,Fuel,Declined
s102930,2026-02-06, vizag ,C45597,MasterCard,Shopping,Male,5839.63,Credit, HPCL ,Travel,Declined
s102931,2026-01-18, mumbai ,C66605,MasterCard,Fuel,Male,9142.18,UPI, ZOMATO ,Utilities,Declined
s102932,2026-03-19, bengaluru ,C70090,Visa,Shopping,Female,22793.86,UPI, IOCL ,Retail,Declined
s102933,2026-02-01, kolkata ,C34107,RuPay,Groceries,Male,22538.45,UPI, AMAZON ,Utilities,Approved
s102934,2026-06-28, mumbai ,C69090,MasterCard,Shopping,Male,24001.54,Credit, SWIGGY ,Travel,Declined
s102935,2026-03-13, bengaluru ,C98156,MasterCard,Shopping,Female,613.24,NetBanking, IRCTC ,Food,Declined
s102936,2026-05-25, hyderabad ,C53954,RuPay,Groceries,Female,19589.42,Credit, HPCL ,Utilities,Approved
s102937,2026-02-03, vizag ,C70692,Amex,Groceries,Male,23446.33,NetBanking, HPCL ,Utilities,Declined
s102938,2026-02-09, vizag ,C76640,MasterCard,Dining,Female,326.58,NetBanking, IRCTC ,E-commerce,Approved
s102939,2026-02-23, pune ,C47139,MasterCard,Dining,Female,3998.73,Credit, IOCL ,Food,Approved
s102940,2026-05-21, mumbai ,C29275,MasterCard,Shopping,Female,5015.17,Credit, DMART ,Travel,Declined
s102941,2026-05-26, pune ,C34387,MasterCard,Groceries,Male,23454.62,UPI, DMART ,E-commerce,Declined
s102942,2026-06-28, bengaluru ,C81358,RuPay,Fuel,Female,24082.18,NetBanking, HPCL ,Retail,Approved
s102943,2026-05-11, bengaluru ,C16497,Visa,Shopping,Female,305.76,NetBanking, ZOMATO ,E-commerce,Approved
s102944,2026-01-13, mumbai ,C79127,Visa,Fuel,Male,3300.66,Credit, IRCTC ,Food,Approved
s102945,2026-05-25, kolkata ,C13812,MasterCard,Groceries,Female,6970.09,UPI, DMART ,Retail,Declined
s102946,2026-05-29, hyderabad ,C69048,MasterCard,Utilities,Male,23138.91,NetBanking, IRCTC ,Utilities,Declined
s102947,2026-03-16, kolkata ,C89376,Amex,Shopping,Male,16003.23,Credit, AMAZON ,Retail,Approved
s102948,2026-01-21, mumbai ,C68020,Visa,Travel,Female,21443.62,Credit, AMAZON ,Food,Approved
s102949,2026-06-04, delhi ,C86844,MasterCard,Groceries,Female,15518.44,NetBanking, RELIANCE ,E-commerce,Approved
s102950,2026-05-05, mumbai ,C97484,Visa,Travel,Female,13287.3,Credit, ZOMATO ,Travel,Approved
s102951,2026-01-28, delhi ,C46435,MasterCard,Fuel,Male,2699.44,Credit, IOCL ,Food,Approved
s102952,2026-03-30, bengaluru ,C27999,Visa,Fuel,Female,7906.06,UPI, IRCTC ,Travel,Declined
s102953,2026-06-24, chennai ,C42257,Amex,Travel,Male,23211.15,UPI, ZOMATO ,Travel,Declined
s102954,2026-06-05, bengaluru ,C26441,MasterCard,Dining,Female,4669.88,NetBanking, DMART ,Travel,Declined
s102955,2026-06-08, kolkata ,C25002,RuPay,Dining,Female,16396.22,NetBanking, ZOMATO ,Travel,Declined
s102956,2026-02-27, mumbai ,C95028,Visa,Fuel,Female,3060.86,Credit, HPCL ,Fuel,Approved
s102957,2026-03-18, chennai ,C59556,MasterCard,Shopping,Male,1744.05,UPI, AMAZON ,Food,Approved
s102958,2026-04-18, chennai ,C37089,MasterCard,Fuel,Female,2883.61,UPI, IOCL ,Food,Declined
s102959,2026-02-23, hyderabad ,C21961,RuPay,Dining,Male,8320.78,UPI, AMAZON ,E-commerce,Declined
s102960,2026-03-04, hyderabad ,C29151,Amex,Utilities,Female,11364.9,NetBanking, DMART ,Utilities,Approved
s102961,2026-03-12, delhi ,C11051,RuPay,Groceries,Male,3299.98,Credit, AMAZON ,E-commerce,Declined
s102962,2026-03-10, bengaluru ,C15094,RuPay,Groceries,Female,15178.23,UPI, HPCL ,Food,Declined
s102963,2026-02-05, kolkata ,C42659,MasterCard,Utilities,Male,24268.47,Credit, RELIANCE ,Travel,Declined
s102964,2026-02-16, bengaluru ,C32710,Amex,Travel,Male,22363.23,NetBanking, SWIGGY ,E-commerce,Declined
s102965,2026-04-05, bengaluru ,C66892,MasterCard,Utilities,Female,11732.41,Credit, DMART ,Food,Approved
s102966,2026-06-22, kolkata ,C87118,MasterCard,Travel,Female,2272.17,UPI, IOCL ,Travel,Declined
s102967,2026-06-10, chennai ,C17382,Amex,Utilities,Female,18220.43,Credit, AMAZON ,Food,Declined
s102968,2026-05-01, hyderabad ,C44844,Amex,Travel,Male,22093.35,NetBanking, HPCL ,E-commerce,Declined
s102969,2026-02-23, hyderabad ,C35251,Amex,Dining,Male,17018.47,UPI, SWIGGY ,Fuel,Approved
s102970,2026-04-15, vizag ,C43099,MasterCard,Fuel,Male,3116.08,NetBanking, RELIANCE ,Food,Approved
s102971,2026-03-31, kolkata ,C69582,MasterCard,Travel,Female,7999.85,Credit, DMART ,Food,Declined
s102972,2026-06-28, bengaluru ,C65719,RuPay,Dining,Female,18462.7,Credit, DMART ,Travel,Declined
s102973,2026-06-26, pune ,C46244,Visa,Travel,Female,15403.03,Credit, SWIGGY ,Retail,Approved
s102974,2026-03-01, delhi ,C28025,MasterCard,Fuel,Female,13215.6,UPI, RELIANCE ,Retail,Approved
s102975,2026-06-22, pune ,C40155,RuPay,Utilities,Male,3831.59,Credit, RELIANCE ,Utilities,Declined
s102976,2026-05-18, vizag ,C86784,Amex,Groceries,Male,8262.75,NetBanking, IOCL ,E-commerce,Approved
s102977,2026-06-03, delhi ,C74782,RuPay,Shopping,Female,15531.67,NetBanking, IRCTC ,Travel,Declined
s102978,2026-03-03, chennai ,C77557,Visa,Fuel,Female,16889.49,NetBanking, SWIGGY ,Travel,Approved
s102979,2026-04-23, vizag ,C87576,Visa,Utilities,Male,12283.59,UPI, SWIGGY ,Fuel,Declined
s102980,2026-05-25, pune ,C17087,RuPay,Groceries,Female,3243.64,Credit, IOCL ,Utilities,Approved
s102981,2026-04-24, kolkata ,C82822,MasterCard,Dining,Male,11187.95,NetBanking, AMAZON ,Food,Declined
s102982,2026-05-26, kolkata ,C42816,Amex,Travel,Male,20322.59,Credit, ZOMATO ,Food,Approved
s102983,2026-03-15, pune ,C59924,Amex,Travel,Female,10612.43,Credit, HPCL ,Utilities,Approved
s102984,2026-01-02, vizag ,C10605,Visa,Travel,Female,10296.52,Credit, ZOMATO ,Utilities,Approved
s102985,2026-02-04, kolkata ,C23347,MasterCard,Travel,Female,2872.66,Credit, ZOMATO ,Retail,Approved
s102986,2026-04-12, delhi ,C13407,Visa,Shopping,Male,18167.79,UPI, AMAZON ,Food,Declined
s102987,2026-05-25, mumbai ,C51656,RuPay,Shopping,Male,17644.24,Credit, RELIANCE ,Utilities,Approved
s102988,2026-02-01, delhi ,C13732,Visa,Travel,Female,19845.65,Credit, IOCL ,Food,Approved
s102989,2026-05-14, mumbai ,C40406,Amex,Fuel,Female,15371.71,NetBanking, IRCTC ,Travel,Declined
s102990,2026-03-02, chennai ,C72292,Amex,Fuel,Male,10201.47,NetBanking, IRCTC ,Retail,Declined
s102991,2026-03-29, chennai ,C51545,Amex,Dining,Female,8757.62,NetBanking, RELIANCE ,Food,Declined
s102992,2026-03-05, vizag ,C88102,Amex,Utilities,Female,18377.75,Credit, ZOMATO ,Travel,Approved
s102993,2026-01-26, vizag ,C21842,Visa,Dining,Female,17805.39,NetBanking, ZOMATO ,Fuel,Approved
s102994,2026-04-07, mumbai ,C50671,RuPay,Utilities,Female,20417.14,Credit, ZOMATO ,Utilities,Approved
s102995,2026-04-29, pune ,C94260,RuPay,Shopping,Male,6960.99,NetBanking, ZOMATO ,Utilities,Approved
s102996,2026-01-17, delhi ,C24765,Visa,Fuel,Male,13854.17,NetBanking, HPCL ,Utilities,Approved
s102997,2026-04-07, hyderabad ,C56017,RuPay,Dining,Male,5089.49,Credit, RELIANCE ,Food,Declined
s102998,2026-04-19, pune ,C99863,Visa,Utilities,Male,19182.24,NetBanking, AMAZON ,Retail,Declined
s102999,2026-05-07, mumbai ,C24261,MasterCard,Utilities,Female,20684.7,NetBanking, HPCL ,E-commerce,Declined
s103000,2026-03-31, bengaluru ,C48614,Amex,Dining,Female,7813.54,Credit, RELIANCE ,Fuel,Declined
s103001,2026-05-05, delhi ,C22510,Amex,Fuel,Female,6054.98,Credit, ZOMATO ,E-commerce,Declined
s103002,2026-05-02, chennai ,C54359,RuPay,Dining,Female,2710.24,NetBanking, RELIANCE ,Travel,Approved
s103003,2026-05-14, chennai ,C82721,Amex,Utilities,Male,11100.32,UPI, AMAZON ,Food,Declined
s103004,2026-05-08, hyderabad ,C79814,Amex,Fuel,Female,24600.93,NetBanking, DMART ,Utilities,Declined
s103005,2026-06-20, hyderabad ,C73179,MasterCard,Fuel,Male,12033.61,UPI, HPCL ,Fuel,Declined
s103006,2026-02-18, chennai ,C11380,RuPay,Fuel,Male,24075.47,NetBanking, SWIGGY ,Utilities,Approved
s103007,2026-04-10, pune ,C88316,Amex,Utilities,Male,20369.67,UPI, ZOMATO ,Travel,Declined
s103008,2026-03-09, chennai ,C32770,MasterCard,Groceries,Female,312.1,NetBanking, SWIGGY ,Retail,Declined
s103009,2026-04-24, chennai ,C86657,Amex,Shopping,Male,4020.28,Credit, ZOMATO ,Retail,Declined
s103010,2026-05-27, kolkata ,C20351,Amex,Utilities,Male,23551.27,NetBanking, ZOMATO ,Travel,Approved
s103011,2026-05-24, chennai ,C66642,RuPay,Shopping,Male,23095.94,NetBanking, SWIGGY ,E-commerce,Approved
s103012,2026-04-05, delhi ,C73406,MasterCard,Travel,Female,5181.08,Credit, IRCTC ,Travel,Declined
s103013,2026-05-18, delhi ,C10558,RuPay,Groceries,Male,12708.19,UPI, IRCTC ,Utilities,Declined
s103014,2026-04-16, kolkata ,C48827,Amex,Utilities,Male,8385.15,NetBanking, HPCL ,E-commerce,Declined
s103015,2026-01-31, mumbai ,C99209,Visa,Dining,Female,12072.64,Credit, HPCL ,E-commerce,Approved
s103016,2026-01-05, hyderabad ,C30271,Amex,Shopping,Female,4073.84,NetBanking, RELIANCE ,Utilities,Declined
s103017,2026-03-21, hyderabad ,C64590,RuPay,Groceries,Female,22588.99,Credit, HPCL ,E-commerce,Declined
s103018,2026-02-01, bengaluru ,C82619,MasterCard,Groceries,Male,23380.46,Credit, HPCL ,Retail,Approved
s103019,2026-04-07, bengaluru ,C36764,MasterCard,Utilities,Male,629.08,Credit, ZOMATO ,Fuel,Declined
s103020,2026-01-02, vizag ,C43121,RuPay,Fuel,Male,5165.94,UPI, HPCL ,E-commerce,Declined
s103021,2026-04-28, vizag ,C36415,Amex,Utilities,Female,2905.0,UPI, AMAZON ,Retail,Approved
s103022,2026-04-10, pune ,C65620,MasterCard,Utilities,Male,15652.1,NetBanking, SWIGGY ,Utilities,Declined
s103023,2026-01-21, hyderabad ,C29471,MasterCard,Groceries,Female,4913.16,UPI, RELIANCE ,E-commerce,Approved
s103024,2026-05-11, mumbai ,C92835,Visa,Shopping,Female,22266.94,NetBanking, HPCL ,Travel,Approved
s103025,2026-01-09, vizag ,C31699,Visa,Travel,Female,19746.64,NetBanking, DMART ,Fuel,Approved
s103026,2026-01-14, delhi ,C19287,MasterCard,Shopping,Male,8322.86,UPI, IRCTC ,Retail,Approved
s103027,2026-03-07, delhi ,C57883,Amex,Utilities,Female,22124.48,Credit, SWIGGY ,Food,Declined
s103028,2026-01-02, delhi ,C20251,Visa,Travel,Male,10536.77,UPI, ZOMATO ,Travel,Approved
s103029,2026-06-06, chennai ,C21251,Visa,Utilities,Male,17012.94,UPI, IOCL ,Travel,Approved
s103030,2026-04-26, hyderabad ,C75465,Visa,Dining,Female,5945.93,NetBanking, IRCTC ,Fuel,Approved
s103031,2026-02-15, chennai ,C79005,MasterCard,Fuel,Male,3538.4,UPI, RELIANCE ,Retail,Declined
s103032,2026-06-25, delhi ,C26004,Amex,Utilities,Male,14199.04,Credit, RELIANCE ,Travel,Declined
s103033,2026-01-24, vizag ,C69386,Visa,Shopping,Female,1162.41,UPI, DMART ,Fuel,Declined
s103034,2026-06-28, vizag ,C39516,MasterCard,Fuel,Male,9938.66,UPI, DMART ,Travel,Declined
s103035,2026-01-10, mumbai ,C69300,RuPay,Travel,Female,11899.87,NetBanking, IOCL ,Utilities,Declined
s103036,2026-04-22, mumbai ,C25544,RuPay,Fuel,Male,16892.74,NetBanking, RELIANCE ,Fuel,Approved
s103037,2026-02-17, chennai ,C39818,RuPay,Utilities,Female,19502.75,NetBanking, AMAZON ,E-commerce,Approved
s103038,2026-04-01, hyderabad ,C66087,Amex,Fuel,Female,20796.62,NetBanking, IOCL ,Retail,Declined
s103039,2026-05-17, pune ,C66409,Visa,Fuel,Male,14511.8,NetBanking, HPCL ,Retail,Declined
s103040,2026-05-17, chennai ,C91183,Visa,Travel,Female,366.06,UPI, HPCL ,Retail,Approved
s103041,2026-04-15, kolkata ,C36017,Visa,Travel,Female,3885.54,UPI, HPCL ,Retail,Approved
s103042,2026-02-22, vizag ,C13183,Visa,Travel,Female,4080.6,NetBanking, SWIGGY ,Travel,Approved
s103043,2026-01-24, kolkata ,C10957,RuPay,Shopping,Female,19029.37,NetBanking, AMAZON ,Fuel,Approved
s103044,2026-02-18, mumbai ,C11098,Amex,Dining,Male,21914.44,NetBanking, RELIANCE ,Fuel,Approved
s103045,2026-05-10, vizag ,C55647,Visa,Travel,Female,5893.11,NetBanking, RELIANCE ,Utilities,Approved
s103046,2026-03-19, pune ,C98623,Visa,Groceries,Female,11536.34,NetBanking, ZOMATO ,Fuel,Approved
s103047,2026-06-04, vizag ,C30295,RuPay,Fuel,Male,13442.28,UPI, IOCL ,Travel,Approved
s103048,2026-04-29, chennai ,C81604,RuPay,Utilities,Female,22623.76,NetBanking, ZOMATO ,Utilities,Declined
s103049,2026-02-28, delhi ,C55399,MasterCard,Travel,Female,4288.93,NetBanking, ZOMATO ,Retail,Approved
s103050,2026-03-17, kolkata ,C26299,Visa,Utilities,Male,1544.34,NetBanking, ZOMATO ,Travel,Declined
s103051,2026-05-26, delhi ,C34215,MasterCard,Utilities,Male,19740.28,Credit, IRCTC ,Retail,Declined
s103052,2026-02-11, kolkata ,C31529,MasterCard,Dining,Female,2963.75,UPI, IOCL ,Travel,Declined
s103053,2026-04-02, kolkata ,C10922,MasterCard,Travel,Female,9612.69,NetBanking, HPCL ,Retail,Declined
s103054,2026-03-08, bengaluru ,C72726,Amex,Utilities,Female,11739.27,Credit, HPCL ,Food,Declined
s103055,2026-05-29, bengaluru ,C32545,Visa,Fuel,Male,3335.25,NetBanking, IOCL ,Food,Approved
s103056,2026-05-04, hyderabad ,C33160,Visa,Dining,Female,785.97,Credit, RELIANCE ,Utilities,Declined
s103057,2026-04-17, vizag ,C24378,Amex,Groceries,Male,5451.84,UPI, HPCL ,E-commerce,Approved
s103058,2026-01-07, chennai ,C92967,Amex,Fuel,Female,2298.07,Credit, RELIANCE ,Food,Approved
s103059,2026-01-24, vizag ,C92249,MasterCard,Dining,Male,12496.84,Credit, HPCL ,Travel,Approved
s103060,2026-01-13, kolkata ,C16300,Visa,Groceries,Male,15613.83,Credit, SWIGGY ,E-commerce,Declined
s103061,2026-06-14, delhi ,C45533,Amex,Shopping,Female,21646.2,NetBanking, RELIANCE ,Travel,Approved
s103062,2026-02-03, mumbai ,C92960,Visa,Dining,Female,20929.11,NetBanking, SWIGGY ,Utilities,Declined
s103063,2026-03-09, bengaluru ,C59127,MasterCard,Fuel,Male,2499.37,UPI, HPCL ,Travel,Declined
s103064,2026-06-23, hyderabad ,C59721,Visa,Dining,Female,12282.59,NetBanking, IRCTC ,Utilities,Declined
s103065,2026-04-19, delhi ,C73977,Visa,Shopping,Male,22665.75,UPI, ZOMATO ,Food,Declined
s103066,2026-04-29, chennai ,C56479,RuPay,Groceries,Female,7967.55,NetBanking, ZOMATO ,Travel,Declined
s103067,2026-01-02, pune ,C86938,MasterCard,Groceries,Male,12991.27,NetBanking, RELIANCE ,Travel,Approved
s103068,2026-04-18, bengaluru ,C39824,Visa,Dining,Male,2660.53,NetBanking, RELIANCE ,Fuel,Approved
s103069,2026-05-15, pune ,C14536,MasterCard,Travel,Male,4900.2,UPI, AMAZON ,Food,Approved
s103070,2026-04-11, vizag ,C21348,RuPay,Fuel,Female,4033.04,UPI, IOCL ,Retail,Approved
s103071,2026-05-06, hyderabad ,C11946,Amex,Shopping,Male,4934.67,Credit, DMART ,E-commerce,Approved
s103072,2026-01-29, chennai ,C94123,Amex,Shopping,Female,1625.95,NetBanking, RELIANCE ,Food,Approved
s103073,2026-03-13, pune ,C88938,Amex,Travel,Male,16833.48,NetBanking, ZOMATO ,Fuel,Approved
s103074,2026-03-10, pune ,C53565,Visa,Groceries,Male,10843.28,Credit, AMAZON ,Food,Approved
s103075,2026-02-23, pune ,C87854,RuPay,Dining,Female,1900.4,NetBanking, RELIANCE ,Utilities,Declined
s103076,2026-02-21, vizag ,C64923,RuPay,Shopping,Male,22296.16,NetBanking, RELIANCE ,Utilities,Declined
s103077,2026-01-24, hyderabad ,C45789,MasterCard,Fuel,Female,2387.53,NetBanking, AMAZON ,E-commerce,Declined
s103078,2026-04-18, mumbai ,C39080,Visa,Shopping,Male,15826.07,UPI, ZOMATO ,Utilities,Declined
s103079,2026-04-08, delhi ,C47718,MasterCard,Utilities,Male,3738.74,NetBanking, IRCTC ,Retail,Approved
s103080,2026-06-20, vizag ,C50526,MasterCard,Groceries,Male,13779.09,Credit, DMART ,Utilities,Approved
s103081,2026-03-21, hyderabad ,C64961,RuPay,Travel,Male,10241.64,Credit, HPCL ,Retail,Approved
s103082,2026-06-19, mumbai ,C66653,Amex,Utilities,Male,18481.55,NetBanking, RELIANCE ,Utilities,Approved
s103083,2026-02-16, delhi ,C87175,Amex,Groceries,Male,9233.07,UPI, HPCL ,E-commerce,Declined
s103084,2026-06-03, bengaluru ,C69438,RuPay,Travel,Female,20394.29,Credit, IRCTC ,E-commerce,Approved
s103085,2026-04-05, bengaluru ,C19072,MasterCard,Fuel,Male,2097.65,NetBanking, ZOMATO ,Fuel,Approved
s103086,2026-01-28, delhi ,C43512,MasterCard,Travel,Male,6350.46,NetBanking, SWIGGY ,E-commerce,Declined
s103087,2026-04-10, bengaluru ,C35331,RuPay,Travel,Female,9482.09,NetBanking, AMAZON ,Food,Approved
s103088,2026-05-11, vizag ,C54083,Amex,Travel,Female,3112.57,NetBanking, DMART ,E-commerce,Approved
s103089,2026-06-05, delhi ,C94940,Visa,Travel,Male,1887.61,UPI, RELIANCE ,Travel,Approved
s103090,2026-06-07, vizag ,C56288,Visa,Groceries,Female,5031.08,NetBanking, DMART ,Food,Declined
s103091,2026-03-31, delhi ,C90824,RuPay,Dining,Male,23876.16,UPI, HPCL ,Food,Declined
s103092,2026-06-20, vizag ,C82489,MasterCard,Groceries,Male,15995.03,NetBanking, IOCL ,Food,Approved
s103093,2026-02-22, vizag ,C29449,Amex,Travel,Female,17127.88,Credit, HPCL ,Retail,Approved
s103094,2026-01-16, delhi ,C51236,Visa,Dining,Female,8976.78,NetBanking, DMART ,Travel,Approved
s103095,2026-05-01, chennai ,C67630,MasterCard,Groceries,Female,1428.99,Credit, SWIGGY ,Retail,Approved
s103096,2026-05-05, chennai ,C21469,MasterCard,Groceries,Female,3508.17,UPI, RELIANCE ,Fuel,Approved
s103097,2026-02-20, delhi ,C43678,MasterCard,Shopping,Male,22685.99,Credit, RELIANCE ,Retail,Approved
s103098,2026-01-08, chennai ,C54340,MasterCard,Utilities,Male,23359.99,UPI, RELIANCE ,Retail,Approved
s103099,2026-03-14, delhi ,C45272,RuPay,Travel,Male,22749.72,Credit, IRCTC ,Utilities,Declined
s103100,2026-03-14, vizag ,C17324,RuPay,Travel,Female,19930.34,NetBanking, AMAZON ,E-commerce,Declined
s103101,2026-04-30, chennai ,C53135,MasterCard,Shopping,Female,7728.01,Credit, AMAZON ,Fuel,Approved
s103102,2026-02-20, mumbai ,C28396,Visa,Travel,Male,22686.38,Credit, RELIANCE ,Retail,Approved
s103103,2026-02-08, hyderabad ,C21066,Amex,Utilities,Male,24594.42,UPI, RELIANCE ,Food,Declined
s103104,2026-03-31, kolkata ,C17116,Visa,Dining,Female,3259.71,Credit, DMART ,Retail,Declined
s103105,2026-05-05, hyderabad ,C50254,Visa,Groceries,Male,12253.31,NetBanking, IRCTC ,E-commerce,Approved
s103106,2026-06-26, mumbai ,C77288,MasterCard,Shopping,Female,22116.1,Credit, IOCL ,Utilities,Approved
s103107,2026-01-21, pune ,C70613,MasterCard,Dining,Male,23723.48,NetBanking, ZOMATO ,Food,Declined
s103108,2026-02-02, kolkata ,C10511,MasterCard,Groceries,Male,20364.08,Credit, IOCL ,Retail,Declined
s103109,2026-05-28, hyderabad ,C60183,Amex,Utilities,Male,3501.82,NetBanking, DMART ,Food,Declined
s103110,2026-01-12, bengaluru ,C12149,RuPay,Groceries,Female,3469.63,Credit, IOCL ,Retail,Approved
s103111,2026-05-28, kolkata ,C56846,MasterCard,Groceries,Male,19851.7,NetBanking, IOCL ,Travel,Declined
s103112,2026-05-02, bengaluru ,C35345,MasterCard,Travel,Male,13035.53,Credit, DMART ,Utilities,Declined
s103113,2026-05-19, kolkata ,C16660,Amex,Groceries,Female,21209.88,UPI, DMART ,Retail,Approved
s103114,2026-05-13, delhi ,C77370,Amex,Shopping,Female,12535.65,UPI, HPCL ,E-commerce,Approved
s103115,2026-01-08, hyderabad ,C99189,MasterCard,Groceries,Male,364.26,UPI, IOCL ,Retail,Declined
s103116,2026-05-04, mumbai ,C21328,Amex,Shopping,Female,10803.84,Credit, ZOMATO ,Fuel,Approved
s103117,2026-04-14, bengaluru ,C56987,MasterCard,Fuel,Male,519.53,Credit, IRCTC ,Food,Declined
s103118,2026-04-30, pune ,C80316,Visa,Utilities,Male,23330.46,Credit, IRCTC ,Food,Declined
s103119,2026-06-02, vizag ,C99742,MasterCard,Fuel,Female,22195.81,NetBanking, IRCTC ,Food,Declined
s103120,2026-05-01, delhi ,C94139,RuPay,Shopping,Female,13074.55,NetBanking, HPCL ,Utilities,Approved
s103121,2026-06-17, chennai ,C57886,Amex,Travel,Female,5828.83,NetBanking, HPCL ,Utilities,Approved
s103122,2026-02-18, delhi ,C23476,RuPay,Groceries,Male,24510.6,NetBanking, DMART ,E-commerce,Declined
s103123,2026-05-09, kolkata ,C34436,Visa,Fuel,Male,12282.94,NetBanking, IOCL ,Travel,Declined
s103124,2026-02-14, hyderabad ,C59433,Amex,Shopping,Female,16525.2,Credit, SWIGGY ,Retail,Approved
s103125,2026-05-12, chennai ,C62048,RuPay,Utilities,Female,14565.26,Credit, AMAZON ,E-commerce,Approved
s103126,2026-02-27, hyderabad ,C23115,MasterCard,Fuel,Male,22409.91,NetBanking, SWIGGY ,Food,Approved
s103127,2026-02-21, hyderabad ,C32241,Amex,Groceries,Female,14701.44,NetBanking, RELIANCE ,Food,Declined
s103128,2026-01-12, mumbai ,C39803,MasterCard,Fuel,Male,3872.94,Credit, AMAZON ,Food,Declined
s103129,2026-01-11, hyderabad ,C51754,Visa,Travel,Female,5197.8,Credit, ZOMATO ,E-commerce,Approved
s103130,2026-01-01, mumbai ,C89740,RuPay,Shopping,Male,18383.1,NetBanking, DMART ,Retail,Approved
s103131,2026-06-17, hyderabad ,C36823,RuPay,Groceries,Male,13615.06,NetBanking, ZOMATO ,Utilities,Approved
s103132,2026-05-22, chennai ,C47954,MasterCard,Groceries,Female,23189.19,UPI, ZOMATO ,E-commerce,Declined
s103133,2026-06-29, delhi ,C63660,RuPay,Travel,Female,10591.57,NetBanking, AMAZON ,Retail,Approved
s103134,2026-04-13, pune ,C46671,RuPay,Groceries,Male,15967.73,UPI, SWIGGY ,Retail,Declined
s103135,2026-04-30, vizag ,C58567,Amex,Travel,Male,3953.56,Credit, IRCTC ,Retail,Declined
s103136,2026-01-15, delhi ,C41514,MasterCard,Fuel,Female,3037.02,Credit, RELIANCE ,E-commerce,Declined
s103137,2026-01-03, delhi ,C37946,Amex,Shopping,Female,19092.18,Credit, SWIGGY ,Retail,Approved
s103138,2026-04-29, chennai ,C42828,Visa,Utilities,Female,7758.21,Credit, HPCL ,Fuel,Approved
s103139,2026-05-04, kolkata ,C89621,Visa,Dining,Male,16454.74,UPI, RELIANCE ,E-commerce,Declined
s103140,2026-03-06, mumbai ,C71407,RuPay,Utilities,Male,16807.52,UPI, HPCL ,Fuel,Declined
s103141,2026-02-03, pune ,C25416,Visa,Utilities,Male,10875.57,NetBanking, HPCL ,Fuel,Declined
s103142,2026-01-20, bengaluru ,C84873,Amex,Dining,Female,16662.41,UPI, ZOMATO ,Retail,Approved
s103143,2026-04-09, chennai ,C97020,Amex,Shopping,Female,1163.82,NetBanking, IOCL ,Fuel,Declined
s103144,2026-03-31, bengaluru ,C54184,RuPay,Fuel,Male,19815.24,Credit, RELIANCE ,Food,Approved
s103145,2026-03-16, vizag ,C53588,MasterCard,Dining,Female,20055.17,NetBanking, AMAZON ,Retail,Declined
s103146,2026-04-15, bengaluru ,C47736,RuPay,Travel,Female,9341.8,Credit, DMART ,Utilities,Declined
s103147,2026-03-29, pune ,C86285,RuPay,Shopping,Male,24682.68,NetBanking, RELIANCE ,E-commerce,Declined
s103148,2026-04-23, hyderabad ,C87640,RuPay,Utilities,Female,7732.69,Credit, ZOMATO ,Food,Declined
s103149,2026-02-17, mumbai ,C10445,RuPay,Travel,Female,16196.49,UPI, IRCTC ,Utilities,Declined
s103150,2026-03-18, delhi ,C86436,MasterCard,Dining,Female,24626.35,UPI, AMAZON ,Utilities,Declined
s103151,2026-04-20, mumbai ,C77306,RuPay,Shopping,Male,10782.47,UPI, DMART ,Utilities,Declined
s103152,2026-04-23, kolkata ,C28906,RuPay,Shopping,Male,10011.49,Credit, IRCTC ,Travel,Approved
s103153,2026-05-15, kolkata ,C28507,Amex,Travel,Female,20153.33,NetBanking, AMAZON ,Fuel,Approved
s103154,2026-04-22, vizag ,C60090,Amex,Fuel,Female,11475.31,Credit, AMAZON ,Retail,Approved
s103155,2026-06-26, bengaluru ,C90958,MasterCard,Shopping,Male,4109.49,Credit, DMART ,Travel,Declined
s103156,2026-01-09, bengaluru ,C66713,MasterCard,Travel,Female,21212.12,UPI, AMAZON ,E-commerce,Approved
s103157,2026-02-28, vizag ,C26763,MasterCard,Travel,Female,4114.04,Credit, SWIGGY ,Retail,Approved
s103158,2026-04-01, kolkata ,C86881,Amex,Utilities,Male,8037.36,NetBanking, AMAZON ,Fuel,Approved
s103159,2026-02-21, hyderabad ,C13806,Amex,Dining,Male,17073.92,UPI, IOCL ,Retail,Declined
s103160,2026-03-28, pune ,C60144,RuPay,Groceries,Male,9838.95,NetBanking, DMART ,Food,Declined
s103161,2026-06-03, vizag ,C10486,Visa,Utilities,Male,23755.79,Credit, AMAZON ,Travel,Declined
s103162,2026-06-03, delhi ,C86104,Visa,Travel,Male,24765.08,NetBanking, SWIGGY ,Fuel,Approved
s103163,2026-04-06, bengaluru ,C34240,Visa,Utilities,Male,23806.31,Credit, ZOMATO ,Fuel,Approved
s103164,2026-06-14, bengaluru ,C46236,Visa,Dining,Female,1025.12,UPI, ZOMATO ,Food,Approved
s103165,2026-01-28, mumbai ,C32753,RuPay,Fuel,Female,9432.48,NetBanking, HPCL ,Travel,Approved
s103166,2026-05-14, kolkata ,C63890,Amex,Dining,Male,16144.63,Credit, RELIANCE ,Retail,Approved
s103167,2026-06-30, kolkata ,C83463,MasterCard,Shopping,Female,13306.26,Credit, HPCL ,E-commerce,Declined
s103168,2026-06-13, delhi ,C74398,MasterCard,Fuel,Female,22580.46,Credit, DMART ,Utilities,Declined
s103169,2026-04-29, pune ,C93979,Visa,Shopping,Female,5829.02,NetBanking, RELIANCE ,Food,Declined
s103170,2026-04-12, delhi ,C34660,Visa,Fuel,Male,7247.05,Credit, IOCL ,Utilities,Approved
s103171,2026-06-17, delhi ,C42181,Amex,Dining,Female,12391.51,UPI, DMART ,E-commerce,Declined
s103172,2026-02-28, pune ,C65547,RuPay,Groceries,Male,1900.2,UPI, SWIGGY ,Retail,Approved
s103173,2026-06-07, kolkata ,C41802,RuPay,Dining,Male,18940.64,NetBanking, HPCL ,Travel,Declined
s103174,2026-01-07, vizag ,C80398,Amex,Groceries,Male,4245.75,Credit, ZOMATO ,Food,Approved
s103175,2026-04-09, chennai ,C97733,RuPay,Shopping,Male,11863.43,UPI, DMART ,Food,Approved
s103176,2026-04-11, bengaluru ,C94342,RuPay,Fuel,Male,21538.76,UPI, DMART ,Fuel,Declined
s103177,2026-04-26, mumbai ,C14938,Visa,Shopping,Female,7384.35,UPI, RELIANCE ,Travel,Approved
s103178,2026-03-18, mumbai ,C96049,Visa,Fuel,Female,9330.55,UPI, SWIGGY ,Travel,Approved
s103179,2026-02-24, delhi ,C87927,RuPay,Dining,Male,23622.52,Credit, DMART ,Retail,Declined
s103180,2026-06-03, kolkata ,C44435,Amex,Shopping,Female,13070.67,Credit, ZOMATO ,Utilities,Approved
s103181,2026-02-09, chennai ,C49490,Amex,Travel,Male,3640.97,UPI, RELIANCE ,Utilities,Approved
s103182,2026-03-22, pune ,C94517,RuPay,Fuel,Male,23845.16,UPI, AMAZON ,Food,Declined
s103183,2026-01-14, hyderabad ,C99037,Visa,Dining,Female,14976.24,UPI, DMART ,Fuel,Approved
s103184,2026-02-08, hyderabad ,C97007,Visa,Fuel,Male,21296.53,NetBanking, RELIANCE ,Fuel,Approved
s103185,2026-06-26, hyderabad ,C55639,RuPay,Utilities,Female,7091.51,NetBanking, AMAZON ,Utilities,Approved
s103186,2026-05-29, vizag ,C11260,Amex,Utilities,Male,23938.74,NetBanking, RELIANCE ,Retail,Approved
s103187,2026-01-04, pune ,C64098,Visa,Utilities,Male,2599.64,NetBanking, HPCL ,Utilities,Declined
s103188,2026-02-12, pune ,C42860,Amex,Utilities,Male,11068.56,NetBanking, IRCTC ,Travel,Declined
s103189,2026-03-11, vizag ,C26736,RuPay,Fuel,Male,17474.51,Credit, RELIANCE ,E-commerce,Declined
s103190,2026-06-10, pune ,C52000,Visa,Shopping,Male,12018.36,Credit, SWIGGY ,Retail,Approved
s103191,2026-04-05, delhi ,C68348,Visa,Dining,Male,22140.76,UPI, DMART ,Travel,Approved
s103192,2026-02-28, kolkata ,C22698,MasterCard,Utilities,Female,20523.88,Credit, IOCL ,E-commerce,Approved
s103193,2026-02-17, vizag ,C94951,MasterCard,Dining,Male,14990.48,Credit, HPCL ,Food,Approved
s103194,2026-02-12, delhi ,C11214,MasterCard,Utilities,Female,5981.43,NetBanking, ZOMATO ,Food,Declined
s103195,2026-06-01, pune ,C54689,MasterCard,Shopping,Male,921.26,UPI, RELIANCE ,Fuel,Approved
s103196,2026-04-19, kolkata ,C73006,Visa,Shopping,Male,3636.24,Credit, HPCL ,Fuel,Approved
s103197,2026-04-01, hyderabad ,C81783,MasterCard,Utilities,Female,918.08,Credit, DMART ,Food,Approved
s103198,2026-03-21, vizag ,C62570,RuPay,Fuel,Male,6302.74,NetBanking, DMART ,Food,Approved
s103199,2026-04-07, hyderabad ,C35219,MasterCard,Dining,Male,21503.76,UPI, SWIGGY ,Retail,Approved
s103200,2026-04-26, delhi ,C84651,RuPay,Dining,Female,23382.57,Credit, HPCL ,Retail,Declined
s103201,2026-05-04, hyderabad ,C68120,MasterCard,Travel,Female,4643.98,UPI, HPCL ,Fuel,Declined
s103202,2026-05-15, kolkata ,C27214,Visa,Travel,Female,877.42,UPI, RELIANCE ,Fuel,Approved
s103203,2026-03-01, kolkata ,C11037,MasterCard,Travel,Male,4835.29,Credit, DMART ,Fuel,Declined
s103204,2026-02-05, vizag ,C72896,Visa,Groceries,Female,6440.8,NetBanking, RELIANCE ,Fuel,Approved
s103205,2026-03-04, bengaluru ,C35024,Visa,Utilities,Female,21910.81,NetBanking, DMART ,Retail,Approved
s103206,2026-01-16, kolkata ,C92569,RuPay,Utilities,Female,21550.27,Credit, ZOMATO ,E-commerce,Declined
s103207,2026-03-18, kolkata ,C48675,Amex,Shopping,Female,15764.13,UPI, DMART ,Utilities,Declined
s103208,2026-04-27, bengaluru ,C49826,MasterCard,Utilities,Female,2364.37,UPI, DMART ,Utilities,Declined
s103209,2026-02-13, delhi ,C10581,RuPay,Groceries,Female,11483.82,Credit, IRCTC ,E-commerce,Approved
s103210,2026-02-28, mumbai ,C59213,Visa,Travel,Male,7314.24,UPI, IOCL ,Travel,Declined
s103211,2026-05-07, bengaluru ,C94800,Visa,Travel,Male,14818.85,NetBanking, HPCL ,Retail,Approved
s103212,2026-02-22, mumbai ,C43651,Visa,Dining,Male,7653.34,UPI, RELIANCE ,Fuel,Approved
s103213,2026-06-11, vizag ,C14409,RuPay,Fuel,Male,19111.45,Credit, HPCL ,Travel,Declined
s103214,2026-06-14, chennai ,C63013,MasterCard,Travel,Female,1447.34,UPI, HPCL ,E-commerce,Approved
s103215,2026-03-05, kolkata ,C42572,MasterCard,Travel,Male,22789.39,NetBanking, SWIGGY ,Utilities,Declined
s103216,2026-04-29, bengaluru ,C58730,Amex,Dining,Male,20752.22,NetBanking, RELIANCE ,Travel,Approved
s103217,2026-03-08, kolkata ,C20436,Amex,Fuel,Female,2016.53,Credit, HPCL ,E-commerce,Declined
s103218,2026-05-06, bengaluru ,C21165,RuPay,Dining,Male,24091.47,Credit, IOCL ,Fuel,Approved
s103219,2026-04-15, kolkata ,C94413,Visa,Groceries,Male,4603.08,Credit, HPCL ,Travel,Declined
s103220,2026-06-13, kolkata ,C77937,MasterCard,Travel,Male,18578.89,Credit, RELIANCE ,Utilities,Approved
s103221,2026-03-14, kolkata ,C25187,Visa,Shopping,Male,9879.97,Credit, IRCTC ,E-commerce,Approved
s103222,2026-04-21, pune ,C78218,MasterCard,Groceries,Male,21474.89,Credit, AMAZON ,Fuel,Declined
s103223,2026-04-09, mumbai ,C49679,Visa,Shopping,Female,23609.19,UPI, ZOMATO ,Fuel,Declined
s103224,2026-01-23, kolkata ,C98896,Visa,Travel,Male,17359.73,NetBanking, RELIANCE ,E-commerce,Approved
s103225,2026-01-07, mumbai ,C92246,Visa,Shopping,Male,17163.08,Credit, IOCL ,Retail,Declined
s103226,2026-03-28, kolkata ,C71782,RuPay,Dining,Female,8888.09,UPI, RELIANCE ,E-commerce,Declined
s103227,2026-05-22, chennai ,C31350,Amex,Utilities,Female,286.75,NetBanking, SWIGGY ,Travel,Declined
s103228,2026-03-24, kolkata ,C68972,Visa,Fuel,Female,19371.18,NetBanking, ZOMATO ,Fuel,Declined
s103229,2026-06-07, bengaluru ,C63139,RuPay,Shopping,Female,14827.11,UPI, SWIGGY ,E-commerce,Declined
s103230,2026-05-15, kolkata ,C12381,RuPay,Groceries,Female,21083.09,Credit, SWIGGY ,Fuel,Declined
s103231,2026-01-04, mumbai ,C15359,MasterCard,Shopping,Male,6581.45,NetBanking, AMAZON ,E-commerce,Approved
s103232,2026-03-23, delhi ,C30480,MasterCard,Fuel,Female,5016.73,Credit, IRCTC ,Utilities,Approved
s103233,2026-05-01, delhi ,C75788,Amex,Travel,Female,4773.54,NetBanking, AMAZON ,E-commerce,Approved
s103234,2026-06-21, vizag ,C95108,RuPay,Shopping,Male,3761.54,NetBanking, ZOMATO ,Food,Approved
s103235,2026-06-28, pune ,C86215,Amex,Utilities,Male,13567.31,Credit, SWIGGY ,Food,Declined
s103236,2026-04-24, delhi ,C64548,RuPay,Shopping,Male,3445.91,Credit, IOCL ,Travel,Declined
s103237,2026-03-07, chennai ,C74724,Visa,Fuel,Female,18508.67,Credit, ZOMATO ,Fuel,Declined
s103238,2026-05-25, hyderabad ,C62591,Amex,Dining,Female,8050.25,UPI, ZOMATO ,Retail,Approved
s103239,2026-03-05, delhi ,C66036,Amex,Utilities,Female,5245.22,UPI, AMAZON ,Utilities,Approved
s103240,2026-01-14, pune ,C37700,Amex,Travel,Female,11802.73,UPI, RELIANCE ,Fuel,Approved
s103241,2026-04-16, vizag ,C60487,Visa,Utilities,Male,19238.79,NetBanking, SWIGGY ,Travel,Approved
s103242,2026-03-21, chennai ,C58219,MasterCard,Utilities,Male,10556.74,Credit, IOCL ,Fuel,Approved
s103243,2026-05-23, vizag ,C72910,RuPay,Dining,Female,5056.4,UPI, SWIGGY ,Travel,Declined
s103244,2026-03-03, delhi ,C32836,RuPay,Groceries,Female,11835.5,UPI, RELIANCE ,E-commerce,Declined
s103245,2026-04-15, pune ,C30189,Amex,Groceries,Female,17894.45,NetBanking, IOCL ,Travel,Declined
s103246,2026-02-09, hyderabad ,C16787,Visa,Dining,Female,14587.68,UPI, IOCL ,Food,Declined
s103247,2026-02-01, pune ,C63668,MasterCard,Fuel,Female,22244.8,UPI, RELIANCE ,Travel,Declined
s103248,2026-06-09, vizag ,C71362,Amex,Dining,Male,19359.36,Credit, RELIANCE ,Food,Approved
s103249,2026-01-25, mumbai ,C70965,MasterCard,Dining,Female,24680.03,Credit, ZOMATO ,Travel,Declined
s103250,2026-05-01, chennai ,C58968,MasterCard,Groceries,Female,23807.36,Credit, RELIANCE ,Utilities,Approved
s103251,2026-01-31, hyderabad ,C62483,RuPay,Groceries,Female,15655.36,UPI, HPCL ,Utilities,Declined
s103252,2026-03-07, vizag ,C96482,Amex,Travel,Male,16692.05,Credit, ZOMATO ,E-commerce,Approved
s103253,2026-01-27, chennai ,C73247,MasterCard,Dining,Male,2738.21,NetBanking, DMART ,Utilities,Declined
s103254,2026-05-03, vizag ,C20866,Visa,Shopping,Female,9923.15,NetBanking, SWIGGY ,Food,Approved
s103255,2026-05-22, hyderabad ,C26732,MasterCard,Shopping,Male,22380.74,NetBanking, DMART ,Utilities,Declined
s103256,2026-05-15, pune ,C98110,MasterCard,Dining,Female,22486.37,NetBanking, AMAZON ,Utilities,Approved
s103257,2026-01-08, hyderabad ,C50740,RuPay,Fuel,Male,14700.24,UPI, DMART ,Utilities,Declined
s103258,2026-04-28, bengaluru ,C60898,Visa,Groceries,Female,23413.19,Credit, DMART ,Fuel,Approved
s103259,2026-01-25, hyderabad ,C68217,MasterCard,Travel,Female,21588.23,UPI, SWIGGY ,Travel,Approved
s103260,2026-02-06, vizag ,C18295,Visa,Travel,Male,16802.51,NetBanking, IRCTC ,Travel,Declined
s103261,2026-06-22, vizag ,C81512,RuPay,Fuel,Female,24926.72,UPI, HPCL ,Fuel,Declined
s103262,2026-06-24, hyderabad ,C76340,Amex,Shopping,Female,11693.33,Credit, ZOMATO ,Utilities,Declined
s103263,2026-04-26, chennai ,C42581,MasterCard,Travel,Female,21533.48,Credit, HPCL ,Fuel,Approved
s103264,2026-05-06, vizag ,C21085,Visa,Utilities,Male,1605.67,UPI, IOCL ,Travel,Approved
s103265,2026-02-01, delhi ,C69343,RuPay,Dining,Male,11497.29,NetBanking, IRCTC ,Fuel,Declined
s103266,2026-05-12, delhi ,C80035,Amex,Shopping,Female,18887.22,NetBanking, RELIANCE ,Travel,Declined
s103267,2026-06-02, vizag ,C21854,Amex,Shopping,Female,19159.79,Credit, IRCTC ,E-commerce,Approved
s103268,2026-05-05, vizag ,C37979,Visa,Travel,Male,19919.5,NetBanking, DMART ,Travel,Approved
s103269,2026-03-13, mumbai ,C63230,Visa,Utilities,Male,14881.15,Credit, ZOMATO ,Utilities,Approved
s103270,2026-06-23, kolkata ,C37762,RuPay,Travel,Male,17009.4,NetBanking, ZOMATO ,Utilities,Approved
s103271,2026-02-19, hyderabad ,C75782,Visa,Utilities,Female,15569.3,Credit, DMART ,Utilities,Declined
s103272,2026-06-05, vizag ,C28790,RuPay,Shopping,Male,7299.05,Credit, IOCL ,Food,Declined
s103273,2026-01-17, kolkata ,C74079,Visa,Groceries,Male,14873.83,NetBanking, DMART ,Retail,Declined
s103274,2026-06-06, kolkata ,C79622,Amex,Shopping,Female,19583.12,UPI, IRCTC ,Food,Approved
s103275,2026-03-21, mumbai ,C66908,Amex,Travel,Male,5147.82,NetBanking, ZOMATO ,Food,Approved
s103276,2026-04-30, bengaluru ,C12079,Amex,Groceries,Male,20584.83,NetBanking, IOCL ,E-commerce,Approved
s103277,2026-06-12, hyderabad ,C79762,RuPay,Groceries,Female,12487.76,NetBanking, ZOMATO ,Retail,Declined
s103278,2026-02-23, hyderabad ,C69652,Amex,Groceries,Male,12892.64,Credit, IOCL ,Utilities,Approved
s103279,2026-03-16, pune ,C94728,Amex,Shopping,Female,12883.04,NetBanking, HPCL ,Travel,Approved
s103280,2026-02-25, pune ,C40509,Visa,Utilities,Male,4805.64,UPI, IOCL ,Utilities,Approved
s103281,2026-05-25, vizag ,C77080,MasterCard,Dining,Male,22452.09,Credit, SWIGGY ,Food,Approved
s103282,2026-01-16, bengaluru ,C16236,MasterCard,Shopping,Male,16228.98,Credit, IRCTC ,E-commerce,Approved
s103283,2026-02-10, vizag ,C89547,Amex,Utilities,Female,20866.12,UPI, RELIANCE ,Food,Declined
s103284,2026-06-20, kolkata ,C60083,MasterCard,Utilities,Female,3835.84,Credit, IRCTC ,Food,Declined
s103285,2026-04-13, mumbai ,C68838,MasterCard,Fuel,Male,1023.44,UPI, IOCL ,Food,Approved
s103286,2026-02-06, mumbai ,C73977,Amex,Shopping,Female,21943.24,Credit, IRCTC ,Fuel,Approved
s103287,2026-04-20, delhi ,C97314,RuPay,Utilities,Female,17568.91,NetBanking, RELIANCE ,Food,Approved
s103288,2026-06-11, pune ,C43881,Visa,Dining,Female,2441.54,NetBanking, HPCL ,Utilities,Approved
s103289,2026-01-07, chennai ,C91034,Amex,Shopping,Male,15516.75,UPI, ZOMATO ,Fuel,Approved
s103290,2026-05-31, delhi ,C71536,MasterCard,Fuel,Female,21309.13,NetBanking, ZOMATO ,Food,Approved
s103291,2026-02-06, pune ,C29366,RuPay,Shopping,Female,16229.46,NetBanking, RELIANCE ,E-commerce,Approved
s103292,2026-06-18, delhi ,C17793,MasterCard,Groceries,Male,6329.32,NetBanking, SWIGGY ,Fuel,Approved
s103293,2026-06-02, vizag ,C40783,Visa,Groceries,Male,2784.11,Credit, ZOMATO ,Food,Approved
s103294,2026-05-31, kolkata ,C41510,RuPay,Shopping,Male,10448.45,UPI, SWIGGY ,Travel,Declined
s103295,2026-05-01, hyderabad ,C20499,Amex,Groceries,Female,12790.79,UPI, IRCTC ,Fuel,Declined
s103296,2026-03-09, pune ,C75246,MasterCard,Dining,Female,3104.41,NetBanking, RELIANCE ,Fuel,Declined
s103297,2026-03-14, hyderabad ,C25166,Visa,Fuel,Male,16475.97,NetBanking, AMAZON ,E-commerce,Approved
s103298,2026-06-22, bengaluru ,C13644,Amex,Shopping,Female,16358.59,Credit, IOCL ,Food,Approved
s103299,2026-02-04, hyderabad ,C53869,Visa,Fuel,Male,4696.17,NetBanking, RELIANCE ,E-commerce,Approved
s103300,2026-06-30, pune ,C27495,RuPay,Travel,Male,18653.05,Credit, RELIANCE ,Fuel,Approved
s103301,2026-02-25, pune ,C27415,MasterCard,Groceries,Male,13606.74,UPI, ZOMATO ,Utilities,Declined
s103302,2026-05-24, kolkata ,C72618,Amex,Utilities,Male,18262.26,Credit, IRCTC ,Travel,Declined
s103303,2026-01-01, hyderabad ,C17182,Visa,Fuel,Female,16649.8,NetBanking, IRCTC ,Travel,Approved
s103304,2026-03-19, bengaluru ,C94427,RuPay,Fuel,Female,10532.74,Credit, IRCTC ,Utilities,Approved
s103305,2026-03-23, vizag ,C16063,Visa,Shopping,Male,10531.87,Credit, RELIANCE ,Fuel,Approved
s103306,2026-04-14, pune ,C22873,RuPay,Groceries,Female,24895.26,Credit, DMART ,Utilities,Approved
s103307,2026-06-28, vizag ,C46180,Visa,Utilities,Male,3707.62,NetBanking, IOCL ,Utilities,Declined
s103308,2026-04-17, delhi ,C27601,RuPay,Shopping,Female,7581.63,UPI, IOCL ,Food,Approved
s103309,2026-05-30, chennai ,C28011,RuPay,Dining,Male,4223.46,NetBanking, IRCTC ,Utilities,Approved
s103310,2026-03-30, hyderabad ,C75459,Amex,Fuel,Male,14704.56,Credit, HPCL ,E-commerce,Declined
s103311,2026-06-20, pune ,C39478,Amex,Dining,Male,3754.05,NetBanking, DMART ,E-commerce,Approved
s103312,2026-02-25, vizag ,C88476,MasterCard,Shopping,Male,6706.61,NetBanking, AMAZON ,Retail,Approved
s103313,2026-06-09, mumbai ,C54041,Amex,Travel,Female,7499.74,UPI, DMART ,Utilities,Approved
s103314,2026-03-16, hyderabad ,C46690,MasterCard,Shopping,Female,4753.7,NetBanking, IRCTC ,Retail,Declined
s103315,2026-06-20, bengaluru ,C20620,RuPay,Shopping,Male,11940.8,Credit, RELIANCE ,Travel,Declined
s103316,2026-02-12, pune ,C83860,MasterCard,Groceries,Female,7149.26,Credit, IRCTC ,Retail,Approved
s103317,2026-01-20, bengaluru ,C90879,RuPay,Dining,Male,1781.12,Credit, HPCL ,Retail,Approved
s103318,2026-05-26, kolkata ,C39188,Visa,Utilities,Male,22654.37,NetBanking, DMART ,Utilities,Approved
s103319,2026-04-28, kolkata ,C30018,MasterCard,Dining,Female,8708.51,UPI, DMART ,Retail,Approved
s103320,2026-06-16, hyderabad ,C19956,Amex,Dining,Female,23373.8,Credit, AMAZON ,Retail,Approved
s103321,2026-02-02, hyderabad ,C67135,Amex,Groceries,Male,18531.9,UPI, IRCTC ,Fuel,Declined
s103322,2026-05-14, delhi ,C77289,MasterCard,Groceries,Female,7499.59,UPI, SWIGGY ,E-commerce,Approved
s103323,2026-04-10, kolkata ,C42532,Visa,Travel,Female,12694.81,Credit, RELIANCE ,Fuel,Approved
s103324,2026-03-01, mumbai ,C18377,Amex,Dining,Female,21633.55,UPI, SWIGGY ,Fuel,Approved
s103325,2026-02-23, pune ,C44064,Amex,Shopping,Male,11883.83,NetBanking, ZOMATO ,Utilities,Declined
s103326,2026-05-02, pune ,C82759,Amex,Utilities,Male,9599.17,NetBanking, IOCL ,Food,Approved
s103327,2026-06-02, kolkata ,C95388,RuPay,Fuel,Female,9332.38,UPI, IRCTC ,Fuel,Declined
s103328,2026-02-14, mumbai ,C35579,RuPay,Fuel,Male,16609.64,Credit, HPCL ,Fuel,Declined
s103329,2026-05-18, hyderabad ,C45863,RuPay,Dining,Female,1419.36,UPI, IOCL ,Utilities,Approved
s103330,2026-02-19, hyderabad ,C30182,RuPay,Travel,Female,12072.0,NetBanking, DMART ,Food,Declined
s103331,2026-04-14, mumbai ,C29708,RuPay,Fuel,Female,16538.14,UPI, SWIGGY ,Food,Approved
s103332,2026-06-16, chennai ,C36715,Amex,Travel,Female,21942.76,Credit, AMAZON ,Travel,Approved
s103333,2026-03-13, delhi ,C93537,Amex,Groceries,Female,18692.48,Credit, IOCL ,Utilities,Declined
s103334,2026-03-11, vizag ,C46102,RuPay,Shopping,Male,14155.07,Credit, SWIGGY ,Fuel,Approved
s103335,2026-01-29, chennai ,C18670,Visa,Shopping,Male,7527.46,UPI, AMAZON ,Food,Approved
s103336,2026-05-24, vizag ,C85874,Amex,Groceries,Female,16508.92,UPI, AMAZON ,Food,Approved
s103337,2026-05-15, chennai ,C50674,Amex,Utilities,Male,16367.67,Credit, HPCL ,Fuel,Approved
s103338,2026-01-06, bengaluru ,C68494,MasterCard,Utilities,Male,17939.59,Credit, AMAZON ,Utilities,Declined
s103339,2026-03-30, mumbai ,C31247,Amex,Dining,Female,11896.04,UPI, ZOMATO ,Utilities,Approved
s103340,2026-02-23, vizag ,C21947,Visa,Utilities,Female,3656.3,NetBanking, HPCL ,Food,Declined
s103341,2026-06-24, pune ,C87313,Visa,Travel,Male,6761.01,NetBanking, HPCL ,Travel,Declined
s103342,2026-03-06, delhi ,C52896,Visa,Fuel,Male,15814.72,UPI, SWIGGY ,Travel,Declined
s103343,2026-03-31, delhi ,C53823,Amex,Groceries,Male,4459.8,Credit, HPCL ,Fuel,Approved
s103344,2026-03-12, hyderabad ,C23584,Amex,Travel,Male,17953.19,NetBanking, HPCL ,E-commerce,Declined
s103345,2026-01-20, vizag ,C11947,MasterCard,Shopping,Female,19262.54,UPI, RELIANCE ,E-commerce,Approved
s103346,2026-05-27, delhi ,C57071,RuPay,Utilities,Female,10919.08,NetBanking, HPCL ,Retail,Declined
s103347,2026-01-23, delhi ,C28681,RuPay,Travel,Male,23225.76,UPI, DMART ,Utilities,Declined
s103348,2026-04-04, vizag ,C31026,MasterCard,Fuel,Female,1766.95,Credit, IOCL ,Fuel,Declined
s103349,2026-03-12, kolkata ,C55649,RuPay,Fuel,Female,18667.68,UPI, RELIANCE ,Retail,Declined
s103350,2026-02-04, mumbai ,C76445,MasterCard,Groceries,Male,8406.79,UPI, SWIGGY ,Food,Declined
s103351,2026-02-20, vizag ,C63361,MasterCard,Shopping,Female,6909.01,NetBanking, RELIANCE ,Utilities,Declined
s103352,2026-06-06, delhi ,C36018,Amex,Groceries,Female,14246.17,Credit, DMART ,Travel,Approved
s103353,2026-05-09, delhi ,C87198,RuPay,Dining,Female,15754.81,NetBanking, RELIANCE ,Food,Approved
s103354,2026-05-20, vizag ,C27140,RuPay,Shopping,Female,4845.4,NetBanking, RELIANCE ,Retail,Approved
s103355,2026-04-15, mumbai ,C39439,Amex,Travel,Male,10214.35,Credit, SWIGGY ,Retail,Approved
s103356,2026-04-11, pune ,C38560,Amex,Dining,Male,7346.42,NetBanking, DMART ,Fuel,Declined
s103357,2026-06-10, bengaluru ,C32267,MasterCard,Shopping,Female,18583.46,UPI, AMAZON ,Retail,Declined
s103358,2026-06-11, mumbai ,C21460,MasterCard,Dining,Female,15453.96,NetBanking, RELIANCE ,Fuel,Approved
s103359,2026-01-23, vizag ,C42920,RuPay,Shopping,Female,9015.46,NetBanking, IOCL ,Food,Approved
s103360,2026-05-27, chennai ,C22724,Visa,Groceries,Male,14366.96,Credit, HPCL ,Retail,Approved
s103361,2026-01-16, bengaluru ,C11771,MasterCard,Shopping,Male,11729.09,NetBanking, RELIANCE ,Retail,Approved
s103362,2026-05-29, delhi ,C44580,Amex,Utilities,Female,8669.4,UPI, ZOMATO ,E-commerce,Declined
s103363,2026-04-14, bengaluru ,C27568,MasterCard,Travel,Female,2806.85,Credit, DMART ,Food,Declined
s103364,2026-02-22, kolkata ,C50154,RuPay,Fuel,Female,12528.53,UPI, DMART ,Travel,Declined
s103365,2026-06-27, bengaluru ,C22836,Amex,Dining,Female,22974.19,NetBanking, IOCL ,Fuel,Approved
s103366,2026-06-09, bengaluru ,C24731,Visa,Shopping,Male,17297.19,NetBanking, HPCL ,Utilities,Approved
s103367,2026-05-26, pune ,C30193,Amex,Groceries,Female,12064.08,Credit, IRCTC ,E-commerce,Declined
s103368,2026-04-02, hyderabad ,C44287,Amex,Travel,Female,3514.51,UPI, IRCTC ,Fuel,Approved
s103369,2026-04-24, mumbai ,C86549,Visa,Utilities,Male,23092.03,Credit, IRCTC ,Food,Declined
s103370,2026-06-23, bengaluru ,C92329,Visa,Dining,Male,13184.74,UPI, ZOMATO ,Travel,Declined
s103371,2026-05-29, delhi ,C46664,Amex,Fuel,Male,11865.84,NetBanking, RELIANCE ,Retail,Declined
s103372,2026-06-05, pune ,C52067,Visa,Fuel,Female,4216.95,NetBanking, SWIGGY ,Utilities,Declined
s103373,2026-04-27, hyderabad ,C31873,Amex,Utilities,Male,17221.19,NetBanking, RELIANCE ,E-commerce,Declined
s103374,2026-04-27, kolkata ,C27009,MasterCard,Shopping,Male,17226.58,Credit, AMAZON ,Retail,Approved
s103375,2026-06-15, hyderabad ,C77139,RuPay,Dining,Male,11146.04,NetBanking, RELIANCE ,Food,Declined
s103376,2026-05-26, mumbai ,C77329,Amex,Utilities,Female,14047.97,NetBanking, RELIANCE ,Fuel,Approved
s103377,2026-05-13, kolkata ,C60258,Amex,Groceries,Female,2892.74,UPI, AMAZON ,Utilities,Approved
s103378,2026-03-21, kolkata ,C42668,RuPay,Shopping,Male,13738.73,Credit, ZOMATO ,Utilities,Declined
s103379,2026-06-01, bengaluru ,C67079,MasterCard,Groceries,Male,16075.87,NetBanking, RELIANCE ,Fuel,Approved
s103380,2026-01-19, kolkata ,C32526,RuPay,Utilities,Male,13338.86,NetBanking, DMART ,E-commerce,Approved
s103381,2026-06-25, mumbai ,C79171,Amex,Travel,Male,5172.28,Credit, IOCL ,Utilities,Declined
s103382,2026-04-14, pune ,C95607,RuPay,Dining,Female,2532.12,UPI, RELIANCE ,Retail,Approved
s103383,2026-03-20, hyderabad ,C11828,Amex,Dining,Female,6126.97,NetBanking, RELIANCE ,Retail,Declined
s103384,2026-05-20, bengaluru ,C67156,Visa,Groceries,Male,5259.39,UPI, HPCL ,Fuel,Declined
s103385,2026-04-01, hyderabad ,C57576,RuPay,Utilities,Female,4248.14,Credit, RELIANCE ,Travel,Declined
s103386,2026-04-29, delhi ,C30966,MasterCard,Fuel,Female,17159.97,UPI, RELIANCE ,Food,Declined
s103387,2026-03-31, bengaluru ,C40422,Visa,Utilities,Male,16901.68,Credit, RELIANCE ,Fuel,Declined
s103388,2026-02-12, bengaluru ,C49170,Visa,Groceries,Male,10974.93,NetBanking, AMAZON ,Fuel,Approved
s103389,2026-03-15, kolkata ,C42379,RuPay,Travel,Male,22093.63,NetBanking, IOCL ,Food,Declined
s103390,2026-03-14, hyderabad ,C73295,Visa,Groceries,Female,23767.13,Credit, ZOMATO ,Food,Approved
s103391,2026-01-31, mumbai ,C31741,Amex,Utilities,Male,21861.95,UPI, IOCL ,Food,Approved
s103392,2026-06-11, pune ,C70396,MasterCard,Groceries,Male,19021.13,NetBanking, IOCL ,Fuel,Declined
s103393,2026-03-14, pune ,C61429,RuPay,Travel,Male,1400.94,Credit, IRCTC ,Retail,Approved
s103394,2026-01-01, pune ,C74174,MasterCard,Dining,Male,23168.03,NetBanking, SWIGGY ,E-commerce,Approved
s103395,2026-01-09, vizag ,C24637,MasterCard,Dining,Female,12457.96,Credit, DMART ,E-commerce,Approved
s103396,2026-04-20, delhi ,C95305,Amex,Fuel,Male,20694.36,NetBanking, RELIANCE ,E-commerce,Approved
s103397,2026-04-24, chennai ,C61298,RuPay,Utilities,Female,8464.43,UPI, RELIANCE ,Fuel,Approved
s103398,2026-06-13, chennai ,C74135,Amex,Dining,Male,5234.82,NetBanking, AMAZON ,Retail,Approved
s103399,2026-05-26, mumbai ,C10041,RuPay,Shopping,Female,18882.76,NetBanking, DMART ,E-commerce,Declined
s103400,2026-01-08, kolkata ,C94649,MasterCard,Fuel,Female,7332.74,UPI, RELIANCE ,E-commerce,Approved
s103401,2026-04-24, bengaluru ,C76882,MasterCard,Groceries,Female,4465.74,UPI, ZOMATO ,Retail,Approved
s103402,2026-05-08, chennai ,C65945,MasterCard,Fuel,Female,16163.81,NetBanking, ZOMATO ,Food,Declined
s103403,2026-06-17, bengaluru ,C86018,MasterCard,Fuel,Male,4622.35,NetBanking, SWIGGY ,Travel,Approved
s103404,2026-04-24, bengaluru ,C95395,RuPay,Travel,Female,22803.28,Credit, IOCL ,E-commerce,Approved
s103405,2026-05-06, mumbai ,C18806,RuPay,Groceries,Male,6412.96,NetBanking, IRCTC ,Utilities,Declined
s103406,2026-02-05, kolkata ,C87286,RuPay,Fuel,Male,22224.58,Credit, AMAZON ,Travel,Declined
s103407,2026-02-24, vizag ,C44348,RuPay,Shopping,Male,6633.1,Credit, HPCL ,Food,Declined
s103408,2026-02-07, mumbai ,C96035,MasterCard,Dining,Male,14111.41,NetBanking, DMART ,Travel,Declined
s103409,2026-02-15, hyderabad ,C11399,Visa,Shopping,Male,3506.54,UPI, IRCTC ,Food,Approved
s103410,2026-01-31, hyderabad ,C53218,Amex,Dining,Male,5353.99,NetBanking, AMAZON ,Food,Declined
s103411,2026-03-26, chennai ,C56900,Amex,Utilities,Female,553.18,NetBanking, ZOMATO ,Retail,Declined
s103412,2026-02-19, pune ,C41979,RuPay,Dining,Female,1596.81,UPI, HPCL ,E-commerce,Declined
s103413,2026-03-04, delhi ,C51187,RuPay,Dining,Female,272.74,UPI, RELIANCE ,Food,Approved
s103414,2026-01-18, hyderabad ,C96501,MasterCard,Dining,Male,13303.75,NetBanking, AMAZON ,Travel,Approved
s103415,2026-06-19, kolkata ,C57775,Amex,Dining,Male,13745.7,UPI, IOCL ,Utilities,Declined
s103416,2026-06-20, hyderabad ,C13190,Visa,Utilities,Male,8191.74,Credit, AMAZON ,Travel,Approved
s103417,2026-02-17, bengaluru ,C56638,Amex,Groceries,Female,816.01,UPI, AMAZON ,Utilities,Approved
s103418,2026-03-15, pune ,C21156,Amex,Fuel,Female,14282.0,UPI, RELIANCE ,Fuel,Approved
s103419,2026-01-20, pune ,C39995,MasterCard,Shopping,Female,376.76,NetBanking, AMAZON ,Travel,Approved
s103420,2026-05-21, chennai ,C34575,Amex,Utilities,Female,5095.97,NetBanking, ZOMATO ,Fuel,Declined
s103421,2026-04-02, kolkata ,C71114,RuPay,Utilities,Female,16000.9,UPI, IRCTC ,Retail,Approved
s103422,2026-03-24, hyderabad ,C39424,MasterCard,Utilities,Female,23889.26,UPI, HPCL ,Fuel,Approved
s103423,2026-05-08, mumbai ,C26490,MasterCard,Dining,Female,11966.6,Credit, SWIGGY ,E-commerce,Declined
s103424,2026-02-23, delhi ,C74843,Amex,Dining,Female,3870.15,UPI, HPCL ,Fuel,Declined
s103425,2026-02-28, kolkata ,C33093,Visa,Fuel,Female,22332.98,Credit, DMART ,E-commerce,Declined
s103426,2026-02-17, mumbai ,C17513,Visa,Shopping,Male,18079.21,NetBanking, HPCL ,Retail,Declined
s103427,2026-01-16, mumbai ,C49729,Amex,Groceries,Male,11380.9,NetBanking, AMAZON ,Retail,Approved
s103428,2026-04-14, vizag ,C41772,Amex,Groceries,Female,14522.97,UPI, DMART ,Utilities,Declined
s103429,2026-05-22, vizag ,C14744,Visa,Fuel,Female,18305.11,UPI, IRCTC ,Fuel,Approved
s103430,2026-02-03, chennai ,C22162,Amex,Travel,Male,3934.73,Credit, IRCTC ,E-commerce,Declined
s103431,2026-03-10, mumbai ,C13667,MasterCard,Travel,Male,2040.98,Credit, DMART ,E-commerce,Approved
s103432,2026-02-01, hyderabad ,C55803,Visa,Groceries,Female,22284.36,NetBanking, DMART ,Retail,Approved
s103433,2026-03-20, delhi ,C64628,Amex,Shopping,Female,20912.64,NetBanking, ZOMATO ,Fuel,Approved
s103434,2026-06-27, kolkata ,C96390,Amex,Travel,Female,22153.87,UPI, RELIANCE ,E-commerce,Approved
s103435,2026-05-21, pune ,C86006,RuPay,Travel,Female,13095.8,Credit, SWIGGY ,Fuel,Declined
s103436,2026-01-17, mumbai ,C33720,RuPay,Fuel,Female,16530.52,NetBanking, DMART ,E-commerce,Declined
s103437,2026-03-25, chennai ,C72564,Amex,Fuel,Male,4424.06,Credit, HPCL ,Travel,Approved
s103438,2026-03-12, bengaluru ,C78903,RuPay,Groceries,Female,5529.97,UPI, AMAZON ,Travel,Approved
s103439,2026-03-16, pune ,C40448,Amex,Shopping,Male,2143.12,UPI, RELIANCE ,Travel,Approved
s103440,2026-03-13, vizag ,C39189,Amex,Groceries,Female,19522.52,UPI, HPCL ,Retail,Approved
s103441,2026-04-22, mumbai ,C82208,RuPay,Travel,Female,1796.06,NetBanking, AMAZON ,Fuel,Approved
s103442,2026-04-10, mumbai ,C92848,RuPay,Groceries,Female,13749.02,NetBanking, HPCL ,Food,Approved
s103443,2026-04-07, chennai ,C54943,Amex,Dining,Male,3390.82,UPI, RELIANCE ,Travel,Approved
s103444,2026-05-21, chennai ,C49353,RuPay,Travel,Male,17900.92,UPI, RELIANCE ,Travel,Approved
s103445,2026-01-10, hyderabad ,C89853,MasterCard,Utilities,Female,15845.93,NetBanking, ZOMATO ,Retail,Approved
s103446,2026-05-08, hyderabad ,C73242,Amex,Fuel,Male,8583.25,UPI, RELIANCE ,Retail,Declined
s103447,2026-05-31, mumbai ,C57402,Amex,Groceries,Female,9014.18,Credit, IOCL ,Travel,Declined
s103448,2026-02-19, delhi ,C90324,Amex,Dining,Male,15356.7,NetBanking, HPCL ,Retail,Approved
s103449,2026-06-11, bengaluru ,C97617,Visa,Groceries,Male,2685.29,Credit, AMAZON ,E-commerce,Approved
s103450,2026-06-22, hyderabad ,C57454,MasterCard,Fuel,Female,4923.06,UPI, RELIANCE ,Utilities,Declined
s103451,2026-03-05, delhi ,C45241,Visa,Travel,Male,4540.21,Credit, HPCL ,Food,Approved
s103452,2026-01-16, vizag ,C47008,RuPay,Dining,Male,21417.29,NetBanking, RELIANCE ,Food,Declined
s103453,2026-06-17, delhi ,C42483,Visa,Fuel,Female,4593.41,NetBanking, IRCTC ,Utilities,Declined
s103454,2026-03-25, bengaluru ,C85891,MasterCard,Utilities,Female,296.3,UPI, ZOMATO ,Fuel,Declined
s103455,2026-06-05, mumbai ,C79065,Amex,Shopping,Female,3863.94,UPI, DMART ,Fuel,Declined
s103456,2026-05-29, vizag ,C19632,Amex,Shopping,Female,17598.29,UPI, SWIGGY ,Utilities,Approved
s103457,2026-01-22, delhi ,C75382,Amex,Groceries,Female,16432.18,NetBanking, SWIGGY ,Fuel,Declined
s103458,2026-06-06, bengaluru ,C63247,Visa,Dining,Male,19310.21,Credit, RELIANCE ,Utilities,Declined
s103459,2026-04-21, mumbai ,C11956,Visa,Fuel,Female,12241.55,NetBanking, AMAZON ,Travel,Declined
s103460,2026-02-07, mumbai ,C20789,Visa,Groceries,Female,16595.51,NetBanking, HPCL ,Travel,Declined
s103461,2026-03-16, kolkata ,C74250,Amex,Dining,Female,23320.27,UPI, RELIANCE ,E-commerce,Declined
s103462,2026-04-07, kolkata ,C47363,RuPay,Fuel,Female,1001.56,Credit, DMART ,Fuel,Approved
s103463,2026-03-20, delhi ,C31348,Visa,Fuel,Male,16841.52,NetBanking, AMAZON ,Utilities,Approved
s103464,2026-04-12, vizag ,C47699,RuPay,Groceries,Female,17507.97,NetBanking, IRCTC ,Travel,Approved
s103465,2026-05-14, pune ,C77188,MasterCard,Travel,Male,10827.96,UPI, IRCTC ,Utilities,Approved
s103466,2026-06-24, mumbai ,C53799,MasterCard,Travel,Female,4679.83,UPI, HPCL ,E-commerce,Approved
s103467,2026-01-18, vizag ,C68799,Visa,Groceries,Female,22259.68,Credit, IRCTC ,Utilities,Declined
s103468,2026-05-29, vizag ,C69147,Visa,Fuel,Male,16574.76,Credit, AMAZON ,Fuel,Declined
s103469,2026-05-27, pune ,C76549,MasterCard,Utilities,Female,1663.98,NetBanking, SWIGGY ,Fuel,Approved
s103470,2026-03-10, pune ,C57928,MasterCard,Travel,Male,18462.68,UPI, AMAZON ,Travel,Approved
s103471,2026-01-25, pune ,C28164,MasterCard,Utilities,Female,2796.74,UPI, HPCL ,Travel,Approved
s103472,2026-03-18, chennai ,C43741,RuPay,Shopping,Male,3794.97,UPI, IRCTC ,Utilities,Declined
s103473,2026-05-17, pune ,C81724,Amex,Utilities,Female,20242.86,Credit, IRCTC ,E-commerce,Approved
s103474,2026-03-10, pune ,C89182,MasterCard,Shopping,Male,17676.36,Credit, HPCL ,Food,Approved
s103475,2026-05-16, mumbai ,C88716,RuPay,Utilities,Female,249.28,Credit, ZOMATO ,E-commerce,Declined
s103476,2026-01-08, delhi ,C21951,RuPay,Travel,Female,23614.4,Credit, AMAZON ,Utilities,Approved
s103477,2026-05-19, kolkata ,C18091,Amex,Travel,Female,2280.68,NetBanking, DMART ,Retail,Approved
s103478,2026-05-16, delhi ,C17556,Amex,Dining,Female,12420.14,NetBanking, AMAZON ,Travel,Approved
s103479,2026-04-25, chennai ,C50015,MasterCard,Groceries,Female,24191.61,Credit, IOCL ,E-commerce,Declined
s103480,2026-02-21, hyderabad ,C32896,RuPay,Shopping,Male,22915.47,NetBanking, IOCL ,Fuel,Approved
s103481,2026-06-22, delhi ,C17397,Amex,Groceries,Male,20702.55,NetBanking, IOCL ,Food,Approved
s103482,2026-01-28, vizag ,C47569,RuPay,Groceries,Female,10156.21,NetBanking, HPCL ,Utilities,Declined
s103483,2026-03-19, delhi ,C37136,MasterCard,Fuel,Male,7904.06,UPI, ZOMATO ,Food,Approved
s103484,2026-05-22, hyderabad ,C12717,Amex,Shopping,Male,17040.8,UPI, RELIANCE ,Retail,Declined
s103485,2026-02-01, delhi ,C91957,Visa,Shopping,Male,18313.39,Credit, ZOMATO ,E-commerce,Declined
s103486,2026-05-18, pune ,C34652,Amex,Groceries,Male,8217.13,Credit, AMAZON ,Food,Declined
s103487,2026-06-24, chennai ,C36368,MasterCard,Dining,Male,6442.92,NetBanking, IOCL ,Food,Declined
s103488,2026-05-01, bengaluru ,C49133,MasterCard,Shopping,Female,7751.52,NetBanking, HPCL ,Fuel,Declined
s103489,2026-06-30, mumbai ,C76376,Visa,Groceries,Female,9452.09,UPI, IOCL ,Utilities,Approved
s103490,2026-06-15, chennai ,C45812,Visa,Groceries,Female,10271.83,Credit, RELIANCE ,Travel,Declined
s103491,2026-05-17, bengaluru ,C66902,Amex,Travel,Male,2110.13,UPI, AMAZON ,Fuel,Approved
s103492,2026-01-30, mumbai ,C13124,MasterCard,Shopping,Female,17275.76,NetBanking, IRCTC ,Retail,Approved
s103493,2026-06-15, hyderabad ,C65869,Amex,Utilities,Male,7756.68,NetBanking, HPCL ,Utilities,Approved
s103494,2026-02-19, bengaluru ,C27406,Amex,Shopping,Male,17200.44,NetBanking, RELIANCE ,E-commerce,Declined
s103495,2026-05-07, pune ,C31731,RuPay,Groceries,Female,21738.33,NetBanking, IOCL ,Retail,Approved
s103496,2026-02-06, chennai ,C19302,Amex,Fuel,Female,24014.84,Credit, HPCL ,Travel,Declined
s103497,2026-05-22, hyderabad ,C44986,Amex,Shopping,Female,1705.07,UPI, SWIGGY ,Retail,Declined
s103498,2026-05-26, vizag ,C16764,RuPay,Utilities,Male,3669.75,NetBanking, IOCL ,Food,Declined
s103499,2026-06-02, hyderabad ,C24404,Amex,Shopping,Female,17303.4,NetBanking, DMART ,Utilities,Declined
s103500,2026-04-30, kolkata ,C28057,MasterCard,Groceries,Male,6577.4,UPI, DMART ,E-commerce,Declined
s103501,2026-02-03, kolkata ,C62017,RuPay,Groceries,Male,745.18,UPI, HPCL ,Retail,Declined
s103502,2026-03-14, delhi ,C72393,RuPay,Travel,Female,12959.31,Credit, ZOMATO ,Travel,Approved
s103503,2026-04-30, vizag ,C26326,RuPay,Utilities,Female,2038.56,NetBanking, HPCL ,Food,Approved
s103504,2026-01-05, bengaluru ,C82935,RuPay,Shopping,Female,9005.2,UPI, AMAZON ,Retail,Declined
s103505,2026-04-14, vizag ,C65622,Visa,Fuel,Female,10471.69,Credit, ZOMATO ,Fuel,Declined
s103506,2026-02-24, delhi ,C33450,MasterCard,Utilities,Male,9047.33,Credit, IOCL ,E-commerce,Approved
s103507,2026-04-24, mumbai ,C25951,RuPay,Groceries,Male,15537.01,Credit, RELIANCE ,E-commerce,Declined
s103508,2026-05-11, bengaluru ,C82547,MasterCard,Dining,Male,3326.43,NetBanking, HPCL ,E-commerce,Approved
s103509,2026-05-07, mumbai ,C83589,Amex,Utilities,Male,6332.12,Credit, AMAZON ,Retail,Declined
s103510,2026-03-03, chennai ,C43691,Visa,Travel,Male,17254.43,UPI, DMART ,E-commerce,Approved
s103511,2026-05-17, hyderabad ,C81079,Visa,Utilities,Male,5881.05,UPI, HPCL ,Utilities,Approved
s103512,2026-03-13, bengaluru ,C68812,RuPay,Groceries,Male,16637.29,UPI, ZOMATO ,Travel,Declined
s103513,2026-01-29, hyderabad ,C23994,Visa,Groceries,Male,18822.01,Credit, IRCTC ,Utilities,Approved
s103514,2026-03-10, hyderabad ,C69031,Visa,Travel,Male,10798.39,UPI, IRCTC ,Retail,Declined
s103515,2026-03-22, mumbai ,C44652,Amex,Travel,Female,17060.89,UPI, ZOMATO ,Fuel,Declined
s103516,2026-05-19, vizag ,C92814,Amex,Groceries,Male,22396.45,NetBanking, IOCL ,Food,Declined
s103517,2026-02-14, vizag ,C96844,RuPay,Utilities,Male,23627.21,UPI, SWIGGY ,E-commerce,Declined
s103518,2026-03-31, mumbai ,C88334,Amex,Dining,Female,9114.52,UPI, RELIANCE ,E-commerce,Approved
s103519,2026-02-06, vizag ,C39873,RuPay,Shopping,Male,1603.52,NetBanking, AMAZON ,Retail,Declined
s103520,2026-05-05, pune ,C63611,Amex,Utilities,Male,23003.2,UPI, HPCL ,E-commerce,Approved
s103521,2026-01-18, delhi ,C73156,RuPay,Travel,Female,21089.22,Credit, SWIGGY ,Utilities,Approved
s103522,2026-02-22, delhi ,C96101,Amex,Shopping,Male,3160.74,UPI, ZOMATO ,Utilities,Declined
s103523,2026-03-25, delhi ,C34680,Visa,Dining,Male,23680.12,UPI, IRCTC ,Food,Declined
s103524,2026-04-19, hyderabad ,C99220,Amex,Shopping,Female,13046.82,NetBanking, HPCL ,Fuel,Approved
s103525,2026-05-13, kolkata ,C41708,Visa,Shopping,Male,8115.22,Credit, AMAZON ,E-commerce,Declined
s103526,2026-03-10, mumbai ,C18310,Amex,Utilities,Female,17308.12,Credit, SWIGGY ,E-commerce,Declined
s103527,2026-05-25, chennai ,C31786,MasterCard,Travel,Male,21511.97,NetBanking, IOCL ,Food,Declined
s103528,2026-01-06, kolkata ,C43124,Visa,Dining,Female,9639.43,UPI, IOCL ,Food,Approved
s103529,2026-05-13, hyderabad ,C10583,MasterCard,Groceries,Male,4905.2,UPI, ZOMATO ,Fuel,Declined
s103530,2026-05-10, hyderabad ,C70439,Amex,Dining,Female,11066.65,UPI, IRCTC ,E-commerce,Approved
s103531,2026-06-22, bengaluru ,C28928,Amex,Shopping,Female,23835.49,Credit, IOCL ,Travel,Approved
s103532,2026-05-31, kolkata ,C26383,Visa,Groceries,Female,8134.06,Credit, SWIGGY ,E-commerce,Declined
s103533,2026-03-10, bengaluru ,C62704,MasterCard,Travel,Female,17778.04,Credit, DMART ,Food,Declined
s103534,2026-06-02, vizag ,C72531,MasterCard,Shopping,Female,19191.44,UPI, AMAZON ,Travel,Approved
s103535,2026-01-20, hyderabad ,C98438,MasterCard,Travel,Male,8980.68,Credit, ZOMATO ,Retail,Declined
s103536,2026-05-09, hyderabad ,C16859,Visa,Shopping,Female,4917.56,NetBanking, AMAZON ,E-commerce,Declined
s103537,2026-03-04, mumbai ,C20139,Amex,Dining,Female,15526.39,UPI, IRCTC ,Travel,Approved
s103538,2026-01-24, hyderabad ,C37461,Visa,Fuel,Female,2469.58,NetBanking, ZOMATO ,Fuel,Declined
s103539,2026-02-21, hyderabad ,C26348,MasterCard,Travel,Female,21807.94,NetBanking, RELIANCE ,Retail,Declined
s103540,2026-05-17, chennai ,C29925,MasterCard,Travel,Female,2187.69,NetBanking, ZOMATO ,Utilities,Approved
s103541,2026-03-23, bengaluru ,C54224,MasterCard,Shopping,Female,7172.96,NetBanking, ZOMATO ,Fuel,Declined
s103542,2026-01-24, bengaluru ,C91585,Amex,Utilities,Male,3240.3,Credit, IOCL ,Fuel,Declined
s103543,2026-01-18, bengaluru ,C81187,MasterCard,Shopping,Female,18094.9,UPI, ZOMATO ,Retail,Declined
s103544,2026-06-23, bengaluru ,C28911,Visa,Travel,Male,7245.65,NetBanking, RELIANCE ,Food,Declined
s103545,2026-04-08, bengaluru ,C90091,Visa,Dining,Female,7506.22,Credit, HPCL ,Retail,Approved
s103546,2026-06-05, hyderabad ,C14373,Visa,Dining,Male,15508.11,NetBanking, DMART ,Utilities,Approved
s103547,2026-06-05, hyderabad ,C43991,Visa,Fuel,Female,22591.68,Credit, IOCL ,Retail,Approved
s103548,2026-01-29, delhi ,C71129,Amex,Dining,Male,587.41,NetBanking, DMART ,Food,Declined
s103549,2026-04-08, bengaluru ,C90847,Visa,Travel,Female,5372.69,Credit, IOCL ,Food,Declined
s103550,2026-04-11, mumbai ,C20171,RuPay,Travel,Male,20458.8,NetBanking, IRCTC ,Utilities,Declined
s103551,2026-02-02, bengaluru ,C89639,Visa,Groceries,Female,1958.83,UPI, ZOMATO ,Travel,Approved
s103552,2026-05-11, delhi ,C43223,Visa,Utilities,Male,10943.16,Credit, IOCL ,Retail,Approved
s103553,2026-05-03, kolkata ,C36862,RuPay,Travel,Female,20532.19,UPI, IRCTC ,Travel,Approved
s103554,2026-03-27, chennai ,C97056,MasterCard,Dining,Female,6618.33,NetBanking, AMAZON ,Food,Declined
s103555,2026-04-12, kolkata ,C16107,Amex,Travel,Female,8938.37,NetBanking, RELIANCE ,Utilities,Declined
s103556,2026-03-10, delhi ,C85519,RuPay,Utilities,Male,11379.59,UPI, SWIGGY ,Retail,Declined
s103557,2026-05-31, mumbai ,C33947,Amex,Groceries,Female,13329.49,NetBanking, HPCL ,Food,Approved
s103558,2026-01-02, hyderabad ,C96206,RuPay,Shopping,Female,20933.91,Credit, HPCL ,E-commerce,Declined
s103559,2026-06-02, hyderabad ,C82523,Amex,Utilities,Male,23974.92,Credit, HPCL ,Retail,Declined
s103560,2026-05-12, hyderabad ,C29938,Visa,Shopping,Male,1275.42,NetBanking, IOCL ,Travel,Declined
s103561,2026-01-06, chennai ,C79105,MasterCard,Dining,Female,12166.4,UPI, AMAZON ,Utilities,Approved
s103562,2026-03-30, hyderabad ,C43554,MasterCard,Shopping,Male,18799.17,NetBanking, DMART ,Utilities,Declined
s103563,2026-05-29, kolkata ,C71569,RuPay,Fuel,Female,7563.37,UPI, IRCTC ,Utilities,Approved
s103564,2026-05-07, vizag ,C33859,Visa,Dining,Male,22891.23,Credit, RELIANCE ,Utilities,Declined
s103565,2026-02-27, hyderabad ,C85825,RuPay,Groceries,Female,11504.07,UPI, IOCL ,Fuel,Approved
s103566,2026-01-07, delhi ,C54493,Visa,Fuel,Female,13445.86,NetBanking, IRCTC ,Food,Declined
s103567,2026-06-03, kolkata ,C15338,Visa,Travel,Female,3576.26,Credit, IOCL ,Utilities,Approved
s103568,2026-06-24, pune ,C55954,Visa,Dining,Female,12796.48,UPI, IRCTC ,Fuel,Declined
s103569,2026-06-17, hyderabad ,C89462,Visa,Shopping,Male,7305.43,NetBanking, IRCTC ,Travel,Approved
s103570,2026-02-13, kolkata ,C56326,MasterCard,Shopping,Female,14349.0,Credit, ZOMATO ,Fuel,Declined
s103571,2026-02-26, hyderabad ,C97697,Amex,Utilities,Female,12243.48,NetBanking, DMART ,E-commerce,Approved
s103572,2026-03-04, hyderabad ,C58685,Amex,Travel,Female,2603.26,Credit, IRCTC ,E-commerce,Declined
s103573,2026-05-30, kolkata ,C30471,Visa,Utilities,Male,14378.16,Credit, DMART ,Food,Declined
s103574,2026-01-22, delhi ,C27315,RuPay,Groceries,Male,15169.01,Credit, RELIANCE ,Fuel,Declined
s103575,2026-01-03, kolkata ,C48408,RuPay,Groceries,Male,13690.37,UPI, RELIANCE ,Travel,Declined
s103576,2026-06-05, delhi ,C24009,Amex,Groceries,Female,23313.72,Credit, RELIANCE ,Fuel,Declined
s103577,2026-02-22, mumbai ,C28201,MasterCard,Fuel,Female,3159.1,Credit, ZOMATO ,Travel,Declined
s103578,2026-05-19, vizag ,C15525,Amex,Travel,Female,12250.76,UPI, AMAZON ,Fuel,Approved
s103579,2026-06-23, kolkata ,C24253,RuPay,Groceries,Female,21088.33,UPI, IRCTC ,E-commerce,Approved
s103580,2026-05-18, chennai ,C40896,MasterCard,Utilities,Male,2824.9,UPI, AMAZON ,Fuel,Approved
s103581,2026-03-17, kolkata ,C94679,Visa,Utilities,Male,7494.44,UPI, IRCTC ,Travel,Declined
s103582,2026-03-30, vizag ,C76030,RuPay,Fuel,Female,8744.32,NetBanking, HPCL ,Travel,Declined
s103583,2026-03-03, pune ,C55151,Amex,Shopping,Female,12516.41,UPI, DMART ,Food,Approved
s103584,2026-03-19, delhi ,C75476,Amex,Shopping,Female,5951.45,Credit, DMART ,Fuel,Declined
s103585,2026-03-30, vizag ,C58334,MasterCard,Fuel,Female,20773.76,Credit, HPCL ,E-commerce,Declined
s103586,2026-03-11, vizag ,C22865,MasterCard,Fuel,Female,24575.81,Credit, IOCL ,Fuel,Approved
s103587,2026-04-16, bengaluru ,C84376,MasterCard,Shopping,Male,22618.37,NetBanking, HPCL ,Utilities,Approved
s103588,2026-01-10, vizag ,C97449,RuPay,Fuel,Female,11088.65,UPI, AMAZON ,Fuel,Declined
s103589,2026-03-20, bengaluru ,C44431,Visa,Dining,Female,22357.78,Credit, DMART ,Utilities,Approved
s103590,2026-06-25, pune ,C88644,RuPay,Shopping,Male,1889.77,NetBanking, ZOMATO ,Food,Approved
s103591,2026-06-02, vizag ,C51908,Visa,Dining,Female,6382.57,UPI, ZOMATO ,Fuel,Declined
s103592,2026-03-07, mumbai ,C90277,Amex,Dining,Male,21560.1,NetBanking, AMAZON ,Fuel,Declined
s103593,2026-03-08, pune ,C50641,MasterCard,Fuel,Female,24485.2,NetBanking, DMART ,Retail,Declined
s103594,2026-01-28, hyderabad ,C46863,Amex,Dining,Male,12826.1,NetBanking, HPCL ,Retail,Approved
s103595,2026-05-14, pune ,C92254,Amex,Groceries,Female,4559.19,NetBanking, RELIANCE ,Travel,Approved
s103596,2026-04-02, bengaluru ,C41628,RuPay,Utilities,Male,2174.49,UPI, HPCL ,E-commerce,Approved
s103597,2026-06-13, kolkata ,C43972,Visa,Groceries,Female,24540.37,UPI, DMART ,Fuel,Declined
s103598,2026-01-05, bengaluru ,C99074,Amex,Travel,Female,17328.47,UPI, IRCTC ,Fuel,Declined
s103599,2026-06-13, kolkata ,C51199,Visa,Dining,Male,23474.64,NetBanking, ZOMATO ,Utilities,Approved
s103600,2026-04-03, chennai ,C99176,Amex,Travel,Female,366.53,UPI, IOCL ,Travel,Declined
s103601,2026-01-24, vizag ,C39478,Amex,Dining,Male,9070.71,UPI, HPCL ,Retail,Approved
s103602,2026-01-01, kolkata ,C10596,Visa,Shopping,Male,535.11,Credit, RELIANCE ,Fuel,Declined
s103603,2026-02-23, pune ,C50984,MasterCard,Groceries,Female,12619.77,NetBanking, HPCL ,E-commerce,Approved
s103604,2026-02-04, bengaluru ,C28445,RuPay,Travel,Female,21226.2,UPI, DMART ,Utilities,Declined
s103605,2026-01-29, kolkata ,C60012,RuPay,Travel,Female,12702.84,NetBanking, AMAZON ,Food,Declined
s103606,2026-01-23, mumbai ,C86517,Visa,Utilities,Female,17210.14,UPI, RELIANCE ,Retail,Declined
s103607,2026-03-09, mumbai ,C43699,Amex,Dining,Male,14834.6,Credit, DMART ,Utilities,Declined
s103608,2026-01-31, mumbai ,C90427,Amex,Fuel,Male,21829.71,NetBanking, RELIANCE ,E-commerce,Declined
s103609,2026-04-20, chennai ,C26959,RuPay,Fuel,Female,9341.69,UPI, IRCTC ,Fuel,Declined
s103610,2026-05-22, hyderabad ,C52801,Amex,Fuel,Male,23858.34,Credit, DMART ,Food,Declined
s103611,2026-04-18, chennai ,C65944,MasterCard,Groceries,Male,19440.94,Credit, IRCTC ,E-commerce,Approved
s103612,2026-03-20, kolkata ,C73334,Amex,Dining,Female,18315.61,Credit, HPCL ,Fuel,Approved
s103613,2026-01-01, delhi ,C94624,MasterCard,Shopping,Female,14080.13,Credit, ZOMATO ,Utilities,Declined
s103614,2026-06-02, bengaluru ,C37546,MasterCard,Groceries,Male,4297.36,NetBanking, ZOMATO ,Travel,Approved
s103615,2026-06-22, chennai ,C86474,Visa,Groceries,Male,8416.6,UPI, DMART ,Travel,Declined
s103616,2026-02-26, hyderabad ,C55127,Visa,Travel,Female,19265.68,NetBanking, RELIANCE ,Food,Declined
s103617,2026-05-13, mumbai ,C48293,Visa,Travel,Female,23655.05,UPI, AMAZON ,Travel,Declined
s103618,2026-06-17, mumbai ,C77385,MasterCard,Utilities,Male,5816.49,UPI, IOCL ,Fuel,Approved
s103619,2026-05-21, kolkata ,C61314,MasterCard,Utilities,Male,8998.73,NetBanking, HPCL ,E-commerce,Declined
s103620,2026-04-24, kolkata ,C69519,RuPay,Dining,Female,4304.78,NetBanking, AMAZON ,Retail,Declined
s103621,2026-04-16, kolkata ,C18082,RuPay,Travel,Female,15344.03,NetBanking, ZOMATO ,Travel,Approved
s103622,2026-01-13, delhi ,C72381,Amex,Groceries,Female,3422.45,UPI, HPCL ,Food,Approved
s103623,2026-06-13, kolkata ,C94597,MasterCard,Shopping,Female,14064.33,NetBanking, DMART ,Fuel,Approved
s103624,2026-05-20, bengaluru ,C10418,Amex,Fuel,Female,15847.04,NetBanking, RELIANCE ,E-commerce,Declined
s103625,2026-04-12, pune ,C77055,Amex,Shopping,Male,4004.55,UPI, IRCTC ,Travel,Declined
s103626,2026-01-28, delhi ,C96292,Visa,Utilities,Male,16506.06,UPI, IRCTC ,E-commerce,Declined
s103627,2026-04-24, kolkata ,C33668,Amex,Fuel,Male,23048.86,Credit, ZOMATO ,Food,Declined
s103628,2026-02-01, vizag ,C12107,Amex,Fuel,Male,6566.49,Credit, IOCL ,Travel,Approved
s103629,2026-03-14, kolkata ,C84101,RuPay,Dining,Female,24718.34,UPI, RELIANCE ,Food,Declined
s103630,2026-04-22, kolkata ,C43366,Visa,Travel,Female,11495.24,NetBanking, DMART ,Fuel,Approved
s103631,2026-04-28, delhi ,C55448,Visa,Dining,Female,23230.56,Credit, DMART ,Fuel,Approved
s103632,2026-03-06, hyderabad ,C11638,RuPay,Dining,Male,16851.61,NetBanking, SWIGGY ,Travel,Declined
s103633,2026-02-26, chennai ,C95575,MasterCard,Fuel,Female,20947.59,NetBanking, SWIGGY ,E-commerce,Declined
s103634,2026-01-23, kolkata ,C63942,Visa,Dining,Female,14280.44,Credit, DMART ,Utilities,Approved
s103635,2026-04-15, delhi ,C36314,Amex,Utilities,Male,24216.58,NetBanking, HPCL ,Food,Declined
s103636,2026-01-14, mumbai ,C89278,MasterCard,Groceries,Female,17339.83,UPI, ZOMATO ,E-commerce,Declined
s103637,2026-02-07, bengaluru ,C43347,RuPay,Travel,Female,13081.03,UPI, IOCL ,Utilities,Declined
s103638,2026-03-31, chennai ,C15151,Amex,Groceries,Male,11274.21,UPI, SWIGGY ,Retail,Approved
s103639,2026-04-25, hyderabad ,C11500,Visa,Fuel,Female,11597.17,UPI, HPCL ,Fuel,Declined
s103640,2026-02-11, bengaluru ,C76334,Visa,Shopping,Male,20655.84,UPI, IRCTC ,Food,Approved
s103641,2026-02-13, hyderabad ,C85171,Amex,Groceries,Female,13890.77,NetBanking, IOCL ,E-commerce,Declined
s103642,2026-03-12, hyderabad ,C88897,Amex,Travel,Female,22006.07,Credit, IOCL ,E-commerce,Declined
s103643,2026-01-25, kolkata ,C76897,Amex,Groceries,Male,7768.83,NetBanking, HPCL ,Fuel,Approved
s103644,2026-06-18, pune ,C79505,Visa,Travel,Male,23996.3,NetBanking, RELIANCE ,Food,Declined
s103645,2026-02-06, pune ,C68424,RuPay,Utilities,Female,14962.62,UPI, RELIANCE ,Retail,Declined
s103646,2026-03-18, hyderabad ,C93136,RuPay,Shopping,Female,5373.04,Credit, ZOMATO ,Food,Approved
s103647,2026-04-30, pune ,C69629,RuPay,Utilities,Male,21359.51,UPI, IOCL ,Retail,Declined
s103648,2026-02-20, bengaluru ,C58355,MasterCard,Fuel,Male,9166.22,NetBanking, AMAZON ,Utilities,Approved
s103649,2026-06-01, chennai ,C53400,Visa,Dining,Male,13424.47,UPI, HPCL ,Utilities,Approved
s103650,2026-06-21, vizag ,C91209,Amex,Dining,Female,1854.12,Credit, AMAZON ,E-commerce,Approved
s103651,2026-05-10, mumbai ,C44701,RuPay,Shopping,Male,1643.09,UPI, IRCTC ,E-commerce,Approved
s103652,2026-05-11, mumbai ,C73569,Visa,Utilities,Male,8531.74,Credit, HPCL ,Food,Declined
s103653,2026-01-17, kolkata ,C57035,MasterCard,Shopping,Female,7821.42,UPI, AMAZON ,Food,Declined
s103654,2026-06-28, vizag ,C71381,Amex,Shopping,Female,24499.24,NetBanking, AMAZON ,Retail,Approved
s103655,2026-02-26, delhi ,C83283,Visa,Shopping,Female,21792.78,Credit, AMAZON ,E-commerce,Declined
s103656,2026-06-28, kolkata ,C88201,MasterCard,Utilities,Female,6766.99,NetBanking, IRCTC ,Retail,Approved
s103657,2026-06-03, mumbai ,C65884,RuPay,Shopping,Female,7963.51,Credit, IOCL ,Food,Approved
s103658,2026-04-15, delhi ,C36123,Amex,Utilities,Female,21189.44,Credit, ZOMATO ,Food,Approved
s103659,2026-05-08, hyderabad ,C35555,Amex,Groceries,Female,3432.61,Credit, HPCL ,Fuel,Approved
s103660,2026-06-04, mumbai ,C98254,Visa,Travel,Female,14033.01,UPI, SWIGGY ,Food,Declined
s103661,2026-06-03, mumbai ,C28442,RuPay,Utilities,Female,4637.94,Credit, SWIGGY ,Travel,Approved
s103662,2026-06-09, chennai ,C56085,MasterCard,Utilities,Male,13245.51,Credit, AMAZON ,Fuel,Approved
s103663,2026-02-09, pune ,C94600,MasterCard,Travel,Male,6306.45,UPI, SWIGGY ,Food,Approved
s103664,2026-02-07, delhi ,C49555,Amex,Dining,Female,15735.67,Credit, IOCL ,Fuel,Declined
s103665,2026-04-16, pune ,C57836,Visa,Travel,Male,13014.34,Credit, AMAZON ,Travel,Declined
s103666,2026-03-04, delhi ,C29670,RuPay,Dining,Female,18831.24,Credit, RELIANCE ,E-commerce,Approved
s103667,2026-06-06, delhi ,C83488,Visa,Travel,Male,19607.78,Credit, DMART ,Utilities,Declined
s103668,2026-03-17, mumbai ,C74297,MasterCard,Utilities,Female,16024.67,UPI, SWIGGY ,Travel,Approved
s103669,2026-05-18, pune ,C34349,Visa,Travel,Female,11473.48,NetBanking, ZOMATO ,Food,Declined
s103670,2026-05-07, kolkata ,C13186,MasterCard,Travel,Female,1355.26,Credit, DMART ,Travel,Approved
s103671,2026-02-15, hyderabad ,C51625,RuPay,Shopping,Male,23613.5,UPI, RELIANCE ,E-commerce,Declined
s103672,2026-05-23, vizag ,C83219,RuPay,Travel,Male,18709.2,NetBanking, AMAZON ,Travel,Declined
s103673,2026-05-23, chennai ,C82974,Amex,Utilities,Male,24786.9,UPI, SWIGGY ,Fuel,Declined
s103674,2026-02-17, kolkata ,C70365,RuPay,Travel,Female,3611.25,NetBanking, IRCTC ,Fuel,Approved
s103675,2026-03-21, vizag ,C34203,Visa,Utilities,Male,11740.79,UPI, ZOMATO ,Utilities,Declined
s103676,2026-02-04, pune ,C76340,MasterCard,Shopping,Female,4395.99,NetBanking, IOCL ,Retail,Approved
s103677,2026-04-25, delhi ,C23480,Visa,Utilities,Male,20792.03,Credit, DMART ,Retail,Declined
s103678,2026-01-30, bengaluru ,C62491,Amex,Groceries,Female,6611.21,NetBanking, HPCL ,Food,Approved
s103679,2026-06-11, chennai ,C15858,MasterCard,Fuel,Female,6792.13,UPI, RELIANCE ,Retail,Approved
s103680,2026-06-14, delhi ,C99490,Amex,Travel,Female,20660.12,UPI, SWIGGY ,E-commerce,Approved
s103681,2026-06-14, vizag ,C95784,Visa,Dining,Male,18609.54,Credit, RELIANCE ,Retail,Declined
s103682,2026-03-28, bengaluru ,C57462,RuPay,Utilities,Female,3826.25,Credit, AMAZON ,Travel,Declined
s103683,2026-06-22, bengaluru ,C42981,MasterCard,Travel,Female,14344.41,Credit, HPCL ,E-commerce,Approved
s103684,2026-05-29, kolkata ,C45692,Visa,Groceries,Female,14706.67,UPI, IOCL ,Fuel,Approved
s103685,2026-06-02, bengaluru ,C26119,Visa,Groceries,Male,14816.39,UPI, RELIANCE ,Food,Declined
s103686,2026-01-30, bengaluru ,C21620,Amex,Utilities,Male,5275.28,UPI, IOCL ,Food,Approved
s103687,2026-03-01, hyderabad ,C84456,Visa,Fuel,Male,21228.79,UPI, DMART ,Fuel,Declined
s103688,2026-01-24, hyderabad ,C40280,Amex,Groceries,Male,5695.53,UPI, HPCL ,Fuel,Approved
s103689,2026-01-28, hyderabad ,C38958,MasterCard,Utilities,Female,19513.12,Credit, HPCL ,E-commerce,Declined
s103690,2026-04-10, hyderabad ,C59800,Amex,Fuel,Female,13355.61,NetBanking, DMART ,Travel,Approved
s103691,2026-02-17, hyderabad ,C23365,Visa,Utilities,Female,17010.89,NetBanking, ZOMATO ,Travel,Approved
s103692,2026-01-20, hyderabad ,C67202,MasterCard,Fuel,Male,12871.58,NetBanking, DMART ,Food,Declined
s103693,2026-01-10, delhi ,C84811,Amex,Groceries,Female,8385.77,NetBanking, AMAZON ,Fuel,Approved
s103694,2026-06-08, hyderabad ,C37115,Visa,Fuel,Female,327.02,NetBanking, AMAZON ,Fuel,Approved
s103695,2026-04-14, kolkata ,C60593,Amex,Travel,Male,21070.76,UPI, IOCL ,Retail,Declined
s103696,2026-03-25, pune ,C54123,MasterCard,Shopping,Male,17080.11,NetBanking, AMAZON ,Travel,Approved
s103697,2026-05-26, pune ,C62064,RuPay,Shopping,Female,2452.06,Credit, HPCL ,Fuel,Declined
s103698,2026-02-11, vizag ,C52480,RuPay,Travel,Male,7134.02,Credit, RELIANCE ,Retail,Declined
s103699,2026-03-31, chennai ,C73596,RuPay,Dining,Female,4372.11,Credit, IOCL ,Utilities,Declined
s103700,2026-05-17, pune ,C56463,RuPay,Dining,Female,243.73,NetBanking, HPCL ,Fuel,Approved
s103701,2026-04-26, kolkata ,C37963,Visa,Groceries,Female,6952.0,NetBanking, RELIANCE ,E-commerce,Declined
s103702,2026-05-27, pune ,C95626,Visa,Dining,Female,21022.02,UPI, IOCL ,Retail,Approved
s103703,2026-05-17, vizag ,C93728,Visa,Utilities,Female,14939.58,NetBanking, RELIANCE ,Retail,Declined
s103704,2026-01-29, kolkata ,C12579,RuPay,Shopping,Female,22659.07,UPI, AMAZON ,Travel,Declined
s103705,2026-05-10, bengaluru ,C49225,Amex,Shopping,Male,3972.17,UPI, DMART ,Travel,Declined
s103706,2026-03-29, mumbai ,C77072,Visa,Shopping,Male,24892.33,UPI, SWIGGY ,Fuel,Approved
s103707,2026-02-03, bengaluru ,C17968,RuPay,Fuel,Male,24133.51,Credit, HPCL ,Fuel,Approved
s103708,2026-05-31, mumbai ,C98945,Amex,Groceries,Female,14038.59,Credit, SWIGGY ,E-commerce,Approved
s103709,2026-03-05, vizag ,C36900,MasterCard,Dining,Male,13937.43,NetBanking, AMAZON ,Fuel,Approved
s103710,2026-05-18, vizag ,C33709,MasterCard,Shopping,Female,10119.07,NetBanking, ZOMATO ,Food,Declined
s103711,2026-04-05, delhi ,C98546,Amex,Utilities,Male,1583.13,NetBanking, IOCL ,Retail,Declined
s103712,2026-06-05, pune ,C77959,Visa,Fuel,Male,16082.77,UPI, DMART ,Food,Declined
s103713,2026-05-22, delhi ,C18195,Amex,Travel,Male,2151.43,NetBanking, IRCTC ,Fuel,Approved
s103714,2026-01-27, vizag ,C42160,MasterCard,Fuel,Female,12784.96,Credit, HPCL ,Food,Declined
s103715,2026-06-27, hyderabad ,C49309,MasterCard,Travel,Male,14246.69,UPI, RELIANCE ,Fuel,Approved
s103716,2026-03-02, hyderabad ,C64684,RuPay,Dining,Female,17474.24,NetBanking, HPCL ,Travel,Approved
s103717,2026-03-21, pune ,C23873,Amex,Groceries,Female,9164.3,UPI, ZOMATO ,Travel,Approved
s103718,2026-03-16, pune ,C86531,MasterCard,Fuel,Male,22562.32,Credit, IRCTC ,Travel,Approved
s103719,2026-01-15, chennai ,C46738,Amex,Groceries,Male,12564.76,Credit, RELIANCE ,Fuel,Approved
s103720,2026-02-16, vizag ,C99384,MasterCard,Travel,Male,16438.0,UPI, DMART ,E-commerce,Declined
s103721,2026-03-02, vizag ,C19659,Amex,Shopping,Female,9092.99,UPI, ZOMATO ,Fuel,Declined
s103722,2026-06-16, chennai ,C82892,RuPay,Dining,Female,4954.02,Credit, DMART ,Food,Declined
s103723,2026-04-25, kolkata ,C18857,Visa,Travel,Male,18061.17,Credit, HPCL ,Travel,Approved
s103724,2026-03-02, hyderabad ,C90977,Visa,Dining,Female,1308.1,Credit, IRCTC ,E-commerce,Declined
s103725,2026-05-26, vizag ,C10792,RuPay,Dining,Male,22378.11,Credit, ZOMATO ,Fuel,Approved
s103726,2026-02-24, kolkata ,C76126,MasterCard,Fuel,Male,16791.13,Credit, IOCL ,Utilities,Approved
s103727,2026-04-16, delhi ,C20933,Amex,Dining,Male,16614.37,Credit, ZOMATO ,Utilities,Declined
s103728,2026-06-22, kolkata ,C41298,Visa,Fuel,Female,19682.41,Credit, DMART ,Fuel,Approved
s103729,2026-01-23, kolkata ,C14920,Amex,Travel,Female,20243.4,UPI, DMART ,Fuel,Declined
s103730,2026-05-22, kolkata ,C38081,RuPay,Shopping,Female,19050.13,UPI, RELIANCE ,Utilities,Declined
s103731,2026-04-26, pune ,C15767,MasterCard,Travel,Female,23067.65,NetBanking, AMAZON ,Utilities,Declined
s103732,2026-02-25, mumbai ,C31292,RuPay,Travel,Female,8751.9,UPI, SWIGGY ,Fuel,Declined
s103733,2026-04-11, vizag ,C15660,RuPay,Groceries,Male,20174.0,Credit, SWIGGY ,Travel,Declined
s103734,2026-06-19, hyderabad ,C32459,MasterCard,Utilities,Female,19359.35,NetBanking, RELIANCE ,Travel,Approved
s103735,2026-02-07, delhi ,C94935,Visa,Shopping,Female,14374.49,UPI, ZOMATO ,Fuel,Approved
s103736,2026-05-15, kolkata ,C83144,Amex,Dining,Male,6432.9,NetBanking, DMART ,Food,Declined
s103737,2026-05-23, hyderabad ,C21621,RuPay,Utilities,Female,2601.61,Credit, DMART ,Fuel,Declined
s103738,2026-06-22, chennai ,C57209,MasterCard,Dining,Female,584.79,Credit, HPCL ,Fuel,Declined
s103739,2026-05-13, chennai ,C19093,Visa,Utilities,Female,9224.61,UPI, RELIANCE ,E-commerce,Declined
s103740,2026-04-11, chennai ,C16741,Amex,Travel,Male,22416.4,UPI, HPCL ,Food,Declined
s103741,2026-03-21, hyderabad ,C16809,Amex,Groceries,Male,5307.8,Credit, RELIANCE ,Travel,Declined
s103742,2026-04-25, chennai ,C79721,MasterCard,Shopping,Female,16373.78,UPI, DMART ,Retail,Approved
s103743,2026-03-28, vizag ,C79608,RuPay,Travel,Male,15992.64,NetBanking, IOCL ,Fuel,Approved
s103744,2026-03-16, vizag ,C54613,Visa,Shopping,Female,3371.87,Credit, IOCL ,Utilities,Approved
s103745,2026-01-19, vizag ,C71852,Amex,Dining,Female,12317.84,UPI, ZOMATO ,Fuel,Approved
s103746,2026-01-09, hyderabad ,C60088,Visa,Utilities,Female,12489.51,NetBanking, SWIGGY ,Travel,Declined
s103747,2026-04-05, bengaluru ,C96909,Amex,Fuel,Male,1622.73,UPI, HPCL ,Retail,Approved
s103748,2026-06-02, bengaluru ,C24002,RuPay,Shopping,Female,5163.36,NetBanking, AMAZON ,E-commerce,Approved
s103749,2026-01-17, mumbai ,C46661,Amex,Travel,Male,24922.16,UPI, SWIGGY ,Fuel,Approved
s103750,2026-03-25, chennai ,C49429,Visa,Travel,Male,14773.12,UPI, AMAZON ,E-commerce,Approved
s103751,2026-03-20, hyderabad ,C69264,RuPay,Travel,Male,2884.61,Credit, HPCL ,Food,Approved
s103752,2026-04-26, kolkata ,C32654,MasterCard,Travel,Male,15918.52,NetBanking, SWIGGY ,Retail,Declined
s103753,2026-06-24, bengaluru ,C50071,RuPay,Groceries,Male,6442.68,Credit, AMAZON ,Travel,Approved
s103754,2026-04-15, mumbai ,C78429,Amex,Utilities,Female,11089.16,NetBanking, ZOMATO ,E-commerce,Declined
s103755,2026-03-28, kolkata ,C24394,RuPay,Fuel,Male,19315.51,UPI, SWIGGY ,E-commerce,Declined
s103756,2026-01-08, hyderabad ,C54159,MasterCard,Groceries,Female,13982.18,NetBanking, HPCL ,Travel,Declined
s103757,2026-06-09, vizag ,C18989,MasterCard,Fuel,Male,10503.5,NetBanking, IRCTC ,Travel,Declined
s103758,2026-04-26, mumbai ,C87071,Amex,Shopping,Male,15749.56,Credit, RELIANCE ,Utilities,Declined
s103759,2026-01-14, mumbai ,C48340,RuPay,Dining,Male,278.53,Credit, DMART ,E-commerce,Approved
s103760,2026-03-25, chennai ,C98179,Amex,Travel,Female,16801.58,NetBanking, HPCL ,Retail,Approved
s103761,2026-03-18, bengaluru ,C68861,MasterCard,Utilities,Male,8900.0,UPI, IOCL ,Travel,Declined
s103762,2026-05-20, delhi ,C60632,Amex,Utilities,Female,3684.63,UPI, DMART ,Retail,Approved
s103763,2026-02-04, delhi ,C16212,Visa,Groceries,Male,9975.53,Credit, HPCL ,Retail,Approved
s103764,2026-05-25, vizag ,C80026,RuPay,Fuel,Male,23606.87,UPI, RELIANCE ,Retail,Approved
s103765,2026-03-31, pune ,C95950,RuPay,Shopping,Male,1134.71,UPI, HPCL ,Utilities,Declined
s103766,2026-01-09, bengaluru ,C89533,MasterCard,Groceries,Female,7670.56,NetBanking, IOCL ,Travel,Approved
s103767,2026-03-25, mumbai ,C30525,Amex,Dining,Male,15847.67,UPI, IOCL ,Utilities,Declined
s103768,2026-01-20, delhi ,C95279,MasterCard,Groceries,Female,19523.69,UPI, ZOMATO ,Travel,Approved
s103769,2026-02-18, bengaluru ,C39058,RuPay,Groceries,Female,9577.48,Credit, IRCTC ,Travel,Declined
s103770,2026-04-02, vizag ,C71082,RuPay,Fuel,Male,15779.01,UPI, ZOMATO ,Utilities,Approved
s103771,2026-01-16, bengaluru ,C24903,Visa,Shopping,Male,14332.56,Credit, ZOMATO ,Retail,Declined
s103772,2026-05-24, mumbai ,C15726,MasterCard,Fuel,Male,10998.84,Credit, AMAZON ,Fuel,Declined
s103773,2026-05-07, hyderabad ,C83471,Amex,Travel,Female,10244.19,UPI, HPCL ,Utilities,Approved
s103774,2026-04-24, chennai ,C82207,MasterCard,Fuel,Male,14371.8,Credit, IOCL ,Retail,Approved
s103775,2026-05-23, kolkata ,C92349,Visa,Dining,Male,3946.61,Credit, HPCL ,Travel,Approved
s103776,2026-06-29, bengaluru ,C72001,MasterCard,Utilities,Female,11095.14,Credit, AMAZON ,Travel,Approved
s103777,2026-06-18, bengaluru ,C97080,MasterCard,Groceries,Female,17695.64,Credit, RELIANCE ,E-commerce,Approved
s103778,2026-06-23, mumbai ,C16250,MasterCard,Groceries,Male,5445.63,UPI, IOCL ,Retail,Approved
s103779,2026-04-15, delhi ,C28585,RuPay,Fuel,Male,18951.85,Credit, HPCL ,Travel,Approved
s103780,2026-04-03, bengaluru ,C46903,RuPay,Dining,Male,13773.66,Credit, IRCTC ,Food,Declined
s103781,2026-01-11, vizag ,C65873,MasterCard,Utilities,Male,17083.08,NetBanking, ZOMATO ,Food,Approved
s103782,2026-03-29, chennai ,C50527,RuPay,Fuel,Female,12500.06,UPI, DMART ,E-commerce,Approved
s103783,2026-02-06, vizag ,C54634,Amex,Shopping,Female,23066.2,UPI, HPCL ,Fuel,Approved
s103784,2026-01-31, kolkata ,C46844,Visa,Groceries,Female,19936.24,NetBanking, IRCTC ,Utilities,Declined
s103785,2026-04-08, pune ,C35206,Amex,Utilities,Female,22773.13,UPI, IRCTC ,E-commerce,Declined
s103786,2026-02-12, vizag ,C26944,Amex,Travel,Female,15908.5,Credit, RELIANCE ,Utilities,Approved
s103787,2026-02-20, bengaluru ,C39345,MasterCard,Shopping,Female,18905.65,UPI, RELIANCE ,Food,Declined
s103788,2026-04-14, chennai ,C30849,MasterCard,Groceries,Female,6818.33,UPI, IRCTC ,Fuel,Declined
s103789,2026-06-18, mumbai ,C97933,MasterCard,Dining,Female,14173.76,NetBanking, HPCL ,Food,Declined
s103790,2026-02-20, mumbai ,C10438,MasterCard,Travel,Male,7919.69,NetBanking, SWIGGY ,Travel,Declined
s103791,2026-04-28, delhi ,C80047,RuPay,Dining,Male,22291.27,UPI, HPCL ,Travel,Declined
s103792,2026-05-27, delhi ,C76892,RuPay,Utilities,Female,7723.4,NetBanking, IRCTC ,Utilities,Approved
s103793,2026-06-02, hyderabad ,C82125,Visa,Travel,Female,1398.5,UPI, SWIGGY ,E-commerce,Approved
s103794,2026-02-25, pune ,C95262,Amex,Utilities,Male,10747.68,UPI, AMAZON ,Fuel,Declined
s103795,2026-06-29, pune ,C51817,Visa,Travel,Female,11428.78,NetBanking, RELIANCE ,Fuel,Approved
s103796,2026-04-07, hyderabad ,C52535,Amex,Fuel,Female,3571.22,UPI, DMART ,Food,Declined
s103797,2026-04-28, bengaluru ,C88137,Amex,Dining,Female,18230.24,NetBanking, IRCTC ,E-commerce,Declined
s103798,2026-05-21, bengaluru ,C30435,RuPay,Dining,Female,22187.99,UPI, AMAZON ,Travel,Approved
s103799,2026-06-26, chennai ,C16068,Amex,Travel,Male,7948.49,Credit, AMAZON ,Retail,Declined
s103800,2026-06-15, bengaluru ,C91545,Visa,Travel,Male,9503.96,UPI, IRCTC ,Fuel,Declined
s103801,2026-03-05, pune ,C66395,Visa,Travel,Male,9503.38,UPI, IOCL ,Utilities,Declined
s103802,2026-04-05, delhi ,C78396,Visa,Shopping,Male,2814.9,NetBanking, DMART ,Food,Approved
s103803,2026-05-02, chennai ,C98245,Visa,Fuel,Female,10568.17,Credit, IOCL ,E-commerce,Declined
s103804,2026-04-30, pune ,C28261,RuPay,Dining,Female,613.75,NetBanking, DMART ,Retail,Declined
s103805,2026-06-18, chennai ,C56423,Amex,Fuel,Male,3499.55,Credit, HPCL ,Travel,Declined
s103806,2026-02-08, hyderabad ,C12989,RuPay,Dining,Female,7641.53,NetBanking, RELIANCE ,Utilities,Declined
s103807,2026-06-20, mumbai ,C15134,RuPay,Fuel,Female,6857.07,Credit, DMART ,Food,Approved
s103808,2026-01-12, hyderabad ,C83357,Amex,Utilities,Female,16970.01,UPI, HPCL ,Fuel,Declined
s103809,2026-01-14, delhi ,C22683,RuPay,Dining,Female,23657.66,NetBanking, SWIGGY ,Retail,Approved
s103810,2026-01-20, pune ,C89564,Amex,Dining,Male,14220.93,UPI, IRCTC ,E-commerce,Declined
s103811,2026-03-05, mumbai ,C68754,Visa,Dining,Male,7125.86,UPI, IOCL ,Food,Declined
s103812,2026-05-18, delhi ,C95227,Visa,Utilities,Male,17783.58,NetBanking, HPCL ,Travel,Approved
s103813,2026-04-23, pune ,C68626,MasterCard,Dining,Male,17849.21,UPI, ZOMATO ,Retail,Approved
s103814,2026-04-08, kolkata ,C55625,Visa,Travel,Male,24430.29,UPI, SWIGGY ,Food,Declined
s103815,2026-01-29, bengaluru ,C68327,Amex,Fuel,Female,3869.14,Credit, RELIANCE ,Travel,Approved
s103816,2026-05-27, bengaluru ,C37773,MasterCard,Fuel,Male,17934.77,Credit, ZOMATO ,Food,Declined
s103817,2026-02-12, chennai ,C63512,MasterCard,Travel,Female,7457.36,Credit, DMART ,Travel,Approved
s103818,2026-02-05, mumbai ,C14904,Visa,Fuel,Female,15032.51,NetBanking, ZOMATO ,E-commerce,Declined
s103819,2026-03-31, hyderabad ,C81735,RuPay,Travel,Male,3586.37,UPI, IOCL ,Food,Approved
s103820,2026-06-26, hyderabad ,C24312,RuPay,Dining,Male,2970.78,Credit, HPCL ,Food,Approved
s103821,2026-06-21, bengaluru ,C50268,MasterCard,Shopping,Male,18129.47,NetBanking, SWIGGY ,Travel,Declined
s103822,2026-02-21, pune ,C80217,RuPay,Groceries,Male,19638.12,Credit, AMAZON ,E-commerce,Declined
s103823,2026-06-03, chennai ,C17195,Amex,Dining,Male,8845.03,UPI, HPCL ,Utilities,Approved
s103824,2026-06-09, vizag ,C59029,MasterCard,Groceries,Male,20036.91,UPI, IOCL ,Travel,Declined
s103825,2026-02-19, chennai ,C87065,RuPay,Dining,Male,3126.85,Credit, SWIGGY ,Travel,Approved
s103826,2026-06-01, kolkata ,C86276,MasterCard,Groceries,Female,12515.84,Credit, IOCL ,Fuel,Declined
s103827,2026-01-13, vizag ,C33814,Amex,Shopping,Male,13693.03,Credit, IRCTC ,Utilities,Approved
s103828,2026-05-17, bengaluru ,C59285,Amex,Utilities,Female,1584.81,NetBanking, IRCTC ,Utilities,Declined
s103829,2026-03-30, pune ,C83411,Visa,Utilities,Male,21077.95,UPI, IOCL ,Utilities,Declined
s103830,2026-06-14, pune ,C29340,MasterCard,Shopping,Female,23396.55,Credit, IRCTC ,Fuel,Declined
s103831,2026-05-24, kolkata ,C18078,Visa,Fuel,Male,22472.47,UPI, IOCL ,Utilities,Approved
s103832,2026-06-08, vizag ,C65513,Amex,Fuel,Female,10902.29,NetBanking, IOCL ,Utilities,Approved
s103833,2026-02-03, vizag ,C70630,RuPay,Travel,Male,21718.49,UPI, ZOMATO ,E-commerce,Approved
s103834,2026-03-09, delhi ,C10371,MasterCard,Dining,Male,13887.2,NetBanking, ZOMATO ,Travel,Declined
s103835,2026-03-21, delhi ,C73250,MasterCard,Shopping,Female,258.85,Credit, IOCL ,Fuel,Approved
s103836,2026-02-06, bengaluru ,C23144,RuPay,Shopping,Female,5549.24,Credit, RELIANCE ,Fuel,Declined
s103837,2026-04-23, kolkata ,C55455,Visa,Shopping,Female,16539.92,Credit, ZOMATO ,Food,Approved
s103838,2026-01-16, hyderabad ,C16469,Visa,Fuel,Male,17294.94,Credit, AMAZON ,Food,Declined
s103839,2026-01-29, chennai ,C66822,Visa,Fuel,Male,1424.1,Credit, RELIANCE ,Fuel,Approved
s103840,2026-04-25, chennai ,C87900,RuPay,Utilities,Female,18842.51,UPI, IOCL ,Retail,Approved
s103841,2026-04-14, kolkata ,C47291,Visa,Dining,Female,6135.27,NetBanking, IOCL ,Retail,Approved
s103842,2026-05-11, kolkata ,C39820,RuPay,Travel,Female,7923.14,UPI, HPCL ,E-commerce,Declined
s103843,2026-01-09, vizag ,C75563,Visa,Travel,Female,214.71,Credit, RELIANCE ,Fuel,Declined
s103844,2026-05-26, hyderabad ,C24330,Visa,Dining,Female,3678.22,UPI, HPCL ,Retail,Approved
s103845,2026-03-12, pune ,C98138,Visa,Utilities,Male,18565.27,Credit, ZOMATO ,Retail,Approved
s103846,2026-04-04, chennai ,C99191,RuPay,Groceries,Male,3784.61,NetBanking, DMART ,Retail,Declined
s103847,2026-03-21, mumbai ,C87891,Visa,Shopping,Male,23707.36,NetBanking, DMART ,E-commerce,Approved
s103848,2026-05-12, delhi ,C17089,Visa,Utilities,Female,3593.05,Credit, SWIGGY ,Utilities,Declined
s103849,2026-04-11, vizag ,C73802,RuPay,Groceries,Female,13789.47,NetBanking, AMAZON ,Fuel,Approved
s103850,2026-04-14, bengaluru ,C51638,RuPay,Groceries,Male,13613.71,NetBanking, DMART ,Fuel,Declined
s103851,2026-06-05, hyderabad ,C46677,Visa,Shopping,Male,12144.96,Credit, AMAZON ,E-commerce,Declined
s103852,2026-06-04, bengaluru ,C85296,Amex,Dining,Male,19510.0,UPI, SWIGGY ,Retail,Declined
s103853,2026-05-02, chennai ,C21334,Amex,Utilities,Male,13943.18,NetBanking, DMART ,Travel,Declined
s103854,2026-04-04, hyderabad ,C56275,Amex,Utilities,Female,16069.54,NetBanking, RELIANCE ,E-commerce,Approved
s103855,2026-03-13, delhi ,C65250,RuPay,Groceries,Female,14557.81,UPI, RELIANCE ,Utilities,Declined
s103856,2026-02-12, chennai ,C47513,MasterCard,Utilities,Male,19656.0,NetBanking, AMAZON ,Travel,Approved
s103857,2026-06-19, pune ,C79740,RuPay,Groceries,Male,15963.3,NetBanking, DMART ,Retail,Declined
s103858,2026-05-23, hyderabad ,C72868,Amex,Groceries,Male,6954.91,Credit, SWIGGY ,Food,Approved
s103859,2026-02-18, chennai ,C70817,RuPay,Travel,Male,725.67,Credit, IOCL ,Fuel,Declined
s103860,2026-04-06, pune ,C29724,RuPay,Dining,Male,6889.56,NetBanking, RELIANCE ,Travel,Declined
s103861,2026-04-17, delhi ,C12561,Visa,Utilities,Female,14368.94,UPI, IOCL ,Fuel,Approved
s103862,2026-01-30, kolkata ,C48590,RuPay,Utilities,Male,18011.63,NetBanking, HPCL ,E-commerce,Approved
s103863,2026-06-15, delhi ,C19118,RuPay,Travel,Male,18388.91,UPI, DMART ,Food,Declined
s103864,2026-03-26, vizag ,C77516,Amex,Fuel,Male,6015.95,UPI, HPCL ,Food,Declined
s103865,2026-02-10, kolkata ,C90292,Visa,Shopping,Male,2189.42,NetBanking, IOCL ,Retail,Approved
s103866,2026-03-01, kolkata ,C30781,RuPay,Groceries,Female,13157.26,Credit, AMAZON ,Food,Approved
s103867,2026-01-31, mumbai ,C97733,Visa,Utilities,Female,18737.35,NetBanking, HPCL ,Fuel,Approved
s103868,2026-03-04, mumbai ,C96789,MasterCard,Groceries,Male,10658.87,NetBanking, ZOMATO ,Fuel,Declined
s103869,2026-03-07, bengaluru ,C74689,Visa,Travel,Male,5456.35,Credit, HPCL ,E-commerce,Declined
s103870,2026-04-18, hyderabad ,C24720,Visa,Shopping,Female,12899.82,Credit, SWIGGY ,Travel,Approved
s103871,2026-01-23, bengaluru ,C41766,Amex,Utilities,Male,377.78,Credit, DMART ,E-commerce,Declined
s103872,2026-01-25, kolkata ,C80010,Visa,Travel,Female,18953.75,NetBanking, DMART ,E-commerce,Declined
s103873,2026-04-09, delhi ,C41076,MasterCard,Dining,Male,2723.09,Credit, SWIGGY ,Retail,Approved
s103874,2026-06-12, chennai ,C43783,RuPay,Groceries,Female,2718.64,UPI, IRCTC ,Fuel,Declined
s103875,2026-01-25, hyderabad ,C33138,RuPay,Fuel,Female,7900.49,NetBanking, IOCL ,E-commerce,Declined
s103876,2026-04-16, pune ,C45305,MasterCard,Fuel,Male,5651.74,NetBanking, AMAZON ,Fuel,Declined
s103877,2026-03-03, vizag ,C72858,RuPay,Fuel,Male,15235.09,UPI, RELIANCE ,Retail,Declined
s103878,2026-02-03, chennai ,C14861,RuPay,Groceries,Male,17725.98,NetBanking, AMAZON ,Food,Approved
s103879,2026-03-01, hyderabad ,C51666,Visa,Travel,Female,13606.27,UPI, HPCL ,Retail,Declined
s103880,2026-03-30, vizag ,C36312,RuPay,Dining,Female,3738.1,UPI, HPCL ,Utilities,Declined
s103881,2026-06-08, mumbai ,C54347,Visa,Shopping,Male,11303.86,Credit, HPCL ,Food,Declined
s103882,2026-01-04, kolkata ,C31725,RuPay,Shopping,Male,19536.54,UPI, RELIANCE ,Travel,Declined
s103883,2026-04-26, delhi ,C44656,Visa,Travel,Male,15385.44,UPI, AMAZON ,Fuel,Declined
s103884,2026-01-12, delhi ,C76917,RuPay,Fuel,Male,14028.69,Credit, SWIGGY ,Fuel,Declined
s103885,2026-05-20, vizag ,C35497,Amex,Shopping,Female,7983.36,Credit, DMART ,Utilities,Approved
s103886,2026-03-15, mumbai ,C22113,Amex,Dining,Female,8161.62,Credit, IRCTC ,Utilities,Approved
s103887,2026-01-01, mumbai ,C79388,MasterCard,Shopping,Female,9519.54,UPI, HPCL ,Retail,Declined
s103888,2026-05-05, hyderabad ,C22656,Amex,Groceries,Male,5163.99,UPI, RELIANCE ,E-commerce,Approved
s103889,2026-06-19, chennai ,C53312,MasterCard,Travel,Male,6917.09,UPI, SWIGGY ,Utilities,Declined
s103890,2026-01-01, vizag ,C27001,Visa,Fuel,Male,24005.61,UPI, IOCL ,Food,Declined
s103891,2026-05-27, pune ,C63845,Visa,Fuel,Male,15301.11,NetBanking, ZOMATO ,Retail,Approved
s103892,2026-01-19, mumbai ,C62737,MasterCard,Groceries,Female,14825.11,UPI, HPCL ,Food,Declined
s103893,2026-06-24, vizag ,C60632,Visa,Groceries,Female,20810.04,UPI, ZOMATO ,E-commerce,Declined
s103894,2026-06-27, chennai ,C50776,Visa,Fuel,Male,20068.78,UPI, AMAZON ,E-commerce,Declined
s103895,2026-01-22, bengaluru ,C92820,MasterCard,Dining,Female,21774.51,Credit, IOCL ,Food,Declined
s103896,2026-01-23, hyderabad ,C32174,Visa,Fuel,Male,17553.5,UPI, ZOMATO ,E-commerce,Approved
s103897,2026-03-09, vizag ,C70089,MasterCard,Fuel,Male,2735.54,NetBanking, AMAZON ,Food,Approved
s103898,2026-01-01, mumbai ,C10790,RuPay,Shopping,Female,5673.37,Credit, IOCL ,E-commerce,Approved
s103899,2026-03-13, pune ,C58158,RuPay,Fuel,Female,22851.64,Credit, RELIANCE ,Retail,Approved
s103900,2026-04-18, kolkata ,C53657,Visa,Shopping,Male,3117.35,NetBanking, AMAZON ,Utilities,Declined
s103901,2026-04-17, delhi ,C88485,Visa,Travel,Female,11113.71,NetBanking, SWIGGY ,Food,Approved
s103902,2026-03-08, mumbai ,C56343,Visa,Groceries,Male,1262.96,NetBanking, ZOMATO ,Utilities,Approved
s103903,2026-03-22, chennai ,C81721,RuPay,Groceries,Female,8314.92,NetBanking, ZOMATO ,Utilities,Declined
s103904,2026-06-08, vizag ,C92394,RuPay,Travel,Male,831.11,UPI, DMART ,E-commerce,Declined
s103905,2026-03-20, pune ,C67242,Visa,Utilities,Female,1691.7,Credit, ZOMATO ,Travel,Approved
s103906,2026-03-10, mumbai ,C50921,RuPay,Utilities,Female,10684.7,NetBanking, RELIANCE ,Travel,Declined
s103907,2026-01-18, mumbai ,C32146,Visa,Travel,Female,975.81,UPI, HPCL ,Fuel,Approved
s103908,2026-05-24, delhi ,C36641,MasterCard,Shopping,Female,20751.03,UPI, SWIGGY ,Food,Declined
s103909,2026-03-31, hyderabad ,C54599,RuPay,Dining,Female,12444.21,UPI, ZOMATO ,Retail,Approved
s103910,2026-03-04, kolkata ,C72898,MasterCard,Groceries,Female,4532.53,NetBanking, HPCL ,Utilities,Declined
s103911,2026-02-07, mumbai ,C72354,RuPay,Fuel,Female,15790.19,UPI, DMART ,Food,Declined
s103912,2026-05-04, mumbai ,C30500,MasterCard,Shopping,Male,10885.5,Credit, DMART ,Travel,Approved
s103913,2026-01-05, hyderabad ,C27170,Amex,Utilities,Male,17212.26,NetBanking, AMAZON ,Retail,Declined
s103914,2026-02-16, vizag ,C92222,RuPay,Dining,Male,14514.59,Credit, RELIANCE ,Utilities,Declined
s103915,2026-02-02, mumbai ,C29001,Amex,Dining,Female,17635.07,Credit, AMAZON ,Fuel,Approved
s103916,2026-04-19, hyderabad ,C73471,RuPay,Shopping,Male,11203.66,NetBanking, IRCTC ,E-commerce,Approved
s103917,2026-04-22, hyderabad ,C20386,MasterCard,Travel,Male,19037.86,UPI, AMAZON ,Retail,Declined
s103918,2026-01-03, chennai ,C71644,Visa,Travel,Female,17885.9,NetBanking, SWIGGY ,Fuel,Declined
s103919,2026-04-02, pune ,C92913,MasterCard,Shopping,Male,20030.12,NetBanking, IRCTC ,E-commerce,Approved
s103920,2026-05-12, kolkata ,C39676,RuPay,Travel,Male,5839.01,Credit, IRCTC ,Travel,Declined
s103921,2026-02-15, kolkata ,C76461,RuPay,Fuel,Male,20991.37,UPI, AMAZON ,Travel,Declined
s103922,2026-05-23, kolkata ,C95602,Visa,Fuel,Male,2052.71,NetBanking, IRCTC ,Retail,Approved
s103923,2026-01-01, hyderabad ,C50829,MasterCard,Fuel,Male,22717.77,UPI, AMAZON ,Food,Approved
s103924,2026-02-18, bengaluru ,C33983,RuPay,Dining,Female,1891.43,UPI, RELIANCE ,E-commerce,Declined
s103925,2026-02-02, bengaluru ,C44622,Visa,Groceries,Female,14453.86,NetBanking, IRCTC ,Utilities,Declined
s103926,2026-06-25, chennai ,C23863,Amex,Fuel,Male,8081.09,Credit, IRCTC ,E-commerce,Approved
s103927,2026-05-18, delhi ,C21817,RuPay,Utilities,Male,11546.16,UPI, ZOMATO ,Utilities,Declined
s103928,2026-05-26, chennai ,C57117,MasterCard,Groceries,Female,4191.83,UPI, HPCL ,Travel,Declined
s103929,2026-05-01, kolkata ,C32690,RuPay,Shopping,Male,14899.23,NetBanking, IOCL ,Utilities,Approved
s103930,2026-05-14, vizag ,C52980,MasterCard,Shopping,Male,12970.31,UPI, AMAZON ,Retail,Declined
s103931,2026-02-03, delhi ,C51216,RuPay,Groceries,Male,24681.16,NetBanking, IRCTC ,E-commerce,Declined
s103932,2026-04-25, chennai ,C16847,MasterCard,Utilities,Female,17266.17,UPI, DMART ,Utilities,Approved
s103933,2026-05-14, kolkata ,C32403,MasterCard,Dining,Female,15263.13,NetBanking, SWIGGY ,E-commerce,Declined
s103934,2026-04-22, delhi ,C27792,RuPay,Fuel,Female,8431.87,NetBanking, RELIANCE ,Fuel,Declined
s103935,2026-03-28, pune ,C87079,MasterCard,Groceries,Female,2978.35,NetBanking, IOCL ,Retail,Approved
s103936,2026-06-05, pune ,C99974,Visa,Travel,Female,15785.96,NetBanking, IRCTC ,Fuel,Declined
s103937,2026-04-21, vizag ,C55749,MasterCard,Shopping,Female,11659.12,Credit, IOCL ,Travel,Approved
s103938,2026-05-07, kolkata ,C66480,Visa,Fuel,Male,2635.09,UPI, IOCL ,E-commerce,Declined
s103939,2026-06-10, kolkata ,C57958,Visa,Travel,Female,1525.1,NetBanking, HPCL ,Retail,Declined
s103940,2026-01-11, bengaluru ,C11543,Amex,Dining,Female,6911.72,NetBanking, ZOMATO ,Utilities,Declined
s103941,2026-01-09, pune ,C65784,Visa,Groceries,Male,23375.58,NetBanking, DMART ,Fuel,Declined
s103942,2026-02-22, chennai ,C80578,RuPay,Utilities,Female,8241.61,NetBanking, AMAZON ,Utilities,Approved
s103943,2026-03-31, mumbai ,C77209,Visa,Travel,Male,6801.44,UPI, AMAZON ,Retail,Approved
s103944,2026-03-16, hyderabad ,C37083,Visa,Dining,Male,17588.01,Credit, ZOMATO ,Utilities,Declined
s103945,2026-06-13, chennai ,C40548,RuPay,Shopping,Male,19000.43,NetBanking, IOCL ,Retail,Declined
s103946,2026-06-11, kolkata ,C16558,Amex,Utilities,Male,17897.36,UPI, ZOMATO ,Travel,Declined
s103947,2026-04-23, delhi ,C64200,Visa,Fuel,Male,16069.29,NetBanking, SWIGGY ,Retail,Approved
s103948,2026-01-22, kolkata ,C92090,MasterCard,Travel,Female,8878.22,UPI, IOCL ,E-commerce,Approved
s103949,2026-02-05, pune ,C36539,Visa,Fuel,Female,21057.7,NetBanking, SWIGGY ,E-commerce,Approved
s103950,2026-06-15, delhi ,C50138,Visa,Utilities,Female,18238.74,NetBanking, SWIGGY ,E-commerce,Approved
s103951,2026-04-26, vizag ,C48412,RuPay,Fuel,Male,23704.38,UPI, SWIGGY ,Fuel,Approved
s103952,2026-03-22, mumbai ,C16940,RuPay,Shopping,Male,4839.24,UPI, DMART ,Retail,Declined
s103953,2026-06-19, delhi ,C10922,Visa,Shopping,Male,13940.8,UPI, ZOMATO ,Travel,Declined
s103954,2026-05-19, hyderabad ,C61463,Amex,Dining,Female,4995.62,UPI, HPCL ,Retail,Declined
s103955,2026-03-22, hyderabad ,C29488,Amex,Shopping,Female,16069.8,Credit, IOCL ,Retail,Approved
s103956,2026-05-21, delhi ,C76830,Visa,Dining,Female,22565.18,UPI, ZOMATO ,Travel,Declined
s103957,2026-05-24, bengaluru ,C20768,Amex,Dining,Male,12142.69,NetBanking, SWIGGY ,Utilities,Declined
s103958,2026-03-16, chennai ,C34322,Visa,Shopping,Male,7284.98,Credit, ZOMATO ,E-commerce,Declined
s103959,2026-01-12, vizag ,C24135,Visa,Groceries,Male,19129.86,NetBanking, IRCTC ,Travel,Approved
s103960,2026-04-04, hyderabad ,C90184,Amex,Fuel,Male,20770.81,Credit, IOCL ,Retail,Approved
s103961,2026-05-24, mumbai ,C30893,RuPay,Fuel,Male,20474.71,NetBanking, RELIANCE ,Food,Approved
s103962,2026-01-20, mumbai ,C32336,RuPay,Fuel,Male,1579.96,Credit, RELIANCE ,Retail,Declined
s103963,2026-05-31, bengaluru ,C64555,MasterCard,Groceries,Female,8471.1,NetBanking, SWIGGY ,Retail,Approved
s103964,2026-01-05, pune ,C58390,Visa,Fuel,Male,3146.47,Credit, AMAZON ,Utilities,Declined
s103965,2026-02-08, vizag ,C12683,MasterCard,Travel,Female,18287.26,NetBanking, SWIGGY ,Travel,Approved
s103966,2026-03-18, mumbai ,C76882,Visa,Dining,Female,9041.05,UPI, AMAZON ,Travel,Declined
s103967,2026-06-21, pune ,C82972,Amex,Travel,Female,7977.01,UPI, SWIGGY ,Food,Declined
s103968,2026-01-07, vizag ,C31572,MasterCard,Fuel,Male,21899.68,Credit, DMART ,Utilities,Declined
s103969,2026-02-08, delhi ,C45923,MasterCard,Travel,Female,18918.1,Credit, DMART ,Travel,Approved
s103970,2026-05-15, bengaluru ,C16640,MasterCard,Dining,Male,5921.17,NetBanking, IRCTC ,Retail,Approved
s103971,2026-06-08, kolkata ,C20848,MasterCard,Fuel,Male,3382.4,UPI, AMAZON ,Food,Declined
s103972,2026-04-25, mumbai ,C89188,RuPay,Utilities,Male,682.15,NetBanking, DMART ,Utilities,Declined
s103973,2026-03-09, delhi ,C19272,Visa,Dining,Male,19206.4,Credit, IRCTC ,E-commerce,Declined
s103974,2026-04-14, kolkata ,C67263,MasterCard,Shopping,Male,14724.23,NetBanking, HPCL ,Fuel,Approved
s103975,2026-03-30, delhi ,C35111,RuPay,Utilities,Male,24188.26,UPI, ZOMATO ,E-commerce,Approved
s103976,2026-04-21, hyderabad ,C31758,Visa,Shopping,Male,630.55,NetBanking, DMART ,Retail,Declined
s103977,2026-01-17, bengaluru ,C17846,RuPay,Travel,Female,8000.06,Credit, SWIGGY ,Utilities,Approved
s103978,2026-04-20, pune ,C27634,MasterCard,Travel,Male,1544.36,Credit, IOCL ,Retail,Approved
s103979,2026-03-31, chennai ,C83892,RuPay,Dining,Male,455.6,UPI, RELIANCE ,Travel,Approved
s103980,2026-04-05, delhi ,C48585,Amex,Shopping,Female,20439.81,Credit, ZOMATO ,Utilities,Approved
s103981,2026-01-30, chennai ,C12576,MasterCard,Shopping,Male,2539.41,Credit, IOCL ,Retail,Declined
s103982,2026-05-07, hyderabad ,C25489,Amex,Travel,Female,3096.79,Credit, SWIGGY ,Retail,Approved
s103983,2026-06-10, kolkata ,C37922,Visa,Dining,Female,16242.55,Credit, HPCL ,Retail,Approved
s103984,2026-01-29, delhi ,C94008,Visa,Fuel,Male,22752.22,NetBanking, SWIGGY ,Utilities,Approved
s103985,2026-06-20, pune ,C63978,Amex,Shopping,Female,12658.73,UPI, SWIGGY ,Utilities,Approved
s103986,2026-05-08, kolkata ,C25509,RuPay,Utilities,Male,6836.09,NetBanking, DMART ,E-commerce,Declined
s103987,2026-02-23, mumbai ,C45851,Visa,Fuel,Female,10025.44,Credit, DMART ,Retail,Approved
s103988,2026-02-26, vizag ,C35410,Amex,Fuel,Female,24303.03,NetBanking, SWIGGY ,Travel,Approved
s103989,2026-04-06, vizag ,C50393,RuPay,Shopping,Female,5108.17,Credit, SWIGGY ,E-commerce,Declined
s103990,2026-04-06, bengaluru ,C99374,Amex,Travel,Female,16006.63,UPI, IOCL ,Utilities,Declined
s103991,2026-01-05, hyderabad ,C25090,RuPay,Shopping,Male,5070.15,UPI, AMAZON ,Fuel,Declined
s103992,2026-04-30, chennai ,C61878,MasterCard,Fuel,Female,20664.4,Credit, ZOMATO ,Food,Declined
s103993,2026-04-18, bengaluru ,C56159,Amex,Travel,Male,8813.86,NetBanking, DMART ,Retail,Declined
s103994,2026-03-07, mumbai ,C92246,Visa,Fuel,Female,20046.14,NetBanking, SWIGGY ,Utilities,Declined
s103995,2026-02-05, kolkata ,C67659,MasterCard,Travel,Male,7312.82,UPI, AMAZON ,E-commerce,Declined
s103996,2026-06-06, chennai ,C68968,Visa,Fuel,Male,18598.47,NetBanking, HPCL ,Travel,Approved
s103997,2026-05-10, hyderabad ,C61163,Amex,Shopping,Male,6868.23,Credit, IOCL ,Travel,Approved
s103998,2026-01-16, delhi ,C45772,Amex,Shopping,Female,23325.35,NetBanking, HPCL ,Food,Approved
s103999,2026-03-22, vizag ,C60564,Visa,Dining,Female,19773.53,Credit, AMAZON ,Utilities,Approved
s104000,2026-02-14, hyderabad ,C12860,MasterCard,Travel,Male,1820.65,NetBanking, DMART ,E-commerce,Approved
s104001,2026-06-06, chennai ,C94134,RuPay,Utilities,Male,5420.76,Credit, IOCL ,Travel,Declined
s104002,2026-04-25, hyderabad ,C33403,Visa,Utilities,Female,4682.38,Credit, IOCL ,Travel,Declined
s104003,2026-04-19, vizag ,C91840,Amex,Fuel,Female,17750.64,NetBanking, IOCL ,Fuel,Declined
s104004,2026-04-26, delhi ,C85646,RuPay,Travel,Male,13006.76,NetBanking, RELIANCE ,Travel,Approved
s104005,2026-05-20, mumbai ,C36670,Amex,Dining,Male,16560.51,Credit, RELIANCE ,Food,Approved
s104006,2026-04-03, pune ,C80610,Amex,Shopping,Female,11225.53,NetBanking, HPCL ,Retail,Declined
s104007,2026-04-16, mumbai ,C97751,Amex,Travel,Female,13533.59,UPI, IRCTC ,Fuel,Declined
s104008,2026-06-12, hyderabad ,C57611,RuPay,Groceries,Female,4593.31,UPI, IRCTC ,Fuel,Approved
s104009,2026-06-20, bengaluru ,C38112,RuPay,Fuel,Male,17465.91,UPI, AMAZON ,Food,Approved
s104010,2026-06-14, vizag ,C70422,Visa,Travel,Male,9789.41,Credit, AMAZON ,Food,Declined
s104011,2026-06-02, hyderabad ,C16680,MasterCard,Shopping,Male,12374.67,Credit, IRCTC ,Utilities,Approved
s104012,2026-03-14, hyderabad ,C48125,Amex,Shopping,Female,18492.44,Credit, IOCL ,E-commerce,Approved
s104013,2026-02-28, kolkata ,C58728,MasterCard,Shopping,Male,19051.75,Credit, IRCTC ,Utilities,Declined
s104014,2026-05-07, pune ,C68762,RuPay,Travel,Female,20803.73,Credit, ZOMATO ,Utilities,Declined
s104015,2026-03-10, chennai ,C39264,Amex,Dining,Male,864.39,Credit, IRCTC ,Travel,Declined
s104016,2026-02-23, hyderabad ,C39497,RuPay,Fuel,Female,9825.84,NetBanking, HPCL ,Fuel,Declined
s104017,2026-06-26, bengaluru ,C41539,RuPay,Fuel,Male,16987.51,NetBanking, ZOMATO ,Travel,Approved
s104018,2026-02-20, kolkata ,C61541,RuPay,Shopping,Male,15287.79,Credit, RELIANCE ,Utilities,Approved
s104019,2026-06-04, kolkata ,C66690,Amex,Utilities,Male,23653.65,UPI, RELIANCE ,Travel,Declined
s104020,2026-05-22, pune ,C68582,RuPay,Groceries,Female,11492.14,NetBanking, ZOMATO ,E-commerce,Approved
s104021,2026-05-11, kolkata ,C18381,Visa,Travel,Female,3871.59,NetBanking, ZOMATO ,Retail,Declined
s104022,2026-04-12, bengaluru ,C52621,Amex,Travel,Female,5770.82,Credit, AMAZON ,Travel,Approved
s104023,2026-01-01, kolkata ,C57871,Amex,Utilities,Female,23059.27,UPI, IRCTC ,Fuel,Approved
s104024,2026-02-12, kolkata ,C53676,RuPay,Utilities,Male,5334.9,Credit, RELIANCE ,Fuel,Approved
s104025,2026-01-31, pune ,C33371,MasterCard,Fuel,Male,8485.6,Credit, IOCL ,Food,Declined
s104026,2026-02-06, mumbai ,C48817,MasterCard,Fuel,Female,9490.26,NetBanking, HPCL ,Travel,Approved
s104027,2026-04-18, delhi ,C99838,RuPay,Dining,Male,6799.87,Credit, DMART ,Travel,Approved
s104028,2026-03-26, kolkata ,C11850,MasterCard,Travel,Male,1839.15,UPI, IOCL ,Retail,Declined
s104029,2026-05-27, pune ,C46527,Visa,Groceries,Male,16900.91,NetBanking, SWIGGY ,Fuel,Approved
s104030,2026-01-03, pune ,C98602,RuPay,Groceries,Female,24374.67,NetBanking, AMAZON ,Fuel,Declined
s104031,2026-04-16, vizag ,C47423,Visa,Travel,Male,2297.91,UPI, HPCL ,Travel,Approved
s104032,2026-02-26, pune ,C98226,Visa,Travel,Female,6817.34,UPI, AMAZON ,Food,Declined
s104033,2026-05-09, hyderabad ,C80994,MasterCard,Fuel,Male,6489.43,NetBanking, ZOMATO ,Retail,Approved
s104034,2026-05-05, chennai ,C32899,RuPay,Travel,Male,1811.27,UPI, RELIANCE ,Utilities,Approved
s104035,2026-01-26, delhi ,C83135,Amex,Utilities,Female,9190.6,UPI, IOCL ,Fuel,Declined
s104036,2026-01-31, mumbai ,C82621,MasterCard,Shopping,Female,8456.4,NetBanking, AMAZON ,Fuel,Declined
s104037,2026-04-11, chennai ,C16637,MasterCard,Shopping,Male,8636.48,NetBanking, HPCL ,Food,Declined
s104038,2026-03-26, kolkata ,C66692,Amex,Groceries,Male,9309.48,NetBanking, SWIGGY ,E-commerce,Declined
s104039,2026-01-26, delhi ,C70907,Amex,Shopping,Female,2113.18,NetBanking, AMAZON ,Food,Declined
s104040,2026-04-03, bengaluru ,C59074,MasterCard,Fuel,Male,8282.62,NetBanking, IRCTC ,Food,Declined
s104041,2026-01-08, kolkata ,C71980,RuPay,Travel,Female,6613.47,Credit, IRCTC ,Travel,Approved
s104042,2026-06-18, vizag ,C99985,Visa,Fuel,Female,14953.1,Credit, DMART ,Fuel,Approved
s104043,2026-06-05, hyderabad ,C29923,RuPay,Travel,Male,11047.22,Credit, SWIGGY ,Fuel,Declined
s104044,2026-03-11, delhi ,C85298,Visa,Travel,Female,2545.34,UPI, HPCL ,Travel,Approved
s104045,2026-03-15, hyderabad ,C28592,Visa,Shopping,Female,20115.99,Credit, AMAZON ,Food,Approved
s104046,2026-03-10, mumbai ,C32146,MasterCard,Travel,Female,4958.35,Credit, ZOMATO ,Retail,Approved
s104047,2026-02-23, kolkata ,C72906,RuPay,Fuel,Female,21457.89,UPI, SWIGGY ,Fuel,Declined
s104048,2026-06-08, hyderabad ,C70986,Visa,Groceries,Female,8403.12,UPI, SWIGGY ,Travel,Declined
s104049,2026-01-23, kolkata ,C30951,RuPay,Shopping,Female,19476.13,Credit, IRCTC ,Utilities,Approved
s104050,2026-06-27, hyderabad ,C95401,RuPay,Travel,Male,20567.77,NetBanking, ZOMATO ,Fuel,Approved
s104051,2026-02-06, mumbai ,C93483,Amex,Dining,Male,23571.38,UPI, IOCL ,E-commerce,Approved
s104052,2026-05-15, kolkata ,C10040,Amex,Shopping,Male,7328.74,NetBanking, AMAZON ,Retail,Approved
s104053,2026-02-11, kolkata ,C35717,Visa,Groceries,Female,23801.18,Credit, HPCL ,Food,Declined
s104054,2026-06-02, mumbai ,C97842,Amex,Dining,Male,23190.75,Credit, AMAZON ,Fuel,Declined
s104055,2026-06-20, hyderabad ,C78211,RuPay,Travel,Male,6976.16,Credit, RELIANCE ,Fuel,Approved
s104056,2026-05-04, mumbai ,C21383,RuPay,Travel,Male,2277.96,Credit, ZOMATO ,Fuel,Declined
s104057,2026-01-14, kolkata ,C52395,Amex,Fuel,Male,16831.67,UPI, SWIGGY ,Utilities,Declined
s104058,2026-02-08, hyderabad ,C86413,Visa,Travel,Male,13852.7,UPI, SWIGGY ,Fuel,Approved
s104059,2026-06-16, pune ,C99912,Visa,Fuel,Female,2404.05,UPI, ZOMATO ,E-commerce,Declined
s104060,2026-02-05, mumbai ,C53576,RuPay,Fuel,Male,11384.1,Credit, HPCL ,Retail,Approved
s104061,2026-05-16, chennai ,C33830,RuPay,Dining,Female,9796.77,UPI, SWIGGY ,Utilities,Declined
s104062,2026-05-15, hyderabad ,C66456,MasterCard,Utilities,Female,20992.13,NetBanking, IOCL ,Fuel,Approved
s104063,2026-02-11, mumbai ,C48124,Visa,Dining,Male,4594.7,NetBanking, HPCL ,Utilities,Approved
s104064,2026-06-18, kolkata ,C15426,Visa,Shopping,Male,20766.09,NetBanking, DMART ,Travel,Declined
s104065,2026-06-08, hyderabad ,C89067,Amex,Fuel,Female,15773.66,Credit, SWIGGY ,Utilities,Approved
s104066,2026-03-17, delhi ,C47000,Visa,Fuel,Male,9999.16,NetBanking, SWIGGY ,Fuel,Declined
s104067,2026-03-06, delhi ,C95681,Amex,Utilities,Male,15029.9,NetBanking, SWIGGY ,Fuel,Declined
s104068,2026-03-24, delhi ,C58941,Visa,Fuel,Male,16303.12,NetBanking, AMAZON ,Food,Approved
s104069,2026-04-05, hyderabad ,C22079,RuPay,Utilities,Male,6992.68,UPI, RELIANCE ,Fuel,Approved
s104070,2026-03-20, vizag ,C78841,MasterCard,Shopping,Male,15382.72,NetBanking, AMAZON ,Food,Approved
s104071,2026-04-26, hyderabad ,C26566,Visa,Groceries,Male,20610.4,Credit, IRCTC ,Retail,Approved
s104072,2026-05-03, hyderabad ,C89760,Visa,Fuel,Male,21334.29,NetBanking, IRCTC ,Food,Declined
s104073,2026-02-22, pune ,C65658,Amex,Fuel,Female,15161.69,NetBanking, ZOMATO ,Travel,Declined
s104074,2026-05-21, chennai ,C20454,Visa,Dining,Male,13442.36,UPI, AMAZON ,Retail,Declined
s104075,2026-03-23, mumbai ,C98789,RuPay,Shopping,Female,9491.92,Credit, ZOMATO ,Travel,Declined
s104076,2026-04-25, pune ,C38697,MasterCard,Dining,Female,14886.48,NetBanking, ZOMATO ,Food,Declined
s104077,2026-01-10, pune ,C68702,MasterCard,Dining,Female,20482.67,Credit, RELIANCE ,Fuel,Declined
s104078,2026-04-05, chennai ,C87233,Visa,Fuel,Male,22228.72,UPI, IOCL ,E-commerce,Declined
s104079,2026-01-20, chennai ,C26758,RuPay,Shopping,Male,6444.97,NetBanking, SWIGGY ,Fuel,Declined
s104080,2026-01-30, bengaluru ,C10386,RuPay,Travel,Female,20178.42,NetBanking, RELIANCE ,Utilities,Declined
s104081,2026-05-17, delhi ,C20190,RuPay,Dining,Female,19612.09,NetBanking, IOCL ,Utilities,Approved
s104082,2026-02-14, bengaluru ,C60760,MasterCard,Groceries,Male,10570.89,NetBanking, HPCL ,Retail,Declined
s104083,2026-03-07, delhi ,C99184,MasterCard,Shopping,Male,11103.41,UPI, SWIGGY ,Retail,Approved
s104084,2026-03-17, pune ,C15875,RuPay,Utilities,Female,15156.2,NetBanking, HPCL ,Utilities,Declined
s104085,2026-03-14, delhi ,C95162,Visa,Travel,Male,17468.3,UPI, ZOMATO ,Fuel,Declined
s104086,2026-02-20, chennai ,C67137,Amex,Groceries,Female,19520.01,NetBanking, HPCL ,Utilities,Approved
s104087,2026-04-20, delhi ,C43859,RuPay,Groceries,Female,14992.4,UPI, IOCL ,Retail,Declined
s104088,2026-05-05, delhi ,C60292,Visa,Fuel,Male,13296.0,UPI, DMART ,Utilities,Approved
s104089,2026-01-02, chennai ,C89107,Visa,Groceries,Male,5187.92,NetBanking, HPCL ,Retail,Approved
s104090,2026-06-05, pune ,C64333,MasterCard,Travel,Male,21419.72,UPI, ZOMATO ,Utilities,Approved
s104091,2026-01-30, delhi ,C84491,Amex,Travel,Male,23403.55,Credit, AMAZON ,Food,Declined
s104092,2026-03-13, kolkata ,C71273,Amex,Groceries,Female,20798.58,Credit, HPCL ,Food,Approved
s104093,2026-04-21, delhi ,C27515,Visa,Utilities,Male,3891.01,Credit, ZOMATO ,Fuel,Declined
s104094,2026-02-02, mumbai ,C82869,RuPay,Fuel,Female,17793.88,NetBanking, HPCL ,Fuel,Declined
s104095,2026-05-03, delhi ,C13729,Visa,Shopping,Male,12144.66,NetBanking, DMART ,Retail,Approved
s104096,2026-06-27, bengaluru ,C10555,MasterCard,Travel,Female,16992.07,UPI, SWIGGY ,Utilities,Approved
s104097,2026-02-18, kolkata ,C25412,Visa,Utilities,Female,11551.32,UPI, HPCL ,Food,Approved
s104098,2026-01-19, mumbai ,C93812,MasterCard,Travel,Male,2671.76,Credit, RELIANCE ,Food,Approved
s104099,2026-05-25, mumbai ,C53606,RuPay,Shopping,Female,6139.28,NetBanking, IOCL ,Fuel,Declined
s104100,2026-01-17, vizag ,C95686,Amex,Travel,Male,4680.91,UPI, IRCTC ,Fuel,Approved
s104101,2026-02-06, hyderabad ,C62401,Visa,Utilities,Female,8550.8,NetBanking, RELIANCE ,Fuel,Approved
s104102,2026-04-27, vizag ,C56526,MasterCard,Utilities,Male,23395.04,UPI, IOCL ,Travel,Declined
s104103,2026-01-21, pune ,C26112,MasterCard,Dining,Female,19533.42,UPI, DMART ,E-commerce,Declined
s104104,2026-05-05, pune ,C77376,RuPay,Shopping,Male,6938.47,Credit, ZOMATO ,Utilities,Approved
s104105,2026-03-16, bengaluru ,C86494,Visa,Fuel,Male,19155.44,NetBanking, AMAZON ,Retail,Approved
s104106,2026-02-15, pune ,C86675,RuPay,Travel,Male,9058.83,UPI, IRCTC ,Travel,Declined
s104107,2026-02-04, kolkata ,C97734,MasterCard,Fuel,Female,12402.94,NetBanking, SWIGGY ,Fuel,Approved
s104108,2026-05-11, hyderabad ,C43602,RuPay,Utilities,Female,14726.53,Credit, SWIGGY ,Retail,Approved
s104109,2026-01-14, kolkata ,C61567,Amex,Dining,Male,6996.19,Credit, IRCTC ,Food,Approved
s104110,2026-02-25, chennai ,C31548,Visa,Travel,Male,4647.79,NetBanking, AMAZON ,Retail,Declined
s104111,2026-04-20, mumbai ,C14086,RuPay,Groceries,Female,20652.94,NetBanking, SWIGGY ,E-commerce,Declined
s104112,2026-04-19, bengaluru ,C89259,Amex,Travel,Female,19560.62,NetBanking, IOCL ,Food,Declined
s104113,2026-05-26, mumbai ,C57687,MasterCard,Groceries,Female,12110.45,Credit, RELIANCE ,E-commerce,Approved
s104114,2026-02-11, vizag ,C10736,Visa,Fuel,Male,16192.49,Credit, ZOMATO ,Food,Approved
s104115,2026-05-05, mumbai ,C88241,MasterCard,Groceries,Female,19105.59,Credit, DMART ,Fuel,Approved
s104116,2026-02-10, vizag ,C96416,Visa,Shopping,Female,22403.08,UPI, AMAZON ,Retail,Approved
s104117,2026-01-04, pune ,C36447,Amex,Fuel,Male,24201.8,NetBanking, RELIANCE ,E-commerce,Declined
s104118,2026-03-05, mumbai ,C69939,Amex,Travel,Male,2010.51,NetBanking, SWIGGY ,Food,Declined
s104119,2026-03-04, mumbai ,C20819,RuPay,Utilities,Male,2106.0,UPI, SWIGGY ,Utilities,Declined
s104120,2026-03-15, pune ,C11475,Amex,Utilities,Female,4753.1,Credit, HPCL ,Fuel,Declined
s104121,2026-05-13, mumbai ,C13591,Visa,Travel,Female,8953.84,UPI, HPCL ,Travel,Approved
s104122,2026-04-08, delhi ,C89337,MasterCard,Shopping,Female,20495.26,NetBanking, DMART ,E-commerce,Declined
s104123,2026-06-17, mumbai ,C11074,Visa,Dining,Male,2510.76,Credit, IOCL ,Utilities,Declined
s104124,2026-03-05, pune ,C39833,MasterCard,Fuel,Male,802.18,NetBanking, IOCL ,Travel,Approved
s104125,2026-06-08, delhi ,C97323,MasterCard,Groceries,Male,20627.14,UPI, SWIGGY ,Fuel,Approved
s104126,2026-03-25, delhi ,C85192,RuPay,Fuel,Male,15326.06,NetBanking, ZOMATO ,Fuel,Declined
s104127,2026-05-05, kolkata ,C95960,Amex,Shopping,Female,20236.58,NetBanking, HPCL ,E-commerce,Approved
s104128,2026-04-04, delhi ,C31170,Amex,Dining,Male,15089.42,Credit, HPCL ,Utilities,Declined
s104129,2026-01-10, vizag ,C68588,MasterCard,Groceries,Male,16749.01,NetBanking, IOCL ,Food,Declined
s104130,2026-01-28, kolkata ,C34375,Visa,Groceries,Male,8902.94,NetBanking, DMART ,Travel,Declined
s104131,2026-02-20, bengaluru ,C50908,MasterCard,Fuel,Female,15206.23,Credit, IOCL ,E-commerce,Declined
s104132,2026-01-07, pune ,C99379,Visa,Groceries,Female,2404.74,NetBanking, IRCTC ,Fuel,Declined
s104133,2026-01-11, delhi ,C97745,Visa,Fuel,Male,14280.67,NetBanking, RELIANCE ,Retail,Approved
s104134,2026-05-20, mumbai ,C29024,Visa,Fuel,Female,7942.14,UPI, SWIGGY ,Retail,Declined
s104135,2026-03-23, bengaluru ,C88227,Amex,Groceries,Male,14145.71,Credit, RELIANCE ,Travel,Approved
s104136,2026-06-19, chennai ,C94630,MasterCard,Dining,Male,10053.68,Credit, IRCTC ,Food,Declined
s104137,2026-01-12, pune ,C35499,RuPay,Travel,Female,4240.18,UPI, AMAZON ,Utilities,Declined
s104138,2026-03-16, bengaluru ,C38785,MasterCard,Groceries,Female,2375.57,Credit, ZOMATO ,Food,Declined
s104139,2026-02-28, delhi ,C54179,RuPay,Shopping,Male,13718.26,Credit, ZOMATO ,Utilities,Approved
s104140,2026-03-23, delhi ,C71858,MasterCard,Dining,Female,4845.71,NetBanking, IRCTC ,Retail,Declined
s104141,2026-04-07, pune ,C28843,Visa,Groceries,Female,21314.68,UPI, DMART ,Retail,Approved
s104142,2026-04-02, delhi ,C40721,Visa,Groceries,Male,4004.45,NetBanking, ZOMATO ,Food,Approved
s104143,2026-01-13, bengaluru ,C17735,Visa,Travel,Female,7728.87,NetBanking, IRCTC ,Food,Declined
s104144,2026-02-26, vizag ,C44113,MasterCard,Utilities,Female,24813.56,Credit, RELIANCE ,Fuel,Declined
s104145,2026-06-29, bengaluru ,C83111,Visa,Shopping,Female,5015.9,NetBanking, DMART ,Retail,Declined
s104146,2026-04-23, hyderabad ,C46378,MasterCard,Fuel,Male,6499.78,Credit, RELIANCE ,Utilities,Approved
s104147,2026-03-15, hyderabad ,C91306,Visa,Utilities,Female,19893.42,NetBanking, RELIANCE ,E-commerce,Declined
s104148,2026-01-24, vizag ,C23542,Visa,Utilities,Male,15089.74,UPI, SWIGGY ,E-commerce,Approved
s104149,2026-02-09, delhi ,C81308,Visa,Dining,Female,4423.77,UPI, IOCL ,Retail,Approved
s104150,2026-06-20, chennai ,C12642,Visa,Utilities,Male,10920.79,Credit, HPCL ,E-commerce,Approved
s104151,2026-04-28, mumbai ,C45234,RuPay,Groceries,Male,328.99,Credit, IOCL ,E-commerce,Approved
s104152,2026-06-24, pune ,C15226,Amex,Travel,Female,20601.58,UPI, IOCL ,E-commerce,Approved
s104153,2026-06-06, kolkata ,C19452,Visa,Fuel,Female,24086.82,NetBanking, SWIGGY ,Food,Approved
s104154,2026-03-16, hyderabad ,C92401,MasterCard,Dining,Male,20022.5,NetBanking, SWIGGY ,E-commerce,Declined
s104155,2026-01-25, delhi ,C79863,RuPay,Travel,Female,19243.9,Credit, AMAZON ,Fuel,Approved
s104156,2026-01-18, delhi ,C62602,RuPay,Fuel,Male,23194.06,Credit, HPCL ,Food,Approved
s104157,2026-04-14, bengaluru ,C53026,Amex,Shopping,Female,15380.36,NetBanking, IRCTC ,E-commerce,Declined
s104158,2026-04-24, kolkata ,C78703,RuPay,Dining,Male,23679.12,NetBanking, IRCTC ,Travel,Declined
s104159,2026-06-17, mumbai ,C99689,Visa,Fuel,Female,7858.26,NetBanking, AMAZON ,Utilities,Approved
s104160,2026-04-04, chennai ,C83666,RuPay,Groceries,Male,3883.42,NetBanking, ZOMATO ,Travel,Approved
s104161,2026-01-31, mumbai ,C14984,MasterCard,Travel,Male,19368.11,UPI, HPCL ,Retail,Approved
s104162,2026-05-28, hyderabad ,C11280,Amex,Dining,Male,12865.66,NetBanking, RELIANCE ,Travel,Approved
s104163,2026-03-15, delhi ,C33886,MasterCard,Groceries,Male,16285.17,Credit, RELIANCE ,Food,Declined
s104164,2026-02-23, delhi ,C28267,Visa,Dining,Female,18136.79,NetBanking, HPCL ,Fuel,Declined
s104165,2026-01-14, delhi ,C57806,MasterCard,Groceries,Male,8270.53,NetBanking, HPCL ,Fuel,Declined
s104166,2026-06-21, pune ,C50984,RuPay,Groceries,Female,18115.3,Credit, ZOMATO ,Fuel,Approved
s104167,2026-04-16, mumbai ,C92508,Visa,Shopping,Male,15974.17,Credit, RELIANCE ,Fuel,Approved
s104168,2026-04-02, pune ,C70092,MasterCard,Dining,Female,20030.86,NetBanking, HPCL ,Fuel,Declined
s104169,2026-04-14, hyderabad ,C54711,Visa,Utilities,Male,16158.53,NetBanking, HPCL ,Retail,Approved
s104170,2026-03-06, kolkata ,C36132,RuPay,Shopping,Female,17593.92,NetBanking, IRCTC ,Retail,Approved
s104171,2026-01-16, pune ,C55986,Amex,Travel,Female,9771.97,Credit, DMART ,Food,Approved
s104172,2026-06-03, chennai ,C65369,RuPay,Fuel,Female,8707.27,Credit, IOCL ,Travel,Declined
s104173,2026-06-19, bengaluru ,C63663,Visa,Dining,Male,21694.69,Credit, DMART ,Travel,Approved
s104174,2026-03-09, bengaluru ,C53305,MasterCard,Travel,Female,22076.28,Credit, IRCTC ,Food,Approved
s104175,2026-02-16, kolkata ,C77382,MasterCard,Fuel,Male,24509.47,UPI, RELIANCE ,E-commerce,Approved
s104176,2026-03-30, vizag ,C48249,RuPay,Fuel,Male,7202.26,UPI, ZOMATO ,Utilities,Approved
s104177,2026-05-02, bengaluru ,C49364,Visa,Travel,Male,20587.78,UPI, IOCL ,Travel,Declined
s104178,2026-02-03, bengaluru ,C22791,Amex,Groceries,Female,5198.49,UPI, HPCL ,Fuel,Approved
s104179,2026-02-19, pune ,C60075,RuPay,Fuel,Male,10549.92,NetBanking, IOCL ,E-commerce,Declined
s104180,2026-05-07, delhi ,C13752,MasterCard,Fuel,Male,9412.52,NetBanking, ZOMATO ,Utilities,Approved
s104181,2026-02-15, pune ,C11623,RuPay,Shopping,Male,6651.34,Credit, IOCL ,Food,Approved
s104182,2026-04-21, kolkata ,C60840,MasterCard,Utilities,Female,18850.91,UPI, HPCL ,Travel,Declined
s104183,2026-06-09, chennai ,C52814,Amex,Dining,Male,6328.05,NetBanking, ZOMATO ,Fuel,Declined
s104184,2026-01-16, mumbai ,C53482,MasterCard,Dining,Male,1909.65,Credit, AMAZON ,Travel,Approved
s104185,2026-05-02, delhi ,C44952,MasterCard,Dining,Male,1270.67,Credit, DMART ,Travel,Approved
s104186,2026-06-06, bengaluru ,C29832,Visa,Travel,Male,18369.04,Credit, IOCL ,Retail,Declined
s104187,2026-04-11, mumbai ,C19278,RuPay,Shopping,Female,24363.15,NetBanking, AMAZON ,Travel,Declined
s104188,2026-01-22, mumbai ,C31021,MasterCard,Fuel,Male,6189.59,UPI, DMART ,Fuel,Approved
s104189,2026-03-14, mumbai ,C14701,Amex,Utilities,Male,11987.45,Credit, RELIANCE ,Food,Declined
s104190,2026-06-10, vizag ,C12413,Amex,Shopping,Female,1658.81,Credit, RELIANCE ,Travel,Approved
s104191,2026-01-23, delhi ,C45942,Amex,Shopping,Male,24983.08,NetBanking, AMAZON ,Travel,Approved
s104192,2026-01-21, hyderabad ,C96335,Amex,Shopping,Female,23464.04,NetBanking, AMAZON ,Utilities,Approved
s104193,2026-06-13, kolkata ,C55939,RuPay,Groceries,Female,19183.82,NetBanking, ZOMATO ,Utilities,Declined
s104194,2026-04-09, pune ,C19386,MasterCard,Shopping,Female,1373.33,Credit, DMART ,Retail,Approved
s104195,2026-01-24, hyderabad ,C73715,Visa,Utilities,Male,24197.18,UPI, HPCL ,Retail,Declined
s104196,2026-06-27, bengaluru ,C29234,MasterCard,Travel,Female,19767.79,Credit, SWIGGY ,Fuel,Declined
s104197,2026-01-22, delhi ,C84104,Amex,Shopping,Male,7933.3,Credit, ZOMATO ,E-commerce,Approved
s104198,2026-03-08, kolkata ,C78834,Amex,Dining,Male,8848.81,NetBanking, IOCL ,Utilities,Declined
s104199,2026-06-25, kolkata ,C66494,Amex,Fuel,Female,15734.51,Credit, HPCL ,Food,Declined
s104200,2026-05-27, bengaluru ,C21393,Visa,Dining,Male,19446.28,UPI, IRCTC ,Travel,Approved
s104201,2026-04-17, vizag ,C10679,Visa,Fuel,Male,17015.63,UPI, ZOMATO ,Food,Declined
s104202,2026-05-16, kolkata ,C97551,RuPay,Shopping,Female,10077.33,NetBanking, IRCTC ,Fuel,Declined
s104203,2026-02-17, chennai ,C23919,Amex,Dining,Female,20259.09,UPI, AMAZON ,Food,Approved
s104204,2026-06-03, hyderabad ,C63517,RuPay,Travel,Female,17873.66,Credit, RELIANCE ,Travel,Declined
s104205,2026-02-09, pune ,C96910,Amex,Dining,Male,9060.21,Credit, SWIGGY ,Food,Approved
s104206,2026-03-23, delhi ,C77526,Amex,Dining,Female,3061.95,Credit, IOCL ,Utilities,Declined
s104207,2026-02-27, bengaluru ,C47079,Visa,Utilities,Male,889.67,Credit, HPCL ,Food,Declined
s104208,2026-02-24, kolkata ,C13773,RuPay,Fuel,Female,1795.24,UPI, SWIGGY ,Travel,Declined
s104209,2026-06-05, chennai ,C41890,Amex,Travel,Female,18190.45,NetBanking, ZOMATO ,E-commerce,Approved
s104210,2026-03-18, kolkata ,C18961,MasterCard,Utilities,Female,8730.78,UPI, IOCL ,Fuel,Approved
s104211,2026-03-05, bengaluru ,C78285,MasterCard,Fuel,Female,20198.49,UPI, IOCL ,E-commerce,Approved
s104212,2026-04-03, bengaluru ,C83661,MasterCard,Dining,Male,6151.59,Credit, SWIGGY ,Utilities,Declined
s104213,2026-01-06, kolkata ,C18929,RuPay,Utilities,Male,6957.4,UPI, SWIGGY ,Fuel,Declined
s104214,2026-03-21, mumbai ,C87260,Visa,Fuel,Male,18476.99,Credit, DMART ,Travel,Approved
s104215,2026-06-01, kolkata ,C46485,Amex,Dining,Female,4610.52,NetBanking, SWIGGY ,E-commerce,Approved
s104216,2026-05-02, pune ,C48732,MasterCard,Fuel,Female,23556.93,Credit, SWIGGY ,Utilities,Approved
s104217,2026-04-25, delhi ,C75474,Visa,Travel,Female,6942.99,NetBanking, IOCL ,Utilities,Declined
s104218,2026-04-28, chennai ,C38480,Amex,Dining,Male,18068.82,UPI, IOCL ,E-commerce,Declined
s104219,2026-05-07, hyderabad ,C32009,Amex,Shopping,Female,16085.63,Credit, SWIGGY ,Fuel,Declined
s104220,2026-01-19, bengaluru ,C23625,Amex,Groceries,Female,19888.61,NetBanking, DMART ,Travel,Declined
s104221,2026-03-31, mumbai ,C45942,Amex,Fuel,Male,6334.84,Credit, AMAZON ,E-commerce,Approved
s104222,2026-01-13, chennai ,C85839,RuPay,Travel,Female,20296.5,Credit, HPCL ,Retail,Declined
s104223,2026-05-03, mumbai ,C19252,MasterCard,Shopping,Male,7168.55,UPI, HPCL ,Retail,Approved
s104224,2026-01-19, vizag ,C43096,RuPay,Utilities,Female,20104.54,Credit, IOCL ,Food,Approved
s104225,2026-03-21, hyderabad ,C62561,MasterCard,Fuel,Female,15744.28,Credit, HPCL ,Utilities,Declined
s104226,2026-03-06, vizag ,C22670,RuPay,Groceries,Female,10364.18,NetBanking, AMAZON ,Utilities,Approved
s104227,2026-05-28, kolkata ,C69106,Visa,Utilities,Male,830.73,Credit, IRCTC ,Retail,Approved
s104228,2026-02-18, delhi ,C90466,Visa,Groceries,Female,12068.79,Credit, AMAZON ,Utilities,Approved
s104229,2026-05-30, mumbai ,C89681,Visa,Fuel,Female,7730.13,Credit, ZOMATO ,Food,Approved
s104230,2026-04-15, pune ,C87431,RuPay,Fuel,Female,8257.98,NetBanking, ZOMATO ,Travel,Declined
s104231,2026-04-18, hyderabad ,C85696,RuPay,Fuel,Female,13028.04,Credit, DMART ,Fuel,Declined
s104232,2026-05-27, hyderabad ,C42169,RuPay,Dining,Male,10226.44,NetBanking, RELIANCE ,Travel,Approved
s104233,2026-03-02, chennai ,C86800,RuPay,Groceries,Female,3278.46,UPI, IOCL ,Travel,Approved
s104234,2026-06-28, bengaluru ,C49373,Visa,Groceries,Male,19978.55,NetBanking, HPCL ,Utilities,Approved
s104235,2026-01-31, hyderabad ,C60175,RuPay,Groceries,Female,12068.09,UPI, HPCL ,Food,Approved
s104236,2026-05-28, bengaluru ,C70732,Visa,Fuel,Female,16998.63,UPI, DMART ,E-commerce,Declined
s104237,2026-02-03, kolkata ,C42957,Amex,Utilities,Male,5091.85,UPI, IOCL ,E-commerce,Approved
s104238,2026-03-09, vizag ,C93111,MasterCard,Travel,Female,13572.06,UPI, IOCL ,Travel,Approved
s104239,2026-04-13, delhi ,C35978,Amex,Shopping,Female,23277.79,NetBanking, DMART ,Travel,Approved
s104240,2026-06-21, bengaluru ,C59859,Visa,Groceries,Male,21072.98,NetBanking, HPCL ,Utilities,Approved
s104241,2026-05-27, pune ,C53732,Visa,Travel,Female,4578.22,Credit, DMART ,Utilities,Approved
s104242,2026-05-07, bengaluru ,C82675,MasterCard,Groceries,Female,9989.3,UPI, RELIANCE ,Utilities,Declined
s104243,2026-05-09, pune ,C42465,Visa,Dining,Female,18159.79,UPI, AMAZON ,E-commerce,Declined
s104244,2026-02-18, kolkata ,C65435,RuPay,Travel,Female,14284.24,Credit, SWIGGY ,Utilities,Declined
s104245,2026-04-13, kolkata ,C46579,RuPay,Fuel,Male,14406.93,UPI, DMART ,Utilities,Approved
s104246,2026-03-05, bengaluru ,C88788,RuPay,Dining,Male,6094.04,UPI, RELIANCE ,Utilities,Declined
s104247,2026-05-15, hyderabad ,C72624,Visa,Shopping,Female,5762.16,UPI, RELIANCE ,Fuel,Approved
s104248,2026-05-16, pune ,C19826,Amex,Shopping,Female,3956.62,Credit, SWIGGY ,Retail,Approved
s104249,2026-06-12, bengaluru ,C56336,Amex,Utilities,Male,3866.34,NetBanking, IRCTC ,Utilities,Approved
s104250,2026-06-06, bengaluru ,C52090,RuPay,Groceries,Female,13696.97,UPI, ZOMATO ,Food,Approved
s104251,2026-05-31, vizag ,C32111,Amex,Fuel,Female,2794.44,UPI, AMAZON ,Fuel,Declined
s104252,2026-03-29, chennai ,C82346,RuPay,Fuel,Male,23968.78,NetBanking, AMAZON ,Fuel,Declined
s104253,2026-01-30, mumbai ,C67842,MasterCard,Shopping,Female,15139.68,UPI, IRCTC ,Utilities,Declined
s104254,2026-03-03, pune ,C83237,RuPay,Shopping,Female,16628.59,Credit, HPCL ,Food,Approved
s104255,2026-02-24, delhi ,C56709,Visa,Shopping,Female,20690.4,Credit, RELIANCE ,Food,Approved
s104256,2026-04-12, vizag ,C59665,RuPay,Travel,Female,13416.23,UPI, SWIGGY ,Food,Declined
s104257,2026-04-24, kolkata ,C70935,Amex,Utilities,Male,6723.45,UPI, RELIANCE ,Utilities,Approved
s104258,2026-06-06, vizag ,C16402,RuPay,Utilities,Female,19895.6,Credit, RELIANCE ,Retail,Declined
s104259,2026-02-24, pune ,C86434,RuPay,Dining,Male,7745.25,UPI, ZOMATO ,Retail,Declined
s104260,2026-06-19, hyderabad ,C24371,Visa,Shopping,Female,17895.36,NetBanking, SWIGGY ,Food,Approved
s104261,2026-04-27, mumbai ,C71517,Visa,Utilities,Female,18773.82,UPI, IRCTC ,Travel,Declined
s104262,2026-03-30, hyderabad ,C12771,MasterCard,Shopping,Male,24923.72,NetBanking, IOCL ,Travel,Declined
s104263,2026-05-26, hyderabad ,C47515,MasterCard,Utilities,Male,17087.5,NetBanking, ZOMATO ,E-commerce,Declined
s104264,2026-02-20, pune ,C74476,Amex,Groceries,Male,13124.08,UPI, DMART ,Utilities,Approved
s104265,2026-04-15, bengaluru ,C66693,RuPay,Travel,Female,15005.69,Credit, RELIANCE ,E-commerce,Declined
s104266,2026-01-22, bengaluru ,C88434,RuPay,Shopping,Male,6998.3,NetBanking, HPCL ,Utilities,Approved
s104267,2026-01-09, mumbai ,C17229,Visa,Fuel,Female,20848.66,Credit, HPCL ,E-commerce,Declined
s104268,2026-02-12, chennai ,C71883,Amex,Shopping,Male,18297.69,UPI, RELIANCE ,Food,Declined
s104269,2026-03-12, mumbai ,C40093,MasterCard,Dining,Female,8991.16,UPI, RELIANCE ,Food,Approved
s104270,2026-05-05, vizag ,C68717,MasterCard,Fuel,Male,5123.22,UPI, AMAZON ,Retail,Approved
s104271,2026-04-19, pune ,C14884,Amex,Travel,Female,24400.88,UPI, IRCTC ,Fuel,Approved
s104272,2026-06-14, hyderabad ,C51120,Visa,Utilities,Female,23764.11,UPI, DMART ,Fuel,Declined
s104273,2026-03-06, delhi ,C44017,MasterCard,Groceries,Male,23343.4,Credit, DMART ,Travel,Approved
s104274,2026-06-16, vizag ,C41747,Visa,Shopping,Male,17619.59,NetBanking, HPCL ,Travel,Declined
s104275,2026-05-15, mumbai ,C33000,Amex,Dining,Male,6764.9,UPI, IOCL ,Fuel,Declined
s104276,2026-04-18, mumbai ,C48754,Amex,Travel,Female,11625.52,NetBanking, RELIANCE ,Retail,Approved
s104277,2026-01-14, mumbai ,C13739,RuPay,Shopping,Male,13765.04,NetBanking, HPCL ,E-commerce,Declined
s104278,2026-04-20, vizag ,C66460,Visa,Groceries,Male,5135.01,UPI, RELIANCE ,Retail,Approved
s104279,2026-01-23, chennai ,C31366,Amex,Shopping,Male,12858.44,Credit, AMAZON ,Fuel,Declined
s104280,2026-01-16, mumbai ,C50281,RuPay,Travel,Male,22320.47,UPI, HPCL ,Retail,Approved
s104281,2026-03-16, pune ,C34765,Amex,Travel,Male,7956.22,UPI, ZOMATO ,Utilities,Declined
s104282,2026-06-20, mumbai ,C81208,Visa,Travel,Male,8054.59,UPI, IOCL ,Food,Declined
s104283,2026-04-08, pune ,C63728,RuPay,Fuel,Female,270.81,NetBanking, IRCTC ,E-commerce,Approved
s104284,2026-04-30, delhi ,C15748,Visa,Utilities,Female,16071.11,Credit, RELIANCE ,Travel,Declined
s104285,2026-05-21, delhi ,C17253,MasterCard,Fuel,Male,16117.83,NetBanking, IRCTC ,Food,Declined
s104286,2026-03-11, chennai ,C82281,RuPay,Groceries,Female,2268.57,NetBanking, HPCL ,Travel,Declined
s104287,2026-03-26, kolkata ,C53448,RuPay,Dining,Male,13685.88,UPI, ZOMATO ,Travel,Declined
s104288,2026-03-02, kolkata ,C77206,Visa,Travel,Male,6480.73,UPI, ZOMATO ,E-commerce,Declined
s104289,2026-01-12, kolkata ,C94142,RuPay,Shopping,Female,3859.33,NetBanking, HPCL ,Food,Approved
s104290,2026-04-09, pune ,C55901,MasterCard,Groceries,Male,15857.41,UPI, IOCL ,Travel,Approved
s104291,2026-04-19, pune ,C19236,Amex,Dining,Male,2451.64,NetBanking, RELIANCE ,Food,Declined
s104292,2026-03-03, pune ,C10201,RuPay,Dining,Male,8345.24,Credit, HPCL ,Fuel,Declined
s104293,2026-04-15, kolkata ,C92006,MasterCard,Travel,Male,13735.16,Credit, IRCTC ,Retail,Approved
s104294,2026-06-23, mumbai ,C56761,Amex,Groceries,Female,18525.06,Credit, HPCL ,E-commerce,Approved
s104295,2026-05-26, bengaluru ,C76632,MasterCard,Fuel,Female,168.53,UPI, SWIGGY ,E-commerce,Declined
s104296,2026-06-10, chennai ,C36831,Visa,Fuel,Male,5273.07,NetBanking, RELIANCE ,Food,Declined
s104297,2026-03-27, bengaluru ,C27819,Amex,Shopping,Male,21773.42,NetBanking, DMART ,Utilities,Declined
s104298,2026-05-03, bengaluru ,C50863,Amex,Groceries,Female,791.51,Credit, IRCTC ,Travel,Declined
s104299,2026-02-12, vizag ,C16989,Amex,Travel,Male,2182.24,UPI, RELIANCE ,Food,Approved
s104300,2026-02-24, mumbai ,C32199,Amex,Utilities,Female,21456.95,Credit, DMART ,Retail,Approved
s104301,2026-05-15, mumbai ,C39824,Amex,Travel,Female,22966.9,Credit, HPCL ,Fuel,Approved
s104302,2026-05-23, bengaluru ,C65257,RuPay,Travel,Male,11792.98,UPI, DMART ,Travel,Approved
s104303,2026-05-23, hyderabad ,C21636,MasterCard,Dining,Female,24756.59,UPI, HPCL ,E-commerce,Approved
s104304,2026-04-16, vizag ,C22440,RuPay,Utilities,Male,4330.46,UPI, ZOMATO ,Travel,Approved
s104305,2026-01-13, pune ,C90782,Amex,Travel,Female,12647.75,NetBanking, SWIGGY ,Retail,Approved
s104306,2026-04-15, kolkata ,C67954,Visa,Groceries,Female,15399.65,UPI, IRCTC ,Travel,Declined
s104307,2026-03-09, chennai ,C13587,Amex,Fuel,Female,12660.99,NetBanking, IRCTC ,Fuel,Approved
s104308,2026-05-28, chennai ,C49809,MasterCard,Utilities,Male,2267.85,NetBanking, IRCTC ,Utilities,Declined
s104309,2026-02-10, mumbai ,C81506,MasterCard,Shopping,Female,11229.7,NetBanking, HPCL ,Retail,Approved
s104310,2026-02-27, pune ,C11755,MasterCard,Travel,Female,6523.28,Credit, ZOMATO ,E-commerce,Approved
s104311,2026-05-31, vizag ,C79354,Amex,Groceries,Male,23718.28,Credit, HPCL ,Travel,Approved
s104312,2026-06-02, kolkata ,C62996,MasterCard,Fuel,Male,9847.85,UPI, IOCL ,Utilities,Approved
s104313,2026-03-04, hyderabad ,C42305,RuPay,Shopping,Female,9745.45,Credit, RELIANCE ,Utilities,Declined
s104314,2026-04-07, hyderabad ,C93801,Amex,Dining,Male,6650.53,Credit, IRCTC ,Fuel,Approved
s104315,2026-03-16, mumbai ,C11781,Amex,Shopping,Male,19602.06,UPI, ZOMATO ,Food,Declined
s104316,2026-01-20, kolkata ,C69002,MasterCard,Fuel,Male,10901.96,Credit, RELIANCE ,Retail,Approved
s104317,2026-05-24, hyderabad ,C37915,MasterCard,Dining,Male,1685.4,Credit, IRCTC ,Fuel,Approved
s104318,2026-05-24, kolkata ,C31082,Amex,Utilities,Female,4370.4,Credit, IRCTC ,E-commerce,Approved
s104319,2026-06-13, chennai ,C33375,Amex,Dining,Female,8898.45,UPI, IRCTC ,Fuel,Approved
s104320,2026-05-01, mumbai ,C52127,Amex,Shopping,Female,16833.84,NetBanking, IRCTC ,Travel,Declined
s104321,2026-05-17, mumbai ,C90526,Visa,Shopping,Female,22325.23,Credit, DMART ,Utilities,Declined
s104322,2026-04-27, pune ,C89513,MasterCard,Shopping,Female,14755.94,NetBanking, IRCTC ,Utilities,Approved
s104323,2026-03-04, pune ,C44217,Amex,Utilities,Male,12980.71,UPI, SWIGGY ,Retail,Approved
s104324,2026-02-01, delhi ,C55044,RuPay,Dining,Male,14139.85,NetBanking, AMAZON ,Travel,Approved
s104325,2026-05-09, hyderabad ,C30398,Visa,Fuel,Male,13371.54,UPI, AMAZON ,Food,Approved
s104326,2026-05-26, delhi ,C82494,MasterCard,Fuel,Male,204.97,UPI, AMAZON ,Travel,Declined
s104327,2026-03-05, vizag ,C72921,MasterCard,Groceries,Female,2575.09,Credit, IOCL ,E-commerce,Declined
s104328,2026-03-04, chennai ,C32968,Visa,Groceries,Male,22715.71,UPI, SWIGGY ,E-commerce,Approved
s104329,2026-03-05, vizag ,C31721,Amex,Utilities,Female,10984.66,Credit, DMART ,E-commerce,Declined
s104330,2026-01-17, mumbai ,C63393,Amex,Travel,Male,19589.27,NetBanking, IRCTC ,E-commerce,Declined
s104331,2026-05-02, bengaluru ,C37357,MasterCard,Shopping,Female,23749.6,NetBanking, SWIGGY ,Utilities,Declined
s104332,2026-02-27, bengaluru ,C78399,RuPay,Dining,Female,2856.67,Credit, SWIGGY ,E-commerce,Declined
s104333,2026-06-25, chennai ,C88465,MasterCard,Dining,Female,17172.96,UPI, AMAZON ,Travel,Declined
s104334,2026-06-18, vizag ,C73079,MasterCard,Groceries,Male,12677.1,Credit, SWIGGY ,E-commerce,Declined
s104335,2026-04-16, pune ,C81738,RuPay,Dining,Male,5210.59,UPI, IOCL ,Travel,Approved
s104336,2026-04-16, bengaluru ,C29299,Visa,Utilities,Male,12131.73,NetBanking, DMART ,E-commerce,Declined
s104337,2026-02-11, bengaluru ,C53166,Amex,Groceries,Female,23028.8,NetBanking, IRCTC ,E-commerce,Approved
s104338,2026-02-28, delhi ,C29199,MasterCard,Dining,Female,21785.46,UPI, IOCL ,Travel,Approved
s104339,2026-03-04, hyderabad ,C18462,RuPay,Fuel,Female,15968.76,Credit, AMAZON ,Fuel,Declined
s104340,2026-03-29, vizag ,C68826,Visa,Travel,Male,15752.38,NetBanking, IOCL ,Fuel,Approved
s104341,2026-04-24, bengaluru ,C52091,Visa,Groceries,Male,7125.83,UPI, SWIGGY ,Travel,Declined
s104342,2026-04-14, chennai ,C71581,RuPay,Fuel,Male,23263.17,NetBanking, HPCL ,Travel,Declined
s104343,2026-04-14, mumbai ,C49831,Amex,Travel,Male,19929.95,NetBanking, HPCL ,Travel,Approved
s104344,2026-01-01, vizag ,C32588,RuPay,Shopping,Female,5076.7,NetBanking, DMART ,Retail,Declined
s104345,2026-02-21, mumbai ,C93704,Visa,Groceries,Male,376.88,Credit, IOCL ,E-commerce,Declined
s104346,2026-04-08, chennai ,C60436,RuPay,Fuel,Female,7879.62,NetBanking, AMAZON ,Retail,Declined
s104347,2026-05-19, delhi ,C10000,Amex,Shopping,Female,4101.1,UPI, HPCL ,Retail,Approved
s104348,2026-06-14, bengaluru ,C26525,Visa,Fuel,Female,4674.74,UPI, SWIGGY ,Retail,Declined
s104349,2026-02-17, pune ,C18339,Amex,Fuel,Female,6607.15,UPI, DMART ,Food,Declined
s104350,2026-02-23, pune ,C46309,MasterCard,Travel,Female,14929.07,NetBanking, SWIGGY ,Utilities,Approved
s104351,2026-03-25, vizag ,C18217,Visa,Shopping,Female,13108.0,Credit, HPCL ,Food,Approved
s104352,2026-06-04, vizag ,C61481,MasterCard,Groceries,Male,5301.17,Credit, RELIANCE ,Retail,Declined
s104353,2026-01-30, delhi ,C30419,MasterCard,Utilities,Female,19774.51,UPI, SWIGGY ,Utilities,Approved
s104354,2026-02-16, delhi ,C11447,Amex,Groceries,Male,12956.0,Credit, IOCL ,Fuel,Approved
s104355,2026-06-23, kolkata ,C81872,MasterCard,Dining,Male,24555.71,NetBanking, IOCL ,Utilities,Declined
s104356,2026-01-11, chennai ,C18849,MasterCard,Dining,Male,12591.81,UPI, AMAZON ,Fuel,Approved
s104357,2026-06-12, bengaluru ,C72304,RuPay,Utilities,Male,20066.36,UPI, SWIGGY ,Fuel,Approved
s104358,2026-04-08, mumbai ,C95427,RuPay,Shopping,Female,4305.67,UPI, RELIANCE ,Utilities,Declined
s104359,2026-01-06, delhi ,C20076,Visa,Shopping,Female,20207.63,UPI, IOCL ,Travel,Declined
s104360,2026-04-20, bengaluru ,C13010,MasterCard,Shopping,Male,6551.62,NetBanking, AMAZON ,Fuel,Approved
s104361,2026-04-07, pune ,C52752,RuPay,Travel,Female,18714.91,Credit, IRCTC ,Travel,Approved
s104362,2026-03-25, chennai ,C65167,Visa,Travel,Male,9586.75,Credit, AMAZON ,Travel,Declined
s104363,2026-02-04, pune ,C15877,Amex,Dining,Male,4932.25,UPI, AMAZON ,Retail,Declined
s104364,2026-03-23, bengaluru ,C60094,MasterCard,Travel,Male,12030.41,NetBanking, RELIANCE ,Retail,Declined
s104365,2026-02-16, hyderabad ,C12346,Visa,Utilities,Female,12379.68,UPI, SWIGGY ,Travel,Approved
s104366,2026-04-21, hyderabad ,C81222,Amex,Groceries,Male,23371.98,NetBanking, AMAZON ,Fuel,Declined
s104367,2026-02-12, mumbai ,C38799,Amex,Groceries,Male,6445.24,UPI, IOCL ,E-commerce,Declined
s104368,2026-02-16, chennai ,C55418,RuPay,Travel,Male,21177.84,NetBanking, IOCL ,Food,Declined
s104369,2026-05-06, vizag ,C66295,Visa,Dining,Female,18121.48,NetBanking, AMAZON ,Travel,Approved
s104370,2026-06-13, bengaluru ,C11400,Visa,Utilities,Male,22651.29,Credit, DMART ,Utilities,Approved
s104371,2026-02-23, pune ,C79079,Amex,Groceries,Female,6051.09,NetBanking, HPCL ,Fuel,Approved
s104372,2026-01-23, delhi ,C78259,Visa,Travel,Female,14204.87,UPI, RELIANCE ,Food,Declined
s104373,2026-04-10, delhi ,C58090,Amex,Fuel,Male,22235.28,UPI, DMART ,Travel,Approved
s104374,2026-03-07, hyderabad ,C58748,RuPay,Fuel,Male,12169.17,Credit, SWIGGY ,Travel,Approved
s104375,2026-06-27, pune ,C60168,MasterCard,Travel,Male,22989.75,NetBanking, SWIGGY ,Food,Declined
s104376,2026-02-14, mumbai ,C61324,MasterCard,Groceries,Male,22717.55,NetBanking, IOCL ,Utilities,Approved
s104377,2026-04-29, bengaluru ,C40220,RuPay,Dining,Female,10280.3,NetBanking, SWIGGY ,Retail,Declined
s104378,2026-04-11, pune ,C96199,Visa,Groceries,Female,11698.22,UPI, SWIGGY ,Retail,Declined
s104379,2026-06-06, kolkata ,C69139,Amex,Shopping,Female,16101.08,UPI, DMART ,Utilities,Declined
s104380,2026-02-16, vizag ,C35825,MasterCard,Fuel,Male,20090.71,UPI, RELIANCE ,Food,Declined
s104381,2026-02-06, vizag ,C21513,Visa,Utilities,Male,8204.11,UPI, SWIGGY ,Food,Approved
s104382,2026-02-13, kolkata ,C73607,MasterCard,Dining,Female,1469.29,NetBanking, IRCTC ,Retail,Approved
s104383,2026-06-23, delhi ,C13640,Amex,Travel,Male,258.45,NetBanking, IRCTC ,Utilities,Approved
s104384,2026-04-22, chennai ,C15717,MasterCard,Utilities,Male,18106.09,Credit, IRCTC ,E-commerce,Approved
s104385,2026-05-16, kolkata ,C24505,MasterCard,Fuel,Female,14074.66,Credit, IOCL ,Travel,Declined
s104386,2026-06-21, mumbai ,C40178,RuPay,Groceries,Female,13247.38,UPI, IRCTC ,E-commerce,Approved
s104387,2026-06-20, delhi ,C20055,Amex,Travel,Female,3556.43,Credit, IOCL ,Travel,Approved
s104388,2026-02-20, hyderabad ,C60306,Amex,Travel,Male,15515.56,NetBanking, DMART ,Fuel,Declined
s104389,2026-03-26, pune ,C51617,RuPay,Utilities,Male,7390.93,UPI, IOCL ,Retail,Approved
s104390,2026-04-02, kolkata ,C55776,MasterCard,Shopping,Female,22368.46,Credit, IOCL ,Retail,Declined
s104391,2026-06-02, hyderabad ,C46423,MasterCard,Travel,Male,24985.53,UPI, ZOMATO ,Food,Declined
s104392,2026-04-11, kolkata ,C19562,MasterCard,Fuel,Male,526.98,UPI, AMAZON ,E-commerce,Declined
s104393,2026-04-09, vizag ,C74489,MasterCard,Fuel,Female,3680.39,Credit, SWIGGY ,Food,Approved
s104394,2026-01-16, kolkata ,C83746,MasterCard,Shopping,Male,17974.28,NetBanking, ZOMATO ,Travel,Approved
s104395,2026-05-13, bengaluru ,C30546,RuPay,Utilities,Male,14856.08,Credit, AMAZON ,E-commerce,Approved
s104396,2026-03-21, bengaluru ,C32231,Amex,Utilities,Male,5301.22,UPI, RELIANCE ,Travel,Declined
s104397,2026-06-25, pune ,C77041,Visa,Fuel,Male,3228.87,UPI, SWIGGY ,Food,Approved
s104398,2026-05-30, delhi ,C73019,Visa,Shopping,Female,16404.92,NetBanking, IOCL ,Utilities,Declined
s104399,2026-02-24, bengaluru ,C32847,RuPay,Travel,Male,11291.64,NetBanking, IRCTC ,Food,Declined
s104400,2026-02-16, pune ,C49624,Visa,Fuel,Male,5763.37,Credit, HPCL ,Utilities,Declined
s104401,2026-06-17, vizag ,C13806,RuPay,Fuel,Female,22865.75,NetBanking, HPCL ,Fuel,Declined
s104402,2026-03-04, hyderabad ,C69699,Visa,Shopping,Male,9623.66,NetBanking, HPCL ,Retail,Approved
s104403,2026-06-10, bengaluru ,C49487,MasterCard,Travel,Female,5106.3,NetBanking, IRCTC ,Travel,Approved
s104404,2026-01-21, pune ,C57973,MasterCard,Travel,Male,8769.63,UPI, HPCL ,Fuel,Approved
s104405,2026-06-13, pune ,C81057,RuPay,Groceries,Male,22820.0,Credit, RELIANCE ,Food,Declined
s104406,2026-04-04, chennai ,C92923,MasterCard,Utilities,Male,22138.08,UPI, SWIGGY ,Fuel,Approved
s104407,2026-02-17, pune ,C54465,Amex,Shopping,Male,12949.32,Credit, ZOMATO ,Retail,Approved
s104408,2026-05-01, pune ,C94939,Visa,Groceries,Male,4387.38,NetBanking, ZOMATO ,Utilities,Approved
s104409,2026-03-27, kolkata ,C45615,Amex,Fuel,Male,20815.71,UPI, DMART ,Travel,Approved
s104410,2026-01-12, delhi ,C83226,Amex,Shopping,Female,8643.77,Credit, SWIGGY ,Food,Declined
s104411,2026-06-20, vizag ,C33794,Amex,Groceries,Male,13659.46,Credit, DMART ,Fuel,Declined
s104412,2026-04-26, mumbai ,C92561,Amex,Fuel,Male,20200.24,NetBanking, IOCL ,Retail,Declined
s104413,2026-06-22, vizag ,C34112,Amex,Groceries,Male,20323.55,Credit, SWIGGY ,E-commerce,Declined
s104414,2026-01-08, vizag ,C15271,RuPay,Fuel,Female,10164.68,UPI, ZOMATO ,Utilities,Approved
s104415,2026-06-18, kolkata ,C20182,Visa,Groceries,Female,15986.39,UPI, ZOMATO ,Retail,Approved
s104416,2026-06-10, kolkata ,C21889,MasterCard,Utilities,Male,19431.73,UPI, RELIANCE ,Fuel,Approved
s104417,2026-04-16, vizag ,C89271,Amex,Utilities,Male,21554.86,NetBanking, AMAZON ,Utilities,Declined
s104418,2026-05-27, pune ,C84599,Amex,Fuel,Male,4055.5,UPI, DMART ,Fuel,Approved
s104419,2026-06-22, delhi ,C39996,Amex,Utilities,Male,2436.95,NetBanking, SWIGGY ,E-commerce,Approved
s104420,2026-06-09, vizag ,C34130,MasterCard,Groceries,Female,4407.54,NetBanking, DMART ,Travel,Declined
s104421,2026-02-25, hyderabad ,C12399,Amex,Groceries,Male,5317.05,UPI, HPCL ,Fuel,Approved
s104422,2026-03-14, kolkata ,C83387,RuPay,Dining,Female,15062.39,Credit, RELIANCE ,Food,Approved
s104423,2026-03-06, chennai ,C24285,Amex,Groceries,Female,18241.9,NetBanking, AMAZON ,E-commerce,Declined
s104424,2026-05-24, kolkata ,C23039,MasterCard,Dining,Male,22952.61,NetBanking, AMAZON ,Travel,Approved
s104425,2026-04-16, chennai ,C66470,Visa,Dining,Female,19591.5,NetBanking, IRCTC ,Travel,Approved
s104426,2026-05-13, hyderabad ,C84406,Amex,Utilities,Female,14377.23,NetBanking, IOCL ,Fuel,Declined
s104427,2026-02-08, chennai ,C49467,Visa,Travel,Male,23191.16,UPI, IRCTC ,Food,Declined
s104428,2026-04-11, bengaluru ,C20850,Amex,Utilities,Female,1362.57,UPI, SWIGGY ,Fuel,Approved
s104429,2026-01-31, pune ,C57039,MasterCard,Shopping,Male,24237.76,UPI, HPCL ,Retail,Declined
s104430,2026-03-16, mumbai ,C52812,Visa,Utilities,Female,1263.52,Credit, RELIANCE ,Fuel,Declined
s104431,2026-01-01, pune ,C15338,Amex,Dining,Male,276.84,NetBanking, DMART ,Utilities,Declined
s104432,2026-04-03, hyderabad ,C47244,MasterCard,Shopping,Male,19677.29,Credit, SWIGGY ,Travel,Approved
s104433,2026-01-23, pune ,C25295,MasterCard,Fuel,Male,24109.85,UPI, RELIANCE ,Food,Declined
s104434,2026-02-26, mumbai ,C59368,RuPay,Dining,Female,6154.75,NetBanking, SWIGGY ,Utilities,Approved
s104435,2026-01-01, vizag ,C58511,RuPay,Groceries,Female,8736.61,Credit, SWIGGY ,Utilities,Approved
s104436,2026-02-03, delhi ,C20765,RuPay,Utilities,Female,12646.49,Credit, HPCL ,Retail,Declined
s104437,2026-04-21, hyderabad ,C13725,Amex,Groceries,Female,526.4,NetBanking, DMART ,Fuel,Approved
s104438,2026-06-21, pune ,C20382,Visa,Travel,Male,17415.12,NetBanking, DMART ,Fuel,Approved
s104439,2026-01-22, delhi ,C51498,Visa,Travel,Male,2408.05,UPI, RELIANCE ,Retail,Approved
s104440,2026-03-22, pune ,C71107,Amex,Fuel,Male,14107.99,NetBanking, AMAZON ,Food,Approved
s104441,2026-06-05, pune ,C65176,Visa,Travel,Male,12801.12,UPI, IOCL ,Retail,Declined
s104442,2026-03-25, bengaluru ,C41762,Amex,Dining,Female,23072.48,NetBanking, AMAZON ,E-commerce,Declined
s104443,2026-02-09, delhi ,C58379,RuPay,Travel,Male,2447.61,Credit, RELIANCE ,E-commerce,Declined
s104444,2026-04-05, kolkata ,C99378,MasterCard,Fuel,Female,16513.04,NetBanking, AMAZON ,Travel,Declined
s104445,2026-06-24, kolkata ,C75839,RuPay,Dining,Female,8198.74,UPI, RELIANCE ,Food,Approved
s104446,2026-03-15, chennai ,C31228,MasterCard,Dining,Male,205.28,NetBanking, HPCL ,Food,Declined
s104447,2026-03-22, pune ,C92204,MasterCard,Fuel,Male,1500.75,Credit, RELIANCE ,Retail,Declined
s104448,2026-05-18, mumbai ,C34384,MasterCard,Dining,Female,15988.42,Credit, DMART ,Fuel,Declined
s104449,2026-03-25, bengaluru ,C71208,Amex,Fuel,Male,11895.49,UPI, IOCL ,Food,Approved
s104450,2026-02-27, hyderabad ,C36401,Visa,Utilities,Male,20323.12,UPI, RELIANCE ,Utilities,Approved
s104451,2026-01-22, mumbai ,C54467,Visa,Dining,Female,11819.37,Credit, AMAZON ,Utilities,Declined
s104452,2026-05-17, vizag ,C62981,Visa,Utilities,Male,17504.8,Credit, DMART ,Retail,Approved
s104453,2026-01-13, pune ,C71221,Visa,Travel,Male,15035.76,UPI, IRCTC ,Retail,Declined
s104454,2026-02-05, pune ,C20606,MasterCard,Groceries,Female,24409.02,Credit, HPCL ,Travel,Declined
s104455,2026-04-22, chennai ,C35184,RuPay,Dining,Male,3113.71,UPI, HPCL ,Retail,Approved
s104456,2026-03-11, hyderabad ,C51115,MasterCard,Groceries,Male,19383.22,Credit, IOCL ,Travel,Approved
s104457,2026-04-22, kolkata ,C53500,Visa,Shopping,Male,20775.36,Credit, AMAZON ,E-commerce,Approved
s104458,2026-04-16, mumbai ,C82392,Visa,Dining,Female,3358.53,Credit, AMAZON ,E-commerce,Approved
s104459,2026-06-11, mumbai ,C32718,MasterCard,Fuel,Male,1751.63,Credit, IRCTC ,Fuel,Declined
s104460,2026-03-16, vizag ,C30111,RuPay,Dining,Female,23365.18,NetBanking, SWIGGY ,Food,Approved
s104461,2026-03-05, hyderabad ,C69808,MasterCard,Fuel,Female,2745.41,Credit, IRCTC ,Travel,Declined
s104462,2026-06-13, hyderabad ,C62968,Visa,Dining,Female,24200.22,NetBanking, IRCTC ,E-commerce,Approved
s104463,2026-02-21, hyderabad ,C62064,Visa,Groceries,Female,18333.68,UPI, DMART ,Utilities,Approved
s104464,2026-06-22, hyderabad ,C27134,RuPay,Groceries,Female,1123.26,UPI, DMART ,Retail,Approved
s104465,2026-04-10, hyderabad ,C99009,Amex,Utilities,Male,7261.02,Credit, SWIGGY ,Travel,Declined
s104466,2026-03-11, bengaluru ,C48849,RuPay,Utilities,Male,5739.24,Credit, SWIGGY ,Retail,Declined
s104467,2026-02-20, mumbai ,C36267,Visa,Dining,Female,23884.9,UPI, ZOMATO ,Retail,Declined
s104468,2026-05-08, delhi ,C71039,RuPay,Dining,Female,386.92,Credit, AMAZON ,Travel,Declined
s104469,2026-06-15, delhi ,C20612,MasterCard,Fuel,Male,7782.37,Credit, IRCTC ,Travel,Declined
s104470,2026-04-11, bengaluru ,C17796,Amex,Fuel,Male,22364.16,Credit, IRCTC ,Retail,Declined
s104471,2026-05-07, kolkata ,C87634,Visa,Groceries,Male,8832.19,UPI, DMART ,E-commerce,Approved
s104472,2026-06-12, mumbai ,C35712,Visa,Dining,Female,17803.45,UPI, AMAZON ,Food,Approved
s104473,2026-01-09, vizag ,C11040,Amex,Dining,Female,2237.52,Credit, DMART ,Food,Declined
s104474,2026-06-28, pune ,C51515,Amex,Utilities,Female,8835.2,UPI, DMART ,Utilities,Declined
s104475,2026-01-11, vizag ,C21410,Amex,Groceries,Male,8931.9,UPI, IRCTC ,Fuel,Declined
s104476,2026-02-15, vizag ,C87969,RuPay,Travel,Male,1550.86,Credit, IOCL ,Utilities,Declined
s104477,2026-05-24, vizag ,C20043,Visa,Groceries,Female,18526.17,UPI, IRCTC ,Utilities,Declined
s104478,2026-06-22, delhi ,C23348,Visa,Dining,Female,16311.62,UPI, SWIGGY ,E-commerce,Approved
s104479,2026-03-03, kolkata ,C21149,Amex,Fuel,Female,8001.36,NetBanking, DMART ,E-commerce,Approved
s104480,2026-01-15, hyderabad ,C18610,MasterCard,Utilities,Male,16264.62,Credit, RELIANCE ,Travel,Declined
s104481,2026-02-14, hyderabad ,C28698,MasterCard,Travel,Female,3303.71,NetBanking, AMAZON ,Travel,Approved
s104482,2026-05-10, pune ,C16930,Visa,Travel,Female,1807.39,Credit, IOCL ,Travel,Declined
s104483,2026-01-31, chennai ,C16114,RuPay,Fuel,Male,3343.88,NetBanking, IRCTC ,Retail,Declined
s104484,2026-01-21, mumbai ,C29867,Visa,Shopping,Male,19118.98,UPI, IOCL ,Food,Approved
s104485,2026-02-05, kolkata ,C41822,Visa,Fuel,Female,9910.27,UPI, DMART ,Utilities,Declined
s104486,2026-06-28, bengaluru ,C64453,MasterCard,Dining,Female,22450.03,Credit, DMART ,Travel,Declined
s104487,2026-06-16, kolkata ,C71145,RuPay,Utilities,Female,21772.71,Credit, RELIANCE ,Food,Approved
s104488,2026-06-18, pune ,C78304,Amex,Fuel,Female,1880.69,Credit, SWIGGY ,Food,Approved
s104489,2026-05-08, kolkata ,C92296,Visa,Utilities,Male,21456.82,NetBanking, IOCL ,Food,Declined
s104490,2026-03-06, pune ,C88552,Amex,Groceries,Female,13938.68,NetBanking, RELIANCE ,Food,Declined
s104491,2026-06-26, bengaluru ,C26076,Amex,Shopping,Female,4955.68,Credit, DMART ,Food,Approved
s104492,2026-06-14, mumbai ,C80886,MasterCard,Travel,Male,16793.81,NetBanking, ZOMATO ,Fuel,Declined
s104493,2026-02-11, kolkata ,C37694,Visa,Shopping,Female,15260.36,UPI, IRCTC ,Retail,Approved
s104494,2026-01-04, vizag ,C41223,Amex,Dining,Female,4408.95,NetBanking, SWIGGY ,Travel,Approved
s104495,2026-03-23, kolkata ,C49196,Visa,Dining,Female,1513.74,Credit, HPCL ,Fuel,Approved
s104496,2026-01-12, pune ,C70986,Amex,Travel,Male,13775.39,UPI, IRCTC ,Retail,Declined
s104497,2026-04-07, chennai ,C31460,RuPay,Utilities,Female,7055.32,Credit, HPCL ,Retail,Approved
s104498,2026-02-26, bengaluru ,C92318,MasterCard,Fuel,Female,22734.65,Credit, AMAZON ,Utilities,Declined
s104499,2026-01-17, chennai ,C90552,RuPay,Shopping,Female,24093.16,Credit, ZOMATO ,E-commerce,Declined
s104500,2026-06-05, pune ,C35696,Amex,Utilities,Female,1339.82,UPI, RELIANCE ,Food,Approved
s104501,2026-02-24, chennai ,C10784,MasterCard,Dining,Male,5697.78,Credit, IOCL ,Retail,Approved
s104502,2026-05-09, delhi ,C34385,RuPay,Shopping,Male,3828.89,Credit, ZOMATO ,Travel,Approved
s104503,2026-02-27, pune ,C28446,Amex,Groceries,Male,12773.41,NetBanking, DMART ,E-commerce,Declined
s104504,2026-01-11, hyderabad ,C14176,Visa,Utilities,Female,9834.65,UPI, SWIGGY ,E-commerce,Approved
s104505,2026-04-04, hyderabad ,C34648,Visa,Shopping,Female,18642.13,Credit, DMART ,Utilities,Declined
s104506,2026-06-17, hyderabad ,C80212,Amex,Shopping,Male,3913.83,Credit, ZOMATO ,Travel,Declined
s104507,2026-05-07, kolkata ,C95989,RuPay,Dining,Female,12073.6,Credit, IOCL ,Retail,Declined
s104508,2026-03-06, vizag ,C11063,RuPay,Travel,Female,4543.14,UPI, AMAZON ,Food,Declined
s104509,2026-04-18, delhi ,C49016,RuPay,Fuel,Male,22502.72,Credit, RELIANCE ,E-commerce,Declined
s104510,2026-01-18, chennai ,C28584,MasterCard,Fuel,Male,18351.12,UPI, IOCL ,Food,Approved
s104511,2026-06-24, delhi ,C27984,Visa,Shopping,Female,21695.57,Credit, RELIANCE ,Retail,Approved
s104512,2026-05-29, bengaluru ,C75992,MasterCard,Travel,Female,16796.98,Credit, SWIGGY ,Utilities,Approved
s104513,2026-04-16, pune ,C40739,RuPay,Fuel,Male,15521.62,Credit, IOCL ,Food,Declined
s104514,2026-06-23, mumbai ,C23839,Amex,Dining,Female,797.39,Credit, HPCL ,Travel,Declined
s104515,2026-03-03, bengaluru ,C88395,Amex,Utilities,Female,6546.73,Credit, HPCL ,Retail,Approved
s104516,2026-01-27, vizag ,C12984,RuPay,Utilities,Male,12836.61,UPI, IRCTC ,Utilities,Approved
s104517,2026-01-30, pune ,C79351,Amex,Fuel,Female,15033.83,NetBanking, SWIGGY ,Fuel,Approved
s104518,2026-06-27, mumbai ,C88990,MasterCard,Shopping,Male,15755.22,NetBanking, IOCL ,E-commerce,Declined
s104519,2026-03-10, bengaluru ,C55373,MasterCard,Shopping,Female,1423.63,NetBanking, DMART ,Fuel,Approved
s104520,2026-03-13, kolkata ,C84316,Amex,Travel,Female,5372.68,NetBanking, HPCL ,E-commerce,Declined
s104521,2026-05-31, vizag ,C44381,MasterCard,Groceries,Male,7523.17,UPI, DMART ,E-commerce,Approved
s104522,2026-06-13, pune ,C94418,Visa,Travel,Female,18488.04,UPI, AMAZON ,Retail,Approved
s104523,2026-05-31, delhi ,C94347,MasterCard,Fuel,Male,23517.08,Credit, AMAZON ,Utilities,Declined
s104524,2026-05-13, vizag ,C32261,Amex,Travel,Male,16344.74,UPI, IRCTC ,Utilities,Declined
s104525,2026-05-23, kolkata ,C27682,Visa,Groceries,Male,22773.48,NetBanking, SWIGGY ,E-commerce,Approved
s104526,2026-05-03, bengaluru ,C93283,Amex,Shopping,Male,14143.61,NetBanking, IOCL ,Travel,Declined
s104527,2026-03-19, bengaluru ,C74610,MasterCard,Groceries,Male,7445.39,Credit, ZOMATO ,E-commerce,Approved
s104528,2026-05-10, kolkata ,C25384,Amex,Travel,Female,10511.87,Credit, HPCL ,Retail,Declined
s104529,2026-02-13, kolkata ,C29874,Visa,Utilities,Female,23123.46,Credit, SWIGGY ,Utilities,Approved
s104530,2026-03-09, pune ,C31540,Visa,Travel,Female,11440.77,NetBanking, AMAZON ,Fuel,Declined
s104531,2026-03-15, bengaluru ,C99935,MasterCard,Travel,Female,12249.14,NetBanking, SWIGGY ,Retail,Approved
s104532,2026-01-05, pune ,C12130,Amex,Utilities,Male,8215.0,UPI, IRCTC ,Retail,Declined
s104533,2026-03-21, delhi ,C90183,MasterCard,Shopping,Female,16553.21,NetBanking, HPCL ,Fuel,Declined
s104534,2026-06-13, bengaluru ,C27499,Amex,Fuel,Male,5444.0,Credit, RELIANCE ,Utilities,Approved
s104535,2026-04-05, kolkata ,C27041,RuPay,Dining,Female,11903.22,Credit, IOCL ,Food,Declined
s104536,2026-02-28, hyderabad ,C41867,Visa,Dining,Male,2973.92,Credit, IOCL ,Retail,Declined
s104537,2026-03-13, chennai ,C18754,Amex,Utilities,Female,1769.4,UPI, IOCL ,E-commerce,Approved
s104538,2026-01-02, delhi ,C17466,MasterCard,Shopping,Male,10883.01,UPI, IOCL ,Food,Declined
s104539,2026-02-04, kolkata ,C14125,RuPay,Utilities,Female,13779.54,NetBanking, IRCTC ,Utilities,Declined
s104540,2026-01-31, hyderabad ,C37161,RuPay,Utilities,Female,14052.26,UPI, IRCTC ,Food,Declined
s104541,2026-06-11, vizag ,C40926,RuPay,Fuel,Female,7808.99,UPI, HPCL ,E-commerce,Declined
s104542,2026-06-02, chennai ,C84557,Visa,Groceries,Male,6264.02,NetBanking, ZOMATO ,Fuel,Declined
s104543,2026-01-08, delhi ,C36992,MasterCard,Fuel,Male,17742.54,UPI, AMAZON ,E-commerce,Declined
s104544,2026-03-25, kolkata ,C72780,MasterCard,Groceries,Female,24245.57,UPI, SWIGGY ,E-commerce,Declined
s104545,2026-01-28, vizag ,C52975,MasterCard,Travel,Female,18045.27,UPI, IRCTC ,Fuel,Declined
s104546,2026-01-05, chennai ,C10946,Visa,Travel,Male,14807.24,UPI, SWIGGY ,Retail,Declined
s104547,2026-06-16, chennai ,C48718,RuPay,Shopping,Female,3013.43,UPI, HPCL ,Food,Approved
s104548,2026-03-22, delhi ,C10883,Visa,Fuel,Male,12570.43,NetBanking, AMAZON ,E-commerce,Declined
s104549,2026-03-03, delhi ,C25937,MasterCard,Travel,Female,4775.57,NetBanking, AMAZON ,Food,Declined
s104550,2026-05-03, chennai ,C30710,RuPay,Groceries,Male,14410.74,UPI, ZOMATO ,Utilities,Declined
s104551,2026-06-11, chennai ,C31727,MasterCard,Fuel,Male,20107.4,Credit, ZOMATO ,E-commerce,Approved
s104552,2026-05-21, mumbai ,C38847,Amex,Fuel,Female,15418.09,Credit, AMAZON ,Retail,Approved
s104553,2026-02-10, chennai ,C46444,MasterCard,Dining,Male,2508.89,UPI, IRCTC ,Utilities,Approved
s104554,2026-03-13, bengaluru ,C75839,Visa,Shopping,Male,24280.17,UPI, HPCL ,Utilities,Declined
s104555,2026-01-17, pune ,C28061,MasterCard,Travel,Male,18145.76,Credit, IRCTC ,E-commerce,Approved
s104556,2026-03-07, mumbai ,C79363,Amex,Fuel,Male,11207.51,NetBanking, IRCTC ,E-commerce,Declined
s104557,2026-01-08, chennai ,C70924,RuPay,Shopping,Male,15200.75,NetBanking, IRCTC ,Retail,Declined
s104558,2026-02-13, vizag ,C49378,RuPay,Utilities,Male,8802.24,Credit, IOCL ,Retail,Declined
s104559,2026-02-03, hyderabad ,C45063,Amex,Dining,Male,5923.26,Credit, DMART ,Retail,Approved
s104560,2026-03-23, bengaluru ,C46539,RuPay,Utilities,Female,3375.8,UPI, ZOMATO ,Food,Approved
s104561,2026-01-08, bengaluru ,C26709,Amex,Groceries,Female,13393.5,UPI, SWIGGY ,Travel,Approved
s104562,2026-04-13, vizag ,C82174,RuPay,Utilities,Male,9303.24,NetBanking, DMART ,Fuel,Approved
s104563,2026-06-07, vizag ,C16329,Visa,Groceries,Male,9354.35,Credit, AMAZON ,Food,Approved
s104564,2026-04-26, chennai ,C85205,Amex,Travel,Male,4094.19,NetBanking, RELIANCE ,Retail,Approved
s104565,2026-02-19, delhi ,C33759,MasterCard,Groceries,Male,17388.76,Credit, HPCL ,Utilities,Approved
s104566,2026-06-29, bengaluru ,C33893,Amex,Shopping,Male,19128.78,Credit, IRCTC ,Travel,Approved
s104567,2026-02-19, vizag ,C43097,MasterCard,Dining,Male,20683.07,Credit, IRCTC ,Fuel,Approved
s104568,2026-05-04, hyderabad ,C12357,Amex,Dining,Male,15408.58,Credit, HPCL ,Utilities,Approved
s104569,2026-03-09, chennai ,C33968,Amex,Shopping,Male,22705.71,NetBanking, IOCL ,Retail,Approved
s104570,2026-05-02, pune ,C30075,MasterCard,Dining,Female,8621.08,NetBanking, HPCL ,E-commerce,Declined
s104571,2026-03-01, kolkata ,C54176,MasterCard,Utilities,Male,6632.13,NetBanking, HPCL ,E-commerce,Approved
s104572,2026-02-02, delhi ,C16388,RuPay,Travel,Female,21873.39,UPI, ZOMATO ,Fuel,Declined
s104573,2026-05-19, mumbai ,C61086,Amex,Shopping,Male,22666.2,Credit, SWIGGY ,Travel,Declined
s104574,2026-01-28, chennai ,C25834,Visa,Dining,Female,12032.39,NetBanking, DMART ,Utilities,Approved
s104575,2026-04-19, kolkata ,C99341,Visa,Dining,Male,2313.34,Credit, IOCL ,Retail,Declined
s104576,2026-02-27, hyderabad ,C10238,RuPay,Utilities,Female,8964.06,Credit, RELIANCE ,Fuel,Declined
s104577,2026-05-13, chennai ,C83121,Visa,Dining,Female,5850.61,NetBanking, SWIGGY ,Fuel,Approved
s104578,2026-05-08, bengaluru ,C94392,Amex,Shopping,Male,1676.04,Credit, ZOMATO ,E-commerce,Declined
s104579,2026-04-21, mumbai ,C24546,RuPay,Shopping,Male,7213.2,Credit, SWIGGY ,Travel,Declined
s104580,2026-01-13, bengaluru ,C74789,Amex,Travel,Male,7355.7,Credit, HPCL ,Travel,Declined
s104581,2026-06-09, delhi ,C51732,RuPay,Groceries,Male,14634.38,Credit, HPCL ,Food,Approved
s104582,2026-06-25, mumbai ,C82280,Visa,Fuel,Female,10280.51,UPI, HPCL ,Travel,Approved
s104583,2026-05-18, chennai ,C83071,MasterCard,Travel,Female,13519.19,UPI, ZOMATO ,Travel,Declined
s104584,2026-01-05, delhi ,C24295,RuPay,Shopping,Female,16179.48,Credit, SWIGGY ,Fuel,Approved
s104585,2026-04-08, hyderabad ,C62438,Amex,Utilities,Male,22146.56,NetBanking, SWIGGY ,Fuel,Approved
s104586,2026-06-06, chennai ,C35322,Visa,Shopping,Male,279.58,NetBanking, AMAZON ,Travel,Declined
s104587,2026-05-20, delhi ,C15819,RuPay,Fuel,Female,22059.85,Credit, SWIGGY ,Food,Declined
s104588,2026-05-06, vizag ,C84207,Amex,Shopping,Male,10568.55,UPI, RELIANCE ,Travel,Declined
s104589,2026-05-13, mumbai ,C19464,RuPay,Fuel,Male,17170.35,UPI, DMART ,Travel,Declined
s104590,2026-02-14, vizag ,C14519,MasterCard,Shopping,Male,14773.66,UPI, IRCTC ,Travel,Approved
s104591,2026-02-28, kolkata ,C28396,MasterCard,Shopping,Female,12297.6,UPI, AMAZON ,Food,Approved
s104592,2026-05-03, mumbai ,C32794,RuPay,Travel,Female,14415.4,Credit, SWIGGY ,E-commerce,Declined
s104593,2026-04-03, kolkata ,C30958,MasterCard,Shopping,Male,4999.04,UPI, HPCL ,Food,Declined
s104594,2026-03-04, delhi ,C98271,Visa,Utilities,Female,9470.02,UPI, DMART ,Food,Approved
s104595,2026-01-18, kolkata ,C49106,RuPay,Groceries,Female,5329.61,Credit, AMAZON ,E-commerce,Approved
s104596,2026-02-23, delhi ,C39749,Amex,Shopping,Female,22202.85,UPI, ZOMATO ,Fuel,Declined
s104597,2026-03-07, pune ,C16772,Visa,Travel,Male,2784.34,UPI, IOCL ,Food,Declined
s104598,2026-02-05, hyderabad ,C10696,MasterCard,Travel,Female,24886.06,Credit, DMART ,Travel,Approved
s104599,2026-06-05, chennai ,C62802,RuPay,Travel,Male,13965.92,UPI, DMART ,E-commerce,Declined
s104600,2026-05-01, chennai ,C47601,Visa,Utilities,Male,539.51,NetBanking, SWIGGY ,Food,Declined
s104601,2026-05-21, vizag ,C78897,Amex,Travel,Female,10851.39,UPI, DMART ,Fuel,Approved
s104602,2026-02-07, kolkata ,C34914,MasterCard,Dining,Male,24708.61,Credit, RELIANCE ,Fuel,Approved
s104603,2026-06-14, mumbai ,C76734,Visa,Utilities,Female,2841.24,NetBanking, IRCTC ,Food,Declined
s104604,2026-06-07, vizag ,C10592,Amex,Groceries,Male,14459.07,UPI, HPCL ,Travel,Declined
s104605,2026-05-29, mumbai ,C26182,Amex,Utilities,Female,6270.2,Credit, HPCL ,E-commerce,Declined
s104606,2026-01-31, vizag ,C32791,MasterCard,Groceries,Male,585.91,NetBanking, IOCL ,Food,Approved
s104607,2026-05-15, pune ,C37378,Amex,Utilities,Male,13263.85,Credit, SWIGGY ,Fuel,Declined
s104608,2026-02-15, mumbai ,C92016,RuPay,Utilities,Male,16396.88,Credit, DMART ,Food,Declined
s104609,2026-04-17, kolkata ,C94767,Amex,Fuel,Male,6978.23,NetBanking, RELIANCE ,Fuel,Declined
s104610,2026-02-02, delhi ,C79769,MasterCard,Shopping,Male,4675.04,UPI, IRCTC ,Retail,Approved
s104611,2026-06-27, vizag ,C24271,Visa,Travel,Male,5266.78,NetBanking, ZOMATO ,Utilities,Declined
s104612,2026-05-13, bengaluru ,C47321,Visa,Shopping,Male,4575.32,Credit, ZOMATO ,Utilities,Declined
s104613,2026-01-04, pune ,C77525,MasterCard,Dining,Male,7089.84,UPI, DMART ,Utilities,Declined
s104614,2026-06-27, hyderabad ,C55646,Amex,Groceries,Male,7480.58,Credit, SWIGGY ,Travel,Declined
s104615,2026-02-16, pune ,C29543,Amex,Travel,Female,9819.93,Credit, IOCL ,Food,Approved
s104616,2026-04-15, mumbai ,C42632,RuPay,Utilities,Female,13209.61,Credit, IOCL ,Utilities,Declined
s104617,2026-03-03, hyderabad ,C85261,RuPay,Utilities,Female,21108.84,UPI, ZOMATO ,E-commerce,Approved
s104618,2026-04-24, kolkata ,C96468,RuPay,Utilities,Female,12888.77,Credit, IRCTC ,Retail,Approved
s104619,2026-01-02, vizag ,C49374,Amex,Groceries,Female,14319.38,Credit, AMAZON ,Travel,Approved
s104620,2026-04-17, mumbai ,C57960,Amex,Dining,Female,9955.14,Credit, IOCL ,E-commerce,Declined
s104621,2026-03-06, hyderabad ,C58812,MasterCard,Dining,Female,11107.87,Credit, SWIGGY ,E-commerce,Declined
s104622,2026-01-30, hyderabad ,C62244,Visa,Groceries,Female,3665.65,Credit, IOCL ,E-commerce,Declined
s104623,2026-04-25, mumbai ,C45485,Visa,Utilities,Male,1691.79,UPI, ZOMATO ,E-commerce,Declined
s104624,2026-03-28, vizag ,C84598,RuPay,Dining,Male,8688.24,Credit, HPCL ,Retail,Declined
s104625,2026-04-23, bengaluru ,C25699,MasterCard,Utilities,Female,21956.85,Credit, ZOMATO ,E-commerce,Approved
s104626,2026-04-06, mumbai ,C31274,MasterCard,Fuel,Female,16016.06,NetBanking, SWIGGY ,Utilities,Approved
s104627,2026-04-25, mumbai ,C72402,Visa,Travel,Female,17231.76,Credit, SWIGGY ,E-commerce,Approved
s104628,2026-01-11, chennai ,C18392,Visa,Utilities,Male,16199.68,NetBanking, IRCTC ,Utilities,Declined
s104629,2026-05-12, kolkata ,C34641,RuPay,Travel,Female,20717.01,NetBanking, HPCL ,Utilities,Declined
s104630,2026-03-08, mumbai ,C92157,Amex,Groceries,Female,22723.62,Credit, RELIANCE ,Travel,Approved
s104631,2026-01-25, bengaluru ,C25613,Amex,Shopping,Female,17912.75,Credit, IOCL ,Food,Declined
s104632,2026-03-11, hyderabad ,C94116,Visa,Fuel,Female,5010.18,UPI, ZOMATO ,Retail,Declined
s104633,2026-05-14, delhi ,C21117,Amex,Utilities,Male,7987.13,NetBanking, AMAZON ,E-commerce,Approved
s104634,2026-04-03, delhi ,C78721,Visa,Groceries,Female,17064.67,NetBanking, ZOMATO ,Food,Declined
s104635,2026-04-16, pune ,C63687,Amex,Dining,Male,5036.6,NetBanking, AMAZON ,Retail,Declined
s104636,2026-03-07, mumbai ,C71403,MasterCard,Fuel,Female,11271.26,NetBanking, HPCL ,Travel,Approved
s104637,2026-06-23, delhi ,C62113,RuPay,Dining,Male,17492.16,UPI, RELIANCE ,Travel,Approved
s104638,2026-01-09, delhi ,C81662,MasterCard,Shopping,Male,1946.75,UPI, SWIGGY ,Travel,Declined
s104639,2026-04-21, kolkata ,C62848,MasterCard,Dining,Female,22700.31,NetBanking, HPCL ,Retail,Approved
s104640,2026-01-27, chennai ,C37261,Visa,Utilities,Female,15683.93,UPI, IOCL ,Retail,Declined
s104641,2026-05-27, vizag ,C87973,RuPay,Travel,Male,17432.73,Credit, IOCL ,Travel,Declined
s104642,2026-06-15, chennai ,C25687,Amex,Dining,Female,18222.04,NetBanking, IOCL ,Utilities,Approved
s104643,2026-06-30, bengaluru ,C32095,RuPay,Fuel,Male,23233.87,Credit, HPCL ,Food,Approved
s104644,2026-05-07, hyderabad ,C85221,RuPay,Fuel,Female,24069.75,NetBanking, SWIGGY ,E-commerce,Declined
s104645,2026-06-23, bengaluru ,C57751,Amex,Utilities,Male,20473.2,Credit, ZOMATO ,Food,Approved
s104646,2026-06-04, hyderabad ,C66482,MasterCard,Utilities,Male,19447.29,Credit, AMAZON ,Food,Declined
s104647,2026-01-29, bengaluru ,C66088,Visa,Utilities,Male,2454.12,Credit, IRCTC ,Utilities,Declined
s104648,2026-04-05, chennai ,C66170,Visa,Utilities,Male,10703.64,Credit, SWIGGY ,E-commerce,Declined
s104649,2026-05-30, chennai ,C96237,Visa,Utilities,Female,4877.59,Credit, DMART ,Travel,Approved
s104650,2026-04-16, vizag ,C90083,MasterCard,Dining,Female,22349.48,Credit, HPCL ,E-commerce,Approved
s104651,2026-01-20, bengaluru ,C35711,Amex,Fuel,Male,20738.71,UPI, AMAZON ,Fuel,Approved
s104652,2026-05-30, vizag ,C24515,RuPay,Groceries,Female,12595.51,UPI, DMART ,Retail,Declined
s104653,2026-06-11, hyderabad ,C79823,MasterCard,Shopping,Female,22763.89,NetBanking, HPCL ,Utilities,Approved
s104654,2026-02-23, delhi ,C91914,RuPay,Travel,Male,3903.48,UPI, HPCL ,Food,Declined
s104655,2026-01-02, hyderabad ,C70903,RuPay,Travel,Male,7206.07,Credit, IRCTC ,Utilities,Declined
s104656,2026-04-29, bengaluru ,C86347,Visa,Travel,Female,20643.73,Credit, HPCL ,Fuel,Approved
s104657,2026-06-19, chennai ,C21136,RuPay,Travel,Female,1139.41,NetBanking, HPCL ,Travel,Approved
s104658,2026-05-12, chennai ,C63406,Visa,Shopping,Male,22795.24,UPI, RELIANCE ,Food,Approved
s104659,2026-03-15, vizag ,C19970,Visa,Dining,Female,17768.09,UPI, RELIANCE ,Travel,Approved
s104660,2026-03-18, kolkata ,C55567,MasterCard,Utilities,Female,21752.25,NetBanking, IOCL ,Retail,Approved
s104661,2026-04-23, vizag ,C71017,Visa,Shopping,Male,5893.81,NetBanking, IOCL ,E-commerce,Approved
s104662,2026-01-24, chennai ,C63809,MasterCard,Travel,Male,5458.97,Credit, IOCL ,Food,Approved
s104663,2026-01-12, pune ,C97924,Amex,Utilities,Female,24785.93,NetBanking, SWIGGY ,Travel,Approved
s104664,2026-01-26, bengaluru ,C13760,MasterCard,Shopping,Male,5240.83,UPI, SWIGGY ,E-commerce,Declined
s104665,2026-03-21, bengaluru ,C90908,MasterCard,Shopping,Female,21739.41,Credit, DMART ,Fuel,Declined
s104666,2026-05-25, vizag ,C80476,Visa,Fuel,Male,20815.01,Credit, HPCL ,Fuel,Declined
s104667,2026-06-10, chennai ,C19774,Visa,Dining,Male,10250.1,Credit, IOCL ,Retail,Declined
s104668,2026-01-06, chennai ,C99303,Amex,Fuel,Male,20660.67,NetBanking, IOCL ,Utilities,Approved
s104669,2026-03-17, vizag ,C28387,RuPay,Shopping,Female,20609.09,Credit, IOCL ,Fuel,Declined
s104670,2026-02-24, hyderabad ,C28511,Visa,Utilities,Male,5285.62,NetBanking, ZOMATO ,Travel,Approved
s104671,2026-03-01, mumbai ,C77214,RuPay,Fuel,Male,11531.5,UPI, AMAZON ,Retail,Declined
s104672,2026-03-19, bengaluru ,C57398,Amex,Travel,Male,24864.29,NetBanking, AMAZON ,Travel,Declined
s104673,2026-03-19, pune ,C93539,MasterCard,Dining,Female,1610.98,NetBanking, AMAZON ,Food,Declined
s104674,2026-04-28, mumbai ,C37963,Visa,Dining,Female,9197.71,UPI, IOCL ,Retail,Approved
s104675,2026-02-06, kolkata ,C22558,MasterCard,Dining,Male,9944.79,Credit, IRCTC ,Retail,Declined
s104676,2026-05-24, vizag ,C91975,MasterCard,Travel,Female,736.61,Credit, HPCL ,E-commerce,Approved
s104677,2026-04-21, bengaluru ,C69160,RuPay,Fuel,Female,20404.25,UPI, DMART ,Utilities,Declined
s104678,2026-05-22, vizag ,C36639,Visa,Travel,Female,20328.29,Credit, AMAZON ,Travel,Declined
s104679,2026-04-04, vizag ,C57796,MasterCard,Fuel,Female,16098.46,Credit, DMART ,Food,Approved
s104680,2026-01-28, hyderabad ,C61410,RuPay,Shopping,Male,13267.0,Credit, HPCL ,Food,Approved
s104681,2026-05-20, chennai ,C77573,Amex,Travel,Female,20193.64,Credit, RELIANCE ,Utilities,Approved
s104682,2026-03-10, delhi ,C89777,RuPay,Shopping,Female,1551.22,NetBanking, IRCTC ,Travel,Declined
s104683,2026-04-26, delhi ,C93884,RuPay,Shopping,Female,17454.45,UPI, AMAZON ,Fuel,Approved
s104684,2026-06-16, kolkata ,C97136,MasterCard,Dining,Female,4397.07,UPI, HPCL ,Utilities,Approved
s104685,2026-03-10, chennai ,C69211,Amex,Dining,Male,18131.79,Credit, HPCL ,Fuel,Approved
s104686,2026-04-08, bengaluru ,C35978,Visa,Dining,Male,20538.11,Credit, AMAZON ,E-commerce,Declined
s104687,2026-05-11, pune ,C52566,Amex,Dining,Female,11443.83,Credit, AMAZON ,Food,Approved
s104688,2026-06-11, chennai ,C16054,Visa,Groceries,Male,17200.24,UPI, DMART ,Retail,Declined
s104689,2026-03-14, kolkata ,C10607,Visa,Utilities,Male,6076.1,UPI, ZOMATO ,Utilities,Approved
s104690,2026-04-11, bengaluru ,C84312,Visa,Shopping,Female,20295.43,UPI, HPCL ,Travel,Declined
s104691,2026-04-26, bengaluru ,C84331,RuPay,Dining,Male,3706.56,Credit, IRCTC ,Food,Approved
s104692,2026-01-10, bengaluru ,C20745,Visa,Dining,Female,5021.65,UPI, HPCL ,Travel,Declined
s104693,2026-04-18, chennai ,C83167,RuPay,Fuel,Female,2726.04,NetBanking, IRCTC ,Utilities,Approved
s104694,2026-05-09, mumbai ,C85361,Amex,Dining,Female,23223.11,NetBanking, HPCL ,Retail,Declined
s104695,2026-03-07, hyderabad ,C70892,Visa,Travel,Male,13928.1,NetBanking, DMART ,Food,Approved
s104696,2026-01-24, pune ,C30110,MasterCard,Shopping,Male,5705.37,NetBanking, DMART ,Travel,Approved
s104697,2026-01-02, delhi ,C94624,Amex,Shopping,Female,2776.25,UPI, IOCL ,E-commerce,Approved
s104698,2026-02-17, hyderabad ,C65735,Amex,Utilities,Female,1950.58,UPI, ZOMATO ,Utilities,Declined
s104699,2026-04-12, pune ,C11873,RuPay,Utilities,Female,11107.82,UPI, ZOMATO ,E-commerce,Declined
s104700,2026-04-22, hyderabad ,C55011,Amex,Groceries,Male,9502.51,UPI, HPCL ,Travel,Approved
s104701,2026-01-01, chennai ,C83927,Visa,Dining,Female,12076.77,NetBanking, SWIGGY ,Utilities,Declined
s104702,2026-02-10, mumbai ,C52452,Visa,Fuel,Male,16428.96,Credit, RELIANCE ,Travel,Declined
s104703,2026-03-29, bengaluru ,C87935,RuPay,Utilities,Male,21937.82,UPI, DMART ,E-commerce,Approved
s104704,2026-01-20, pune ,C25979,Amex,Dining,Female,12567.67,NetBanking, RELIANCE ,Retail,Declined
s104705,2026-04-03, bengaluru ,C38825,RuPay,Groceries,Male,11525.01,NetBanking, RELIANCE ,Retail,Declined
s104706,2026-01-21, delhi ,C15779,MasterCard,Shopping,Male,15306.35,NetBanking, HPCL ,Fuel,Declined
s104707,2026-05-11, pune ,C18229,RuPay,Utilities,Female,6249.65,NetBanking, ZOMATO ,Retail,Approved
s104708,2026-05-16, kolkata ,C59685,RuPay,Utilities,Female,625.31,NetBanking, IOCL ,Retail,Declined
s104709,2026-04-29, delhi ,C38597,MasterCard,Shopping,Female,16372.87,UPI, IOCL ,Travel,Approved
s104710,2026-02-06, mumbai ,C19736,RuPay,Travel,Male,13372.03,Credit, HPCL ,Retail,Approved
s104711,2026-04-03, hyderabad ,C34834,Amex,Groceries,Female,12594.11,NetBanking, IOCL ,Retail,Approved
s104712,2026-06-24, kolkata ,C48665,RuPay,Dining,Male,11713.6,UPI, SWIGGY ,Utilities,Approved
s104713,2026-01-22, mumbai ,C60629,Amex,Groceries,Male,1494.37,UPI, IRCTC ,Retail,Declined
s104714,2026-01-08, kolkata ,C63122,Visa,Groceries,Female,8582.46,UPI, ZOMATO ,Travel,Approved
s104715,2026-03-31, mumbai ,C42298,Amex,Shopping,Male,18879.15,Credit, AMAZON ,Utilities,Approved
s104716,2026-04-22, pune ,C72486,Amex,Groceries,Male,679.03,UPI, SWIGGY ,Travel,Approved
s104717,2026-01-13, pune ,C22696,MasterCard,Groceries,Male,10082.49,NetBanking, HPCL ,E-commerce,Declined
s104718,2026-06-19, bengaluru ,C55455,MasterCard,Fuel,Male,9474.93,UPI, HPCL ,Travel,Approved
s104719,2026-06-17, pune ,C92735,Amex,Travel,Female,21489.89,UPI, DMART ,Travel,Declined
s104720,2026-03-06, hyderabad ,C75647,Amex,Dining,Male,2170.86,NetBanking, SWIGGY ,Fuel,Declined
s104721,2026-06-06, mumbai ,C54636,MasterCard,Dining,Male,24640.51,Credit, IRCTC ,Fuel,Declined
s104722,2026-03-19, vizag ,C23013,Amex,Travel,Female,8747.18,UPI, AMAZON ,Retail,Approved
s104723,2026-01-11, pune ,C37234,MasterCard,Fuel,Female,7153.41,NetBanking, AMAZON ,Food,Declined
s104724,2026-04-05, bengaluru ,C48139,Amex,Dining,Female,17185.52,NetBanking, AMAZON ,Utilities,Approved
s104725,2026-05-03, delhi ,C85312,MasterCard,Shopping,Male,11624.51,UPI, ZOMATO ,Food,Approved
s104726,2026-05-09, delhi ,C73008,Visa,Dining,Female,11304.29,Credit, AMAZON ,Travel,Approved
s104727,2026-04-01, chennai ,C70820,Amex,Shopping,Female,14609.53,UPI, IRCTC ,Utilities,Declined
s104728,2026-06-17, bengaluru ,C17164,Amex,Travel,Female,5690.63,Credit, RELIANCE ,E-commerce,Approved
s104729,2026-03-08, hyderabad ,C21118,RuPay,Fuel,Female,17707.15,UPI, RELIANCE ,Retail,Approved
s104730,2026-04-05, kolkata ,C13534,RuPay,Groceries,Female,19346.05,Credit, SWIGGY ,Fuel,Declined
s104731,2026-03-24, delhi ,C77575,MasterCard,Shopping,Female,12998.73,UPI, DMART ,Retail,Declined
s104732,2026-03-03, delhi ,C30684,Amex,Dining,Male,6759.72,UPI, DMART ,Utilities,Declined
s104733,2026-01-08, chennai ,C82845,Amex,Dining,Male,17069.14,NetBanking, RELIANCE ,Fuel,Approved
s104734,2026-01-27, pune ,C42803,RuPay,Fuel,Male,18442.48,Credit, DMART ,Travel,Approved
s104735,2026-06-26, pune ,C17686,MasterCard,Fuel,Male,18180.35,NetBanking, SWIGGY ,Food,Declined
s104736,2026-06-28, bengaluru ,C75237,MasterCard,Fuel,Male,8630.72,Credit, SWIGGY ,Utilities,Declined
s104737,2026-06-28, kolkata ,C71826,MasterCard,Utilities,Female,13261.79,Credit, DMART ,E-commerce,Declined
s104738,2026-01-19, delhi ,C54765,Visa,Dining,Female,14695.04,UPI, SWIGGY ,Utilities,Declined
s104739,2026-02-21, pune ,C21109,Visa,Travel,Male,2480.09,Credit, SWIGGY ,Fuel,Declined
s104740,2026-02-24, mumbai ,C18445,MasterCard,Utilities,Female,9387.41,UPI, DMART ,Utilities,Declined
s104741,2026-06-16, delhi ,C41044,Amex,Travel,Female,5603.57,Credit, RELIANCE ,Food,Approved
s104742,2026-02-19, vizag ,C88604,Visa,Shopping,Male,24366.36,UPI, AMAZON ,Utilities,Approved
s104743,2026-06-20, chennai ,C66082,Amex,Travel,Male,13542.14,Credit, IOCL ,Travel,Approved
s104744,2026-03-05, bengaluru ,C30240,MasterCard,Travel,Male,470.54,NetBanking, SWIGGY ,Fuel,Declined
s104745,2026-05-10, pune ,C66666,RuPay,Utilities,Female,16788.64,Credit, IRCTC ,Retail,Approved
s104746,2026-01-15, vizag ,C19337,Visa,Shopping,Female,3781.02,UPI, ZOMATO ,Fuel,Approved
s104747,2026-05-20, delhi ,C75905,Visa,Travel,Male,20763.31,NetBanking, DMART ,Fuel,Approved
s104748,2026-05-30, chennai ,C32639,Visa,Travel,Male,9991.42,NetBanking, SWIGGY ,Utilities,Declined
s104749,2026-06-26, kolkata ,C44259,Visa,Dining,Male,2089.68,UPI, DMART ,E-commerce,Declined
s104750,2026-05-18, mumbai ,C50190,Amex,Fuel,Female,8829.71,UPI, IRCTC ,Travel,Declined
s104751,2026-02-06, delhi ,C39919,Amex,Shopping,Male,2097.86,Credit, IRCTC ,Fuel,Declined
s104752,2026-05-29, vizag ,C11140,Visa,Travel,Male,13630.74,UPI, IRCTC ,Retail,Approved
s104753,2026-05-02, pune ,C70631,RuPay,Fuel,Female,20538.64,NetBanking, IOCL ,Fuel,Declined
s104754,2026-03-12, kolkata ,C11786,Amex,Dining,Male,4986.39,NetBanking, SWIGGY ,Travel,Declined
s104755,2026-04-22, bengaluru ,C24726,Visa,Groceries,Male,8937.8,UPI, SWIGGY ,Food,Declined
s104756,2026-05-19, delhi ,C21389,MasterCard,Utilities,Male,10692.23,UPI, DMART ,Food,Approved
s104757,2026-02-14, pune ,C77322,Amex,Travel,Male,12232.37,Credit, ZOMATO ,Food,Approved
s104758,2026-01-29, kolkata ,C95493,MasterCard,Shopping,Female,5574.23,UPI, IOCL ,Travel,Approved
s104759,2026-01-21, chennai ,C97118,MasterCard,Dining,Female,11265.92,Credit, HPCL ,Travel,Approved
s104760,2026-04-13, chennai ,C23553,RuPay,Groceries,Female,23949.44,Credit, DMART ,Fuel,Declined
s104761,2026-03-28, kolkata ,C83871,RuPay,Travel,Female,11288.44,Credit, HPCL ,Travel,Approved
s104762,2026-04-13, bengaluru ,C45651,MasterCard,Groceries,Male,11049.81,NetBanking, RELIANCE ,Food,Approved
s104763,2026-01-09, vizag ,C29904,MasterCard,Utilities,Male,11463.77,UPI, IRCTC ,Travel,Approved
s104764,2026-01-02, chennai ,C66193,MasterCard,Travel,Female,20438.65,UPI, AMAZON ,Utilities,Declined
s104765,2026-01-26, delhi ,C93732,Visa,Groceries,Male,19074.64,Credit, DMART ,Travel,Declined
s104766,2026-02-23, mumbai ,C24467,Amex,Fuel,Female,6100.52,NetBanking, AMAZON ,Fuel,Approved
s104767,2026-01-13, chennai ,C31088,MasterCard,Dining,Female,15137.94,UPI, SWIGGY ,Retail,Approved
s104768,2026-02-14, hyderabad ,C86903,MasterCard,Groceries,Female,24991.0,Credit, HPCL ,E-commerce,Approved
s104769,2026-04-04, delhi ,C77484,Visa,Dining,Male,23655.72,NetBanking, IRCTC ,E-commerce,Declined
s104770,2026-03-07, hyderabad ,C72787,Amex,Fuel,Male,8048.28,Credit, AMAZON ,Travel,Approved
s104771,2026-05-15, pune ,C33765,Amex,Shopping,Male,6709.51,Credit, RELIANCE ,Utilities,Declined
s104772,2026-01-07, delhi ,C42147,Visa,Dining,Male,1066.74,Credit, RELIANCE ,Retail,Approved
s104773,2026-02-01, hyderabad ,C91876,MasterCard,Shopping,Female,13382.69,Credit, RELIANCE ,Utilities,Declined
s104774,2026-04-10, pune ,C61197,MasterCard,Travel,Female,3880.33,Credit, DMART ,Retail,Approved
s104775,2026-04-19, chennai ,C91595,Amex,Utilities,Female,24564.9,NetBanking, IOCL ,Travel,Declined
s104776,2026-01-19, delhi ,C94722,RuPay,Shopping,Female,7076.1,UPI, RELIANCE ,Retail,Declined
s104777,2026-04-12, hyderabad ,C21980,Amex,Shopping,Female,6167.38,Credit, IRCTC ,Food,Approved
s104778,2026-03-10, hyderabad ,C68630,MasterCard,Shopping,Male,2783.06,Credit, RELIANCE ,Fuel,Declined
s104779,2026-05-23, mumbai ,C51239,Visa,Groceries,Male,16157.39,NetBanking, RELIANCE ,Travel,Declined
s104780,2026-03-04, delhi ,C49572,MasterCard,Fuel,Male,3080.65,UPI, AMAZON ,Fuel,Approved
s104781,2026-04-29, mumbai ,C86157,Amex,Shopping,Male,22137.43,NetBanking, RELIANCE ,Fuel,Declined
s104782,2026-01-06, hyderabad ,C73052,Amex,Groceries,Female,14469.55,UPI, RELIANCE ,E-commerce,Declined
s104783,2026-06-03, chennai ,C60553,Visa,Utilities,Female,4183.79,Credit, SWIGGY ,Utilities,Declined
s104784,2026-06-26, vizag ,C54340,Amex,Utilities,Male,9991.38,Credit, IRCTC ,E-commerce,Approved
s104785,2026-02-21, mumbai ,C80915,MasterCard,Utilities,Female,9562.51,Credit, IRCTC ,Food,Approved
s104786,2026-02-04, chennai ,C17801,Visa,Travel,Female,17287.14,UPI, HPCL ,Travel,Approved
s104787,2026-01-05, bengaluru ,C79105,Amex,Fuel,Male,16430.66,Credit, SWIGGY ,Travel,Declined
s104788,2026-03-23, delhi ,C47020,Amex,Shopping,Male,17271.72,UPI, RELIANCE ,Retail,Declined
s104789,2026-02-11, hyderabad ,C49788,MasterCard,Shopping,Male,23950.83,Credit, RELIANCE ,E-commerce,Declined
s104790,2026-04-04, pune ,C65134,Amex,Travel,Female,20970.25,UPI, HPCL ,Utilities,Declined
s104791,2026-02-08, hyderabad ,C10459,Visa,Travel,Male,24048.25,NetBanking, AMAZON ,Travel,Declined
s104792,2026-05-18, pune ,C46288,MasterCard,Shopping,Female,4639.32,Credit, ZOMATO ,Fuel,Approved
s104793,2026-06-22, chennai ,C28850,RuPay,Groceries,Female,14881.52,Credit, IOCL ,Food,Declined
s104794,2026-01-17, kolkata ,C14023,Visa,Fuel,Female,15543.87,NetBanking, ZOMATO ,E-commerce,Declined
s104795,2026-03-08, bengaluru ,C57128,Amex,Shopping,Female,10195.66,Credit, ZOMATO ,Food,Approved
s104796,2026-01-28, vizag ,C78061,RuPay,Fuel,Male,17675.62,NetBanking, IOCL ,Utilities,Declined
s104797,2026-06-25, kolkata ,C51012,RuPay,Groceries,Female,4825.16,NetBanking, AMAZON ,Travel,Approved
s104798,2026-02-21, delhi ,C37942,MasterCard,Dining,Female,16222.01,NetBanking, RELIANCE ,Food,Declined
s104799,2026-05-10, bengaluru ,C56013,Visa,Utilities,Female,1352.3,Credit, RELIANCE ,Fuel,Approved
s104800,2026-05-05, vizag ,C64549,RuPay,Shopping,Male,22808.3,Credit, HPCL ,Utilities,Approved
s104801,2026-05-08, mumbai ,C58787,Amex,Dining,Female,3622.98,Credit, ZOMATO ,Fuel,Declined
s104802,2026-05-26, bengaluru ,C53559,Visa,Groceries,Male,14248.19,Credit, IRCTC ,Food,Approved
s104803,2026-02-12, mumbai ,C74601,Visa,Fuel,Male,3842.25,Credit, IOCL ,Retail,Declined
s104804,2026-06-12, mumbai ,C54847,RuPay,Travel,Male,6564.28,UPI, RELIANCE ,Travel,Declined
s104805,2026-05-29, delhi ,C24334,MasterCard,Groceries,Male,19180.56,NetBanking, ZOMATO ,Utilities,Approved
s104806,2026-02-14, vizag ,C46091,RuPay,Fuel,Female,17621.37,Credit, IOCL ,Food,Approved
s104807,2026-04-29, hyderabad ,C39748,MasterCard,Shopping,Female,17899.4,UPI, IOCL ,Food,Approved
s104808,2026-02-14, chennai ,C35388,Amex,Groceries,Male,22885.72,Credit, IRCTC ,Utilities,Approved
s104809,2026-04-30, pune ,C13054,RuPay,Utilities,Female,1509.4,UPI, IOCL ,E-commerce,Declined
s104810,2026-05-25, hyderabad ,C32564,Visa,Dining,Male,4105.63,NetBanking, DMART ,Food,Approved
s104811,2026-03-20, hyderabad ,C26291,MasterCard,Dining,Female,1406.68,Credit, DMART ,Travel,Declined
s104812,2026-05-20, mumbai ,C50503,MasterCard,Travel,Female,2600.37,NetBanking, DMART ,Retail,Declined
s104813,2026-06-17, bengaluru ,C35391,RuPay,Utilities,Male,20740.38,NetBanking, SWIGGY ,Food,Approved
s104814,2026-04-19, chennai ,C10582,MasterCard,Dining,Male,11160.48,Credit, ZOMATO ,Food,Approved
s104815,2026-03-10, hyderabad ,C63021,MasterCard,Travel,Female,3093.64,Credit, IRCTC ,Travel,Approved
s104816,2026-04-29, mumbai ,C54382,RuPay,Dining,Male,7831.95,UPI, IRCTC ,Food,Declined
s104817,2026-06-15, mumbai ,C18735,MasterCard,Fuel,Male,13599.51,NetBanking, ZOMATO ,Food,Approved
s104818,2026-03-21, bengaluru ,C74690,Amex,Travel,Female,16538.62,NetBanking, SWIGGY ,E-commerce,Declined
s104819,2026-05-01, vizag ,C58414,MasterCard,Groceries,Male,10733.94,NetBanking, IOCL ,Travel,Declined
s104820,2026-01-12, chennai ,C66180,Visa,Fuel,Female,13731.63,UPI, HPCL ,Travel,Approved
s104821,2026-04-16, delhi ,C60051,Visa,Travel,Female,18815.57,NetBanking, IOCL ,Retail,Declined
s104822,2026-06-30, delhi ,C21210,RuPay,Groceries,Male,7890.91,NetBanking, IOCL ,Retail,Declined
s104823,2026-04-29, chennai ,C59098,MasterCard,Utilities,Male,17908.56,NetBanking, DMART ,Utilities,Declined
s104824,2026-04-22, kolkata ,C78868,RuPay,Fuel,Male,21082.84,UPI, IRCTC ,Fuel,Approved
s104825,2026-05-15, kolkata ,C87149,RuPay,Utilities,Male,16288.54,Credit, HPCL ,Travel,Approved
s104826,2026-02-10, pune ,C52959,MasterCard,Shopping,Female,17655.37,NetBanking, AMAZON ,Retail,Declined
s104827,2026-02-25, chennai ,C44901,RuPay,Travel,Female,10298.37,NetBanking, IRCTC ,Retail,Declined
s104828,2026-01-24, kolkata ,C62016,Visa,Dining,Female,4779.31,UPI, IOCL ,Food,Approved
s104829,2026-04-29, kolkata ,C81364,Amex,Dining,Male,15118.22,NetBanking, HPCL ,E-commerce,Approved
s104830,2026-02-17, hyderabad ,C89544,MasterCard,Groceries,Male,23652.92,NetBanking, IOCL ,Food,Declined
s104831,2026-02-14, chennai ,C72932,Amex,Dining,Male,5649.26,Credit, RELIANCE ,Fuel,Approved
s104832,2026-04-29, pune ,C98320,Amex,Shopping,Male,13934.41,NetBanking, DMART ,Fuel,Declined
s104833,2026-03-24, vizag ,C68408,RuPay,Travel,Female,9689.83,NetBanking, IOCL ,E-commerce,Approved
s104834,2026-01-27, kolkata ,C89718,MasterCard,Fuel,Male,15319.51,NetBanking, IRCTC ,Utilities,Approved
s104835,2026-06-02, chennai ,C47965,RuPay,Fuel,Male,7763.27,UPI, HPCL ,Utilities,Approved
s104836,2026-05-14, mumbai ,C67015,Visa,Dining,Male,4151.93,UPI, AMAZON ,E-commerce,Approved
s104837,2026-04-14, bengaluru ,C66722,Amex,Shopping,Female,5449.28,UPI, IRCTC ,Retail,Declined
s104838,2026-01-16, kolkata ,C96271,RuPay,Dining,Male,825.11,Credit, ZOMATO ,Travel,Approved
s104839,2026-04-12, kolkata ,C10921,Amex,Groceries,Female,8201.76,Credit, AMAZON ,Fuel,Approved
s104840,2026-04-22, kolkata ,C95762,RuPay,Utilities,Male,21133.08,UPI, AMAZON ,Food,Declined
s104841,2026-04-04, kolkata ,C73015,MasterCard,Shopping,Female,11507.13,Credit, HPCL ,E-commerce,Declined
s104842,2026-04-02, chennai ,C31987,RuPay,Fuel,Female,18712.97,NetBanking, DMART ,Utilities,Approved
s104843,2026-05-27, hyderabad ,C92412,RuPay,Groceries,Male,7160.18,Credit, SWIGGY ,Utilities,Declined
s104844,2026-03-08, bengaluru ,C82652,Visa,Dining,Female,23675.47,Credit, ZOMATO ,E-commerce,Approved
s104845,2026-06-30, vizag ,C93176,Visa,Fuel,Female,7909.08,UPI, RELIANCE ,Retail,Approved
s104846,2026-05-05, chennai ,C12233,Amex,Groceries,Male,11973.23,UPI, IOCL ,Fuel,Declined
s104847,2026-02-09, hyderabad ,C17429,Amex,Travel,Male,16892.88,NetBanking, SWIGGY ,Retail,Approved
s104848,2026-03-05, kolkata ,C40429,Visa,Dining,Male,22219.65,NetBanking, HPCL ,E-commerce,Declined
s104849,2026-02-03, vizag ,C62191,MasterCard,Dining,Male,22217.11,UPI, IOCL ,Food,Approved
s104850,2026-03-14, chennai ,C51099,RuPay,Travel,Male,8178.81,UPI, ZOMATO ,Utilities,Approved
s104851,2026-06-26, pune ,C98465,MasterCard,Groceries,Female,10088.4,NetBanking, HPCL ,Travel,Approved
s104852,2026-03-07, hyderabad ,C82617,MasterCard,Travel,Male,8948.58,NetBanking, ZOMATO ,Fuel,Approved
s104853,2026-05-30, mumbai ,C61194,Amex,Fuel,Female,23752.73,NetBanking, IRCTC ,Food,Approved
s104854,2026-05-27, bengaluru ,C52846,RuPay,Fuel,Female,18593.71,UPI, RELIANCE ,Food,Declined
s104855,2026-03-16, vizag ,C45379,MasterCard,Shopping,Male,9359.17,NetBanking, ZOMATO ,Utilities,Declined
s104856,2026-02-09, pune ,C33401,RuPay,Shopping,Female,20237.81,Credit, IOCL ,Fuel,Declined
s104857,2026-01-23, bengaluru ,C33089,MasterCard,Shopping,Male,8391.56,NetBanking, IRCTC ,Retail,Declined
s104858,2026-01-05, delhi ,C31802,RuPay,Shopping,Female,17470.71,Credit, IOCL ,Fuel,Approved
s104859,2026-03-29, bengaluru ,C18950,Visa,Utilities,Male,21168.47,UPI, IRCTC ,Food,Declined
s104860,2026-04-13, mumbai ,C77244,RuPay,Dining,Female,6083.68,Credit, IRCTC ,Travel,Declined
s104861,2026-06-16, kolkata ,C95852,RuPay,Utilities,Male,15535.37,UPI, HPCL ,Fuel,Approved
s104862,2026-02-20, kolkata ,C82700,Visa,Groceries,Male,6859.97,UPI, RELIANCE ,E-commerce,Declined
s104863,2026-02-13, delhi ,C90821,MasterCard,Utilities,Female,21494.64,UPI, SWIGGY ,Utilities,Declined
s104864,2026-06-06, hyderabad ,C15549,Visa,Dining,Male,15831.48,Credit, RELIANCE ,Utilities,Approved
s104865,2026-06-06, kolkata ,C86110,MasterCard,Fuel,Female,8168.88,NetBanking, IOCL ,Retail,Declined
s104866,2026-02-17, chennai ,C92999,RuPay,Fuel,Female,7637.46,UPI, ZOMATO ,Retail,Approved
s104867,2026-01-23, mumbai ,C80630,RuPay,Utilities,Female,767.99,UPI, HPCL ,Utilities,Declined
s104868,2026-04-02, bengaluru ,C57213,MasterCard,Utilities,Female,24710.92,UPI, RELIANCE ,Fuel,Declined
s104869,2026-02-09, pune ,C38778,Visa,Groceries,Male,10253.62,Credit, AMAZON ,Travel,Declined
s104870,2026-04-16, vizag ,C72038,MasterCard,Shopping,Male,2215.96,Credit, SWIGGY ,Utilities,Declined
s104871,2026-01-15, mumbai ,C91719,Visa,Fuel,Male,5068.07,UPI, AMAZON ,Retail,Approved
s104872,2026-03-26, pune ,C88497,Visa,Utilities,Female,1774.91,NetBanking, HPCL ,Retail,Approved
s104873,2026-02-24, pune ,C95707,MasterCard,Utilities,Male,5678.18,UPI, HPCL ,Fuel,Approved
s104874,2026-02-13, bengaluru ,C60827,Amex,Fuel,Male,9669.84,NetBanking, DMART ,E-commerce,Approved
s104875,2026-06-17, delhi ,C85273,MasterCard,Utilities,Male,13791.75,NetBanking, IRCTC ,Retail,Declined
s104876,2026-03-24, vizag ,C95417,RuPay,Travel,Female,8450.12,UPI, IRCTC ,Travel,Approved
s104877,2026-04-06, delhi ,C20190,Visa,Utilities,Male,4222.05,UPI, HPCL ,Fuel,Declined
s104878,2026-06-03, kolkata ,C65121,Visa,Fuel,Male,149.14,UPI, SWIGGY ,Travel,Declined
s104879,2026-01-30, hyderabad ,C50194,Amex,Shopping,Male,10714.3,UPI, IOCL ,Food,Approved
s104880,2026-03-09, delhi ,C79558,Visa,Dining,Female,14548.83,UPI, IRCTC ,E-commerce,Approved
s104881,2026-02-24, bengaluru ,C17877,RuPay,Utilities,Female,2799.3,NetBanking, SWIGGY ,Retail,Approved
s104882,2026-05-15, pune ,C61047,Amex,Dining,Female,16319.38,NetBanking, SWIGGY ,Food,Declined
s104883,2026-05-13, kolkata ,C29051,Visa,Shopping,Female,8330.73,NetBanking, AMAZON ,Utilities,Declined
s104884,2026-03-23, vizag ,C10892,MasterCard,Groceries,Female,8459.11,UPI, RELIANCE ,Food,Declined
s104885,2026-02-01, mumbai ,C11755,RuPay,Shopping,Female,10735.86,NetBanking, AMAZON ,E-commerce,Declined
s104886,2026-06-19, pune ,C26272,MasterCard,Groceries,Female,22600.57,Credit, RELIANCE ,Retail,Approved
s104887,2026-04-02, hyderabad ,C98662,MasterCard,Groceries,Female,20995.65,UPI, HPCL ,Utilities,Declined
s104888,2026-05-01, delhi ,C67033,Amex,Groceries,Female,18126.53,Credit, AMAZON ,Retail,Approved
s104889,2026-01-09, kolkata ,C61902,MasterCard,Fuel,Female,20063.32,UPI, DMART ,Utilities,Approved
s104890,2026-02-09, hyderabad ,C48932,RuPay,Groceries,Female,21095.65,Credit, IOCL ,Food,Approved
s104891,2026-05-05, chennai ,C88200,RuPay,Travel,Male,19080.03,UPI, HPCL ,Travel,Declined
s104892,2026-05-16, mumbai ,C48761,MasterCard,Utilities,Male,11227.95,NetBanking, IRCTC ,Travel,Declined
s104893,2026-06-13, mumbai ,C36212,MasterCard,Groceries,Female,3720.03,UPI, AMAZON ,E-commerce,Approved
s104894,2026-01-26, hyderabad ,C85578,MasterCard,Shopping,Female,20231.34,UPI, DMART ,Utilities,Declined
s104895,2026-04-29, mumbai ,C37345,MasterCard,Utilities,Male,1621.75,UPI, IRCTC ,Utilities,Approved
s104896,2026-05-27, pune ,C96467,MasterCard,Travel,Male,274.57,NetBanking, SWIGGY ,Utilities,Declined
s104897,2026-03-31, pune ,C17311,Visa,Travel,Female,5190.21,NetBanking, HPCL ,Utilities,Approved
s104898,2026-01-14, hyderabad ,C32855,MasterCard,Shopping,Male,1460.03,UPI, HPCL ,Retail,Declined
s104899,2026-06-18, kolkata ,C52971,RuPay,Travel,Male,19013.71,UPI, IOCL ,Retail,Approved
s104900,2026-01-04, mumbai ,C62408,RuPay,Dining,Female,6210.3,NetBanking, AMAZON ,Utilities,Approved
s104901,2026-06-05, bengaluru ,C34358,Visa,Groceries,Male,4106.59,Credit, RELIANCE ,Utilities,Declined
s104902,2026-03-12, hyderabad ,C20494,Visa,Dining,Female,3575.22,NetBanking, RELIANCE ,Food,Approved
s104903,2026-01-16, bengaluru ,C98822,RuPay,Travel,Female,881.5,NetBanking, IOCL ,E-commerce,Approved
s104904,2026-06-23, hyderabad ,C79489,RuPay,Shopping,Female,610.09,Credit, DMART ,Utilities,Declined
s104905,2026-04-20, chennai ,C14293,Visa,Dining,Male,22473.53,UPI, AMAZON ,Fuel,Approved
s104906,2026-06-15, pune ,C28602,RuPay,Shopping,Female,10325.02,Credit, IOCL ,Travel,Declined
s104907,2026-05-27, kolkata ,C34149,RuPay,Groceries,Female,2851.44,UPI, RELIANCE ,Travel,Declined
s104908,2026-03-16, pune ,C84796,RuPay,Groceries,Male,2380.48,NetBanking, HPCL ,Retail,Approved
s104909,2026-06-29, mumbai ,C49827,Visa,Groceries,Female,14768.82,UPI, HPCL ,Retail,Declined
s104910,2026-03-03, vizag ,C51033,RuPay,Groceries,Male,6828.26,NetBanking, IOCL ,Food,Declined
s104911,2026-05-07, kolkata ,C19530,MasterCard,Dining,Male,11487.35,UPI, IOCL ,Travel,Declined
s104912,2026-01-15, mumbai ,C52162,Amex,Shopping,Female,18792.26,NetBanking, RELIANCE ,Fuel,Approved
s104913,2026-02-05, mumbai ,C12229,RuPay,Groceries,Male,2125.29,NetBanking, IRCTC ,E-commerce,Approved
s104914,2026-02-07, bengaluru ,C56610,RuPay,Fuel,Male,3000.3,NetBanking, RELIANCE ,Retail,Declined
s104915,2026-04-20, kolkata ,C95439,RuPay,Fuel,Female,24455.0,UPI, RELIANCE ,Fuel,Declined
s104916,2026-05-21, hyderabad ,C59753,RuPay,Utilities,Male,9885.26,UPI, AMAZON ,Utilities,Declined
s104917,2026-06-27, delhi ,C40982,RuPay,Utilities,Female,15100.64,UPI, ZOMATO ,Fuel,Approved
s104918,2026-06-22, mumbai ,C29687,RuPay,Dining,Male,2405.26,UPI, IOCL ,Retail,Declined
s104919,2026-05-02, chennai ,C10101,Visa,Dining,Female,13716.39,Credit, ZOMATO ,Travel,Approved
s104920,2026-05-20, bengaluru ,C11923,Amex,Dining,Female,2248.71,NetBanking, DMART ,Food,Declined
s104921,2026-02-01, mumbai ,C34108,Visa,Shopping,Female,5191.27,NetBanking, ZOMATO ,Fuel,Declined
s104922,2026-05-28, chennai ,C19630,MasterCard,Shopping,Female,15403.34,UPI, AMAZON ,Retail,Approved
s104923,2026-04-03, chennai ,C23241,RuPay,Groceries,Female,18103.82,UPI, SWIGGY ,E-commerce,Approved
s104924,2026-02-08, bengaluru ,C51125,MasterCard,Travel,Female,2214.4,Credit, HPCL ,Fuel,Declined
s104925,2026-03-26, chennai ,C68457,MasterCard,Travel,Female,4560.3,Credit, IOCL ,E-commerce,Approved
s104926,2026-01-03, chennai ,C71445,Visa,Groceries,Male,17302.72,UPI, SWIGGY ,Utilities,Approved
s104927,2026-03-30, bengaluru ,C17425,Visa,Utilities,Male,1204.06,NetBanking, AMAZON ,E-commerce,Declined
s104928,2026-02-22, vizag ,C16373,Amex,Utilities,Male,19206.4,Credit, RELIANCE ,Fuel,Approved
s104929,2026-02-05, chennai ,C95612,MasterCard,Dining,Female,10564.56,Credit, RELIANCE ,E-commerce,Declined
s104930,2026-01-14, vizag ,C36843,Visa,Shopping,Female,1708.27,UPI, HPCL ,Food,Approved
s104931,2026-05-12, mumbai ,C67573,Amex,Dining,Female,23063.97,UPI, IOCL ,Retail,Declined
s104932,2026-04-12, mumbai ,C69115,MasterCard,Groceries,Female,24112.08,UPI, RELIANCE ,Utilities,Declined
s104933,2026-01-08, bengaluru ,C78978,Visa,Travel,Male,314.57,NetBanking, ZOMATO ,Food,Declined
s104934,2026-01-29, pune ,C58558,RuPay,Groceries,Female,23366.3,NetBanking, IRCTC ,Travel,Approved
s104935,2026-01-16, vizag ,C61947,Amex,Dining,Female,12749.08,Credit, HPCL ,Travel,Declined
s104936,2026-06-22, kolkata ,C61456,MasterCard,Groceries,Female,6733.79,UPI, RELIANCE ,Retail,Declined
s104937,2026-05-20, vizag ,C60789,Visa,Shopping,Female,273.4,UPI, AMAZON ,Fuel,Approved
s104938,2026-01-16, bengaluru ,C37200,RuPay,Groceries,Female,3663.64,UPI, IOCL ,Travel,Approved
s104939,2026-01-25, chennai ,C25325,RuPay,Fuel,Male,2264.54,NetBanking, IOCL ,Travel,Approved
s104940,2026-01-13, hyderabad ,C16732,Visa,Shopping,Female,16831.63,NetBanking, IOCL ,Fuel,Declined
s104941,2026-02-10, hyderabad ,C89987,RuPay,Dining,Male,19460.72,Credit, DMART ,E-commerce,Approved
s104942,2026-04-05, mumbai ,C18150,RuPay,Shopping,Female,12053.73,NetBanking, HPCL ,Utilities,Approved
s104943,2026-06-03, vizag ,C26311,Amex,Travel,Female,15547.96,NetBanking, AMAZON ,Fuel,Declined
s104944,2026-03-14, chennai ,C28456,MasterCard,Travel,Male,4223.64,Credit, IRCTC ,Utilities,Approved
s104945,2026-06-17, hyderabad ,C34473,MasterCard,Shopping,Male,17751.13,NetBanking, DMART ,Travel,Declined
s104946,2026-04-29, mumbai ,C38096,Visa,Fuel,Female,657.4,NetBanking, IOCL ,Retail,Approved
s104947,2026-04-03, delhi ,C80784,Visa,Travel,Female,19844.42,NetBanking, DMART ,Utilities,Declined
s104948,2026-04-07, mumbai ,C85119,MasterCard,Utilities,Female,8604.02,UPI, AMAZON ,Travel,Declined
s104949,2026-05-28, bengaluru ,C31150,Visa,Dining,Female,24881.22,NetBanking, RELIANCE ,Fuel,Approved
s104950,2026-01-29, bengaluru ,C39076,RuPay,Shopping,Male,15776.26,Credit, IRCTC ,Food,Declined
s104951,2026-05-06, hyderabad ,C52321,RuPay,Utilities,Male,17227.21,NetBanking, RELIANCE ,Fuel,Declined
s104952,2026-04-27, mumbai ,C54860,Visa,Fuel,Female,23373.0,Credit, IRCTC ,Retail,Declined
s104953,2026-01-26, pune ,C84109,Visa,Dining,Male,10988.62,UPI, HPCL ,E-commerce,Declined
s104954,2026-02-04, pune ,C60620,MasterCard,Dining,Female,18714.46,UPI, DMART ,Food,Declined
s104955,2026-04-28, delhi ,C59137,Visa,Groceries,Male,20766.16,Credit, RELIANCE ,Utilities,Approved
s104956,2026-01-09, bengaluru ,C87617,MasterCard,Groceries,Female,1284.39,UPI, IOCL ,Fuel,Approved
s104957,2026-06-03, bengaluru ,C57873,Amex,Groceries,Female,8573.36,NetBanking, DMART ,Utilities,Approved
s104958,2026-04-22, pune ,C99531,MasterCard,Utilities,Female,5298.22,UPI, IRCTC ,Travel,Declined
s104959,2026-06-15, delhi ,C12614,Visa,Dining,Female,17683.15,UPI, DMART ,Travel,Declined
s104960,2026-02-28, pune ,C83369,Visa,Travel,Male,17033.48,NetBanking, RELIANCE ,Travel,Approved
s104961,2026-04-22, vizag ,C56587,Visa,Fuel,Female,10366.28,Credit, HPCL ,Food,Approved
s104962,2026-06-26, chennai ,C23984,Visa,Groceries,Male,16245.59,UPI, IRCTC ,Utilities,Approved
s104963,2026-01-23, hyderabad ,C54804,Amex,Shopping,Male,21585.55,Credit, HPCL ,E-commerce,Declined
s104964,2026-03-10, pune ,C45670,RuPay,Fuel,Male,17789.17,UPI, DMART ,Food,Approved
s104965,2026-05-13, delhi ,C21107,Amex,Travel,Male,16481.84,Credit, HPCL ,Fuel,Approved
s104966,2026-06-20, bengaluru ,C25882,Amex,Shopping,Female,3745.24,UPI, IRCTC ,Fuel,Approved
s104967,2026-06-17, chennai ,C17213,Visa,Groceries,Male,21212.72,Credit, AMAZON ,Food,Approved
s104968,2026-06-25, bengaluru ,C27410,Visa,Shopping,Female,13781.25,NetBanking, ZOMATO ,Travel,Approved
s104969,2026-05-03, hyderabad ,C33030,Visa,Shopping,Female,8184.54,UPI, SWIGGY ,Utilities,Declined
s104970,2026-02-20, hyderabad ,C48144,MasterCard,Utilities,Male,2916.54,UPI, RELIANCE ,E-commerce,Declined
s104971,2026-04-23, pune ,C31556,Amex,Travel,Male,3436.02,Credit, IOCL ,Utilities,Approved
s104972,2026-02-19, delhi ,C25752,MasterCard,Utilities,Female,2791.05,Credit, HPCL ,Utilities,Declined
s104973,2026-03-28, hyderabad ,C31301,Visa,Travel,Female,5990.92,Credit, ZOMATO ,Fuel,Declined
s104974,2026-03-18, vizag ,C82830,Amex,Utilities,Female,23869.09,Credit, DMART ,Retail,Approved
s104975,2026-04-13, bengaluru ,C47711,RuPay,Travel,Male,15032.65,UPI, SWIGGY ,E-commerce,Approved
s104976,2026-03-19, pune ,C19882,MasterCard,Shopping,Male,16332.79,UPI, HPCL ,E-commerce,Declined
s104977,2026-02-14, kolkata ,C37405,Amex,Utilities,Male,11128.47,Credit, RELIANCE ,Travel,Declined
s104978,2026-02-25, kolkata ,C41623,RuPay,Fuel,Male,24996.08,NetBanking, IRCTC ,Utilities,Declined
s104979,2026-03-26, vizag ,C10259,Amex,Travel,Female,10359.83,UPI, RELIANCE ,Fuel,Declined
s104980,2026-05-23, mumbai ,C99676,RuPay,Groceries,Male,23820.28,UPI, IOCL ,E-commerce,Approved
s104981,2026-03-21, mumbai ,C44510,MasterCard,Shopping,Male,6023.83,Credit, IOCL ,Fuel,Declined
s104982,2026-06-22, delhi ,C48683,RuPay,Dining,Female,3185.93,UPI, AMAZON ,Fuel,Declined
s104983,2026-03-22, chennai ,C90270,Visa,Dining,Male,12258.86,NetBanking, IOCL ,Utilities,Declined
s104984,2026-02-22, chennai ,C18438,Amex,Utilities,Male,14780.51,Credit, HPCL ,Food,Declined
s104985,2026-06-21, delhi ,C89060,Amex,Travel,Female,18493.27,NetBanking, SWIGGY ,Fuel,Approved
s104986,2026-01-20, delhi ,C74863,RuPay,Shopping,Female,11157.73,NetBanking, SWIGGY ,E-commerce,Approved
s104987,2026-04-12, delhi ,C93776,MasterCard,Dining,Male,3305.12,UPI, ZOMATO ,Travel,Approved
s104988,2026-03-31, bengaluru ,C63994,Visa,Groceries,Female,22153.02,Credit, DMART ,Food,Declined
s104989,2026-04-03, mumbai ,C43417,MasterCard,Dining,Male,4351.17,Credit, AMAZON ,Travel,Approved
s104990,2026-05-10, mumbai ,C57785,Amex,Utilities,Male,5135.6,Credit, IRCTC ,Food,Declined
s104991,2026-01-31, vizag ,C32977,Amex,Fuel,Female,21306.6,UPI, HPCL ,Fuel,Approved
s104992,2026-06-08, kolkata ,C11594,MasterCard,Utilities,Male,1963.89,NetBanking, DMART ,Retail,Declined
s104993,2026-01-14, delhi ,C68470,MasterCard,Groceries,Male,17403.74,Credit, SWIGGY ,Retail,Declined
s104994,2026-06-12, mumbai ,C61753,MasterCard,Groceries,Female,1879.64,NetBanking, SWIGGY ,Food,Declined
s104995,2026-01-03, kolkata ,C88057,MasterCard,Dining,Male,17306.78,NetBanking, RELIANCE ,E-commerce,Approved
s104996,2026-03-23, mumbai ,C80764,RuPay,Fuel,Male,11045.12,Credit, AMAZON ,Food,Approved
s104997,2026-05-24, bengaluru ,C53273,Visa,Shopping,Male,17751.95,UPI, IOCL ,Retail,Declined
s104998,2026-05-04, hyderabad ,C97369,MasterCard,Dining,Male,828.23,Credit, DMART ,E-commerce,Approved
s104999,2026-06-19, pune ,C81956,Visa,Shopping,Male,24961.59,NetBanking, RELIANCE ,Food,Declined
