customer_id,transaction_id,amount,city,transaction_date,approval_status,expense_type,card_type,merchant_category,merchant,payment_mode,gender
C44406,w100000,5709.94,Hyderabad,2026-06-12,Approved,Shopping,MasterCard,Travel,Swiggy,Credit,Male
C78227,w100001,12000.33,Mumbai,2026-03-14,Approved,Dining,MasterCard,Travel,Amazon,NetBanking,Male
C40978,w100002,5386.42,Chennai,2026-04-18,Declined,Utilities,Visa,Fuel,HPCL,NetBanking,Female
C31934,w100003,23533.86,Mumbai,2026-03-14,Approved,Shopping,Amex,Travel,Swiggy,Credit,Male
C10140,w100004,8686.84,Pune,2026-01-17,Approved,Utilities,MasterCard,Fuel,HPCL,UPI,Male
C95963,w100005,21255.55,Chennai,2026-05-24,Declined,Dining,RuPay,Retail,Amazon,UPI,Male
C43125,w100006,3640.14,Mumbai,2026-03-06,Approved,Shopping,Amex,Fuel,HPCL,NetBanking,Male
C50984,w100007,5121.42,Pune,2026-04-30,Declined,Fuel,Amex,E-commerce,Reliance,NetBanking,Female
C24627,w100008,3851.24,Mumbai,2026-01-05,Declined,Fuel,RuPay,Utilities,Swiggy,NetBanking,Female
C31083,w100009,16844.24,Chennai,2026-03-25,Approved,Dining,Amex,Food,IOCL,NetBanking,Female
C83302,w100010,3868.99,Pune,2026-06-07,Declined,Travel,RuPay,E-commerce,HPCL,UPI,Male
C11203,w100011,14409.17,Chennai,2026-04-08,Approved,Groceries,Visa,Utilities,DMart,NetBanking,Female
C27323,w100012,19623.94,Bengaluru,2026-04-28,Declined,Dining,MasterCard,Utilities,IOCL,Credit,Male
C28508,w100013,22120.15,Bengaluru,2026-02-03,Approved,Shopping,Visa,E-commerce,IOCL,NetBanking,Female
C37236,w100014,11934.46,Pune,2026-03-26,Declined,Groceries,Visa,Fuel,HPCL,UPI,Female
C21432,w100015,15466.06,Mumbai,2026-04-05,Approved,Groceries,Visa,Retail,DMart,Credit,Male
C92418,w100016,24419.55,Pune,2026-02-03,Declined,Shopping,MasterCard,Food,Amazon,NetBanking,Female
C61118,w100017,21785.57,Pune,2026-02-19,Approved,Travel,RuPay,Retail,HPCL,UPI,Female
C56829,w100018,17433.79,Hyderabad,2026-01-23,Declined,Fuel,Amex,Retail,Zomato,NetBanking,Male
C37483,w100019,2445.08,Delhi,2026-04-19,Declined,Shopping,Amex,Retail,IOCL,NetBanking,Male
C92566,w100020,15537.71,Chennai,2026-01-01,Approved,Dining,Visa,E-commerce,Reliance,UPI,Male
C75558,w100021,21923.71,Chennai,2026-05-26,Declined,Groceries,RuPay,Travel,HPCL,UPI,Female
C44527,w100022,5812.75,Kolkata,2026-06-09,Declined,Fuel,MasterCard,E-commerce,DMart,Credit,Male
C69447,w100023,6056.72,Delhi,2026-06-23,Approved,Groceries,MasterCard,Utilities,DMart,NetBanking,Female
C71251,w100024,20047.09,Delhi,2026-04-30,Approved,Dining,RuPay,E-commerce,Reliance,Credit,Male
C52736,w100025,12962.47,Chennai,2026-04-14,Approved,Groceries,MasterCard,E-commerce,Reliance,NetBanking,Female
C87378,w100026,22257.66,Mumbai,2026-02-06,Declined,Groceries,Amex,Food,Amazon,NetBanking,Male
C36689,w100027,8899.52,Bengaluru,2026-05-23,Declined,Dining,Visa,Retail,IRCTC,Credit,Female
C73081,w100028,20154.43,Kolkata,2026-03-16,Declined,Travel,Visa,Utilities,IRCTC,NetBanking,Male
C10840,w100029,23449.44,Hyderabad,2026-06-03,Approved,Dining,Amex,Utilities,IOCL,UPI,Female
C31474,w100030,3282.13,Vizag,2026-04-21,Approved,Dining,Visa,Utilities,Reliance,Credit,Female
C18639,w100031,3189.21,Delhi,2026-02-21,Approved,Dining,RuPay,Food,IOCL,Credit,Male
C82045,w100032,22559.75,Hyderabad,2026-01-16,Declined,Shopping,Amex,Travel,Swiggy,UPI,Male
C24101,w100033,15697.37,Mumbai,2026-02-24,Approved,Shopping,MasterCard,E-commerce,IOCL,Credit,Male
C51548,w100034,5864.6,Hyderabad,2026-06-15,Approved,Utilities,Visa,Utilities,IOCL,NetBanking,Female
C31135,w100035,6874.02,Vizag,2026-06-12,Declined,Groceries,Visa,E-commerce,Reliance,Credit,Male
C13231,w100036,3281.59,Bengaluru,2026-03-30,Approved,Fuel,MasterCard,Travel,IOCL,NetBanking,Male
C31033,w100037,12399.61,Mumbai,2026-03-29,Approved,Utilities,RuPay,Travel,DMart,Credit,Female
C91420,w100038,10559.04,Chennai,2026-04-10,Approved,Fuel,Amex,Utilities,Reliance,NetBanking,Female
C44422,w100039,5769.79,Delhi,2026-01-17,Approved,Utilities,Amex,E-commerce,Amazon,Credit,Female
C52695,w100040,23847.47,Bengaluru,2026-02-08,Approved,Travel,MasterCard,Food,Amazon,UPI,Male
C75346,w100041,11783.09,Kolkata,2026-01-11,Declined,Dining,MasterCard,Utilities,IRCTC,UPI,Male
C83652,w100042,11846.83,Hyderabad,2026-01-31,Declined,Shopping,RuPay,Fuel,Reliance,Credit,Male
C52095,w100043,4306.15,Vizag,2026-04-17,Approved,Shopping,Visa,Utilities,HPCL,UPI,Female
C98580,w100044,18928.41,Kolkata,2026-02-02,Approved,Groceries,RuPay,Fuel,Zomato,Credit,Female
C87244,w100045,6278.8,Vizag,2026-05-01,Declined,Dining,RuPay,Retail,DMart,Credit,Female
C64775,w100046,5802.06,Pune,2026-04-06,Approved,Groceries,Visa,Food,HPCL,UPI,Male
C90316,w100047,23688.25,Delhi,2026-06-30,Declined,Dining,RuPay,Utilities,Zomato,NetBanking,Female
C19201,w100048,20054.94,Chennai,2026-05-16,Approved,Fuel,Visa,E-commerce,Swiggy,Credit,Female
C90277,w100049,6472.65,Mumbai,2026-06-11,Declined,Shopping,Amex,E-commerce,Amazon,NetBanking,Female
C71456,w100050,14529.87,Pune,2026-05-13,Declined,Fuel,Visa,E-commerce,Reliance,UPI,Male
C17970,w100051,16409.99,Chennai,2026-04-11,Approved,Travel,MasterCard,Retail,IOCL,UPI,Female
C86238,w100052,21305.59,Pune,2026-05-19,Declined,Dining,MasterCard,Travel,Zomato,NetBanking,Male
C49295,w100053,8815.2,Delhi,2026-01-27,Declined,Shopping,MasterCard,Travel,Zomato,Credit,Female
C20852,w100054,3108.59,Kolkata,2026-06-16,Approved,Dining,MasterCard,Food,Amazon,NetBanking,Male
C64163,w100055,3713.11,Delhi,2026-01-09,Approved,Travel,Visa,Utilities,Zomato,UPI,Female
C70265,w100056,23583.31,Vizag,2026-05-14,Approved,Groceries,Amex,Travel,IOCL,UPI,Female
C55932,w100057,2361.67,Pune,2026-04-30,Declined,Dining,Visa,Retail,Zomato,UPI,Female
C74957,w100058,457.23,Chennai,2026-05-20,Approved,Utilities,RuPay,Utilities,Zomato,NetBanking,Female
C16015,w100059,10430.7,Pune,2026-02-17,Approved,Dining,MasterCard,E-commerce,DMart,UPI,Female
C84145,w100060,1217.37,Chennai,2026-01-15,Declined,Groceries,Amex,Retail,HPCL,NetBanking,Female
C97524,w100061,4782.86,Vizag,2026-03-21,Declined,Fuel,Visa,E-commerce,Reliance,UPI,Female
C89516,w100062,1416.54,Pune,2026-02-16,Approved,Shopping,RuPay,Utilities,DMart,Credit,Female
C18495,w100063,11692.24,Mumbai,2026-01-25,Declined,Travel,MasterCard,Food,IRCTC,NetBanking,Male
C84255,w100064,3855.92,Vizag,2026-06-14,Approved,Utilities,Amex,Utilities,Reliance,Credit,Female
C22401,w100065,15164.2,Vizag,2026-06-07,Approved,Fuel,RuPay,Utilities,IRCTC,NetBanking,Male
C92066,w100066,7623.61,Pune,2026-04-07,Approved,Groceries,Amex,Utilities,DMart,UPI,Female
C60045,w100067,3168.09,Kolkata,2026-01-08,Approved,Travel,RuPay,Fuel,Zomato,UPI,Male
C26060,w100068,19152.63,Hyderabad,2026-03-14,Approved,Travel,MasterCard,E-commerce,IOCL,NetBanking,Male
C90751,w100069,6784.07,Chennai,2026-01-30,Declined,Shopping,Visa,Fuel,IRCTC,UPI,Male
C57266,w100070,7801.26,Bengaluru,2026-04-12,Declined,Utilities,RuPay,Fuel,Reliance,Credit,Female
C11614,w100071,18325.35,Mumbai,2026-04-20,Declined,Shopping,Visa,Food,HPCL,Credit,Female
C83821,w100072,7162.55,Chennai,2026-01-10,Approved,Groceries,MasterCard,Utilities,Swiggy,UPI,Female
C13381,w100073,21289.68,Vizag,2026-04-24,Declined,Shopping,MasterCard,Travel,Amazon,NetBanking,Male
C92671,w100074,14773.65,Kolkata,2026-06-04,Declined,Fuel,Visa,Food,IRCTC,NetBanking,Male
C30409,w100075,2080.72,Vizag,2026-02-05,Declined,Utilities,Visa,Travel,IOCL,Credit,Male
C91940,w100076,21852.3,Chennai,2026-03-11,Approved,Travel,RuPay,Food,IRCTC,UPI,Female
C98462,w100077,14451.97,Bengaluru,2026-06-22,Approved,Shopping,MasterCard,Retail,DMart,Credit,Female
C21088,w100078,8637.95,Hyderabad,2026-03-30,Declined,Groceries,Amex,Utilities,Reliance,Credit,Female
C74876,w100079,17574.8,Mumbai,2026-06-11,Declined,Travel,Amex,Fuel,DMart,NetBanking,Male
C59681,w100080,1201.17,Kolkata,2026-05-25,Approved,Utilities,RuPay,E-commerce,IRCTC,Credit,Male
C86467,w100081,8301.62,Hyderabad,2026-05-26,Approved,Fuel,RuPay,Retail,IOCL,NetBanking,Male
C29006,w100082,12439.08,Bengaluru,2026-02-03,Approved,Shopping,MasterCard,Food,Zomato,NetBanking,Male
C38924,w100083,5859.22,Pune,2026-02-20,Approved,Dining,Visa,Food,Zomato,NetBanking,Male
C47996,w100084,4570.97,Kolkata,2026-01-21,Approved,Fuel,RuPay,Retail,Zomato,NetBanking,Female
C11848,w100085,22773.86,Kolkata,2026-05-20,Approved,Travel,MasterCard,Food,HPCL,UPI,Male
C11994,w100086,17828.92,Kolkata,2026-03-06,Approved,Fuel,MasterCard,Food,Swiggy,NetBanking,Male
C73796,w100087,1364.95,Mumbai,2026-04-30,Approved,Travel,Amex,E-commerce,IRCTC,UPI,Male
C44493,w100088,19173.6,Pune,2026-01-06,Declined,Dining,Visa,Fuel,DMart,UPI,Female
C88350,w100089,8288.29,Pune,2026-06-22,Approved,Travel,RuPay,Food,HPCL,NetBanking,Female
C25300,w100090,2396.06,Hyderabad,2026-03-25,Approved,Groceries,Amex,E-commerce,IRCTC,UPI,Female
C79286,w100091,23685.5,Mumbai,2026-04-18,Approved,Shopping,MasterCard,Fuel,Swiggy,Credit,Female
C53626,w100092,21460.32,Vizag,2026-05-28,Declined,Dining,MasterCard,Retail,IOCL,Credit,Male
C50514,w100093,24398.85,Hyderabad,2026-05-08,Approved,Fuel,Amex,Travel,Zomato,UPI,Male
C92198,w100094,13101.72,Vizag,2026-04-23,Approved,Fuel,Amex,Retail,HPCL,Credit,Male
C49981,w100095,13912.64,Delhi,2026-06-01,Approved,Utilities,RuPay,Retail,HPCL,NetBanking,Male
C80102,w100096,20527.02,Pune,2026-03-29,Declined,Utilities,MasterCard,Utilities,IOCL,NetBanking,Male
C53143,w100097,22521.37,Delhi,2026-05-26,Approved,Utilities,Amex,E-commerce,HPCL,Credit,Female
C31534,w100098,7143.21,Bengaluru,2026-04-09,Approved,Groceries,Visa,Utilities,IOCL,UPI,Female
C73485,w100099,1137.54,Vizag,2026-03-18,Approved,Groceries,Amex,Fuel,Zomato,NetBanking,Female
C49497,w100100,8569.34,Mumbai,2026-04-11,Declined,Utilities,MasterCard,Travel,Zomato,UPI,Male
C17228,w100101,12222.3,Kolkata,2026-02-16,Approved,Fuel,MasterCard,Retail,Reliance,Credit,Male
C52123,w100102,11985.68,Delhi,2026-01-19,Approved,Fuel,RuPay,Utilities,Zomato,UPI,Female
C60467,w100103,11084.35,Hyderabad,2026-04-23,Declined,Utilities,Visa,Utilities,Reliance,Credit,Female
C21747,w100104,10499.42,Delhi,2026-03-21,Declined,Fuel,Amex,Food,IRCTC,UPI,Female
C17895,w100105,22301.02,Pune,2026-04-03,Approved,Groceries,RuPay,E-commerce,Reliance,Credit,Female
C82251,w100106,5833.52,Bengaluru,2026-01-01,Approved,Utilities,Amex,Retail,DMart,Credit,Female
C12058,w100107,15317.28,Pune,2026-06-12,Declined,Shopping,Visa,Fuel,Zomato,Credit,Female
C69802,w100108,2414.83,Hyderabad,2026-02-12,Declined,Utilities,RuPay,Utilities,Reliance,NetBanking,Male
C73342,w100109,16639.14,Hyderabad,2026-02-09,Approved,Travel,Amex,Retail,Reliance,NetBanking,Male
C84418,w100110,5240.1,Delhi,2026-06-03,Approved,Travel,Amex,Travel,HPCL,Credit,Male
C96209,w100111,18585.14,Kolkata,2026-04-02,Approved,Dining,RuPay,Food,IRCTC,UPI,Female
C24043,w100112,5095.46,Bengaluru,2026-04-11,Declined,Dining,RuPay,Food,DMart,Credit,Male
C22093,w100113,13322.61,Mumbai,2026-05-11,Declined,Shopping,MasterCard,Travel,DMart,UPI,Female
C69325,w100114,11998.47,Pune,2026-06-07,Approved,Travel,MasterCard,Fuel,Zomato,Credit,Female
C35853,w100115,22101.85,Mumbai,2026-01-03,Approved,Groceries,MasterCard,Utilities,IOCL,Credit,Female
C74750,w100116,198.56,Mumbai,2026-01-28,Approved,Groceries,Amex,Travel,IRCTC,Credit,Male
C37127,w100117,8963.49,Bengaluru,2026-04-25,Approved,Shopping,Amex,Retail,IOCL,Credit,Male
C73714,w100118,3839.59,Mumbai,2026-06-24,Declined,Fuel,Amex,Fuel,Swiggy,UPI,Female
C87025,w100119,11450.44,Mumbai,2026-05-18,Declined,Utilities,Amex,Utilities,Amazon,Credit,Male
C26114,w100120,10739.83,Pune,2026-01-05,Approved,Shopping,RuPay,Food,IOCL,NetBanking,Male
C73841,w100121,19892.46,Bengaluru,2026-01-07,Approved,Dining,Amex,Retail,DMart,NetBanking,Male
C58135,w100122,10392.61,Bengaluru,2026-03-10,Declined,Travel,Visa,Fuel,IRCTC,Credit,Male
C59244,w100123,20412.67,Bengaluru,2026-04-26,Approved,Fuel,MasterCard,E-commerce,Amazon,UPI,Male
C12669,w100124,12814.89,Chennai,2026-05-26,Declined,Utilities,RuPay,Retail,HPCL,UPI,Female
C41044,w100125,3422.63,Mumbai,2026-06-25,Approved,Groceries,Amex,E-commerce,DMart,NetBanking,Female
C19865,w100126,9620.2,Hyderabad,2026-06-17,Declined,Groceries,MasterCard,Food,HPCL,UPI,Female
C71664,w100127,21834.95,Pune,2026-06-27,Approved,Shopping,Amex,Travel,DMart,Credit,Female
C66154,w100128,22137.65,Mumbai,2026-02-12,Approved,Travel,RuPay,Utilities,Zomato,UPI,Female
C33901,w100129,1231.18,Kolkata,2026-04-07,Approved,Shopping,Visa,Utilities,Amazon,Credit,Male
C89498,w100130,20991.25,Mumbai,2026-04-18,Approved,Utilities,Visa,Food,Zomato,UPI,Male
C87385,w100131,12722.61,Bengaluru,2026-02-17,Approved,Travel,Visa,Retail,IRCTC,Credit,Male
C69273,w100132,18730.49,Pune,2026-02-15,Declined,Dining,Amex,Utilities,IRCTC,Credit,Female
C19901,w100133,8225.84,Vizag,2026-01-04,Approved,Dining,Visa,Fuel,Zomato,Credit,Male
C46723,w100134,4273.45,Mumbai,2026-03-08,Approved,Travel,Amex,Retail,DMart,Credit,Male
C97755,w100135,22342.78,Pune,2026-04-14,Declined,Shopping,Visa,Retail,DMart,UPI,Male
C24979,w100136,12203.14,Hyderabad,2026-04-30,Approved,Groceries,RuPay,Travel,Reliance,UPI,Male
C88909,w100137,12709.63,Vizag,2026-01-11,Approved,Travel,Visa,Utilities,Zomato,UPI,Male
C84427,w100138,15389.8,Hyderabad,2026-01-12,Approved,Utilities,RuPay,Travel,HPCL,NetBanking,Female
C78582,w100139,12856.61,Kolkata,2026-06-13,Declined,Groceries,RuPay,Food,IOCL,UPI,Female
C71026,w100140,8599.46,Kolkata,2026-04-18,Declined,Fuel,Amex,Utilities,Amazon,UPI,Male
C36599,w100141,12610.46,Pune,2026-06-28,Declined,Dining,Visa,Retail,Amazon,Credit,Male
C45685,w100142,19461.47,Pune,2026-03-24,Declined,Dining,Visa,Retail,Zomato,Credit,Female
C54989,w100143,21914.55,Mumbai,2026-02-17,Declined,Utilities,MasterCard,Fuel,DMart,Credit,Male
C24580,w100144,22721.93,Delhi,2026-02-28,Approved,Fuel,MasterCard,Utilities,IOCL,Credit,Male
C19264,w100145,14419.31,Delhi,2026-04-07,Approved,Shopping,MasterCard,Food,Amazon,Credit,Male
C98291,w100146,22217.39,Vizag,2026-03-23,Declined,Fuel,Amex,E-commerce,Zomato,UPI,Male
C55224,w100147,3507.82,Pune,2026-06-03,Approved,Dining,Visa,Fuel,Swiggy,NetBanking,Male
C17224,w100148,21910.23,Pune,2026-03-24,Approved,Travel,MasterCard,E-commerce,Zomato,NetBanking,Female
C83998,w100149,12781.65,Vizag,2026-02-05,Approved,Fuel,MasterCard,Fuel,HPCL,NetBanking,Male
C70943,w100150,9756.41,Vizag,2026-06-01,Declined,Shopping,RuPay,Travel,HPCL,NetBanking,Female
C19328,w100151,18892.6,Chennai,2026-05-16,Declined,Fuel,RuPay,Fuel,Swiggy,Credit,Male
C76546,w100152,18338.84,Mumbai,2026-05-02,Approved,Utilities,MasterCard,Food,IOCL,UPI,Female
C97171,w100153,23183.32,Vizag,2026-01-04,Declined,Dining,RuPay,E-commerce,Zomato,UPI,Female
C14408,w100154,21317.26,Bengaluru,2026-05-25,Approved,Travel,RuPay,Fuel,Zomato,Credit,Female
C57279,w100155,23232.73,Pune,2026-01-06,Approved,Utilities,Amex,Retail,DMart,NetBanking,Male
C70449,w100156,2756.74,Mumbai,2026-01-26,Approved,Dining,RuPay,Retail,HPCL,Credit,Female
C14021,w100157,3902.17,Pune,2026-03-09,Approved,Fuel,Visa,E-commerce,Reliance,NetBanking,Female
C94068,w100158,21081.4,Hyderabad,2026-04-07,Declined,Travel,Visa,Travel,Swiggy,Credit,Female
C25443,w100159,9171.49,Bengaluru,2026-06-22,Declined,Fuel,Amex,E-commerce,Swiggy,NetBanking,Female
C59913,w100160,5384.9,Vizag,2026-05-30,Declined,Utilities,Visa,Retail,IOCL,Credit,Female
C64979,w100161,12471.94,Bengaluru,2026-01-02,Declined,Dining,RuPay,Food,IRCTC,NetBanking,Female
C19615,w100162,1180.45,Chennai,2026-05-17,Approved,Utilities,Amex,Travel,Reliance,NetBanking,Male
C58542,w100163,11574.82,Pune,2026-01-17,Declined,Travel,RuPay,E-commerce,DMart,NetBanking,Female
C71801,w100164,3879.0,Chennai,2026-04-03,Approved,Travel,RuPay,Food,IRCTC,UPI,Male
C83064,w100165,3930.82,Chennai,2026-05-22,Approved,Fuel,Amex,Retail,Reliance,UPI,Male
C55960,w100166,18026.1,Bengaluru,2026-02-25,Approved,Fuel,MasterCard,Fuel,IOCL,Credit,Female
C40909,w100167,9147.12,Chennai,2026-01-28,Approved,Fuel,MasterCard,Retail,Swiggy,NetBanking,Male
C80933,w100168,4799.96,Mumbai,2026-04-13,Approved,Shopping,Visa,Retail,DMart,Credit,Male
C18049,w100169,21439.49,Mumbai,2026-02-09,Declined,Shopping,Visa,Fuel,IOCL,Credit,Male
C79291,w100170,9513.04,Bengaluru,2026-05-16,Declined,Travel,RuPay,Utilities,IOCL,Credit,Female
C10882,w100171,4462.37,Mumbai,2026-06-18,Declined,Dining,Amex,Food,Amazon,NetBanking,Male
C83322,w100172,19692.95,Chennai,2026-04-11,Approved,Utilities,Amex,Fuel,Reliance,Credit,Male
C64292,w100173,8726.96,Chennai,2026-01-28,Approved,Utilities,RuPay,Fuel,IOCL,UPI,Female
C71525,w100174,13334.3,Bengaluru,2026-01-08,Approved,Dining,RuPay,Utilities,IOCL,NetBanking,Female
C70688,w100175,17059.77,Pune,2026-04-25,Approved,Groceries,RuPay,Retail,IRCTC,Credit,Female
C66640,w100176,1799.76,Bengaluru,2026-06-14,Approved,Dining,Visa,Food,Zomato,NetBanking,Male
C81318,w100177,10268.18,Pune,2026-01-29,Declined,Shopping,Amex,Fuel,Amazon,Credit,Female
C30991,w100178,12207.19,Hyderabad,2026-05-25,Declined,Fuel,MasterCard,Food,DMart,NetBanking,Female
C46947,w100179,9063.92,Pune,2026-05-08,Declined,Utilities,MasterCard,E-commerce,HPCL,UPI,Male
C70317,w100180,13137.73,Delhi,2026-03-03,Declined,Fuel,RuPay,Fuel,Swiggy,Credit,Male
C23239,w100181,14356.31,Chennai,2026-03-11,Declined,Fuel,MasterCard,Fuel,DMart,Credit,Female
C70312,w100182,17121.41,Mumbai,2026-01-29,Approved,Shopping,RuPay,Food,HPCL,NetBanking,Female
C51492,w100183,19049.38,Kolkata,2026-03-23,Approved,Shopping,MasterCard,Food,Swiggy,UPI,Male
C85730,w100184,23683.38,Mumbai,2026-03-07,Declined,Shopping,Amex,Retail,Zomato,NetBanking,Male
C26850,w100185,5094.5,Mumbai,2026-06-06,Approved,Utilities,MasterCard,E-commerce,Zomato,Credit,Male
C58265,w100186,9188.89,Bengaluru,2026-02-22,Declined,Fuel,MasterCard,Food,DMart,UPI,Female
C19186,w100187,1627.49,Vizag,2026-03-13,Declined,Travel,Visa,E-commerce,IRCTC,NetBanking,Female
C45080,w100188,3752.67,Pune,2026-04-14,Declined,Dining,RuPay,Travel,Amazon,Credit,Female
C88123,w100189,17957.36,Chennai,2026-02-10,Approved,Dining,Visa,Fuel,Swiggy,UPI,Male
C83950,w100190,21357.09,Chennai,2026-05-19,Approved,Shopping,Amex,Food,HPCL,Credit,Male
C48693,w100191,2744.48,Hyderabad,2026-04-10,Approved,Dining,MasterCard,Utilities,Amazon,Credit,Male
C14384,w100192,947.63,Delhi,2026-04-21,Approved,Dining,Visa,E-commerce,Reliance,UPI,Male
C32792,w100193,2051.23,Chennai,2026-02-02,Declined,Fuel,Visa,Travel,Zomato,UPI,Female
C47678,w100194,24230.15,Mumbai,2026-02-11,Declined,Utilities,Visa,E-commerce,Zomato,NetBanking,Female
C66689,w100195,8092.86,Vizag,2026-02-02,Approved,Utilities,Amex,Travel,Swiggy,UPI,Male
C30052,w100196,20466.78,Vizag,2026-06-07,Approved,Travel,Visa,Food,IRCTC,UPI,Female
C15148,w100197,11390.28,Hyderabad,2026-06-13,Approved,Dining,Amex,Travel,IRCTC,NetBanking,Female
C67605,w100198,18674.14,Bengaluru,2026-04-05,Approved,Travel,RuPay,Fuel,DMart,UPI,Female
C61253,w100199,15515.55,Hyderabad,2026-03-18,Approved,Groceries,RuPay,E-commerce,Amazon,Credit,Male
C27794,w100200,9461.16,Chennai,2026-01-19,Declined,Utilities,RuPay,Retail,IRCTC,UPI,Female
C19706,w100201,13949.72,Mumbai,2026-01-30,Declined,Dining,Visa,Travel,Zomato,NetBanking,Male
C39778,w100202,10670.4,Bengaluru,2026-02-23,Approved,Shopping,Amex,Food,IRCTC,UPI,Female
C70537,w100203,20038.4,Delhi,2026-01-03,Approved,Travel,Visa,Utilities,Zomato,UPI,Male
C69119,w100204,15403.98,Hyderabad,2026-03-04,Approved,Dining,RuPay,Food,IRCTC,NetBanking,Male
C89756,w100205,10172.15,Chennai,2026-05-16,Declined,Travel,Visa,Fuel,HPCL,NetBanking,Female
C61114,w100206,7545.21,Chennai,2026-03-26,Approved,Travel,RuPay,Utilities,HPCL,Credit,Male
C56156,w100207,2653.09,Mumbai,2026-04-22,Approved,Travel,RuPay,Utilities,Zomato,NetBanking,Male
C77440,w100208,12353.9,Hyderabad,2026-05-27,Declined,Shopping,RuPay,Fuel,Zomato,Credit,Male
C56469,w100209,15100.2,Delhi,2026-06-02,Approved,Groceries,MasterCard,Fuel,Swiggy,Credit,Male
C20533,w100210,4559.69,Delhi,2026-04-29,Approved,Shopping,MasterCard,Utilities,IOCL,Credit,Male
C77829,w100211,13977.09,Kolkata,2026-06-17,Declined,Shopping,RuPay,Fuel,Swiggy,UPI,Female
C58334,w100212,1393.98,Vizag,2026-05-09,Declined,Fuel,MasterCard,Utilities,IOCL,UPI,Female
C16814,w100213,8609.13,Mumbai,2026-04-12,Approved,Shopping,Amex,Utilities,DMart,Credit,Male
C93696,w100214,3517.9,Hyderabad,2026-06-19,Approved,Groceries,RuPay,Utilities,Amazon,UPI,Female
C66388,w100215,4176.72,Vizag,2026-05-27,Declined,Shopping,MasterCard,Fuel,Swiggy,UPI,Female
C58041,w100216,12004.97,Mumbai,2026-04-09,Declined,Fuel,Visa,Fuel,Swiggy,Credit,Male
C53424,w100217,13504.71,Bengaluru,2026-02-03,Approved,Dining,RuPay,Retail,IRCTC,NetBanking,Male
C78760,w100218,18041.57,Delhi,2026-06-01,Approved,Dining,RuPay,Food,Swiggy,UPI,Female
C57076,w100219,12952.74,Hyderabad,2026-05-07,Declined,Fuel,MasterCard,Travel,Reliance,UPI,Female
C46648,w100220,8290.95,Hyderabad,2026-06-27,Declined,Travel,RuPay,E-commerce,Swiggy,UPI,Male
C86845,w100221,18679.53,Delhi,2026-06-08,Declined,Travel,RuPay,Travel,Reliance,Credit,Female
C16474,w100222,11628.6,Bengaluru,2026-05-06,Approved,Shopping,MasterCard,Fuel,HPCL,NetBanking,Female
C89157,w100223,15971.87,Hyderabad,2026-02-22,Declined,Fuel,Visa,E-commerce,IRCTC,NetBanking,Male
C99124,w100224,5274.97,Kolkata,2026-01-17,Declined,Dining,MasterCard,Fuel,IOCL,Credit,Female
C18682,w100225,8121.56,Mumbai,2026-02-27,Approved,Utilities,Visa,Food,IOCL,UPI,Male
C20240,w100226,22787.47,Mumbai,2026-03-03,Approved,Shopping,Visa,Fuel,HPCL,UPI,Male
C36662,w100227,5990.97,Vizag,2026-02-09,Declined,Shopping,Visa,Retail,Swiggy,UPI,Male
C30312,w100228,16410.8,Hyderabad,2026-05-21,Approved,Shopping,RuPay,Fuel,Swiggy,Credit,Male
C85485,w100229,978.9,Bengaluru,2026-01-12,Approved,Fuel,RuPay,Fuel,IRCTC,NetBanking,Male
C70972,w100230,14986.64,Hyderabad,2026-02-25,Approved,Shopping,RuPay,E-commerce,IOCL,UPI,Male
C72183,w100231,17473.82,Mumbai,2026-03-17,Declined,Travel,Visa,Retail,IOCL,UPI,Female
C45704,w100232,15351.22,Chennai,2026-02-13,Approved,Fuel,RuPay,Utilities,Zomato,NetBanking,Male
C68376,w100233,11489.56,Mumbai,2026-01-03,Declined,Utilities,Amex,Travel,Reliance,Credit,Male
C44320,w100234,24814.66,Delhi,2026-04-26,Approved,Groceries,MasterCard,Travel,Swiggy,NetBanking,Male
C82702,w100235,15019.2,Bengaluru,2026-02-03,Approved,Travel,Visa,Fuel,HPCL,Credit,Female
C25110,w100236,2284.66,Bengaluru,2026-02-12,Declined,Shopping,MasterCard,E-commerce,Amazon,Credit,Male
C18300,w100237,21985.47,Kolkata,2026-04-29,Approved,Utilities,Amex,Fuel,Swiggy,Credit,Male
C91232,w100238,4770.15,Mumbai,2026-06-09,Declined,Utilities,RuPay,Fuel,DMart,NetBanking,Female
C29659,w100239,11899.35,Bengaluru,2026-01-29,Approved,Travel,Visa,Food,Amazon,NetBanking,Male
C10731,w100240,4879.27,Vizag,2026-05-25,Declined,Groceries,Amex,Food,IOCL,UPI,Male
C17917,w100241,12996.75,Hyderabad,2026-06-02,Approved,Utilities,Amex,Food,Reliance,UPI,Male
C35248,w100242,9117.72,Mumbai,2026-02-23,Declined,Dining,Visa,Fuel,Zomato,Credit,Female
C29500,w100243,22231.73,Delhi,2026-03-11,Approved,Utilities,MasterCard,Food,HPCL,NetBanking,Female
C56187,w100244,971.78,Bengaluru,2026-05-11,Declined,Dining,MasterCard,Fuel,Reliance,NetBanking,Female
C75654,w100245,5228.49,Chennai,2026-03-31,Declined,Dining,RuPay,Utilities,DMart,Credit,Male
C59109,w100246,15186.5,Chennai,2026-02-23,Declined,Travel,Visa,E-commerce,IRCTC,NetBanking,Male
C92886,w100247,22339.96,Mumbai,2026-05-01,Approved,Shopping,Visa,Utilities,IRCTC,UPI,Female
C50603,w100248,14497.2,Bengaluru,2026-02-26,Approved,Dining,RuPay,Utilities,HPCL,NetBanking,Male
C81263,w100249,17439.9,Bengaluru,2026-05-16,Approved,Groceries,MasterCard,Fuel,IOCL,NetBanking,Male
C87441,w100250,7079.14,Chennai,2026-04-27,Declined,Shopping,Visa,Utilities,Amazon,Credit,Female
C12655,w100251,24244.41,Pune,2026-05-30,Declined,Groceries,RuPay,Fuel,Amazon,Credit,Female
C12599,w100252,15715.85,Chennai,2026-04-15,Declined,Groceries,Amex,Retail,Reliance,UPI,Male
C47722,w100253,11566.47,Chennai,2026-01-22,Declined,Fuel,Amex,Travel,IRCTC,Credit,Female
C51629,w100254,23244.62,Pune,2026-01-07,Declined,Dining,RuPay,Retail,IRCTC,UPI,Male
C75745,w100255,6051.14,Vizag,2026-06-01,Declined,Utilities,Visa,Travel,Swiggy,Credit,Female
C15749,w100256,12667.95,Vizag,2026-05-13,Declined,Shopping,Amex,E-commerce,IOCL,NetBanking,Female
C47225,w100257,13881.73,Vizag,2026-04-14,Approved,Groceries,Amex,Utilities,IRCTC,NetBanking,Male
C83265,w100258,6384.2,Delhi,2026-03-19,Declined,Dining,Visa,Fuel,IRCTC,NetBanking,Female
C91331,w100259,15640.6,Chennai,2026-04-10,Approved,Dining,Visa,Retail,HPCL,UPI,Female
C60204,w100260,21699.79,Mumbai,2026-02-07,Approved,Utilities,RuPay,Retail,Amazon,Credit,Female
C82426,w100261,9615.91,Bengaluru,2026-02-21,Declined,Groceries,MasterCard,E-commerce,Swiggy,UPI,Male
C84743,w100262,7769.47,Kolkata,2026-04-01,Declined,Utilities,Visa,Travel,Amazon,Credit,Female
C19401,w100263,23030.93,Bengaluru,2026-04-18,Approved,Dining,MasterCard,Utilities,HPCL,Credit,Male
C30542,w100264,12951.68,Vizag,2026-01-17,Declined,Groceries,Amex,Utilities,DMart,Credit,Male
C59252,w100265,3575.49,Pune,2026-05-06,Approved,Groceries,Amex,Utilities,HPCL,NetBanking,Female
C75437,w100266,19056.76,Mumbai,2026-02-26,Approved,Travel,MasterCard,Travel,Zomato,UPI,Female
C16639,w100267,8507.85,Vizag,2026-05-17,Approved,Shopping,Amex,Retail,IRCTC,UPI,Male
C58436,w100268,20523.35,Bengaluru,2026-01-30,Approved,Shopping,RuPay,Retail,Swiggy,UPI,Female
C95206,w100269,7216.88,Hyderabad,2026-02-13,Declined,Travel,MasterCard,E-commerce,DMart,Credit,Female
C36529,w100270,6912.67,Pune,2026-02-22,Declined,Fuel,Visa,Travel,HPCL,Credit,Female
C23115,w100271,6949.52,Delhi,2026-03-01,Approved,Shopping,MasterCard,E-commerce,Reliance,UPI,Female
C34883,w100272,24236.26,Vizag,2026-05-14,Declined,Shopping,RuPay,Utilities,Swiggy,Credit,Male
C52490,w100273,14000.13,Mumbai,2026-03-20,Approved,Shopping,Amex,E-commerce,DMart,NetBanking,Male
C80388,w100274,3797.71,Chennai,2026-02-10,Declined,Groceries,RuPay,Travel,IRCTC,UPI,Male
C17696,w100275,20856.97,Delhi,2026-02-15,Declined,Groceries,RuPay,Fuel,IOCL,NetBanking,Female
C59546,w100276,15959.57,Vizag,2026-05-07,Approved,Dining,Amex,Fuel,DMart,UPI,Male
C55013,w100277,23629.39,Kolkata,2026-05-14,Declined,Groceries,RuPay,Utilities,DMart,UPI,Female
C70118,w100278,18914.96,Hyderabad,2026-02-02,Approved,Fuel,Visa,E-commerce,IOCL,UPI,Male
C19449,w100279,9463.97,Pune,2026-05-17,Declined,Utilities,RuPay,Utilities,HPCL,UPI,Male
C33840,w100280,4559.37,Pune,2026-03-03,Approved,Dining,MasterCard,E-commerce,DMart,UPI,Female
C84401,w100281,15682.97,Pune,2026-02-24,Approved,Shopping,MasterCard,Food,IOCL,Credit,Female
C99996,w100282,5584.32,Bengaluru,2026-05-31,Approved,Fuel,RuPay,Food,DMart,NetBanking,Male
C11498,w100283,6529.68,Kolkata,2026-02-05,Approved,Shopping,RuPay,Retail,Reliance,UPI,Female
C22785,w100284,269.88,Pune,2026-06-26,Approved,Travel,MasterCard,Retail,HPCL,NetBanking,Male
C81495,w100285,17178.74,Delhi,2026-03-24,Declined,Travel,MasterCard,Fuel,IRCTC,UPI,Male
C63495,w100286,8355.13,Mumbai,2026-02-20,Declined,Dining,MasterCard,Travel,HPCL,NetBanking,Female
C94127,w100287,9763.76,Chennai,2026-01-25,Declined,Dining,Amex,Fuel,IRCTC,Credit,Female
C13332,w100288,13115.47,Bengaluru,2026-04-22,Declined,Travel,Visa,Utilities,Zomato,UPI,Female
C44126,w100289,12604.31,Chennai,2026-05-25,Declined,Shopping,Visa,Fuel,Zomato,NetBanking,Male
C16433,w100290,6316.07,Delhi,2026-01-22,Approved,Shopping,MasterCard,Retail,IOCL,Credit,Male
C84086,w100291,23195.77,Bengaluru,2026-03-12,Approved,Dining,Amex,Utilities,HPCL,NetBanking,Female
C14631,w100292,3577.49,Pune,2026-05-23,Approved,Fuel,Visa,Food,Reliance,UPI,Female
C43364,w100293,12435.43,Chennai,2026-02-01,Declined,Shopping,RuPay,Travel,Zomato,Credit,Female
C79847,w100294,18925.69,Mumbai,2026-04-23,Declined,Fuel,MasterCard,Utilities,DMart,NetBanking,Male
C42854,w100295,205.94,Mumbai,2026-03-19,Declined,Utilities,RuPay,Travel,Amazon,NetBanking,Male
C43477,w100296,12541.79,Delhi,2026-02-14,Declined,Dining,Amex,Fuel,Zomato,NetBanking,Female
C88142,w100297,17332.73,Hyderabad,2026-05-12,Approved,Dining,RuPay,E-commerce,IOCL,NetBanking,Male
C13612,w100298,5958.7,Vizag,2026-04-27,Declined,Groceries,RuPay,Retail,Reliance,UPI,Female
C65030,w100299,23823.81,Mumbai,2026-01-10,Approved,Shopping,MasterCard,Retail,Reliance,UPI,Female
C85572,w100300,9274.65,Pune,2026-01-27,Declined,Shopping,MasterCard,Travel,HPCL,Credit,Male
C30083,w100301,178.66,Hyderabad,2026-02-01,Declined,Utilities,Visa,Food,Reliance,Credit,Female
C53052,w100302,14709.45,Vizag,2026-02-27,Declined,Utilities,RuPay,Fuel,Swiggy,NetBanking,Female
C84636,w100303,13586.87,Vizag,2026-04-07,Declined,Shopping,RuPay,Food,Amazon,NetBanking,Female
C12534,w100304,11173.05,Mumbai,2026-03-08,Approved,Dining,Visa,Food,DMart,Credit,Female
C67483,w100305,7141.2,Bengaluru,2026-01-10,Approved,Utilities,MasterCard,Travel,Amazon,Credit,Male
C96531,w100306,18090.7,Mumbai,2026-06-22,Approved,Dining,RuPay,E-commerce,HPCL,Credit,Female
C47554,w100307,4186.36,Pune,2026-06-27,Approved,Groceries,Amex,Utilities,Reliance,NetBanking,Male
C66657,w100308,7380.03,Mumbai,2026-05-02,Approved,Dining,MasterCard,Retail,Zomato,Credit,Male
C16429,w100309,7007.53,Pune,2026-06-12,Declined,Travel,RuPay,Food,Swiggy,UPI,Female
C15765,w100310,8788.28,Pune,2026-02-20,Approved,Groceries,RuPay,Retail,Amazon,Credit,Female
C69867,w100311,15648.03,Delhi,2026-03-04,Approved,Dining,RuPay,Food,DMart,NetBanking,Female
C79855,w100312,13703.61,Chennai,2026-05-12,Approved,Travel,Amex,E-commerce,Swiggy,UPI,Female
C41531,w100313,10932.67,Delhi,2026-03-02,Declined,Shopping,Amex,Utilities,IRCTC,UPI,Male
C75010,w100314,22723.84,Delhi,2026-02-12,Approved,Dining,Visa,Food,IOCL,UPI,Male
C47235,w100315,20169.22,Bengaluru,2026-03-21,Approved,Dining,MasterCard,Food,HPCL,Credit,Female
C91605,w100316,19556.9,Mumbai,2026-01-30,Declined,Shopping,MasterCard,Fuel,HPCL,NetBanking,Female
C49096,w100317,19793.14,Vizag,2026-05-12,Declined,Dining,RuPay,Travel,DMart,UPI,Male
C40536,w100318,14211.89,Mumbai,2026-05-23,Approved,Travel,Visa,Fuel,IOCL,Credit,Male
C82980,w100319,16290.12,Pune,2026-01-09,Approved,Utilities,Visa,Retail,Amazon,NetBanking,Male
C71633,w100320,3339.35,Bengaluru,2026-04-07,Approved,Dining,Amex,Utilities,Amazon,Credit,Female
C74997,w100321,23927.11,Pune,2026-03-16,Approved,Fuel,RuPay,E-commerce,Reliance,UPI,Female
C10130,w100322,20548.54,Kolkata,2026-03-16,Approved,Utilities,Amex,E-commerce,IRCTC,Credit,Female
C26395,w100323,15184.37,Pune,2026-05-04,Declined,Utilities,RuPay,Travel,Amazon,UPI,Male
C72888,w100324,20165.19,Vizag,2026-02-25,Approved,Shopping,RuPay,Food,Swiggy,NetBanking,Male
C12196,w100325,6520.03,Mumbai,2026-03-07,Approved,Shopping,Visa,Travel,IRCTC,NetBanking,Female
C89729,w100326,4474.03,Delhi,2026-01-09,Approved,Utilities,MasterCard,Utilities,DMart,UPI,Female
C80689,w100327,11713.41,Bengaluru,2026-01-21,Declined,Dining,RuPay,Utilities,DMart,UPI,Female
C61680,w100328,9088.2,Hyderabad,2026-06-19,Declined,Groceries,MasterCard,Food,IOCL,NetBanking,Male
C94261,w100329,4227.49,Delhi,2026-01-27,Approved,Shopping,Visa,Utilities,DMart,NetBanking,Female
C26572,w100330,11093.48,Vizag,2026-02-02,Declined,Dining,RuPay,Fuel,Zomato,NetBanking,Female
C76805,w100331,4258.32,Chennai,2026-04-21,Approved,Travel,RuPay,Fuel,Zomato,Credit,Male
C68381,w100332,6206.28,Kolkata,2026-06-10,Approved,Travel,Amex,Retail,Reliance,NetBanking,Female
C64873,w100333,23924.87,Delhi,2026-01-27,Declined,Dining,RuPay,Fuel,Reliance,NetBanking,Female
C16258,w100334,8900.21,Hyderabad,2026-04-12,Approved,Travel,Amex,Fuel,Reliance,NetBanking,Male
C86387,w100335,14682.62,Bengaluru,2026-03-01,Declined,Fuel,MasterCard,Fuel,Reliance,Credit,Male
C39104,w100336,10668.96,Vizag,2026-02-01,Declined,Groceries,Amex,Fuel,Amazon,UPI,Male
C22799,w100337,12177.1,Mumbai,2026-02-15,Approved,Groceries,MasterCard,E-commerce,Zomato,Credit,Female
C49124,w100338,14477.58,Vizag,2026-04-20,Declined,Groceries,MasterCard,Retail,Reliance,NetBanking,Female
C62683,w100339,8739.06,Kolkata,2026-02-02,Declined,Dining,Amex,Retail,Zomato,Credit,Male
C86348,w100340,3052.25,Kolkata,2026-05-08,Declined,Groceries,Amex,Fuel,Zomato,UPI,Female
C79797,w100341,17607.1,Bengaluru,2026-03-28,Approved,Groceries,RuPay,Utilities,DMart,NetBanking,Female
C85644,w100342,9207.84,Vizag,2026-04-02,Declined,Groceries,Visa,Utilities,Reliance,NetBanking,Male
C47299,w100343,22529.58,Bengaluru,2026-01-22,Approved,Fuel,MasterCard,E-commerce,DMart,Credit,Female
C53616,w100344,11052.93,Hyderabad,2026-03-13,Approved,Utilities,Amex,Travel,Reliance,Credit,Female
C94182,w100345,1062.04,Pune,2026-05-25,Approved,Fuel,RuPay,Retail,HPCL,NetBanking,Male
C40299,w100346,5691.76,Chennai,2026-02-25,Approved,Shopping,Visa,Food,DMart,NetBanking,Male
C92764,w100347,4641.24,Kolkata,2026-06-01,Declined,Travel,MasterCard,E-commerce,Amazon,NetBanking,Male
C51583,w100348,1481.48,Chennai,2026-01-21,Approved,Utilities,Amex,Fuel,Amazon,NetBanking,Female
C46857,w100349,14874.42,Bengaluru,2026-02-17,Declined,Dining,MasterCard,Retail,HPCL,UPI,Female
C88477,w100350,17506.83,Vizag,2026-02-19,Approved,Travel,Visa,Utilities,Swiggy,NetBanking,Female
C21720,w100351,21389.19,Kolkata,2026-02-25,Approved,Travel,MasterCard,Utilities,Amazon,UPI,Female
C98047,w100352,857.95,Hyderabad,2026-03-15,Declined,Fuel,MasterCard,Travel,HPCL,UPI,Female
C67547,w100353,14246.12,Delhi,2026-04-24,Declined,Fuel,Visa,Food,Reliance,Credit,Male
C35040,w100354,9838.7,Vizag,2026-03-09,Approved,Groceries,Visa,Travel,Zomato,NetBanking,Female
C80259,w100355,21967.47,Delhi,2026-01-06,Approved,Shopping,Amex,Retail,Reliance,Credit,Male
C11060,w100356,1902.94,Vizag,2026-05-04,Declined,Travel,MasterCard,Fuel,Swiggy,NetBanking,Female
C24687,w100357,14005.86,Bengaluru,2026-01-01,Approved,Travel,RuPay,Fuel,Reliance,Credit,Female
C61861,w100358,15607.01,Vizag,2026-02-01,Approved,Fuel,MasterCard,Food,Reliance,NetBanking,Female
C22786,w100359,16883.33,Bengaluru,2026-03-19,Approved,Fuel,MasterCard,Food,DMart,NetBanking,Male
C85898,w100360,22248.34,Mumbai,2026-02-28,Approved,Dining,Visa,Fuel,Swiggy,Credit,Female
C89511,w100361,10529.68,Pune,2026-03-15,Declined,Shopping,RuPay,Retail,HPCL,Credit,Female
C44855,w100362,11859.39,Vizag,2026-04-21,Declined,Dining,Visa,E-commerce,Swiggy,Credit,Male
C93886,w100363,3920.24,Hyderabad,2026-05-15,Declined,Dining,Amex,E-commerce,DMart,UPI,Male
C66816,w100364,14915.52,Delhi,2026-06-19,Approved,Utilities,RuPay,E-commerce,Swiggy,NetBanking,Female
C34803,w100365,597.18,Chennai,2026-03-16,Approved,Groceries,Amex,Food,Swiggy,Credit,Male
C20444,w100366,21421.64,Hyderabad,2026-05-13,Declined,Travel,MasterCard,Travel,Zomato,UPI,Female
C10668,w100367,21639.61,Kolkata,2026-02-12,Declined,Utilities,RuPay,Fuel,DMart,NetBanking,Female
C20330,w100368,2788.88,Bengaluru,2026-06-06,Approved,Shopping,Visa,Utilities,Zomato,NetBanking,Male
C52664,w100369,22766.09,Bengaluru,2026-06-07,Approved,Utilities,RuPay,Retail,DMart,Credit,Female
C63765,w100370,1001.9,Vizag,2026-04-06,Declined,Fuel,Visa,Travel,DMart,NetBanking,Female
C28956,w100371,16030.1,Delhi,2026-06-23,Approved,Shopping,RuPay,Food,IRCTC,UPI,Female
C30897,w100372,15168.31,Pune,2026-02-06,Declined,Dining,Visa,Utilities,IRCTC,NetBanking,Female
C60879,w100373,20173.71,Bengaluru,2026-04-23,Approved,Travel,Amex,Fuel,Reliance,Credit,Male
C58609,w100374,11315.24,Chennai,2026-02-10,Declined,Fuel,Visa,Travel,Amazon,UPI,Male
C33249,w100375,223.22,Bengaluru,2026-04-13,Declined,Groceries,MasterCard,Retail,IOCL,Credit,Male
C69583,w100376,8831.87,Bengaluru,2026-04-13,Declined,Utilities,RuPay,E-commerce,IRCTC,NetBanking,Male
C28633,w100377,14158.45,Hyderabad,2026-04-08,Approved,Dining,MasterCard,Fuel,HPCL,UPI,Female
C42724,w100378,6920.45,Mumbai,2026-06-28,Approved,Groceries,MasterCard,E-commerce,Swiggy,NetBanking,Female
C66483,w100379,1802.8,Kolkata,2026-06-01,Approved,Dining,RuPay,Fuel,Zomato,NetBanking,Female
C75353,w100380,7320.11,Mumbai,2026-06-02,Approved,Groceries,Amex,Food,Zomato,UPI,Female
C50915,w100381,19428.07,Delhi,2026-03-17,Declined,Groceries,Amex,Utilities,Zomato,Credit,Female
C96404,w100382,17446.88,Pune,2026-05-05,Approved,Utilities,RuPay,E-commerce,Amazon,Credit,Male
C35932,w100383,1207.0,Delhi,2026-03-12,Declined,Groceries,MasterCard,Retail,HPCL,Credit,Male
C90225,w100384,4189.97,Delhi,2026-04-12,Declined,Travel,Amex,Retail,HPCL,Credit,Female
C30289,w100385,9861.94,Kolkata,2026-05-01,Approved,Shopping,Amex,Travel,Swiggy,UPI,Male
C19255,w100386,23122.52,Bengaluru,2026-02-27,Declined,Utilities,MasterCard,Fuel,Amazon,UPI,Male
C51352,w100387,12685.84,Bengaluru,2026-02-15,Approved,Travel,Visa,Food,Swiggy,UPI,Male
C60282,w100388,4387.04,Bengaluru,2026-01-28,Approved,Dining,Amex,Food,HPCL,UPI,Male
C90900,w100389,10595.94,Bengaluru,2026-01-26,Declined,Fuel,Visa,Fuel,Zomato,Credit,Female
C94533,w100390,14997.25,Delhi,2026-04-08,Approved,Utilities,MasterCard,Fuel,Reliance,UPI,Male
C54909,w100391,10617.6,Hyderabad,2026-02-20,Approved,Utilities,Amex,Food,IOCL,NetBanking,Female
C24972,w100392,20795.67,Kolkata,2026-06-29,Approved,Travel,Amex,Fuel,Reliance,Credit,Female
C26493,w100393,1835.33,Vizag,2026-03-24,Declined,Groceries,RuPay,Utilities,HPCL,NetBanking,Male
C47793,w100394,13699.34,Mumbai,2026-03-31,Approved,Travel,Amex,Food,Zomato,Credit,Female
C28139,w100395,7889.36,Hyderabad,2026-04-05,Declined,Groceries,Amex,Utilities,Swiggy,NetBanking,Female
C60423,w100396,1576.37,Vizag,2026-05-11,Declined,Fuel,MasterCard,Travel,Swiggy,NetBanking,Female
C35095,w100397,5681.58,Chennai,2026-02-21,Declined,Shopping,RuPay,E-commerce,Zomato,Credit,Female
C46263,w100398,13732.28,Kolkata,2026-04-09,Approved,Utilities,Visa,Fuel,IOCL,NetBanking,Female
C33748,w100399,243.04,Pune,2026-03-02,Approved,Utilities,Amex,E-commerce,HPCL,NetBanking,Female
C93859,w100400,7777.53,Pune,2026-06-19,Approved,Dining,Amex,E-commerce,DMart,NetBanking,Male
C20296,w100401,7653.67,Delhi,2026-03-23,Declined,Dining,MasterCard,Fuel,IOCL,NetBanking,Female
C80689,w100402,15520.88,Bengaluru,2026-03-29,Declined,Shopping,MasterCard,E-commerce,Zomato,Credit,Male
C44909,w100403,12878.81,Delhi,2026-05-05,Declined,Shopping,RuPay,Retail,Zomato,UPI,Male
C52808,w100404,24316.74,Hyderabad,2026-01-15,Approved,Utilities,RuPay,Food,Swiggy,Credit,Female
C26197,w100405,8927.4,Mumbai,2026-05-16,Declined,Utilities,Amex,Travel,Zomato,Credit,Female
C77167,w100406,6278.48,Kolkata,2026-05-24,Declined,Utilities,Visa,Food,IRCTC,Credit,Male
C35127,w100407,9901.13,Mumbai,2026-06-29,Declined,Groceries,Visa,Fuel,IRCTC,UPI,Female
C12634,w100408,1411.81,Bengaluru,2026-03-16,Approved,Groceries,MasterCard,Travel,IRCTC,UPI,Female
C59815,w100409,4223.73,Bengaluru,2026-02-10,Declined,Utilities,RuPay,Travel,IRCTC,UPI,Female
C95947,w100410,18600.8,Mumbai,2026-02-23,Declined,Utilities,MasterCard,Food,HPCL,UPI,Male
C40983,w100411,7651.44,Pune,2026-03-22,Approved,Groceries,RuPay,Retail,Zomato,Credit,Female
C37050,w100412,9505.42,Delhi,2026-03-15,Declined,Utilities,MasterCard,Travel,HPCL,NetBanking,Female
C76402,w100413,13449.47,Hyderabad,2026-03-19,Declined,Dining,MasterCard,Retail,HPCL,UPI,Female
C97604,w100414,8487.43,Chennai,2026-01-13,Declined,Travel,Visa,Retail,HPCL,NetBanking,Female
C27161,w100415,11960.13,Kolkata,2026-01-24,Approved,Travel,Visa,Food,Swiggy,UPI,Male
C30066,w100416,3766.72,Mumbai,2026-06-21,Approved,Utilities,Visa,Fuel,Reliance,UPI,Male
C17302,w100417,23071.95,Vizag,2026-06-18,Declined,Utilities,Amex,Utilities,Zomato,NetBanking,Male
C74463,w100418,20042.3,Chennai,2026-06-15,Declined,Fuel,RuPay,E-commerce,DMart,Credit,Female
C19150,w100419,4464.91,Mumbai,2026-03-25,Approved,Groceries,MasterCard,Food,Amazon,UPI,Male
C30885,w100420,9650.81,Vizag,2026-01-25,Declined,Travel,RuPay,Fuel,HPCL,NetBanking,Female
C99957,w100421,18611.57,Kolkata,2026-05-14,Declined,Dining,Amex,Food,Swiggy,NetBanking,Male
C21688,w100422,6296.14,Hyderabad,2026-05-12,Declined,Utilities,RuPay,Food,HPCL,Credit,Male
C86068,w100423,22681.11,Mumbai,2026-02-07,Approved,Travel,Visa,Retail,HPCL,NetBanking,Male
C56590,w100424,724.96,Kolkata,2026-03-16,Approved,Fuel,Visa,Retail,Amazon,Credit,Female
C43581,w100425,183.9,Kolkata,2026-05-02,Declined,Dining,Visa,Retail,IRCTC,UPI,Female
C45314,w100426,22148.16,Mumbai,2026-06-29,Declined,Dining,Visa,Fuel,Zomato,Credit,Male
C33557,w100427,1893.6,Pune,2026-06-10,Approved,Dining,Amex,Travel,IOCL,NetBanking,Female
C63696,w100428,6204.75,Bengaluru,2026-06-29,Declined,Fuel,Visa,Fuel,IOCL,UPI,Male
C84120,w100429,10570.14,Kolkata,2026-06-18,Approved,Travel,RuPay,Retail,IOCL,UPI,Male
C81803,w100430,7118.98,Delhi,2026-04-16,Declined,Groceries,MasterCard,E-commerce,Zomato,Credit,Male
C73449,w100431,15511.42,Delhi,2026-01-14,Approved,Shopping,Visa,E-commerce,Amazon,NetBanking,Female
C97879,w100432,2709.82,Bengaluru,2026-06-07,Declined,Groceries,Amex,Food,Zomato,Credit,Female
C79163,w100433,21366.43,Kolkata,2026-06-01,Approved,Dining,MasterCard,Food,Swiggy,NetBanking,Male
C99932,w100434,22506.66,Delhi,2026-02-01,Approved,Utilities,MasterCard,E-commerce,IRCTC,NetBanking,Female
C68946,w100435,6920.65,Chennai,2026-05-31,Approved,Dining,Amex,Food,Zomato,NetBanking,Male
C57051,w100436,7116.8,Vizag,2026-02-09,Approved,Groceries,Visa,Retail,IRCTC,Credit,Female
C50174,w100437,7280.61,Pune,2026-01-18,Declined,Utilities,RuPay,Food,Reliance,NetBanking,Female
C77915,w100438,22277.11,Delhi,2026-01-10,Approved,Shopping,Amex,Food,HPCL,Credit,Male
C68567,w100439,10199.65,Chennai,2026-03-24,Declined,Fuel,Visa,E-commerce,Zomato,NetBanking,Male
C44456,w100440,13308.92,Chennai,2026-06-11,Approved,Dining,Visa,E-commerce,Swiggy,Credit,Male
C78134,w100441,1334.63,Hyderabad,2026-02-17,Declined,Shopping,MasterCard,Retail,Zomato,Credit,Female
C67842,w100442,2615.93,Kolkata,2026-04-19,Approved,Fuel,MasterCard,Utilities,Swiggy,UPI,Male
C85929,w100443,11973.66,Mumbai,2026-05-24,Approved,Utilities,RuPay,E-commerce,Zomato,UPI,Female
C16027,w100444,9393.47,Kolkata,2026-06-25,Declined,Utilities,RuPay,Food,Swiggy,Credit,Female
C86923,w100445,16494.73,Vizag,2026-01-24,Approved,Travel,Visa,Utilities,Reliance,Credit,Female
C50072,w100446,10576.32,Pune,2026-01-19,Declined,Dining,RuPay,Food,Swiggy,NetBanking,Female
C15764,w100447,24399.52,Chennai,2026-03-18,Approved,Travel,RuPay,Retail,Reliance,NetBanking,Male
C79781,w100448,13181.77,Bengaluru,2026-06-16,Declined,Fuel,Amex,Travel,DMart,Credit,Female
C97595,w100449,22513.84,Pune,2026-06-22,Approved,Utilities,MasterCard,E-commerce,Swiggy,NetBanking,Male
C94583,w100450,19618.78,Delhi,2026-05-26,Declined,Shopping,Visa,Food,HPCL,Credit,Male
C57460,w100451,16208.61,Delhi,2026-02-04,Declined,Utilities,Visa,Fuel,Amazon,NetBanking,Female
C40900,w100452,16241.87,Mumbai,2026-06-06,Declined,Fuel,Visa,Retail,DMart,NetBanking,Female
C17840,w100453,16550.47,Mumbai,2026-02-25,Declined,Groceries,Amex,Retail,Zomato,Credit,Female
C48065,w100454,6218.55,Chennai,2026-04-16,Approved,Travel,Visa,Food,Zomato,UPI,Male
C39601,w100455,952.16,Kolkata,2026-03-31,Approved,Utilities,RuPay,Utilities,Amazon,NetBanking,Male
C16972,w100456,15325.84,Bengaluru,2026-03-07,Declined,Dining,Amex,Utilities,Amazon,UPI,Female
C15737,w100457,17708.28,Bengaluru,2026-05-30,Approved,Fuel,MasterCard,Fuel,DMart,UPI,Female
C84760,w100458,7831.68,Pune,2026-04-11,Declined,Shopping,RuPay,Utilities,DMart,Credit,Female
C39624,w100459,18303.78,Pune,2026-04-25,Declined,Dining,RuPay,Travel,Amazon,NetBanking,Male
C48357,w100460,22155.16,Vizag,2026-05-30,Declined,Travel,RuPay,Food,HPCL,UPI,Female
C57793,w100461,12828.33,Hyderabad,2026-05-15,Approved,Shopping,MasterCard,Travel,HPCL,UPI,Male
C96139,w100462,7494.91,Chennai,2026-05-11,Approved,Utilities,Amex,Utilities,Swiggy,Credit,Male
C90335,w100463,20011.44,Mumbai,2026-01-20,Declined,Fuel,Amex,Food,Amazon,NetBanking,Female
C70056,w100464,24664.26,Kolkata,2026-01-20,Declined,Groceries,RuPay,Retail,IOCL,UPI,Male
C83795,w100465,18919.35,Pune,2026-05-02,Declined,Travel,Amex,Retail,IRCTC,NetBanking,Male
C98692,w100466,18748.39,Hyderabad,2026-03-18,Declined,Fuel,MasterCard,Travel,IOCL,NetBanking,Female
C20832,w100467,5767.12,Pune,2026-05-04,Declined,Shopping,MasterCard,Fuel,IRCTC,UPI,Female
C84085,w100468,19030.52,Delhi,2026-01-14,Declined,Fuel,Visa,Food,HPCL,Credit,Female
C35063,w100469,14671.46,Delhi,2026-03-02,Approved,Groceries,RuPay,Travel,Swiggy,Credit,Male
C91671,w100470,6293.45,Kolkata,2026-05-03,Declined,Fuel,Visa,Travel,IRCTC,NetBanking,Female
C72016,w100471,11285.35,Mumbai,2026-05-27,Declined,Travel,RuPay,Retail,Swiggy,UPI,Female
C84365,w100472,8780.27,Delhi,2026-03-26,Approved,Dining,Visa,Fuel,Zomato,UPI,Male
C20509,w100473,17656.09,Chennai,2026-04-23,Declined,Utilities,Visa,Utilities,Zomato,UPI,Male
C88027,w100474,20153.15,Hyderabad,2026-06-14,Approved,Travel,MasterCard,E-commerce,Zomato,NetBanking,Male
C87899,w100475,17756.5,Hyderabad,2026-06-19,Declined,Travel,Visa,Retail,HPCL,Credit,Male
C16322,w100476,9352.08,Hyderabad,2026-02-13,Declined,Utilities,Amex,Travel,IOCL,Credit,Female
C55751,w100477,7844.98,Chennai,2026-03-17,Approved,Dining,RuPay,Food,IOCL,NetBanking,Female
C49331,w100478,7606.65,Delhi,2026-05-11,Approved,Shopping,Amex,Utilities,Amazon,NetBanking,Male
C10912,w100479,13117.43,Vizag,2026-02-15,Declined,Utilities,MasterCard,Food,IOCL,Credit,Male
C12213,w100480,15663.12,Kolkata,2026-02-05,Approved,Groceries,Visa,Travel,Amazon,NetBanking,Male
C33672,w100481,13634.16,Chennai,2026-02-15,Approved,Fuel,RuPay,Travel,IOCL,UPI,Female
C54616,w100482,1301.79,Kolkata,2026-02-04,Declined,Groceries,RuPay,E-commerce,Zomato,Credit,Female
C62744,w100483,1599.4,Mumbai,2026-05-11,Declined,Dining,Amex,Fuel,Zomato,Credit,Male
C94400,w100484,23496.78,Mumbai,2026-04-10,Approved,Shopping,Visa,Food,Reliance,UPI,Female
C10409,w100485,24042.54,Hyderabad,2026-04-05,Approved,Travel,MasterCard,Fuel,Amazon,UPI,Male
C70688,w100486,3706.65,Vizag,2026-05-16,Approved,Fuel,RuPay,E-commerce,Amazon,Credit,Male
C44969,w100487,21398.75,Chennai,2026-02-20,Declined,Fuel,Visa,Retail,Zomato,UPI,Female
C40144,w100488,14641.77,Pune,2026-02-26,Approved,Utilities,MasterCard,Retail,Zomato,NetBanking,Female
C96393,w100489,16166.45,Pune,2026-04-14,Declined,Groceries,Visa,E-commerce,Amazon,Credit,Male
C64911,w100490,1237.72,Hyderabad,2026-02-20,Declined,Utilities,RuPay,Utilities,IRCTC,Credit,Male
C87330,w100491,20143.06,Bengaluru,2026-04-11,Declined,Utilities,Visa,Travel,HPCL,UPI,Male
C86406,w100492,17062.09,Kolkata,2026-05-23,Approved,Groceries,MasterCard,Retail,DMart,NetBanking,Male
C24545,w100493,11964.34,Hyderabad,2026-01-31,Declined,Travel,RuPay,Fuel,IOCL,NetBanking,Male
C43790,w100494,21392.41,Kolkata,2026-01-21,Declined,Fuel,MasterCard,Retail,IRCTC,NetBanking,Male
C32715,w100495,800.5,Hyderabad,2026-01-05,Approved,Shopping,Amex,Travel,Swiggy,Credit,Male
C27790,w100496,8620.61,Bengaluru,2026-01-13,Declined,Fuel,Visa,Fuel,HPCL,NetBanking,Male
C11341,w100497,2359.85,Pune,2026-02-06,Declined,Utilities,MasterCard,Utilities,IRCTC,NetBanking,Female
C60477,w100498,5473.04,Chennai,2026-06-03,Declined,Fuel,Visa,Travel,DMart,NetBanking,Male
C41911,w100499,11465.76,Bengaluru,2026-05-15,Approved,Fuel,RuPay,E-commerce,Zomato,Credit,Female
C11800,w100500,18575.09,Hyderabad,2026-03-10,Approved,Dining,Visa,Food,DMart,Credit,Male
C73456,w100501,23249.88,Chennai,2026-01-11,Approved,Fuel,Amex,Fuel,HPCL,UPI,Female
C46127,w100502,15523.51,Kolkata,2026-04-20,Declined,Travel,Amex,Fuel,Reliance,NetBanking,Male
C73851,w100503,596.88,Bengaluru,2026-03-23,Approved,Shopping,MasterCard,Food,DMart,Credit,Female
C88963,w100504,8133.1,Vizag,2026-03-08,Approved,Groceries,Amex,Food,Zomato,NetBanking,Male
C25190,w100505,9681.36,Pune,2026-05-01,Declined,Dining,RuPay,Travel,IRCTC,Credit,Male
C48760,w100506,1805.2,Mumbai,2026-06-20,Declined,Utilities,RuPay,Food,Swiggy,NetBanking,Female
C21674,w100507,5117.52,Vizag,2026-06-05,Approved,Travel,MasterCard,Food,IRCTC,Credit,Female
C50689,w100508,23620.36,Chennai,2026-03-30,Approved,Shopping,Amex,E-commerce,Amazon,UPI,Male
C11622,w100509,19420.66,Hyderabad,2026-06-09,Declined,Dining,Amex,Food,HPCL,NetBanking,Female
C55529,w100510,18703.63,Kolkata,2026-04-04,Approved,Fuel,MasterCard,Retail,Amazon,Credit,Female
C26278,w100511,16488.38,Mumbai,2026-03-23,Approved,Shopping,MasterCard,Retail,Amazon,NetBanking,Male
C41517,w100512,7723.29,Hyderabad,2026-06-07,Declined,Groceries,RuPay,Fuel,HPCL,Credit,Male
C89194,w100513,23426.46,Bengaluru,2026-01-23,Declined,Travel,RuPay,Travel,Swiggy,Credit,Female
C26579,w100514,5704.0,Vizag,2026-05-14,Approved,Shopping,Amex,Retail,IOCL,UPI,Female
C12763,w100515,4840.88,Hyderabad,2026-05-07,Approved,Utilities,MasterCard,Food,HPCL,NetBanking,Female
C89838,w100516,15245.05,Pune,2026-03-11,Approved,Groceries,RuPay,E-commerce,IOCL,NetBanking,Female
C41835,w100517,8935.11,Hyderabad,2026-03-31,Declined,Shopping,MasterCard,Utilities,DMart,Credit,Male
C32630,w100518,15425.58,Bengaluru,2026-01-11,Approved,Fuel,Visa,E-commerce,IOCL,NetBanking,Female
C48635,w100519,13744.67,Chennai,2026-02-16,Declined,Shopping,Amex,Retail,Amazon,NetBanking,Female
C37942,w100520,10884.42,Bengaluru,2026-03-21,Approved,Dining,RuPay,Food,Amazon,NetBanking,Female
C79322,w100521,21980.36,Kolkata,2026-03-31,Approved,Fuel,RuPay,Retail,IOCL,UPI,Female
C56391,w100522,18412.67,Mumbai,2026-02-14,Declined,Travel,MasterCard,E-commerce,Amazon,Credit,Male
C70122,w100523,15215.79,Kolkata,2026-06-05,Declined,Shopping,Amex,Fuel,Zomato,Credit,Male
C43130,w100524,5354.56,Pune,2026-03-20,Approved,Shopping,Amex,Retail,Zomato,UPI,Male
C35129,w100525,13795.58,Delhi,2026-04-12,Declined,Fuel,Visa,Food,Amazon,NetBanking,Female
C62175,w100526,24031.97,Pune,2026-04-07,Declined,Travel,Visa,Retail,DMart,NetBanking,Male
C70319,w100527,12358.2,Vizag,2026-01-12,Approved,Shopping,RuPay,Retail,HPCL,Credit,Male
C92250,w100528,2322.49,Kolkata,2026-06-10,Declined,Groceries,Amex,Utilities,DMart,NetBanking,Female
C15826,w100529,3291.43,Delhi,2026-05-23,Declined,Travel,MasterCard,Retail,IOCL,UPI,Male
C22165,w100530,3303.72,Mumbai,2026-01-13,Approved,Utilities,RuPay,E-commerce,IRCTC,NetBanking,Female
C79413,w100531,23387.46,Chennai,2026-05-29,Approved,Fuel,RuPay,Food,DMart,Credit,Male
C95167,w100532,5133.95,Mumbai,2026-03-04,Declined,Shopping,Visa,Travel,Amazon,NetBanking,Female
C14744,w100533,10343.52,Hyderabad,2026-05-23,Declined,Travel,RuPay,Travel,Reliance,UPI,Female
C66816,w100534,16799.53,Delhi,2026-03-09,Approved,Utilities,MasterCard,Retail,Swiggy,Credit,Female
C40922,w100535,16399.53,Hyderabad,2026-03-09,Approved,Shopping,Amex,Travel,IRCTC,UPI,Male
C22947,w100536,3644.53,Pune,2026-03-16,Approved,Shopping,MasterCard,Food,IOCL,Credit,Male
C29427,w100537,18712.15,Pune,2026-04-12,Declined,Utilities,RuPay,Fuel,IRCTC,NetBanking,Male
C17983,w100538,11550.6,Chennai,2026-05-11,Approved,Dining,Visa,Retail,Reliance,UPI,Male
C87340,w100539,4747.32,Hyderabad,2026-02-23,Declined,Shopping,Amex,Fuel,DMart,NetBanking,Female
C21982,w100540,20603.09,Mumbai,2026-02-28,Approved,Shopping,Amex,E-commerce,IRCTC,Credit,Male
C97683,w100541,14210.65,Pune,2026-04-29,Declined,Travel,RuPay,Travel,Zomato,UPI,Male
C97812,w100542,2891.11,Chennai,2026-06-10,Approved,Shopping,MasterCard,Retail,Amazon,UPI,Male
C88141,w100543,18990.6,Vizag,2026-01-03,Approved,Groceries,RuPay,Travel,DMart,UPI,Female
C50526,w100544,7988.83,Delhi,2026-04-18,Declined,Dining,MasterCard,Travel,Swiggy,Credit,Male
C87265,w100545,23297.13,Hyderabad,2026-06-29,Declined,Groceries,RuPay,Fuel,Amazon,NetBanking,Female
C15415,w100546,20838.35,Delhi,2026-06-25,Approved,Travel,MasterCard,Food,Amazon,UPI,Male
C62437,w100547,3016.03,Kolkata,2026-03-11,Approved,Fuel,Amex,Travel,Reliance,UPI,Male
C37251,w100548,9970.79,Bengaluru,2026-03-20,Approved,Shopping,MasterCard,Retail,Zomato,Credit,Female
C56433,w100549,6756.5,Hyderabad,2026-04-03,Declined,Shopping,Amex,E-commerce,Zomato,Credit,Female
C23038,w100550,21610.19,Bengaluru,2026-06-11,Declined,Travel,Amex,Travel,Zomato,Credit,Male
C67502,w100551,12546.27,Hyderabad,2026-01-26,Approved,Utilities,MasterCard,Travel,Zomato,Credit,Male
C50227,w100552,12644.85,Hyderabad,2026-01-16,Approved,Fuel,Amex,Retail,HPCL,UPI,Male
C54345,w100553,24326.87,Vizag,2026-04-28,Approved,Fuel,RuPay,Utilities,DMart,Credit,Female
C29823,w100554,12765.34,Pune,2026-04-12,Declined,Dining,Amex,Food,DMart,Credit,Male
C55981,w100555,6777.37,Bengaluru,2026-05-07,Declined,Dining,RuPay,Travel,IOCL,NetBanking,Male
C30912,w100556,24904.07,Delhi,2026-05-08,Approved,Dining,RuPay,E-commerce,IOCL,Credit,Male
C45479,w100557,5837.2,Kolkata,2026-03-10,Declined,Dining,RuPay,Food,Amazon,NetBanking,Male
C42701,w100558,3051.1,Delhi,2026-06-27,Declined,Fuel,MasterCard,Travel,DMart,NetBanking,Female
C36703,w100559,2452.17,Chennai,2026-04-30,Approved,Utilities,RuPay,Travel,Reliance,NetBanking,Female
C16084,w100560,17583.5,Vizag,2026-02-04,Declined,Dining,Amex,Food,Amazon,UPI,Male
C74455,w100561,9903.2,Mumbai,2026-06-22,Declined,Fuel,MasterCard,Travel,IOCL,NetBanking,Female
C75815,w100562,21974.0,Hyderabad,2026-02-14,Declined,Groceries,MasterCard,E-commerce,IOCL,Credit,Male
C51040,w100563,21680.16,Delhi,2026-06-17,Approved,Travel,Visa,Retail,Zomato,UPI,Male
C39612,w100564,3948.01,Pune,2026-06-21,Declined,Groceries,Amex,Retail,Amazon,NetBanking,Male
C46777,w100565,8156.53,Delhi,2026-01-07,Declined,Travel,Visa,E-commerce,Swiggy,Credit,Female
C30896,w100566,8367.09,Hyderabad,2026-03-11,Approved,Groceries,Amex,E-commerce,IOCL,UPI,Female
C58894,w100567,20556.53,Vizag,2026-01-03,Approved,Travel,Visa,Retail,Swiggy,Credit,Male
C26688,w100568,17312.99,Pune,2026-01-14,Declined,Shopping,Amex,Utilities,DMart,UPI,Female
C18347,w100569,19132.06,Bengaluru,2026-01-27,Declined,Fuel,MasterCard,Retail,DMart,NetBanking,Male
C65015,w100570,23536.71,Delhi,2026-02-20,Approved,Shopping,RuPay,Utilities,HPCL,Credit,Female
C87852,w100571,13330.88,Kolkata,2026-02-21,Approved,Travel,Visa,Utilities,HPCL,NetBanking,Male
C32289,w100572,10863.24,Vizag,2026-05-10,Declined,Fuel,Visa,Food,Zomato,Credit,Female
C32433,w100573,3323.69,Bengaluru,2026-05-12,Declined,Groceries,MasterCard,Travel,Reliance,NetBanking,Male
C40782,w100574,16018.92,Pune,2026-04-07,Approved,Shopping,RuPay,Retail,HPCL,Credit,Male
C58213,w100575,24284.66,Mumbai,2026-01-09,Declined,Travel,Amex,Utilities,Swiggy,Credit,Female
C99765,w100576,2769.97,Kolkata,2026-02-25,Approved,Fuel,MasterCard,Travel,DMart,Credit,Female
C12523,w100577,22683.02,Hyderabad,2026-03-29,Approved,Travel,MasterCard,Food,Amazon,UPI,Female
C41243,w100578,24991.9,Pune,2026-01-29,Approved,Fuel,Amex,Retail,HPCL,Credit,Male
C42507,w100579,7173.35,Mumbai,2026-04-20,Declined,Fuel,RuPay,Travel,IOCL,NetBanking,Male
C75980,w100580,10811.0,Hyderabad,2026-03-08,Approved,Travel,Visa,Retail,IRCTC,Credit,Female
C22931,w100581,14838.62,Hyderabad,2026-05-02,Approved,Utilities,MasterCard,Fuel,HPCL,Credit,Male
C16535,w100582,24903.84,Pune,2026-06-23,Declined,Shopping,RuPay,Travel,IOCL,UPI,Male
C96479,w100583,2718.2,Bengaluru,2026-05-07,Declined,Dining,Visa,Travel,IRCTC,Credit,Male
C49832,w100584,16353.21,Vizag,2026-01-29,Declined,Shopping,Amex,Fuel,DMart,NetBanking,Male
C13792,w100585,4426.05,Vizag,2026-04-08,Declined,Fuel,Visa,Utilities,HPCL,Credit,Female
C45182,w100586,23927.74,Mumbai,2026-03-21,Declined,Dining,MasterCard,Travel,DMart,Credit,Male
C32374,w100587,23997.76,Chennai,2026-04-02,Declined,Fuel,Amex,Utilities,HPCL,UPI,Male
C96667,w100588,13394.74,Kolkata,2026-06-09,Declined,Travel,MasterCard,E-commerce,Amazon,UPI,Male
C60089,w100589,12574.03,Kolkata,2026-05-10,Declined,Shopping,Visa,Utilities,IRCTC,UPI,Female
C82138,w100590,4084.28,Mumbai,2026-05-29,Approved,Shopping,RuPay,Fuel,HPCL,UPI,Female
C76572,w100591,21586.8,Bengaluru,2026-06-06,Declined,Groceries,Visa,Fuel,DMart,NetBanking,Male
C46666,w100592,6344.2,Vizag,2026-01-10,Declined,Groceries,Amex,Utilities,HPCL,UPI,Male
C19171,w100593,24698.54,Mumbai,2026-06-15,Approved,Dining,Amex,Utilities,DMart,Credit,Male
C41888,w100594,20118.63,Kolkata,2026-04-25,Declined,Travel,Visa,Food,Amazon,UPI,Female
C55198,w100595,736.51,Kolkata,2026-03-22,Declined,Utilities,Amex,Fuel,HPCL,NetBanking,Male
C29037,w100596,1548.94,Delhi,2026-04-30,Declined,Travel,Amex,Retail,HPCL,Credit,Female
C50022,w100597,10376.93,Pune,2026-03-09,Declined,Groceries,RuPay,Retail,Amazon,NetBanking,Female
C29574,w100598,22906.97,Delhi,2026-02-04,Approved,Dining,RuPay,Fuel,Zomato,UPI,Female
C16554,w100599,7363.14,Delhi,2026-04-20,Declined,Dining,Amex,Utilities,HPCL,NetBanking,Female
C10267,w100600,3439.78,Delhi,2026-05-02,Declined,Dining,Amex,Fuel,IOCL,Credit,Male
C10937,w100601,10896.03,Bengaluru,2026-02-06,Declined,Dining,RuPay,Utilities,Zomato,NetBanking,Female
C99251,w100602,19146.24,Chennai,2026-05-23,Approved,Shopping,MasterCard,Travel,Reliance,NetBanking,Male
C12474,w100603,23326.76,Hyderabad,2026-05-22,Approved,Utilities,MasterCard,Retail,IOCL,UPI,Male
C42782,w100604,9365.63,Chennai,2026-06-25,Approved,Utilities,Visa,Utilities,IOCL,Credit,Male
C65328,w100605,13394.52,Delhi,2026-02-12,Approved,Fuel,MasterCard,Travel,IRCTC,Credit,Female
C46019,w100606,10156.53,Chennai,2026-05-07,Approved,Groceries,RuPay,Travel,HPCL,NetBanking,Female
C87572,w100607,7983.8,Hyderabad,2026-03-21,Approved,Dining,MasterCard,Retail,HPCL,Credit,Female
C27728,w100608,14678.44,Kolkata,2026-06-30,Declined,Utilities,RuPay,Retail,DMart,Credit,Male
C40558,w100609,13285.41,Hyderabad,2026-02-17,Approved,Travel,Amex,Fuel,DMart,UPI,Male
C97594,w100610,15064.11,Delhi,2026-04-02,Declined,Shopping,RuPay,Utilities,Amazon,Credit,Male
C61526,w100611,14375.21,Kolkata,2026-02-12,Declined,Groceries,Visa,E-commerce,Amazon,NetBanking,Male
C66190,w100612,13359.21,Delhi,2026-03-12,Approved,Dining,Visa,Food,DMart,NetBanking,Female
C67090,w100613,23181.92,Delhi,2026-05-12,Approved,Utilities,Amex,Fuel,Reliance,UPI,Female
C78407,w100614,22618.29,Chennai,2026-04-16,Declined,Utilities,Visa,Travel,IRCTC,UPI,Male
C63401,w100615,2779.15,Delhi,2026-04-26,Declined,Utilities,MasterCard,Fuel,Zomato,Credit,Male
C94050,w100616,2154.52,Kolkata,2026-04-02,Approved,Groceries,RuPay,Fuel,Swiggy,UPI,Male
C15595,w100617,13156.15,Pune,2026-02-22,Declined,Travel,RuPay,Utilities,IRCTC,UPI,Male
C46740,w100618,19286.14,Kolkata,2026-05-02,Approved,Groceries,MasterCard,Travel,Reliance,UPI,Female
C26457,w100619,14895.41,Pune,2026-01-01,Declined,Utilities,Visa,Retail,IRCTC,NetBanking,Male
C76427,w100620,24300.53,Kolkata,2026-02-26,Approved,Shopping,MasterCard,Food,IRCTC,NetBanking,Male
C89832,w100621,9576.86,Vizag,2026-05-30,Declined,Utilities,RuPay,Food,IOCL,NetBanking,Male
C74766,w100622,22550.48,Pune,2026-02-22,Declined,Fuel,Amex,Travel,Amazon,UPI,Female
C19590,w100623,12170.06,Pune,2026-01-29,Declined,Utilities,MasterCard,Retail,Swiggy,UPI,Male
C34870,w100624,14866.16,Hyderabad,2026-02-09,Approved,Shopping,Visa,Food,HPCL,NetBanking,Female
C88776,w100625,16610.31,Hyderabad,2026-01-17,Declined,Travel,RuPay,Travel,DMart,Credit,Male
C51614,w100626,3729.85,Mumbai,2026-02-26,Approved,Shopping,Visa,E-commerce,IOCL,NetBanking,Female
C43821,w100627,19423.48,Chennai,2026-04-05,Approved,Utilities,MasterCard,E-commerce,Reliance,UPI,Female
C27244,w100628,24699.17,Bengaluru,2026-05-16,Approved,Shopping,RuPay,E-commerce,Amazon,UPI,Male
C79411,w100629,3027.89,Hyderabad,2026-05-19,Declined,Dining,Amex,Food,IOCL,UPI,Male
C30390,w100630,16104.35,Bengaluru,2026-03-14,Approved,Dining,Amex,Travel,Swiggy,Credit,Male
C35614,w100631,5687.16,Pune,2026-03-06,Approved,Travel,MasterCard,E-commerce,Reliance,Credit,Female
C50735,w100632,14812.46,Pune,2026-04-22,Approved,Fuel,Amex,Travel,Swiggy,Credit,Male
C68406,w100633,8130.57,Pune,2026-03-09,Approved,Travel,Amex,Utilities,Reliance,UPI,Male
C25294,w100634,4024.54,Pune,2026-02-23,Approved,Travel,MasterCard,Fuel,Amazon,NetBanking,Female
C22768,w100635,9617.52,Mumbai,2026-05-12,Approved,Fuel,Amex,Utilities,Amazon,Credit,Male
C30681,w100636,3385.72,Mumbai,2026-02-21,Approved,Shopping,MasterCard,Retail,DMart,Credit,Male
C27252,w100637,20894.54,Mumbai,2026-05-02,Approved,Utilities,Visa,Food,IOCL,NetBanking,Female
C60795,w100638,8570.02,Vizag,2026-03-13,Declined,Groceries,RuPay,Retail,Reliance,NetBanking,Male
C18017,w100639,9512.93,Chennai,2026-05-15,Declined,Fuel,MasterCard,Fuel,IOCL,UPI,Female
C79922,w100640,9881.53,Chennai,2026-04-04,Approved,Shopping,RuPay,E-commerce,IOCL,NetBanking,Female
C67799,w100641,130.25,Mumbai,2026-01-23,Approved,Travel,RuPay,Utilities,IRCTC,UPI,Male
C34337,w100642,21919.45,Kolkata,2026-05-22,Declined,Shopping,Visa,Travel,Zomato,NetBanking,Male
C28600,w100643,24378.45,Pune,2026-05-01,Approved,Travel,MasterCard,Fuel,Zomato,UPI,Female
C56158,w100644,9004.25,Kolkata,2026-06-06,Approved,Shopping,RuPay,Fuel,DMart,Credit,Male
C67027,w100645,22941.58,Hyderabad,2026-06-23,Approved,Utilities,MasterCard,Fuel,Swiggy,UPI,Male
C79673,w100646,15756.0,Hyderabad,2026-03-21,Declined,Utilities,Visa,Food,Amazon,UPI,Male
C96640,w100647,10004.32,Mumbai,2026-04-12,Declined,Dining,RuPay,Travel,Swiggy,Credit,Female
C19131,w100648,327.47,Delhi,2026-02-25,Declined,Shopping,RuPay,Retail,IOCL,UPI,Male
C84610,w100649,17870.12,Bengaluru,2026-04-22,Approved,Utilities,Amex,Retail,IRCTC,UPI,Female
C25038,w100650,12964.58,Bengaluru,2026-06-07,Declined,Groceries,Visa,Food,Zomato,UPI,Female
C12946,w100651,16069.68,Delhi,2026-02-28,Declined,Fuel,Amex,Utilities,Zomato,NetBanking,Male
C45084,w100652,12264.9,Mumbai,2026-01-05,Declined,Dining,MasterCard,Food,DMart,UPI,Female
C83874,w100653,11446.51,Vizag,2026-01-23,Declined,Groceries,RuPay,Utilities,DMart,UPI,Male
C40852,w100654,10940.39,Delhi,2026-01-07,Declined,Groceries,Visa,Fuel,IRCTC,UPI,Female
C67671,w100655,21430.35,Mumbai,2026-06-08,Declined,Dining,MasterCard,Fuel,Amazon,Credit,Female
C76846,w100656,3036.16,Kolkata,2026-02-14,Declined,Travel,RuPay,Utilities,Swiggy,Credit,Male
C43954,w100657,1367.45,Chennai,2026-05-09,Declined,Fuel,Amex,Food,Zomato,Credit,Female
C68328,w100658,17513.05,Pune,2026-06-16,Declined,Groceries,Visa,Travel,IOCL,NetBanking,Male
C20128,w100659,9642.97,Hyderabad,2026-03-26,Declined,Shopping,MasterCard,E-commerce,Amazon,Credit,Female
C14349,w100660,21526.49,Kolkata,2026-04-15,Declined,Dining,Visa,Food,HPCL,Credit,Female
C42843,w100661,16565.03,Hyderabad,2026-03-30,Declined,Shopping,Amex,Food,HPCL,NetBanking,Female
C60494,w100662,20452.25,Mumbai,2026-06-30,Declined,Shopping,RuPay,Food,HPCL,NetBanking,Male
C12260,w100663,23260.78,Bengaluru,2026-05-09,Approved,Utilities,Visa,Food,Zomato,Credit,Male
C36823,w100664,5454.63,Vizag,2026-05-07,Declined,Shopping,MasterCard,E-commerce,Reliance,UPI,Male
C40485,w100665,12471.65,Hyderabad,2026-03-11,Approved,Shopping,MasterCard,Retail,Reliance,UPI,Male
C43972,w100666,12439.07,Mumbai,2026-01-25,Declined,Utilities,Visa,Food,Reliance,Credit,Female
C97567,w100667,13968.98,Delhi,2026-03-25,Approved,Shopping,Visa,Food,IOCL,NetBanking,Female
C87380,w100668,9135.74,Vizag,2026-06-23,Approved,Groceries,MasterCard,E-commerce,IOCL,UPI,Male
C68758,w100669,18391.37,Chennai,2026-04-17,Approved,Groceries,RuPay,Travel,IRCTC,NetBanking,Male
C36297,w100670,19950.76,Mumbai,2026-03-18,Declined,Groceries,MasterCard,Food,HPCL,Credit,Female
C66567,w100671,15128.05,Kolkata,2026-04-18,Approved,Shopping,Amex,Utilities,Zomato,NetBanking,Female
C43139,w100672,12023.06,Pune,2026-02-14,Declined,Travel,Visa,E-commerce,IOCL,Credit,Female
C34212,w100673,4157.04,Kolkata,2026-01-03,Declined,Fuel,RuPay,E-commerce,Swiggy,Credit,Male
C32267,w100674,21848.2,Delhi,2026-01-08,Approved,Groceries,Amex,Retail,HPCL,Credit,Female
C27665,w100675,19403.91,Delhi,2026-04-27,Declined,Travel,Amex,Food,Swiggy,UPI,Male
C52013,w100676,5461.08,Mumbai,2026-04-20,Declined,Fuel,Amex,Retail,Swiggy,Credit,Female
C20539,w100677,19622.26,Pune,2026-03-24,Approved,Utilities,MasterCard,E-commerce,Zomato,UPI,Male
C53839,w100678,20158.57,Delhi,2026-05-13,Declined,Groceries,RuPay,Utilities,DMart,Credit,Female
C81197,w100679,6602.6,Delhi,2026-03-08,Approved,Fuel,Amex,Food,Swiggy,Credit,Male
C98444,w100680,8550.01,Bengaluru,2026-02-19,Approved,Dining,Amex,Utilities,Swiggy,Credit,Male
C26292,w100681,9363.73,Delhi,2026-05-23,Approved,Dining,RuPay,Utilities,HPCL,NetBanking,Female
C99719,w100682,20158.43,Chennai,2026-02-28,Declined,Dining,MasterCard,Utilities,IOCL,Credit,Male
C15914,w100683,21693.58,Hyderabad,2026-03-06,Approved,Groceries,Amex,Utilities,HPCL,Credit,Male
C90931,w100684,15544.18,Chennai,2026-06-28,Declined,Groceries,RuPay,Utilities,IRCTC,NetBanking,Male
C22299,w100685,21797.95,Bengaluru,2026-03-20,Declined,Travel,Visa,Retail,Amazon,UPI,Male
C75075,w100686,10217.65,Chennai,2026-01-29,Approved,Travel,Visa,Fuel,Swiggy,NetBanking,Female
C81759,w100687,4983.83,Mumbai,2026-06-03,Approved,Utilities,Visa,Travel,IRCTC,UPI,Female
C28011,w100688,3964.71,Bengaluru,2026-05-06,Approved,Utilities,Visa,Retail,DMart,NetBanking,Male
C78731,w100689,9077.49,Vizag,2026-01-14,Approved,Groceries,RuPay,Utilities,Zomato,UPI,Male
C59736,w100690,12853.36,Hyderabad,2026-03-13,Declined,Travel,RuPay,Retail,IRCTC,Credit,Male
C41364,w100691,17313.5,Bengaluru,2026-03-01,Approved,Dining,Visa,Fuel,Swiggy,Credit,Female
C51492,w100692,10052.73,Kolkata,2026-03-04,Declined,Fuel,MasterCard,Travel,Zomato,NetBanking,Male
C48471,w100693,9320.82,Kolkata,2026-05-15,Declined,Travel,RuPay,Fuel,HPCL,UPI,Male
C41692,w100694,11859.19,Bengaluru,2026-03-07,Declined,Groceries,Amex,Retail,IRCTC,UPI,Female
C25001,w100695,10977.35,Chennai,2026-03-22,Approved,Fuel,MasterCard,Fuel,DMart,NetBanking,Male
C64584,w100696,11040.43,Pune,2026-03-04,Declined,Travel,Amex,E-commerce,Amazon,Credit,Male
C11948,w100697,24193.38,Mumbai,2026-03-22,Approved,Shopping,MasterCard,Travel,Amazon,Credit,Female
C78437,w100698,16113.09,Hyderabad,2026-04-24,Declined,Fuel,Visa,Retail,IOCL,Credit,Female
C96790,w100699,2338.85,Chennai,2026-04-25,Approved,Travel,Visa,Fuel,DMart,UPI,Male
C31761,w100700,8601.84,Pune,2026-02-13,Declined,Travel,Amex,Retail,HPCL,Credit,Male
C70691,w100701,21755.1,Kolkata,2026-03-28,Approved,Utilities,Amex,E-commerce,IRCTC,UPI,Female
C13325,w100702,8590.06,Chennai,2026-04-08,Declined,Dining,Amex,Retail,HPCL,Credit,Male
C79836,w100703,21787.5,Bengaluru,2026-03-10,Declined,Utilities,RuPay,Utilities,Zomato,Credit,Female
C27542,w100704,8754.08,Bengaluru,2026-04-23,Declined,Utilities,RuPay,Fuel,Amazon,UPI,Male
C20323,w100705,8611.86,Vizag,2026-04-23,Approved,Groceries,MasterCard,Travel,Zomato,Credit,Male
C98750,w100706,5602.12,Vizag,2026-01-29,Declined,Shopping,Visa,Retail,HPCL,UPI,Female
C19294,w100707,8352.88,Mumbai,2026-04-19,Approved,Fuel,RuPay,E-commerce,HPCL,NetBanking,Male
C12295,w100708,4773.27,Pune,2026-02-23,Approved,Travel,Amex,E-commerce,IRCTC,Credit,Female
C11666,w100709,5900.01,Bengaluru,2026-04-01,Declined,Shopping,MasterCard,Retail,Amazon,Credit,Female
C72423,w100710,5660.42,Mumbai,2026-03-26,Declined,Shopping,RuPay,E-commerce,HPCL,NetBanking,Male
C32396,w100711,20685.45,Pune,2026-05-11,Declined,Fuel,MasterCard,Utilities,IRCTC,Credit,Male
C58309,w100712,9099.08,Pune,2026-02-12,Declined,Shopping,Visa,Fuel,Amazon,Credit,Male
C61415,w100713,18689.38,Kolkata,2026-05-24,Declined,Travel,Visa,Food,IRCTC,NetBanking,Female
C44410,w100714,15164.77,Vizag,2026-02-07,Approved,Fuel,MasterCard,E-commerce,IOCL,UPI,Female
C43277,w100715,14433.2,Hyderabad,2026-06-06,Approved,Groceries,Amex,Utilities,Zomato,NetBanking,Female
C97844,w100716,10889.13,Mumbai,2026-06-30,Approved,Shopping,MasterCard,Utilities,Zomato,NetBanking,Female
C11528,w100717,23806.81,Chennai,2026-03-14,Approved,Fuel,RuPay,Food,IOCL,Credit,Female
C92771,w100718,16833.53,Bengaluru,2026-05-05,Declined,Utilities,MasterCard,Retail,DMart,NetBanking,Female
C39769,w100719,6434.67,Hyderabad,2026-06-16,Declined,Fuel,Amex,Retail,IOCL,UPI,Female
C40008,w100720,10256.58,Kolkata,2026-04-10,Declined,Utilities,MasterCard,Retail,Zomato,UPI,Female
C35183,w100721,18381.12,Chennai,2026-05-27,Approved,Shopping,Visa,Utilities,Amazon,Credit,Male
C59149,w100722,9047.35,Hyderabad,2026-02-08,Declined,Utilities,Visa,Travel,IOCL,NetBanking,Female
C58875,w100723,18014.85,Bengaluru,2026-04-09,Declined,Dining,Amex,Utilities,HPCL,NetBanking,Male
C99462,w100724,3451.45,Pune,2026-06-16,Approved,Dining,Visa,E-commerce,HPCL,Credit,Female
C55922,w100725,17293.93,Pune,2026-01-27,Approved,Utilities,RuPay,Fuel,Amazon,NetBanking,Male
C81674,w100726,21488.54,Vizag,2026-04-23,Declined,Utilities,MasterCard,Retail,IRCTC,Credit,Female
C89567,w100727,683.73,Delhi,2026-06-13,Declined,Fuel,Amex,E-commerce,Reliance,Credit,Female
C61788,w100728,21507.41,Chennai,2026-03-24,Declined,Shopping,Amex,Retail,Swiggy,Credit,Male
C83185,w100729,22294.8,Vizag,2026-06-02,Declined,Fuel,Visa,Travel,Swiggy,Credit,Male
C72557,w100730,10883.91,Kolkata,2026-02-13,Declined,Travel,Amex,Utilities,Zomato,NetBanking,Male
C96503,w100731,10718.77,Vizag,2026-04-28,Declined,Shopping,RuPay,Utilities,IOCL,Credit,Male
C66056,w100732,14430.06,Delhi,2026-02-20,Declined,Utilities,MasterCard,Food,Amazon,Credit,Female
C83771,w100733,12354.81,Vizag,2026-03-30,Declined,Groceries,RuPay,Travel,DMart,NetBanking,Male
C99402,w100734,2502.87,Kolkata,2026-04-08,Declined,Dining,RuPay,Retail,IRCTC,Credit,Female
C55784,w100735,186.78,Mumbai,2026-06-23,Approved,Dining,RuPay,Retail,Amazon,NetBanking,Male
C41895,w100736,2171.71,Vizag,2026-04-12,Approved,Dining,RuPay,Travel,Swiggy,Credit,Male
C20806,w100737,8067.23,Bengaluru,2026-01-31,Declined,Travel,MasterCard,Fuel,DMart,Credit,Male
C64392,w100738,7621.4,Mumbai,2026-03-08,Approved,Shopping,Amex,Retail,Swiggy,UPI,Female
C79374,w100739,3296.63,Mumbai,2026-02-07,Approved,Utilities,MasterCard,Retail,Swiggy,UPI,Male
C48092,w100740,15959.67,Hyderabad,2026-05-19,Declined,Dining,Amex,Utilities,Amazon,Credit,Male
C21312,w100741,21458.8,Kolkata,2026-06-22,Declined,Travel,RuPay,Fuel,Amazon,UPI,Female
C47316,w100742,22309.87,Bengaluru,2026-02-15,Approved,Travel,Amex,Utilities,IOCL,NetBanking,Female
C33370,w100743,13382.91,Bengaluru,2026-06-04,Approved,Utilities,MasterCard,E-commerce,IRCTC,Credit,Female
C91908,w100744,1554.51,Kolkata,2026-01-31,Declined,Fuel,Visa,Travel,Zomato,UPI,Female
C70560,w100745,18969.69,Pune,2026-04-27,Declined,Fuel,Visa,Retail,Amazon,NetBanking,Male
C64226,w100746,6978.54,Delhi,2026-06-22,Declined,Fuel,Amex,E-commerce,IRCTC,Credit,Female
C45297,w100747,21892.51,Chennai,2026-03-28,Approved,Utilities,MasterCard,E-commerce,IOCL,UPI,Female
C44404,w100748,16391.05,Delhi,2026-01-01,Approved,Shopping,Visa,E-commerce,DMart,UPI,Male
C17315,w100749,13435.3,Mumbai,2026-04-19,Declined,Shopping,RuPay,E-commerce,Swiggy,NetBanking,Female
C85961,w100750,13704.97,Pune,2026-01-23,Approved,Dining,RuPay,Travel,Amazon,NetBanking,Male
C66217,w100751,2486.89,Chennai,2026-04-25,Declined,Fuel,MasterCard,Travel,Reliance,UPI,Female
C45452,w100752,3389.57,Kolkata,2026-02-03,Approved,Shopping,MasterCard,Utilities,DMart,NetBanking,Female
C49002,w100753,9835.19,Pune,2026-03-12,Declined,Fuel,MasterCard,Food,Zomato,Credit,Male
C54910,w100754,291.27,Kolkata,2026-05-25,Approved,Dining,Visa,Travel,Swiggy,Credit,Female
C27422,w100755,24229.75,Kolkata,2026-01-30,Declined,Utilities,MasterCard,Fuel,IOCL,Credit,Male
C84075,w100756,17733.16,Delhi,2026-05-29,Declined,Utilities,MasterCard,Fuel,IOCL,NetBanking,Female
C97782,w100757,21580.21,Mumbai,2026-01-25,Approved,Groceries,Visa,Travel,IOCL,NetBanking,Female
C11551,w100758,19276.98,Chennai,2026-05-17,Declined,Groceries,RuPay,Utilities,IRCTC,NetBanking,Female
C13598,w100759,4110.17,Chennai,2026-04-19,Declined,Dining,Visa,Travel,DMart,UPI,Female
C52751,w100760,2314.24,Vizag,2026-04-19,Approved,Travel,RuPay,Retail,HPCL,UPI,Male
C79276,w100761,460.25,Chennai,2026-05-11,Approved,Travel,Amex,Retail,IOCL,Credit,Male
C45300,w100762,21734.96,Mumbai,2026-06-04,Approved,Travel,MasterCard,Travel,HPCL,UPI,Male
C98220,w100763,22586.15,Chennai,2026-01-24,Approved,Fuel,RuPay,Retail,Amazon,Credit,Male
C56310,w100764,19237.1,Kolkata,2026-02-03,Approved,Utilities,MasterCard,Food,Amazon,NetBanking,Male
C23910,w100765,450.72,Kolkata,2026-01-27,Approved,Groceries,Visa,Fuel,HPCL,NetBanking,Female
C69867,w100766,19074.9,Mumbai,2026-03-27,Declined,Groceries,Visa,E-commerce,Reliance,Credit,Male
C54014,w100767,24697.38,Chennai,2026-05-03,Approved,Utilities,MasterCard,Utilities,Amazon,UPI,Female
C62565,w100768,21764.08,Mumbai,2026-01-08,Declined,Shopping,Visa,E-commerce,Zomato,NetBanking,Male
C32875,w100769,20206.93,Mumbai,2026-01-30,Approved,Fuel,MasterCard,Utilities,Amazon,Credit,Male
C10464,w100770,18089.34,Chennai,2026-02-02,Declined,Groceries,Amex,E-commerce,Swiggy,Credit,Male
C74163,w100771,22150.94,Hyderabad,2026-05-24,Approved,Dining,Amex,Retail,Swiggy,UPI,Female
C34591,w100772,3670.5,Chennai,2026-06-26,Approved,Fuel,Visa,Travel,Reliance,UPI,Male
C71339,w100773,21139.76,Chennai,2026-06-06,Declined,Dining,RuPay,E-commerce,DMart,NetBanking,Female
C60501,w100774,1838.57,Delhi,2026-01-26,Approved,Fuel,Visa,Retail,Swiggy,Credit,Female
C46514,w100775,24405.87,Pune,2026-04-04,Approved,Utilities,MasterCard,Retail,Swiggy,Credit,Male
C46714,w100776,9352.33,Vizag,2026-05-27,Declined,Utilities,Amex,Utilities,DMart,UPI,Female
C67186,w100777,15609.24,Pune,2026-04-26,Approved,Groceries,MasterCard,Travel,Amazon,NetBanking,Male
C79879,w100778,12961.67,Bengaluru,2026-04-20,Approved,Shopping,RuPay,Fuel,Amazon,UPI,Male
C19804,w100779,19452.66,Mumbai,2026-04-17,Declined,Travel,Visa,E-commerce,HPCL,UPI,Female
C50576,w100780,20717.32,Mumbai,2026-04-23,Approved,Utilities,RuPay,Utilities,DMart,Credit,Male
C18288,w100781,8413.94,Vizag,2026-05-26,Declined,Fuel,Visa,Food,IOCL,Credit,Male
C79324,w100782,22602.63,Vizag,2026-03-15,Declined,Shopping,Amex,E-commerce,Swiggy,Credit,Female
C79669,w100783,16625.55,Pune,2026-06-19,Approved,Fuel,MasterCard,Fuel,IOCL,Credit,Female
C15676,w100784,8843.87,Chennai,2026-03-30,Declined,Fuel,Visa,Utilities,Amazon,Credit,Female
C74759,w100785,19240.72,Bengaluru,2026-04-15,Declined,Travel,RuPay,Retail,Swiggy,Credit,Female
C77954,w100786,21225.38,Delhi,2026-04-12,Approved,Dining,Visa,Fuel,Zomato,NetBanking,Male
C89677,w100787,12903.45,Mumbai,2026-05-13,Declined,Groceries,MasterCard,E-commerce,DMart,Credit,Female
C56421,w100788,5861.6,Vizag,2026-05-28,Declined,Fuel,MasterCard,Fuel,Reliance,Credit,Female
C22260,w100789,19593.9,Chennai,2026-05-04,Declined,Dining,RuPay,Utilities,IRCTC,NetBanking,Female
C21466,w100790,232.23,Mumbai,2026-06-11,Declined,Fuel,MasterCard,Travel,Zomato,Credit,Female
C17253,w100791,1343.85,Chennai,2026-05-14,Declined,Dining,Visa,Fuel,Zomato,NetBanking,Female
C64520,w100792,9208.88,Hyderabad,2026-02-26,Approved,Travel,RuPay,Retail,HPCL,UPI,Female
C36664,w100793,2062.78,Mumbai,2026-06-01,Declined,Travel,Amex,Fuel,Reliance,NetBanking,Female
C69872,w100794,9526.05,Hyderabad,2026-05-16,Declined,Shopping,Visa,E-commerce,HPCL,Credit,Male
C33736,w100795,10301.78,Vizag,2026-01-26,Declined,Utilities,RuPay,E-commerce,IOCL,Credit,Male
C27105,w100796,15505.14,Vizag,2026-03-25,Declined,Fuel,Visa,Food,Amazon,UPI,Female
C80832,w100797,6975.86,Mumbai,2026-05-27,Approved,Utilities,Visa,Retail,DMart,UPI,Male
C24790,w100798,11701.01,Pune,2026-05-16,Approved,Groceries,MasterCard,Travel,IRCTC,UPI,Male
C78969,w100799,3270.37,Vizag,2026-01-07,Declined,Travel,RuPay,Utilities,IRCTC,UPI,Male
C97776,w100800,17283.97,Hyderabad,2026-01-13,Approved,Groceries,Amex,Retail,Zomato,NetBanking,Female
C94397,w100801,23192.84,Vizag,2026-01-01,Approved,Travel,Visa,Travel,Amazon,NetBanking,Male
C42466,w100802,20260.67,Mumbai,2026-01-23,Approved,Groceries,Amex,E-commerce,Zomato,Credit,Female
C43130,w100803,21097.19,Vizag,2026-01-10,Approved,Groceries,Visa,Retail,IRCTC,Credit,Female
C12145,w100804,4199.9,Vizag,2026-05-02,Declined,Groceries,RuPay,Retail,HPCL,UPI,Male
C44060,w100805,4409.01,Pune,2026-05-14,Declined,Groceries,RuPay,Retail,Reliance,Credit,Female
C33577,w100806,17859.0,Delhi,2026-04-15,Approved,Shopping,RuPay,E-commerce,Swiggy,Credit,Female
C83251,w100807,11065.19,Bengaluru,2026-03-09,Approved,Utilities,Visa,Utilities,Swiggy,NetBanking,Male
C39759,w100808,4174.55,Mumbai,2026-06-25,Approved,Utilities,Amex,E-commerce,HPCL,UPI,Female
C75056,w100809,15469.97,Vizag,2026-04-28,Approved,Dining,Visa,E-commerce,IRCTC,UPI,Female
C42705,w100810,3509.34,Bengaluru,2026-01-05,Approved,Fuel,Amex,Fuel,Amazon,Credit,Male
C30191,w100811,20008.76,Hyderabad,2026-03-17,Approved,Dining,Visa,Food,IOCL,Credit,Male
C35020,w100812,11614.54,Hyderabad,2026-01-23,Approved,Fuel,MasterCard,Food,Swiggy,Credit,Male
C52749,w100813,22593.38,Delhi,2026-03-10,Approved,Shopping,Visa,Food,Reliance,NetBanking,Female
C57946,w100814,23808.94,Vizag,2026-01-28,Declined,Dining,Visa,Food,IOCL,NetBanking,Male
C85205,w100815,21058.42,Kolkata,2026-05-30,Approved,Fuel,Amex,Retail,Reliance,Credit,Female
C41225,w100816,17776.26,Vizag,2026-02-18,Approved,Dining,Visa,Utilities,Swiggy,UPI,Female
C60891,w100817,7483.77,Kolkata,2026-05-02,Declined,Fuel,Visa,Travel,IRCTC,NetBanking,Male
C40305,w100818,4994.46,Bengaluru,2026-04-20,Approved,Shopping,RuPay,Travel,HPCL,UPI,Male
C71164,w100819,1970.41,Bengaluru,2026-03-03,Approved,Groceries,Visa,Fuel,HPCL,NetBanking,Female
C63824,w100820,2687.3,Kolkata,2026-04-24,Approved,Utilities,RuPay,Travel,DMart,UPI,Female
C88245,w100821,24820.11,Chennai,2026-01-29,Approved,Shopping,RuPay,Utilities,Reliance,NetBanking,Male
C19838,w100822,10690.31,Mumbai,2026-06-25,Approved,Fuel,Visa,Food,Swiggy,UPI,Male
C65045,w100823,5644.22,Vizag,2026-02-06,Approved,Shopping,Amex,Retail,IOCL,UPI,Male
C27181,w100824,11565.51,Bengaluru,2026-03-07,Approved,Groceries,MasterCard,Retail,Reliance,NetBanking,Female
C40770,w100825,14013.02,Kolkata,2026-02-04,Approved,Dining,RuPay,Travel,IOCL,UPI,Female
C89024,w100826,7298.63,Pune,2026-05-11,Declined,Groceries,Amex,Food,Reliance,Credit,Male
C21731,w100827,856.03,Delhi,2026-04-21,Approved,Groceries,MasterCard,Travel,Zomato,Credit,Female
C19324,w100828,17246.46,Kolkata,2026-04-18,Approved,Utilities,Visa,Travel,Zomato,NetBanking,Male
C38769,w100829,23265.72,Kolkata,2026-01-07,Declined,Fuel,Amex,Utilities,IOCL,UPI,Male
C67300,w100830,23982.06,Hyderabad,2026-04-09,Approved,Dining,RuPay,Travel,Zomato,Credit,Male
C98924,w100831,23900.26,Mumbai,2026-01-06,Approved,Shopping,Amex,E-commerce,Amazon,Credit,Male
C52441,w100832,11879.56,Chennai,2026-05-29,Approved,Fuel,MasterCard,E-commerce,DMart,UPI,Female
C11351,w100833,15420.66,Hyderabad,2026-01-19,Declined,Fuel,MasterCard,Fuel,Swiggy,UPI,Female
C19033,w100834,13140.41,Kolkata,2026-06-27,Approved,Fuel,RuPay,Utilities,Zomato,NetBanking,Male
C25045,w100835,6040.06,Pune,2026-06-25,Declined,Travel,Visa,Retail,IOCL,UPI,Male
C96842,w100836,20907.89,Delhi,2026-02-21,Declined,Travel,Amex,Retail,Swiggy,Credit,Female
C10738,w100837,5035.22,Mumbai,2026-03-12,Declined,Shopping,Visa,Food,DMart,UPI,Male
C28773,w100838,20045.82,Pune,2026-03-23,Approved,Utilities,Amex,Travel,IOCL,Credit,Female
C26034,w100839,3715.19,Vizag,2026-02-24,Approved,Groceries,RuPay,Fuel,Swiggy,Credit,Female
C16527,w100840,22706.12,Vizag,2026-03-16,Declined,Fuel,Amex,Travel,IRCTC,UPI,Female
C18640,w100841,19911.4,Delhi,2026-04-01,Declined,Utilities,MasterCard,E-commerce,Zomato,NetBanking,Male
C84221,w100842,15147.2,Vizag,2026-01-16,Approved,Shopping,MasterCard,Fuel,HPCL,Credit,Male
C92210,w100843,15981.56,Chennai,2026-03-12,Approved,Utilities,MasterCard,Travel,IOCL,Credit,Female
C21194,w100844,20038.92,Pune,2026-05-08,Approved,Fuel,Amex,Food,DMart,UPI,Male
C64645,w100845,3890.69,Kolkata,2026-06-21,Declined,Shopping,Amex,Food,Swiggy,Credit,Female
C94089,w100846,6615.68,Hyderabad,2026-03-02,Approved,Dining,RuPay,E-commerce,HPCL,NetBanking,Female
C94850,w100847,14086.97,Bengaluru,2026-06-30,Approved,Travel,MasterCard,Retail,IOCL,UPI,Male
C66347,w100848,19205.08,Vizag,2026-04-09,Approved,Travel,RuPay,E-commerce,HPCL,Credit,Male
C23052,w100849,22793.86,Mumbai,2026-02-24,Declined,Utilities,RuPay,Food,Amazon,NetBanking,Male
C43888,w100850,6841.74,Pune,2026-04-27,Approved,Fuel,Visa,Retail,DMart,NetBanking,Male
C62697,w100851,15187.12,Pune,2026-04-18,Declined,Shopping,MasterCard,Travel,Reliance,UPI,Female
C94736,w100852,8495.47,Chennai,2026-04-03,Approved,Fuel,Amex,Food,HPCL,Credit,Male
C10791,w100853,17293.25,Mumbai,2026-03-15,Approved,Groceries,MasterCard,Fuel,Zomato,Credit,Female
C27638,w100854,22570.01,Hyderabad,2026-06-17,Declined,Utilities,RuPay,Utilities,DMart,NetBanking,Male
C88529,w100855,15573.37,Mumbai,2026-02-05,Approved,Utilities,MasterCard,Utilities,IRCTC,Credit,Male
C74223,w100856,5743.27,Hyderabad,2026-05-15,Approved,Travel,RuPay,Travel,Reliance,Credit,Female
C36852,w100857,1733.33,Mumbai,2026-05-27,Approved,Groceries,RuPay,Food,DMart,Credit,Male
C33817,w100858,4033.51,Kolkata,2026-04-05,Approved,Groceries,Amex,Fuel,Reliance,NetBanking,Male
C84852,w100859,1910.54,Mumbai,2026-06-12,Declined,Utilities,Amex,Fuel,Zomato,Credit,Male
C61764,w100860,7000.19,Delhi,2026-02-12,Approved,Travel,MasterCard,Fuel,HPCL,UPI,Male
C71917,w100861,3924.3,Delhi,2026-03-30,Approved,Shopping,Visa,Food,Reliance,UPI,Male
C20035,w100862,13389.4,Delhi,2026-01-18,Declined,Travel,RuPay,Travel,HPCL,NetBanking,Male
C66674,w100863,311.26,Delhi,2026-03-07,Declined,Dining,MasterCard,Utilities,Zomato,Credit,Male
C66377,w100864,13295.12,Bengaluru,2026-02-03,Approved,Travel,MasterCard,Fuel,DMart,NetBanking,Female
C71344,w100865,7670.46,Bengaluru,2026-06-07,Declined,Travel,Amex,Travel,Swiggy,UPI,Female
C63137,w100866,5775.36,Bengaluru,2026-01-03,Approved,Groceries,Amex,Retail,Reliance,NetBanking,Male
C26432,w100867,23248.47,Kolkata,2026-01-24,Declined,Shopping,Amex,E-commerce,Swiggy,Credit,Female
C42082,w100868,20356.32,Vizag,2026-03-31,Declined,Fuel,RuPay,Food,Swiggy,Credit,Male
C44555,w100869,12905.66,Delhi,2026-02-21,Approved,Travel,RuPay,Travel,Swiggy,NetBanking,Male
C18122,w100870,18085.99,Pune,2026-02-11,Declined,Travel,Amex,Utilities,IRCTC,Credit,Male
C61017,w100871,519.53,Chennai,2026-02-02,Declined,Travel,Visa,Fuel,DMart,UPI,Female
C18539,w100872,22873.34,Chennai,2026-06-09,Declined,Dining,Visa,Food,DMart,NetBanking,Male
C18647,w100873,2243.25,Mumbai,2026-03-10,Declined,Fuel,MasterCard,E-commerce,IRCTC,UPI,Female
C46867,w100874,20540.09,Pune,2026-01-26,Declined,Fuel,MasterCard,Utilities,IOCL,UPI,Female
C74026,w100875,6222.41,Hyderabad,2026-05-15,Declined,Shopping,MasterCard,Fuel,HPCL,Credit,Male
C23992,w100876,20064.09,Hyderabad,2026-05-12,Declined,Groceries,Visa,Travel,DMart,UPI,Female
C78221,w100877,18357.93,Mumbai,2026-04-08,Declined,Fuel,Visa,Food,IOCL,NetBanking,Female
C65293,w100878,15647.18,Bengaluru,2026-02-26,Approved,Fuel,MasterCard,Fuel,DMart,UPI,Male
C99719,w100879,145.79,Bengaluru,2026-05-11,Declined,Shopping,MasterCard,Fuel,Swiggy,UPI,Female
C23388,w100880,8992.12,Bengaluru,2026-02-03,Approved,Dining,Visa,Retail,IOCL,Credit,Male
C52910,w100881,15236.27,Delhi,2026-01-13,Declined,Dining,MasterCard,Travel,Reliance,UPI,Male
C61505,w100882,18355.54,Vizag,2026-05-18,Declined,Travel,RuPay,E-commerce,HPCL,Credit,Female
C89860,w100883,3113.21,Delhi,2026-03-06,Approved,Groceries,MasterCard,Travel,IOCL,Credit,Female
C10959,w100884,20176.57,Kolkata,2026-04-18,Declined,Fuel,MasterCard,Fuel,Swiggy,NetBanking,Female
C91554,w100885,10134.92,Hyderabad,2026-01-02,Declined,Fuel,MasterCard,Food,IOCL,UPI,Female
C47768,w100886,15584.08,Vizag,2026-02-03,Approved,Fuel,RuPay,Utilities,IRCTC,UPI,Male
C53482,w100887,8550.46,Vizag,2026-04-20,Declined,Travel,Visa,Retail,Amazon,NetBanking,Female
C96011,w100888,8918.05,Mumbai,2026-03-19,Declined,Shopping,RuPay,E-commerce,DMart,Credit,Male
C61667,w100889,20434.11,Hyderabad,2026-01-22,Declined,Utilities,MasterCard,Fuel,Swiggy,UPI,Female
C85658,w100890,20892.16,Vizag,2026-05-20,Declined,Groceries,Visa,E-commerce,IRCTC,NetBanking,Male
C24081,w100891,18997.81,Mumbai,2026-04-01,Declined,Dining,RuPay,Food,Amazon,Credit,Male
C50411,w100892,15001.65,Delhi,2026-01-30,Declined,Fuel,Amex,E-commerce,DMart,UPI,Female
C65130,w100893,23789.47,Delhi,2026-04-25,Declined,Fuel,MasterCard,Food,IRCTC,Credit,Male
C54944,w100894,8913.42,Delhi,2026-06-13,Declined,Shopping,Amex,Food,Zomato,UPI,Male
C20242,w100895,19426.2,Mumbai,2026-05-22,Declined,Dining,Visa,Fuel,DMart,UPI,Male
C32909,w100896,19930.99,Pune,2026-04-06,Declined,Shopping,Amex,Fuel,Amazon,NetBanking,Male
C16361,w100897,1233.14,Hyderabad,2026-05-03,Approved,Dining,RuPay,Travel,Swiggy,Credit,Male
C88618,w100898,2637.11,Vizag,2026-03-20,Approved,Dining,RuPay,Utilities,Amazon,NetBanking,Male
C22468,w100899,7112.97,Pune,2026-06-10,Approved,Travel,Amex,Food,IOCL,Credit,Female
C93428,w100900,5726.12,Delhi,2026-02-24,Declined,Groceries,RuPay,E-commerce,IOCL,Credit,Female
C34412,w100901,6044.38,Hyderabad,2026-05-01,Approved,Utilities,Visa,Travel,Amazon,Credit,Male
C30190,w100902,22004.34,Hyderabad,2026-02-20,Declined,Dining,Visa,E-commerce,Zomato,UPI,Male
C41577,w100903,15926.7,Chennai,2026-05-30,Approved,Dining,MasterCard,Fuel,IOCL,NetBanking,Female
C15119,w100904,1180.48,Bengaluru,2026-01-07,Approved,Shopping,Amex,E-commerce,IOCL,Credit,Female
C51189,w100905,3064.82,Pune,2026-02-13,Declined,Travel,RuPay,Travel,Reliance,UPI,Female
C41885,w100906,5881.55,Hyderabad,2026-06-05,Approved,Groceries,RuPay,Travel,Zomato,NetBanking,Female
C91548,w100907,21762.31,Chennai,2026-05-07,Declined,Travel,Amex,Food,Amazon,UPI,Male
C12422,w100908,3107.33,Hyderabad,2026-04-06,Declined,Fuel,Visa,Travel,Zomato,UPI,Female
C83903,w100909,16753.94,Mumbai,2026-05-25,Declined,Dining,Visa,Utilities,Swiggy,NetBanking,Female
C17840,w100910,22053.54,Kolkata,2026-02-13,Declined,Shopping,Amex,E-commerce,DMart,Credit,Male
C63290,w100911,4886.34,Pune,2026-02-15,Approved,Fuel,Visa,Fuel,Reliance,NetBanking,Female
C65567,w100912,3520.12,Hyderabad,2026-03-10,Approved,Fuel,MasterCard,Retail,Swiggy,Credit,Male
C45167,w100913,10310.86,Mumbai,2026-04-08,Declined,Travel,Visa,Utilities,Amazon,Credit,Male
C68682,w100914,425.83,Vizag,2026-03-13,Approved,Dining,RuPay,Retail,IOCL,NetBanking,Female
C37198,w100915,14588.14,Delhi,2026-05-13,Declined,Utilities,Amex,Utilities,Zomato,Credit,Male
C83444,w100916,13230.8,Mumbai,2026-06-01,Declined,Dining,RuPay,Retail,IOCL,UPI,Female
C27668,w100917,11850.22,Pune,2026-03-11,Declined,Shopping,MasterCard,Fuel,DMart,NetBanking,Female
C62091,w100918,1021.12,Mumbai,2026-05-17,Declined,Utilities,MasterCard,Utilities,DMart,NetBanking,Male
C68418,w100919,23175.2,Hyderabad,2026-02-10,Declined,Fuel,MasterCard,Travel,Amazon,UPI,Male
C44823,w100920,11829.53,Delhi,2026-02-28,Approved,Groceries,Visa,Retail,DMart,UPI,Male
C51170,w100921,16669.76,Delhi,2026-04-13,Declined,Travel,Amex,Utilities,Swiggy,Credit,Female
C36966,w100922,24496.6,Vizag,2026-01-23,Approved,Travel,Visa,Retail,Reliance,Credit,Female
C18694,w100923,7214.63,Chennai,2026-03-29,Declined,Groceries,MasterCard,E-commerce,IOCL,NetBanking,Male
C84612,w100924,8846.62,Delhi,2026-02-05,Approved,Groceries,MasterCard,Fuel,HPCL,UPI,Female
C81947,w100925,12312.44,Delhi,2026-04-24,Approved,Fuel,RuPay,Retail,IRCTC,UPI,Male
C87362,w100926,15632.29,Delhi,2026-02-27,Approved,Fuel,Amex,Fuel,Swiggy,NetBanking,Female
C67145,w100927,4148.93,Chennai,2026-06-16,Approved,Travel,RuPay,Food,HPCL,NetBanking,Female
C44978,w100928,9183.71,Pune,2026-01-15,Approved,Fuel,Visa,Utilities,Reliance,UPI,Female
C85606,w100929,10696.09,Vizag,2026-04-20,Approved,Dining,RuPay,Utilities,Zomato,UPI,Male
C99579,w100930,16915.84,Pune,2026-02-02,Approved,Fuel,RuPay,Retail,IRCTC,Credit,Male
C48792,w100931,7702.95,Hyderabad,2026-04-09,Approved,Utilities,MasterCard,Fuel,Swiggy,NetBanking,Male
C36574,w100932,16592.19,Kolkata,2026-06-12,Declined,Travel,MasterCard,E-commerce,HPCL,NetBanking,Female
C52384,w100933,20566.46,Chennai,2026-05-28,Approved,Dining,Visa,E-commerce,IOCL,UPI,Male
C48672,w100934,16431.49,Vizag,2026-05-09,Declined,Utilities,Amex,Travel,Swiggy,NetBanking,Female
C63271,w100935,10394.42,Bengaluru,2026-04-20,Declined,Groceries,RuPay,Retail,Reliance,UPI,Male
C52594,w100936,15277.43,Chennai,2026-01-31,Declined,Groceries,RuPay,Fuel,HPCL,NetBanking,Male
C69955,w100937,14163.73,Delhi,2026-02-26,Declined,Dining,RuPay,E-commerce,Zomato,NetBanking,Female
C86893,w100938,10591.74,Mumbai,2026-04-30,Approved,Shopping,MasterCard,Food,Amazon,Credit,Female
C52070,w100939,23713.24,Pune,2026-04-18,Approved,Travel,MasterCard,Food,IOCL,NetBanking,Male
C87912,w100940,23499.05,Delhi,2026-06-22,Declined,Groceries,RuPay,Food,DMart,UPI,Male
C32352,w100941,17963.59,Vizag,2026-01-18,Declined,Groceries,Amex,Utilities,Amazon,Credit,Male
C17343,w100942,3897.69,Mumbai,2026-06-06,Declined,Groceries,RuPay,E-commerce,HPCL,NetBanking,Male
C15866,w100943,14151.34,Mumbai,2026-05-28,Declined,Groceries,RuPay,Fuel,Reliance,Credit,Male
C45892,w100944,1476.53,Delhi,2026-06-20,Approved,Travel,RuPay,Fuel,Swiggy,Credit,Female
C20161,w100945,6946.14,Delhi,2026-04-16,Declined,Utilities,RuPay,Food,Amazon,UPI,Female
C96990,w100946,20185.97,Chennai,2026-03-01,Approved,Fuel,RuPay,Fuel,IOCL,UPI,Female
C29163,w100947,3679.35,Hyderabad,2026-05-10,Approved,Utilities,Amex,Retail,Zomato,UPI,Female
C70309,w100948,3106.72,Bengaluru,2026-05-18,Approved,Groceries,RuPay,Utilities,Reliance,Credit,Male
C99168,w100949,9823.6,Kolkata,2026-05-24,Approved,Fuel,RuPay,E-commerce,Zomato,NetBanking,Female
C23195,w100950,4243.92,Chennai,2026-02-01,Declined,Groceries,RuPay,E-commerce,Swiggy,Credit,Male
C85637,w100951,8190.14,Mumbai,2026-01-25,Declined,Shopping,RuPay,Retail,DMart,UPI,Male
C48473,w100952,17993.56,Hyderabad,2026-03-05,Declined,Travel,Visa,Food,Swiggy,NetBanking,Male
C31632,w100953,21037.43,Delhi,2026-04-14,Declined,Shopping,RuPay,Fuel,Amazon,NetBanking,Female
C34910,w100954,19805.4,Mumbai,2026-06-06,Declined,Dining,MasterCard,Fuel,HPCL,UPI,Male
C94871,w100955,21455.76,Mumbai,2026-06-10,Approved,Groceries,Amex,Fuel,Zomato,Credit,Male
C41606,w100956,1168.72,Kolkata,2026-03-31,Approved,Shopping,RuPay,E-commerce,Zomato,NetBanking,Male
C69129,w100957,4279.84,Delhi,2026-04-27,Approved,Utilities,Visa,Food,IRCTC,UPI,Female
C11926,w100958,7553.09,Bengaluru,2026-01-24,Approved,Groceries,MasterCard,E-commerce,IOCL,NetBanking,Female
C61487,w100959,16207.58,Bengaluru,2026-03-11,Approved,Shopping,Amex,Food,HPCL,Credit,Male
C53488,w100960,12570.64,Hyderabad,2026-05-09,Approved,Fuel,MasterCard,Retail,Zomato,NetBanking,Female
C86150,w100961,23612.63,Vizag,2026-03-04,Declined,Shopping,RuPay,Fuel,Reliance,UPI,Male
C13375,w100962,23766.48,Mumbai,2026-03-21,Declined,Travel,RuPay,Food,Amazon,UPI,Female
C66422,w100963,20869.8,Delhi,2026-04-04,Declined,Shopping,Amex,E-commerce,Amazon,Credit,Male
C67143,w100964,10061.64,Bengaluru,2026-02-16,Declined,Fuel,Visa,Fuel,Amazon,UPI,Male
C14435,w100965,14103.32,Delhi,2026-03-15,Approved,Dining,Visa,Retail,Swiggy,NetBanking,Male
C48273,w100966,8773.41,Delhi,2026-04-05,Declined,Utilities,MasterCard,Fuel,Amazon,Credit,Male
C51412,w100967,5619.22,Mumbai,2026-03-06,Approved,Shopping,MasterCard,Retail,DMart,NetBanking,Male
C32317,w100968,10314.19,Delhi,2026-04-12,Approved,Dining,RuPay,Fuel,IRCTC,UPI,Female
C25450,w100969,1203.31,Chennai,2026-04-24,Approved,Utilities,MasterCard,Travel,IOCL,NetBanking,Male
C55316,w100970,21629.9,Kolkata,2026-03-10,Approved,Shopping,Visa,Retail,Zomato,NetBanking,Male
C30382,w100971,10434.92,Mumbai,2026-01-03,Declined,Utilities,RuPay,Retail,Amazon,NetBanking,Female
C81396,w100972,24384.92,Bengaluru,2026-04-20,Approved,Travel,RuPay,Utilities,Amazon,NetBanking,Female
C41041,w100973,132.07,Kolkata,2026-05-31,Declined,Fuel,MasterCard,Travel,IRCTC,UPI,Female
C81645,w100974,11175.29,Bengaluru,2026-02-05,Approved,Dining,MasterCard,Utilities,Amazon,Credit,Female
C80060,w100975,1232.23,Mumbai,2026-03-09,Declined,Groceries,Amex,Utilities,IOCL,NetBanking,Male
C89743,w100976,19310.25,Bengaluru,2026-05-12,Approved,Utilities,Amex,Utilities,IOCL,NetBanking,Male
C78613,w100977,19007.59,Chennai,2026-05-07,Declined,Groceries,MasterCard,Utilities,Amazon,NetBanking,Female
C31838,w100978,16283.99,Pune,2026-04-13,Approved,Utilities,Visa,Retail,HPCL,UPI,Male
C71216,w100979,18112.46,Vizag,2026-06-14,Declined,Shopping,MasterCard,Retail,Swiggy,UPI,Female
C35859,w100980,18363.6,Kolkata,2026-04-03,Approved,Dining,RuPay,Food,DMart,UPI,Male
C25377,w100981,17182.47,Hyderabad,2026-04-07,Approved,Travel,Amex,Utilities,Zomato,NetBanking,Male
C18087,w100982,24331.28,Delhi,2026-06-05,Approved,Utilities,Visa,Travel,Amazon,NetBanking,Female
C69641,w100983,1630.99,Hyderabad,2026-03-07,Declined,Shopping,RuPay,E-commerce,DMart,Credit,Female
C89833,w100984,15281.02,Pune,2026-01-25,Approved,Travel,MasterCard,Fuel,Amazon,UPI,Female
C71658,w100985,13127.32,Bengaluru,2026-01-11,Declined,Dining,Amex,Retail,IRCTC,Credit,Male
C50825,w100986,6789.3,Vizag,2026-01-01,Approved,Utilities,Visa,Travel,IRCTC,Credit,Female
C65369,w100987,13328.2,Hyderabad,2026-01-22,Approved,Travel,Amex,Retail,Amazon,NetBanking,Female
C76447,w100988,23637.16,Chennai,2026-04-14,Declined,Fuel,Amex,Retail,IOCL,Credit,Female
C63351,w100989,7336.29,Chennai,2026-01-17,Approved,Shopping,Amex,E-commerce,Zomato,NetBanking,Male
C21821,w100990,10966.02,Bengaluru,2026-04-30,Approved,Groceries,Visa,Fuel,Swiggy,NetBanking,Female
C71763,w100991,7766.2,Vizag,2026-03-02,Declined,Groceries,Amex,Travel,DMart,Credit,Male
C80305,w100992,9701.08,Kolkata,2026-06-01,Declined,Shopping,Visa,Retail,DMart,UPI,Male
C11912,w100993,17899.53,Chennai,2026-06-11,Approved,Fuel,Visa,Travel,Swiggy,UPI,Male
C98383,w100994,6816.99,Bengaluru,2026-02-07,Approved,Fuel,Visa,Travel,Zomato,NetBanking,Male
C89933,w100995,21382.47,Chennai,2026-05-13,Declined,Dining,Amex,Fuel,Zomato,Credit,Male
C30033,w100996,6218.14,Bengaluru,2026-05-02,Approved,Utilities,Visa,Retail,IOCL,UPI,Male
C87497,w100997,20485.36,Kolkata,2026-06-04,Approved,Utilities,Amex,Retail,HPCL,NetBanking,Male
C41643,w100998,15853.4,Kolkata,2026-03-20,Declined,Utilities,Visa,Retail,HPCL,Credit,Female
C35336,w100999,4940.0,Chennai,2026-02-18,Declined,Fuel,RuPay,Retail,Reliance,NetBanking,Male
C27164,w101000,13542.79,Mumbai,2026-05-08,Declined,Travel,Visa,Retail,HPCL,Credit,Female
C78855,w101001,23787.53,Mumbai,2026-03-03,Approved,Utilities,Amex,Travel,Amazon,UPI,Male
C77163,w101002,22686.91,Bengaluru,2026-05-23,Approved,Utilities,Amex,Food,IRCTC,Credit,Male
C97921,w101003,1011.41,Bengaluru,2026-06-07,Declined,Travel,MasterCard,Utilities,Zomato,NetBanking,Male
C10789,w101004,1505.47,Delhi,2026-05-09,Approved,Utilities,Amex,Travel,DMart,Credit,Male
C57446,w101005,3663.0,Pune,2026-03-19,Declined,Groceries,MasterCard,Travel,Swiggy,UPI,Female
C96954,w101006,5417.38,Delhi,2026-05-01,Approved,Fuel,RuPay,Travel,Reliance,Credit,Female
C49605,w101007,22667.13,Chennai,2026-01-06,Declined,Fuel,Amex,Retail,Reliance,NetBanking,Female
C84070,w101008,24301.85,Kolkata,2026-05-03,Approved,Shopping,RuPay,Food,Amazon,NetBanking,Male
C77600,w101009,19210.51,Chennai,2026-06-07,Declined,Groceries,Amex,E-commerce,Swiggy,Credit,Female
C52624,w101010,3702.82,Delhi,2026-06-06,Approved,Groceries,MasterCard,Fuel,IRCTC,UPI,Male
C95959,w101011,24883.33,Kolkata,2026-06-24,Approved,Shopping,MasterCard,Food,Zomato,Credit,Male
C57948,w101012,1275.84,Pune,2026-03-14,Declined,Dining,RuPay,Fuel,DMart,NetBanking,Female
C89679,w101013,13844.09,Chennai,2026-04-27,Declined,Travel,Visa,E-commerce,HPCL,NetBanking,Male
C53680,w101014,22952.02,Kolkata,2026-05-26,Declined,Fuel,MasterCard,Travel,HPCL,Credit,Female
C44531,w101015,22848.01,Hyderabad,2026-06-28,Declined,Dining,Amex,E-commerce,IRCTC,UPI,Male
C44477,w101016,5235.74,Chennai,2026-02-14,Declined,Shopping,RuPay,E-commerce,Reliance,NetBanking,Female
C63836,w101017,8631.93,Kolkata,2026-06-28,Approved,Groceries,Amex,Fuel,DMart,NetBanking,Female
C20994,w101018,979.59,Bengaluru,2026-06-28,Approved,Fuel,MasterCard,E-commerce,Swiggy,NetBanking,Male
C22761,w101019,24559.46,Pune,2026-01-16,Declined,Dining,RuPay,Fuel,Amazon,Credit,Female
C53979,w101020,12606.65,Pune,2026-03-26,Declined,Fuel,MasterCard,Food,DMart,NetBanking,Female
C41624,w101021,17838.56,Pune,2026-03-29,Declined,Travel,MasterCard,E-commerce,HPCL,NetBanking,Male
C15768,w101022,2366.69,Pune,2026-04-26,Declined,Dining,RuPay,E-commerce,IRCTC,NetBanking,Male
C85766,w101023,149.36,Delhi,2026-01-13,Declined,Travel,MasterCard,Retail,Amazon,UPI,Female
C80900,w101024,24627.77,Chennai,2026-05-15,Approved,Groceries,RuPay,E-commerce,Zomato,UPI,Female
C47615,w101025,16803.82,Kolkata,2026-05-21,Declined,Dining,RuPay,Food,IOCL,NetBanking,Male
C70328,w101026,5995.09,Bengaluru,2026-02-22,Approved,Utilities,Visa,Fuel,HPCL,NetBanking,Female
C51928,w101027,10030.52,Hyderabad,2026-04-02,Approved,Fuel,Amex,Travel,IRCTC,NetBanking,Male
C17378,w101028,20995.16,Chennai,2026-02-28,Approved,Shopping,MasterCard,Food,Amazon,NetBanking,Male
C31898,w101029,14250.6,Chennai,2026-05-18,Declined,Fuel,RuPay,Travel,IOCL,Credit,Male
C75598,w101030,1605.85,Vizag,2026-04-28,Declined,Utilities,MasterCard,Travel,Reliance,UPI,Female
C47162,w101031,12670.87,Mumbai,2026-04-29,Approved,Utilities,Visa,Fuel,Reliance,NetBanking,Male
C77325,w101032,5407.41,Vizag,2026-01-01,Declined,Dining,Visa,Retail,Amazon,UPI,Female
C75899,w101033,9364.29,Chennai,2026-02-22,Approved,Travel,Amex,Retail,Reliance,UPI,Male
C41453,w101034,22840.35,Hyderabad,2026-02-13,Declined,Fuel,RuPay,E-commerce,Amazon,UPI,Male
C48862,w101035,4131.23,Bengaluru,2026-03-12,Declined,Dining,RuPay,E-commerce,Swiggy,Credit,Female
C30135,w101036,20259.65,Chennai,2026-01-06,Declined,Utilities,MasterCard,Fuel,IRCTC,UPI,Female
C34941,w101037,19384.27,Kolkata,2026-03-29,Approved,Shopping,Visa,Travel,Swiggy,NetBanking,Female
C20289,w101038,17214.87,Delhi,2026-01-18,Approved,Shopping,Visa,Retail,Amazon,NetBanking,Female
C65560,w101039,832.26,Kolkata,2026-04-07,Approved,Travel,RuPay,Utilities,DMart,UPI,Female
C54081,w101040,13408.0,Kolkata,2026-06-15,Declined,Groceries,Visa,Retail,HPCL,Credit,Female
C52277,w101041,949.42,Vizag,2026-02-21,Approved,Shopping,Visa,Retail,Zomato,Credit,Male
C82188,w101042,22364.03,Delhi,2026-03-02,Approved,Shopping,MasterCard,Food,HPCL,Credit,Male
C74615,w101043,658.79,Pune,2026-03-08,Declined,Groceries,Amex,Utilities,HPCL,Credit,Male
C38377,w101044,15254.05,Hyderabad,2026-06-03,Declined,Groceries,RuPay,Utilities,Zomato,NetBanking,Male
C82253,w101045,23922.54,Mumbai,2026-03-14,Declined,Travel,Amex,Travel,Zomato,NetBanking,Female
C55847,w101046,21189.31,Chennai,2026-02-06,Declined,Groceries,Amex,Retail,IOCL,Credit,Female
C95498,w101047,17489.1,Pune,2026-04-30,Approved,Travel,Amex,Food,Amazon,NetBanking,Female
C74066,w101048,1706.03,Kolkata,2026-04-18,Declined,Utilities,RuPay,Travel,HPCL,Credit,Female
C86945,w101049,14209.56,Delhi,2026-03-30,Approved,Travel,RuPay,E-commerce,DMart,UPI,Female
C52033,w101050,20835.96,Vizag,2026-04-12,Approved,Travel,MasterCard,Fuel,DMart,Credit,Female
C29698,w101051,9816.49,Delhi,2026-03-26,Declined,Shopping,Amex,Fuel,Amazon,Credit,Female
C69580,w101052,1351.75,Chennai,2026-04-22,Approved,Dining,MasterCard,Food,HPCL,Credit,Female
C94670,w101053,21178.13,Hyderabad,2026-02-10,Declined,Groceries,MasterCard,Food,DMart,NetBanking,Male
C38366,w101054,19457.77,Hyderabad,2026-02-01,Declined,Fuel,MasterCard,Fuel,Zomato,Credit,Female
C99403,w101055,22465.36,Bengaluru,2026-02-25,Approved,Utilities,RuPay,Fuel,Zomato,UPI,Female
C22627,w101056,21761.36,Bengaluru,2026-04-01,Declined,Fuel,RuPay,Fuel,Amazon,NetBanking,Male
C63283,w101057,22237.89,Vizag,2026-05-31,Approved,Shopping,RuPay,Fuel,IOCL,NetBanking,Female
C74862,w101058,2838.43,Mumbai,2026-02-12,Declined,Shopping,Visa,Utilities,Reliance,NetBanking,Male
C25146,w101059,19947.84,Bengaluru,2026-06-26,Approved,Fuel,RuPay,Travel,Zomato,NetBanking,Male
C32989,w101060,10746.22,Kolkata,2026-06-12,Approved,Groceries,MasterCard,Travel,Reliance,UPI,Male
C22212,w101061,22233.27,Kolkata,2026-01-07,Approved,Fuel,Visa,E-commerce,HPCL,UPI,Male
C24751,w101062,9909.94,Vizag,2026-04-24,Approved,Fuel,Visa,Fuel,IRCTC,UPI,Male
C42581,w101063,7052.99,Hyderabad,2026-04-21,Declined,Fuel,Amex,Travel,Reliance,UPI,Female
C18844,w101064,19028.9,Bengaluru,2026-01-26,Declined,Travel,Amex,Retail,DMart,Credit,Male
C10390,w101065,22036.85,Vizag,2026-04-14,Declined,Groceries,RuPay,Fuel,HPCL,NetBanking,Female
C10755,w101066,17299.61,Mumbai,2026-02-03,Approved,Utilities,RuPay,Utilities,HPCL,NetBanking,Male
C31346,w101067,6425.41,Bengaluru,2026-03-02,Declined,Travel,Visa,Utilities,IOCL,UPI,Female
C91123,w101068,24231.89,Mumbai,2026-03-16,Declined,Dining,Amex,Food,Swiggy,UPI,Male
C43962,w101069,13046.06,Bengaluru,2026-03-16,Declined,Dining,Visa,Food,IRCTC,UPI,Male
C58617,w101070,13557.58,Pune,2026-05-15,Approved,Travel,Visa,Retail,DMart,Credit,Female
C99666,w101071,23423.8,Chennai,2026-05-08,Declined,Shopping,RuPay,Travel,Reliance,UPI,Male
C64685,w101072,11244.14,Delhi,2026-05-05,Approved,Fuel,MasterCard,Retail,DMart,Credit,Female
C63206,w101073,24073.07,Kolkata,2026-05-20,Declined,Shopping,RuPay,E-commerce,Swiggy,UPI,Male
C43249,w101074,3886.02,Vizag,2026-01-19,Declined,Shopping,MasterCard,Travel,Zomato,Credit,Female
C65506,w101075,22161.08,Bengaluru,2026-02-28,Approved,Groceries,Visa,Food,HPCL,NetBanking,Male
C14785,w101076,9962.46,Delhi,2026-01-18,Declined,Fuel,MasterCard,Food,IOCL,UPI,Male
C15230,w101077,16937.56,Pune,2026-03-04,Declined,Travel,Visa,Food,IOCL,Credit,Female
C36335,w101078,7085.09,Bengaluru,2026-06-09,Approved,Groceries,RuPay,Travel,Swiggy,UPI,Female
C81286,w101079,18292.84,Bengaluru,2026-04-23,Declined,Fuel,Amex,E-commerce,IOCL,UPI,Female
C95383,w101080,8123.97,Vizag,2026-04-26,Declined,Shopping,MasterCard,Fuel,HPCL,NetBanking,Male
C36809,w101081,2848.62,Bengaluru,2026-04-14,Declined,Fuel,MasterCard,E-commerce,IRCTC,Credit,Male
C13616,w101082,12492.39,Bengaluru,2026-05-13,Approved,Shopping,Visa,E-commerce,IOCL,UPI,Female
C13007,w101083,12224.77,Mumbai,2026-04-12,Declined,Fuel,RuPay,Retail,Swiggy,UPI,Female
C24720,w101084,14798.77,Hyderabad,2026-01-09,Declined,Fuel,MasterCard,Travel,Reliance,Credit,Female
C18830,w101085,23307.77,Delhi,2026-05-24,Declined,Dining,Visa,Fuel,IOCL,Credit,Male
C83859,w101086,23851.63,Bengaluru,2026-04-02,Declined,Travel,RuPay,Food,Zomato,UPI,Female
C68320,w101087,19979.03,Delhi,2026-03-13,Approved,Travel,Visa,Fuel,IRCTC,NetBanking,Male
C38178,w101088,6857.08,Kolkata,2026-05-29,Approved,Travel,Amex,E-commerce,Reliance,NetBanking,Female
C57157,w101089,11428.09,Kolkata,2026-01-04,Approved,Fuel,Amex,Fuel,Reliance,UPI,Female
C20011,w101090,21825.29,Hyderabad,2026-03-16,Declined,Fuel,MasterCard,E-commerce,IRCTC,Credit,Male
C29065,w101091,12650.79,Chennai,2026-06-22,Declined,Fuel,Amex,Food,Reliance,NetBanking,Male
C62596,w101092,5493.96,Kolkata,2026-02-03,Approved,Groceries,Amex,Utilities,Reliance,UPI,Female
C90612,w101093,21479.29,Mumbai,2026-06-08,Approved,Dining,Visa,E-commerce,Reliance,NetBanking,Female
C83535,w101094,13145.37,Mumbai,2026-03-13,Approved,Utilities,MasterCard,Food,IOCL,NetBanking,Male
C44769,w101095,17260.78,Bengaluru,2026-05-28,Declined,Fuel,Visa,Travel,Amazon,NetBanking,Female
C44200,w101096,5532.26,Delhi,2026-06-28,Declined,Fuel,MasterCard,Utilities,Zomato,UPI,Female
C20727,w101097,874.74,Hyderabad,2026-05-16,Approved,Travel,RuPay,Travel,IOCL,UPI,Female
C65474,w101098,15113.84,Pune,2026-02-02,Approved,Fuel,Visa,E-commerce,IOCL,NetBanking,Female
C78908,w101099,14860.54,Chennai,2026-06-15,Approved,Fuel,RuPay,Retail,Reliance,NetBanking,Female
C56334,w101100,16350.67,Pune,2026-02-26,Approved,Travel,MasterCard,E-commerce,DMart,NetBanking,Male
C85842,w101101,4050.35,Delhi,2026-03-25,Approved,Travel,Amex,Travel,HPCL,NetBanking,Male
C78729,w101102,7004.34,Pune,2026-02-16,Approved,Dining,Visa,Travel,Reliance,UPI,Female
C47571,w101103,19778.23,Chennai,2026-06-26,Declined,Utilities,MasterCard,Utilities,Reliance,NetBanking,Male
C18899,w101104,7581.82,Mumbai,2026-04-03,Approved,Fuel,RuPay,Retail,Zomato,Credit,Female
C80786,w101105,20491.15,Kolkata,2026-05-06,Declined,Groceries,Amex,Retail,Zomato,Credit,Male
C91791,w101106,9759.82,Kolkata,2026-01-15,Approved,Groceries,Amex,Fuel,IOCL,UPI,Male
C94631,w101107,22949.73,Delhi,2026-01-15,Approved,Groceries,Visa,Travel,HPCL,Credit,Male
C21110,w101108,16930.01,Pune,2026-01-03,Declined,Dining,RuPay,Retail,DMart,NetBanking,Male
C15380,w101109,20453.88,Hyderabad,2026-05-05,Declined,Shopping,Amex,E-commerce,DMart,UPI,Female
C43102,w101110,9480.98,Kolkata,2026-01-06,Approved,Fuel,RuPay,Travel,HPCL,NetBanking,Male
C34785,w101111,15347.77,Bengaluru,2026-01-16,Declined,Groceries,MasterCard,Travel,IRCTC,Credit,Female
C94946,w101112,18696.25,Kolkata,2026-02-21,Approved,Travel,RuPay,E-commerce,Amazon,NetBanking,Female
C93286,w101113,14149.31,Delhi,2026-01-30,Declined,Utilities,MasterCard,Utilities,Amazon,UPI,Female
C82199,w101114,9741.54,Vizag,2026-02-09,Approved,Groceries,Amex,Food,IOCL,UPI,Male
C42809,w101115,1356.84,Delhi,2026-01-06,Declined,Fuel,MasterCard,Utilities,Zomato,Credit,Female
C86043,w101116,19909.87,Delhi,2026-03-15,Approved,Groceries,MasterCard,Food,DMart,UPI,Female
C56696,w101117,13263.81,Chennai,2026-05-13,Approved,Utilities,Visa,Retail,Reliance,Credit,Male
C24530,w101118,3722.44,Bengaluru,2026-06-01,Declined,Utilities,Visa,Fuel,HPCL,UPI,Female
C37434,w101119,22373.81,Delhi,2026-02-08,Approved,Utilities,Visa,Fuel,IRCTC,Credit,Female
C55382,w101120,10074.44,Hyderabad,2026-05-20,Declined,Groceries,Visa,Retail,IRCTC,UPI,Male
C92033,w101121,1822.15,Vizag,2026-02-14,Declined,Dining,Visa,E-commerce,IOCL,Credit,Female
C39677,w101122,16395.35,Chennai,2026-01-09,Declined,Travel,RuPay,Retail,Swiggy,Credit,Male
C35798,w101123,425.82,Vizag,2026-01-05,Declined,Utilities,MasterCard,E-commerce,IOCL,UPI,Male
C71965,w101124,15135.25,Chennai,2026-04-13,Approved,Dining,Visa,Utilities,Reliance,Credit,Male
C68790,w101125,1238.89,Chennai,2026-01-09,Declined,Utilities,MasterCard,Retail,Amazon,UPI,Female
C42450,w101126,12534.68,Bengaluru,2026-06-12,Approved,Shopping,Amex,Utilities,IRCTC,Credit,Female
C43424,w101127,19145.74,Kolkata,2026-04-08,Approved,Fuel,Amex,Food,IRCTC,Credit,Female
C75125,w101128,23573.13,Chennai,2026-01-22,Declined,Fuel,RuPay,Utilities,IOCL,NetBanking,Male
C89653,w101129,1447.98,Delhi,2026-03-11,Approved,Groceries,RuPay,Fuel,DMart,UPI,Female
C89679,w101130,15610.06,Delhi,2026-06-29,Declined,Dining,Visa,Retail,Amazon,NetBanking,Female
C16502,w101131,13554.09,Delhi,2026-02-24,Declined,Groceries,Amex,E-commerce,Zomato,Credit,Male
C48239,w101132,24525.8,Vizag,2026-05-30,Declined,Travel,Amex,Fuel,Reliance,NetBanking,Male
C28810,w101133,7158.07,Vizag,2026-06-30,Declined,Groceries,MasterCard,Food,IRCTC,NetBanking,Male
C46175,w101134,17391.05,Mumbai,2026-03-25,Approved,Utilities,MasterCard,Retail,Amazon,Credit,Male
C80668,w101135,6901.94,Mumbai,2026-06-20,Declined,Groceries,MasterCard,Retail,Zomato,Credit,Male
C50815,w101136,9994.21,Kolkata,2026-01-09,Declined,Utilities,Amex,Travel,DMart,NetBanking,Female
C50225,w101137,24341.7,Pune,2026-05-25,Declined,Travel,MasterCard,Utilities,DMart,NetBanking,Female
C28734,w101138,8625.24,Vizag,2026-04-03,Approved,Fuel,Amex,Food,Amazon,Credit,Male
C33990,w101139,24210.61,Hyderabad,2026-04-14,Approved,Travel,MasterCard,Utilities,DMart,UPI,Male
C78549,w101140,3740.95,Pune,2026-01-01,Approved,Dining,Amex,Fuel,Reliance,NetBanking,Male
C26088,w101141,7516.41,Pune,2026-06-13,Declined,Shopping,MasterCard,Travel,HPCL,Credit,Male
C66717,w101142,3323.77,Hyderabad,2026-06-09,Approved,Travel,MasterCard,Fuel,Amazon,Credit,Male
C79985,w101143,1207.97,Mumbai,2026-03-27,Approved,Travel,Amex,E-commerce,Swiggy,NetBanking,Male
C38789,w101144,17232.37,Bengaluru,2026-06-12,Declined,Fuel,RuPay,Utilities,Reliance,NetBanking,Male
C86651,w101145,12755.5,Kolkata,2026-06-05,Approved,Shopping,RuPay,Utilities,HPCL,UPI,Female
C29199,w101146,9808.85,Hyderabad,2026-01-22,Declined,Utilities,RuPay,Travel,IOCL,Credit,Female
C12493,w101147,2504.64,Hyderabad,2026-06-15,Approved,Utilities,MasterCard,Travel,Amazon,Credit,Male
C54601,w101148,2837.29,Delhi,2026-05-09,Declined,Dining,RuPay,Fuel,IRCTC,UPI,Female
C67689,w101149,20442.44,Bengaluru,2026-05-27,Approved,Utilities,RuPay,Food,IRCTC,NetBanking,Female
C55341,w101150,12233.67,Bengaluru,2026-05-07,Declined,Shopping,RuPay,Travel,IRCTC,Credit,Male
C89244,w101151,6426.62,Bengaluru,2026-05-31,Approved,Groceries,Amex,Travel,DMart,UPI,Female
C95599,w101152,13199.78,Delhi,2026-05-12,Declined,Groceries,RuPay,Retail,IOCL,UPI,Male
C27981,w101153,21713.85,Vizag,2026-06-02,Declined,Utilities,Amex,Food,DMart,UPI,Female
C94334,w101154,931.49,Hyderabad,2026-02-23,Declined,Dining,Amex,Fuel,Swiggy,NetBanking,Female
C16699,w101155,15543.64,Kolkata,2026-04-08,Approved,Travel,Visa,Utilities,IOCL,Credit,Female
C97527,w101156,16095.45,Vizag,2026-02-19,Declined,Dining,Visa,E-commerce,Amazon,NetBanking,Female
C57227,w101157,23528.39,Pune,2026-04-27,Approved,Groceries,RuPay,Retail,IRCTC,NetBanking,Male
C72538,w101158,8187.04,Hyderabad,2026-03-10,Approved,Groceries,Amex,Fuel,DMart,Credit,Male
C85344,w101159,9463.92,Mumbai,2026-04-26,Approved,Travel,RuPay,Travel,IOCL,NetBanking,Female
C75816,w101160,1127.64,Pune,2026-05-26,Declined,Shopping,RuPay,Retail,Amazon,UPI,Male
C82382,w101161,24752.07,Kolkata,2026-01-16,Declined,Shopping,Visa,E-commerce,HPCL,Credit,Female
C67144,w101162,12059.06,Delhi,2026-03-03,Approved,Travel,Amex,Fuel,Reliance,UPI,Male
C79070,w101163,11938.26,Vizag,2026-02-12,Declined,Fuel,Visa,Fuel,DMart,Credit,Female
C52746,w101164,1511.36,Pune,2026-01-26,Declined,Shopping,MasterCard,Utilities,Reliance,UPI,Female
C23427,w101165,3998.79,Vizag,2026-03-13,Approved,Fuel,MasterCard,Food,Reliance,UPI,Male
C62544,w101166,12879.82,Hyderabad,2026-02-17,Approved,Fuel,MasterCard,E-commerce,Amazon,NetBanking,Male
C71245,w101167,5105.52,Kolkata,2026-03-12,Declined,Shopping,Visa,Food,Reliance,Credit,Female
C67226,w101168,24969.38,Hyderabad,2026-06-04,Declined,Travel,Amex,Utilities,DMart,UPI,Male
C97925,w101169,14299.59,Chennai,2026-03-27,Approved,Shopping,Visa,E-commerce,IOCL,Credit,Male
C38316,w101170,10686.28,Kolkata,2026-02-28,Approved,Dining,Amex,Retail,IRCTC,Credit,Female
C75543,w101171,6779.34,Delhi,2026-03-15,Declined,Fuel,Visa,Travel,Swiggy,NetBanking,Female
C26821,w101172,20636.56,Bengaluru,2026-02-18,Declined,Travel,Visa,Food,IRCTC,NetBanking,Female
C62979,w101173,19408.24,Bengaluru,2026-05-14,Declined,Travel,Amex,Utilities,Reliance,NetBanking,Female
C82292,w101174,7807.2,Vizag,2026-01-23,Declined,Groceries,Visa,Food,Zomato,UPI,Male
C98294,w101175,8604.71,Delhi,2026-02-11,Approved,Utilities,MasterCard,Utilities,IOCL,NetBanking,Female
C52169,w101176,21409.03,Mumbai,2026-03-21,Approved,Utilities,Visa,Food,IOCL,UPI,Female
C35249,w101177,8428.88,Mumbai,2026-02-21,Approved,Groceries,RuPay,Travel,HPCL,NetBanking,Female
C22853,w101178,15166.54,Chennai,2026-05-14,Declined,Groceries,Amex,Fuel,Zomato,Credit,Female
C78254,w101179,17946.22,Chennai,2026-01-07,Approved,Shopping,Visa,E-commerce,Swiggy,UPI,Female
C74757,w101180,3798.61,Pune,2026-01-30,Declined,Fuel,RuPay,Utilities,Swiggy,Credit,Female
C47516,w101181,7118.96,Pune,2026-05-05,Approved,Groceries,RuPay,Travel,HPCL,UPI,Female
C31530,w101182,4573.05,Delhi,2026-01-08,Approved,Fuel,RuPay,E-commerce,HPCL,UPI,Female
C23716,w101183,5934.55,Delhi,2026-06-12,Declined,Travel,Visa,E-commerce,Swiggy,NetBanking,Female
C90318,w101184,1820.96,Hyderabad,2026-01-23,Approved,Travel,Visa,Retail,HPCL,UPI,Female
C80136,w101185,20991.69,Chennai,2026-05-10,Approved,Shopping,Amex,Food,Swiggy,NetBanking,Female
C90846,w101186,5797.75,Chennai,2026-06-14,Declined,Shopping,Visa,E-commerce,IOCL,UPI,Female
C30534,w101187,1476.62,Vizag,2026-04-03,Declined,Fuel,RuPay,Retail,Amazon,UPI,Male
C18573,w101188,6660.23,Delhi,2026-02-18,Approved,Fuel,RuPay,E-commerce,IOCL,NetBanking,Male
C37637,w101189,7892.5,Pune,2026-02-04,Approved,Travel,Amex,Retail,Zomato,UPI,Male
C79950,w101190,4036.7,Kolkata,2026-06-13,Declined,Fuel,RuPay,Utilities,Reliance,Credit,Male
C10876,w101191,4206.51,Pune,2026-05-27,Declined,Utilities,Amex,Fuel,Zomato,Credit,Female
C66273,w101192,2772.99,Mumbai,2026-03-08,Approved,Travel,Visa,Travel,Reliance,Credit,Female
C26996,w101193,506.01,Pune,2026-02-23,Approved,Utilities,RuPay,Fuel,HPCL,UPI,Female
C61908,w101194,12663.72,Bengaluru,2026-06-05,Approved,Fuel,Visa,Food,Reliance,UPI,Female
C77116,w101195,10859.22,Kolkata,2026-05-31,Declined,Travel,Amex,Utilities,Swiggy,Credit,Male
C84526,w101196,6597.62,Pune,2026-02-16,Approved,Shopping,MasterCard,Travel,Reliance,NetBanking,Male
C64310,w101197,7227.64,Hyderabad,2026-01-01,Declined,Fuel,Visa,Fuel,HPCL,NetBanking,Male
C28838,w101198,8531.42,Kolkata,2026-05-10,Declined,Travel,MasterCard,Fuel,Amazon,NetBanking,Female
C85194,w101199,5281.88,Hyderabad,2026-06-16,Declined,Utilities,RuPay,E-commerce,DMart,UPI,Male
C61363,w101200,12145.69,Chennai,2026-01-28,Approved,Groceries,Amex,Retail,Amazon,Credit,Male
C71482,w101201,3092.9,Pune,2026-04-18,Declined,Groceries,MasterCard,E-commerce,Zomato,NetBanking,Female
C67723,w101202,13076.27,Delhi,2026-02-09,Declined,Utilities,Amex,E-commerce,IRCTC,Credit,Female
C69518,w101203,8042.56,Hyderabad,2026-04-10,Declined,Utilities,RuPay,Fuel,Amazon,UPI,Male
C81392,w101204,8326.3,Pune,2026-01-28,Approved,Travel,MasterCard,E-commerce,HPCL,NetBanking,Female
C58419,w101205,12918.54,Hyderabad,2026-01-15,Declined,Groceries,MasterCard,E-commerce,IRCTC,UPI,Male
C85971,w101206,9095.92,Delhi,2026-04-16,Approved,Utilities,MasterCard,Retail,Swiggy,Credit,Female
C71205,w101207,12384.69,Hyderabad,2026-01-01,Declined,Shopping,MasterCard,Food,Swiggy,NetBanking,Female
C16975,w101208,17641.94,Bengaluru,2026-04-08,Approved,Fuel,Visa,Fuel,HPCL,NetBanking,Male
C63674,w101209,21216.44,Pune,2026-02-05,Approved,Utilities,RuPay,Utilities,DMart,Credit,Male
C56010,w101210,6276.83,Mumbai,2026-01-26,Declined,Fuel,MasterCard,Travel,IOCL,UPI,Female
C17162,w101211,5375.28,Mumbai,2026-04-19,Declined,Travel,Visa,Food,Swiggy,Credit,Male
C51499,w101212,19823.73,Delhi,2026-01-14,Approved,Dining,RuPay,Utilities,IOCL,UPI,Female
C82269,w101213,23859.37,Bengaluru,2026-06-22,Approved,Utilities,RuPay,Retail,Reliance,UPI,Female
C22919,w101214,11672.68,Kolkata,2026-04-14,Declined,Groceries,RuPay,Food,Zomato,NetBanking,Male
C51652,w101215,23864.38,Bengaluru,2026-01-13,Declined,Utilities,Visa,Fuel,Reliance,Credit,Female
C94926,w101216,20208.13,Chennai,2026-01-13,Declined,Travel,Amex,Retail,HPCL,NetBanking,Female
C89999,w101217,13452.94,Kolkata,2026-05-03,Approved,Shopping,Visa,Travel,DMart,NetBanking,Male
C70659,w101218,2020.89,Delhi,2026-06-12,Declined,Dining,MasterCard,E-commerce,Reliance,Credit,Female
C66794,w101219,23681.87,Chennai,2026-04-08,Approved,Fuel,Amex,Food,Swiggy,UPI,Female
C21953,w101220,6327.64,Mumbai,2026-03-21,Declined,Travel,Amex,Fuel,IOCL,UPI,Female
C31855,w101221,17222.34,Delhi,2026-05-12,Declined,Fuel,Visa,Travel,Zomato,NetBanking,Female
C97198,w101222,17914.12,Bengaluru,2026-04-21,Declined,Fuel,Amex,Fuel,Amazon,UPI,Male
C88250,w101223,1159.71,Delhi,2026-01-09,Declined,Fuel,MasterCard,Retail,Reliance,UPI,Male
C78171,w101224,20689.36,Delhi,2026-06-04,Approved,Travel,RuPay,E-commerce,IRCTC,Credit,Female
C63210,w101225,10880.35,Hyderabad,2026-05-05,Approved,Groceries,MasterCard,Food,Amazon,UPI,Female
C59601,w101226,5900.48,Chennai,2026-05-28,Declined,Travel,RuPay,Retail,HPCL,NetBanking,Male
C89948,w101227,9731.17,Vizag,2026-06-29,Approved,Groceries,MasterCard,Retail,IOCL,Credit,Male
C10670,w101228,5851.26,Hyderabad,2026-02-26,Approved,Dining,Amex,E-commerce,IOCL,Credit,Male
C58481,w101229,14863.96,Vizag,2026-05-18,Approved,Utilities,Amex,Utilities,Reliance,Credit,Female
C65845,w101230,3562.58,Bengaluru,2026-04-21,Declined,Utilities,RuPay,Utilities,Zomato,NetBanking,Female
C98150,w101231,1373.86,Pune,2026-04-17,Approved,Groceries,Amex,Fuel,IOCL,Credit,Female
C35067,w101232,9443.18,Mumbai,2026-03-03,Declined,Utilities,MasterCard,Food,Zomato,Credit,Female
C70100,w101233,5421.55,Chennai,2026-05-15,Declined,Fuel,RuPay,Food,DMart,UPI,Female
C67623,w101234,18836.22,Chennai,2026-03-08,Declined,Shopping,Amex,Retail,HPCL,UPI,Female
C14674,w101235,6250.5,Bengaluru,2026-04-04,Approved,Utilities,Amex,E-commerce,Zomato,UPI,Male
C72776,w101236,11745.86,Chennai,2026-02-19,Approved,Shopping,RuPay,Retail,Swiggy,Credit,Female
C21800,w101237,8930.02,Delhi,2026-03-02,Approved,Fuel,Amex,E-commerce,Zomato,Credit,Male
C73069,w101238,20826.73,Chennai,2026-04-01,Declined,Utilities,Visa,Fuel,IOCL,Credit,Male
C48551,w101239,22113.22,Kolkata,2026-02-01,Declined,Fuel,Amex,Fuel,Reliance,Credit,Male
C30803,w101240,9342.32,Vizag,2026-05-11,Approved,Travel,RuPay,Retail,IOCL,UPI,Male
C29470,w101241,9504.65,Pune,2026-03-04,Declined,Groceries,Amex,Retail,HPCL,UPI,Male
C76131,w101242,10216.39,Pune,2026-01-01,Approved,Travel,Visa,Fuel,Reliance,NetBanking,Female
C97397,w101243,6561.72,Hyderabad,2026-02-01,Approved,Groceries,MasterCard,E-commerce,Reliance,UPI,Male
C45949,w101244,7012.39,Delhi,2026-03-01,Approved,Groceries,Visa,Retail,Swiggy,NetBanking,Male
C99055,w101245,11934.44,Kolkata,2026-05-14,Declined,Utilities,Visa,Retail,IRCTC,Credit,Female
C67360,w101246,16367.58,Mumbai,2026-06-01,Declined,Groceries,RuPay,Utilities,HPCL,UPI,Female
C75412,w101247,1232.6,Mumbai,2026-05-29,Declined,Groceries,Amex,Fuel,Zomato,UPI,Male
C51742,w101248,4667.09,Hyderabad,2026-04-16,Approved,Dining,Visa,Retail,Swiggy,UPI,Male
C87258,w101249,22044.65,Pune,2026-01-09,Declined,Travel,RuPay,Utilities,Amazon,Credit,Female
C32086,w101250,3377.89,Kolkata,2026-05-21,Approved,Fuel,Visa,E-commerce,DMart,NetBanking,Female
C52776,w101251,5003.56,Bengaluru,2026-03-30,Approved,Utilities,Visa,Fuel,IRCTC,UPI,Female
C96774,w101252,1864.97,Chennai,2026-01-23,Approved,Fuel,RuPay,Utilities,IRCTC,NetBanking,Male
C67466,w101253,4697.67,Bengaluru,2026-05-04,Declined,Fuel,Visa,Fuel,Zomato,NetBanking,Male
C62959,w101254,9373.44,Pune,2026-06-11,Approved,Dining,MasterCard,Retail,IOCL,Credit,Female
C48091,w101255,18516.23,Chennai,2026-06-14,Approved,Travel,Visa,Retail,Swiggy,Credit,Female
C47969,w101256,5047.85,Vizag,2026-01-29,Approved,Utilities,MasterCard,E-commerce,HPCL,Credit,Female
C63716,w101257,289.6,Mumbai,2026-02-04,Approved,Dining,MasterCard,E-commerce,Reliance,UPI,Male
C68691,w101258,24566.86,Kolkata,2026-02-09,Approved,Shopping,Visa,Utilities,IOCL,Credit,Female
C11548,w101259,5245.44,Hyderabad,2026-06-13,Approved,Dining,Visa,Fuel,Swiggy,UPI,Female
C21811,w101260,23711.9,Delhi,2026-05-19,Declined,Groceries,RuPay,Food,DMart,UPI,Female
C80487,w101261,5141.78,Pune,2026-02-19,Declined,Dining,Amex,Travel,Reliance,UPI,Male
C95718,w101262,21263.27,Vizag,2026-02-16,Approved,Fuel,MasterCard,Retail,DMart,Credit,Male
C87618,w101263,10041.29,Pune,2026-04-28,Approved,Groceries,RuPay,Utilities,Swiggy,Credit,Male
C49661,w101264,15351.68,Vizag,2026-04-06,Declined,Groceries,MasterCard,Utilities,DMart,UPI,Female
C81110,w101265,14292.96,Bengaluru,2026-02-13,Declined,Shopping,Amex,Utilities,Swiggy,UPI,Female
C83888,w101266,11487.56,Kolkata,2026-06-02,Approved,Fuel,Amex,Food,Zomato,Credit,Female
C58116,w101267,6709.38,Kolkata,2026-04-13,Declined,Utilities,MasterCard,Travel,HPCL,NetBanking,Female
C93526,w101268,2650.42,Delhi,2026-05-31,Approved,Travel,Visa,Travel,DMart,NetBanking,Male
C87258,w101269,22330.8,Vizag,2026-03-12,Declined,Fuel,Visa,E-commerce,Reliance,UPI,Female
C84978,w101270,11671.81,Pune,2026-02-27,Declined,Shopping,MasterCard,Fuel,Amazon,UPI,Female
C30265,w101271,10986.07,Kolkata,2026-05-24,Declined,Dining,Amex,Utilities,Amazon,UPI,Female
C17898,w101272,3500.36,Pune,2026-05-23,Approved,Shopping,MasterCard,Retail,HPCL,NetBanking,Male
C64228,w101273,22302.36,Pune,2026-03-08,Approved,Fuel,MasterCard,E-commerce,Swiggy,Credit,Female
C96876,w101274,8228.05,Delhi,2026-05-26,Declined,Utilities,Amex,E-commerce,DMart,NetBanking,Female
C10942,w101275,23659.37,Chennai,2026-06-26,Declined,Dining,MasterCard,Food,IOCL,Credit,Female
C52794,w101276,16438.29,Vizag,2026-05-10,Approved,Utilities,MasterCard,Travel,IRCTC,Credit,Male
C80232,w101277,745.05,Delhi,2026-05-25,Declined,Fuel,RuPay,Fuel,IRCTC,Credit,Female
C28586,w101278,3277.72,Hyderabad,2026-02-02,Approved,Fuel,RuPay,E-commerce,Reliance,NetBanking,Male
C28659,w101279,19920.02,Hyderabad,2026-02-10,Approved,Dining,Visa,Utilities,IOCL,Credit,Male
C61897,w101280,9095.11,Kolkata,2026-06-09,Declined,Shopping,Visa,Food,Swiggy,Credit,Male
C89522,w101281,10467.64,Kolkata,2026-04-19,Approved,Utilities,Amex,Utilities,Reliance,NetBanking,Female
C95385,w101282,12728.02,Bengaluru,2026-06-03,Approved,Groceries,Visa,E-commerce,Zomato,Credit,Male
C56352,w101283,23239.79,Delhi,2026-04-27,Declined,Groceries,Visa,Utilities,HPCL,Credit,Female
C86884,w101284,24004.19,Mumbai,2026-03-02,Approved,Groceries,Amex,Retail,HPCL,UPI,Male
C58351,w101285,20879.56,Mumbai,2026-02-22,Approved,Travel,RuPay,Travel,Swiggy,NetBanking,Male
C24494,w101286,16551.43,Pune,2026-06-06,Declined,Fuel,MasterCard,Utilities,IRCTC,NetBanking,Male
C33678,w101287,18731.75,Chennai,2026-01-18,Declined,Travel,Amex,Travel,IRCTC,Credit,Female
C70253,w101288,24645.72,Chennai,2026-01-02,Approved,Groceries,MasterCard,Utilities,DMart,Credit,Female
C51433,w101289,17735.79,Chennai,2026-02-06,Declined,Fuel,MasterCard,Utilities,Zomato,Credit,Male
C57109,w101290,21507.37,Chennai,2026-05-09,Declined,Utilities,RuPay,Utilities,DMart,UPI,Male
C18483,w101291,21740.61,Delhi,2026-02-19,Declined,Groceries,MasterCard,Fuel,Swiggy,NetBanking,Male
C50779,w101292,3728.98,Chennai,2026-06-03,Declined,Utilities,Amex,Utilities,Reliance,Credit,Female
C67646,w101293,17031.84,Delhi,2026-01-07,Approved,Utilities,Visa,E-commerce,IOCL,NetBanking,Male
C36887,w101294,20761.6,Kolkata,2026-01-22,Declined,Dining,RuPay,Fuel,Reliance,Credit,Male
C96506,w101295,2980.86,Vizag,2026-05-02,Approved,Dining,RuPay,Travel,HPCL,Credit,Female
C94342,w101296,6985.34,Bengaluru,2026-03-31,Approved,Groceries,RuPay,E-commerce,DMart,NetBanking,Male
C79403,w101297,18900.48,Vizag,2026-02-17,Approved,Dining,Visa,Travel,DMart,Credit,Female
C21852,w101298,18536.85,Bengaluru,2026-02-05,Approved,Fuel,MasterCard,Fuel,DMart,UPI,Female
C92476,w101299,22737.68,Mumbai,2026-03-06,Approved,Fuel,Amex,Travel,IRCTC,NetBanking,Female
C67144,w101300,4790.41,Bengaluru,2026-01-25,Declined,Dining,Visa,Utilities,HPCL,Credit,Male
C35336,w101301,7359.0,Vizag,2026-06-26,Approved,Travel,RuPay,Retail,HPCL,NetBanking,Female
C48411,w101302,2773.2,Hyderabad,2026-02-19,Declined,Utilities,Amex,Food,Amazon,Credit,Male
C91996,w101303,7269.59,Mumbai,2026-01-04,Approved,Dining,MasterCard,E-commerce,IRCTC,UPI,Male
C70268,w101304,1593.68,Bengaluru,2026-05-01,Approved,Groceries,MasterCard,Fuel,HPCL,UPI,Male
C77442,w101305,13459.9,Pune,2026-02-09,Declined,Groceries,MasterCard,Food,IRCTC,Credit,Female
C71123,w101306,4683.12,Hyderabad,2026-04-08,Approved,Dining,Amex,E-commerce,DMart,UPI,Male
C63054,w101307,16881.23,Bengaluru,2026-04-28,Approved,Groceries,RuPay,Travel,IOCL,NetBanking,Female
C99346,w101308,10921.36,Pune,2026-02-08,Declined,Utilities,RuPay,Travel,IRCTC,Credit,Male
C78838,w101309,21063.61,Bengaluru,2026-04-17,Declined,Groceries,Visa,Retail,Zomato,UPI,Female
C81190,w101310,15952.32,Mumbai,2026-01-07,Approved,Dining,Visa,Fuel,Reliance,Credit,Male
C43813,w101311,7648.78,Chennai,2026-02-21,Declined,Fuel,Amex,Travel,IRCTC,Credit,Female
C70120,w101312,1489.06,Bengaluru,2026-02-25,Approved,Dining,MasterCard,Food,IOCL,UPI,Male
C43574,w101313,4007.13,Chennai,2026-04-29,Declined,Travel,Visa,Utilities,Amazon,NetBanking,Male
C85455,w101314,13735.31,Vizag,2026-04-25,Approved,Fuel,Amex,Utilities,DMart,NetBanking,Male
C48568,w101315,24626.78,Mumbai,2026-05-12,Declined,Fuel,Visa,Utilities,IRCTC,NetBanking,Male
C11196,w101316,2892.17,Bengaluru,2026-04-15,Declined,Fuel,RuPay,Travel,IRCTC,NetBanking,Male
C81933,w101317,14970.81,Pune,2026-04-01,Approved,Shopping,RuPay,Fuel,IOCL,UPI,Male
C20263,w101318,15653.71,Pune,2026-05-28,Approved,Fuel,Amex,Fuel,DMart,NetBanking,Female
C41912,w101319,10113.4,Bengaluru,2026-05-13,Approved,Fuel,RuPay,Travel,IRCTC,UPI,Female
C19327,w101320,14407.17,Kolkata,2026-01-03,Declined,Fuel,MasterCard,Retail,Zomato,NetBanking,Female
C32775,w101321,16729.9,Delhi,2026-02-08,Declined,Dining,RuPay,Utilities,Swiggy,NetBanking,Female
C74175,w101322,19307.4,Hyderabad,2026-03-29,Declined,Groceries,Visa,Travel,Swiggy,UPI,Male
C88559,w101323,14088.19,Chennai,2026-02-22,Approved,Shopping,Visa,Fuel,Amazon,UPI,Male
C61992,w101324,19210.4,Hyderabad,2026-04-20,Declined,Fuel,MasterCard,Food,DMart,NetBanking,Male
C47127,w101325,2402.31,Pune,2026-05-30,Approved,Fuel,MasterCard,Fuel,IRCTC,Credit,Female
C23681,w101326,6580.95,Kolkata,2026-03-19,Approved,Dining,MasterCard,Utilities,Swiggy,Credit,Female
C95777,w101327,23241.11,Mumbai,2026-02-22,Declined,Travel,Visa,Utilities,Swiggy,UPI,Male
C54009,w101328,5423.0,Chennai,2026-01-01,Approved,Fuel,MasterCard,Food,Reliance,UPI,Female
C80263,w101329,8035.79,Vizag,2026-04-15,Approved,Groceries,Amex,E-commerce,HPCL,NetBanking,Male
C25790,w101330,20121.81,Bengaluru,2026-03-26,Declined,Groceries,MasterCard,Fuel,DMart,Credit,Male
C43295,w101331,16107.47,Vizag,2026-01-20,Approved,Dining,Visa,Retail,HPCL,NetBanking,Female
C43108,w101332,7702.39,Vizag,2026-04-05,Declined,Fuel,Visa,Retail,DMart,NetBanking,Male
C10098,w101333,8956.72,Vizag,2026-05-24,Declined,Travel,RuPay,Travel,HPCL,NetBanking,Female
C34173,w101334,8306.15,Bengaluru,2026-04-23,Approved,Shopping,RuPay,E-commerce,Amazon,Credit,Male
C29792,w101335,6314.12,Kolkata,2026-02-06,Declined,Dining,MasterCard,E-commerce,Reliance,Credit,Male
C29725,w101336,16678.02,Bengaluru,2026-06-27,Approved,Groceries,RuPay,Retail,Zomato,NetBanking,Female
C54335,w101337,21098.81,Hyderabad,2026-03-01,Declined,Shopping,Visa,Utilities,IRCTC,UPI,Male
C81365,w101338,8438.33,Kolkata,2026-02-27,Declined,Shopping,RuPay,Retail,Zomato,UPI,Male
C29647,w101339,14594.79,Chennai,2026-05-09,Declined,Fuel,MasterCard,Fuel,DMart,Credit,Male
C82673,w101340,20485.17,Bengaluru,2026-03-09,Approved,Travel,MasterCard,Utilities,DMart,UPI,Female
C91980,w101341,686.52,Pune,2026-05-07,Approved,Fuel,Amex,Retail,IRCTC,NetBanking,Male
C33502,w101342,23614.31,Hyderabad,2026-03-25,Approved,Travel,MasterCard,Travel,Reliance,UPI,Female
C11866,w101343,16778.98,Kolkata,2026-06-15,Declined,Travel,Visa,E-commerce,DMart,UPI,Male
C62171,w101344,4727.06,Kolkata,2026-04-27,Approved,Shopping,MasterCard,Retail,Swiggy,NetBanking,Male
C70412,w101345,891.8,Pune,2026-03-31,Declined,Shopping,MasterCard,Travel,Zomato,UPI,Male
C59647,w101346,10010.7,Vizag,2026-02-02,Declined,Utilities,Amex,Utilities,IOCL,NetBanking,Female
C87477,w101347,3147.49,Kolkata,2026-01-19,Declined,Shopping,MasterCard,E-commerce,Amazon,UPI,Female
C76604,w101348,20350.68,Mumbai,2026-02-12,Approved,Shopping,MasterCard,Food,Swiggy,NetBanking,Female
C56631,w101349,21346.61,Delhi,2026-01-17,Approved,Groceries,Amex,Utilities,IOCL,NetBanking,Female
C37053,w101350,22123.93,Bengaluru,2026-02-25,Declined,Shopping,Visa,Travel,Zomato,UPI,Male
C52222,w101351,13404.36,Kolkata,2026-03-31,Approved,Fuel,RuPay,Travel,IOCL,Credit,Male
C84155,w101352,3242.47,Hyderabad,2026-01-03,Approved,Groceries,MasterCard,Travel,Zomato,UPI,Female
C63605,w101353,5096.97,Delhi,2026-01-14,Approved,Fuel,MasterCard,Travel,Swiggy,UPI,Male
C74774,w101354,24615.28,Bengaluru,2026-04-25,Approved,Utilities,Visa,Travel,Swiggy,NetBanking,Male
C24533,w101355,16475.01,Kolkata,2026-02-27,Declined,Shopping,Visa,E-commerce,Swiggy,Credit,Male
C40558,w101356,9998.24,Mumbai,2026-01-06,Declined,Fuel,Amex,Fuel,HPCL,UPI,Male
C65523,w101357,12110.13,Mumbai,2026-04-29,Approved,Travel,RuPay,E-commerce,Reliance,Credit,Female
C11056,w101358,5251.84,Mumbai,2026-05-22,Approved,Shopping,MasterCard,Utilities,IRCTC,NetBanking,Female
C90516,w101359,18713.39,Mumbai,2026-03-23,Approved,Utilities,MasterCard,E-commerce,Zomato,NetBanking,Female
C84412,w101360,7515.78,Vizag,2026-05-25,Approved,Dining,Visa,Fuel,Zomato,NetBanking,Female
C66052,w101361,8379.22,Kolkata,2026-06-09,Declined,Shopping,Visa,Retail,IOCL,Credit,Male
C74225,w101362,16857.37,Bengaluru,2026-05-21,Declined,Utilities,Visa,Food,Amazon,Credit,Female
C43621,w101363,7936.65,Delhi,2026-02-07,Approved,Fuel,Visa,Utilities,DMart,Credit,Female
C39843,w101364,1380.26,Chennai,2026-01-13,Declined,Groceries,MasterCard,Retail,IOCL,UPI,Male
C31604,w101365,19625.11,Bengaluru,2026-06-14,Approved,Travel,MasterCard,Retail,IRCTC,NetBanking,Female
C92694,w101366,12091.66,Hyderabad,2026-02-03,Declined,Utilities,RuPay,Food,Swiggy,NetBanking,Male
C46504,w101367,14957.62,Vizag,2026-03-16,Approved,Groceries,Amex,Utilities,HPCL,NetBanking,Female
C59381,w101368,3940.0,Hyderabad,2026-05-11,Approved,Groceries,MasterCard,Food,IRCTC,UPI,Female
C36787,w101369,16893.53,Chennai,2026-01-20,Approved,Utilities,Amex,Retail,Zomato,Credit,Female
C39662,w101370,23343.28,Hyderabad,2026-01-26,Declined,Dining,RuPay,Food,IOCL,NetBanking,Female
C73066,w101371,22570.56,Delhi,2026-05-28,Approved,Fuel,MasterCard,Food,Amazon,NetBanking,Male
C26473,w101372,1808.58,Kolkata,2026-06-12,Declined,Shopping,Visa,E-commerce,Reliance,NetBanking,Female
C48612,w101373,5920.67,Delhi,2026-05-30,Approved,Fuel,Amex,Travel,Zomato,NetBanking,Male
C74620,w101374,5385.41,Hyderabad,2026-03-08,Approved,Shopping,RuPay,Food,IOCL,Credit,Male
C46280,w101375,3757.06,Bengaluru,2026-05-01,Approved,Dining,Visa,Retail,Zomato,UPI,Male
C78875,w101376,8936.9,Chennai,2026-04-22,Declined,Groceries,MasterCard,Fuel,IRCTC,NetBanking,Female
C14881,w101377,5317.63,Chennai,2026-06-20,Declined,Dining,MasterCard,Retail,HPCL,Credit,Male
C73139,w101378,3005.94,Delhi,2026-04-25,Approved,Fuel,Visa,Fuel,Swiggy,NetBanking,Male
C49684,w101379,18984.2,Mumbai,2026-03-21,Declined,Fuel,Amex,Travel,Swiggy,Credit,Male
C64327,w101380,13320.32,Mumbai,2026-05-09,Approved,Groceries,MasterCard,E-commerce,Amazon,NetBanking,Male
C42075,w101381,17067.76,Mumbai,2026-03-26,Approved,Utilities,Visa,E-commerce,IOCL,Credit,Male
C71138,w101382,19386.06,Vizag,2026-06-24,Approved,Fuel,MasterCard,Utilities,IOCL,NetBanking,Female
C83513,w101383,15519.53,Hyderabad,2026-03-28,Approved,Groceries,RuPay,Utilities,IOCL,UPI,Female
C56649,w101384,12674.8,Vizag,2026-03-22,Approved,Groceries,MasterCard,Fuel,IOCL,UPI,Male
C42651,w101385,747.23,Delhi,2026-04-19,Declined,Utilities,MasterCard,Utilities,Reliance,UPI,Male
C83689,w101386,7887.32,Chennai,2026-06-15,Declined,Groceries,MasterCard,Fuel,DMart,UPI,Female
C90446,w101387,11599.5,Chennai,2026-05-31,Declined,Fuel,Visa,Utilities,HPCL,Credit,Female
C31945,w101388,5669.97,Chennai,2026-02-18,Declined,Fuel,Visa,Utilities,IOCL,NetBanking,Male
C24978,w101389,2652.74,Delhi,2026-03-28,Approved,Groceries,MasterCard,Retail,DMart,Credit,Male
C73308,w101390,14913.05,Mumbai,2026-06-26,Declined,Travel,MasterCard,Utilities,Reliance,NetBanking,Female
C37165,w101391,1471.47,Bengaluru,2026-01-28,Approved,Travel,RuPay,Fuel,IOCL,NetBanking,Male
C61508,w101392,18563.9,Pune,2026-04-19,Approved,Groceries,Amex,E-commerce,Zomato,Credit,Male
C88455,w101393,18732.26,Chennai,2026-06-09,Declined,Utilities,Amex,E-commerce,Swiggy,Credit,Female
C54508,w101394,24871.06,Hyderabad,2026-06-03,Approved,Fuel,Amex,Food,IRCTC,NetBanking,Male
C49796,w101395,23246.99,Chennai,2026-06-08,Declined,Shopping,Amex,Travel,Reliance,Credit,Male
C30978,w101396,13596.7,Delhi,2026-05-13,Approved,Shopping,MasterCard,Food,Zomato,UPI,Male
C85739,w101397,11119.5,Kolkata,2026-05-04,Declined,Shopping,Visa,Retail,Reliance,UPI,Male
C66066,w101398,3550.19,Delhi,2026-06-16,Approved,Travel,Visa,Utilities,DMart,UPI,Female
C90436,w101399,19163.48,Hyderabad,2026-02-23,Approved,Fuel,Amex,Utilities,Reliance,Credit,Male
C15074,w101400,18986.64,Delhi,2026-03-26,Approved,Utilities,Amex,Utilities,Amazon,UPI,Male
C48490,w101401,23708.03,Bengaluru,2026-01-25,Declined,Groceries,MasterCard,Retail,Swiggy,Credit,Female
C59428,w101402,6859.1,Hyderabad,2026-06-09,Approved,Utilities,Amex,Food,IRCTC,NetBanking,Male
C20214,w101403,15154.6,Delhi,2026-05-05,Declined,Utilities,Amex,Food,DMart,UPI,Male
C58356,w101404,17269.14,Pune,2026-05-23,Declined,Dining,Amex,E-commerce,Zomato,UPI,Male
C21552,w101405,15332.42,Mumbai,2026-04-15,Declined,Travel,Visa,Travel,Zomato,Credit,Female
C29895,w101406,21068.17,Delhi,2026-02-17,Declined,Shopping,Amex,Food,IOCL,UPI,Female
C66765,w101407,20110.06,Bengaluru,2026-05-20,Approved,Groceries,Visa,Fuel,HPCL,UPI,Male
C55661,w101408,21098.9,Delhi,2026-03-18,Declined,Shopping,Visa,E-commerce,Zomato,NetBanking,Female
C29314,w101409,12872.52,Pune,2026-01-20,Approved,Groceries,Amex,Travel,Swiggy,NetBanking,Male
C64093,w101410,2474.12,Vizag,2026-05-22,Declined,Utilities,Visa,E-commerce,Amazon,UPI,Female
C23254,w101411,9162.9,Pune,2026-01-26,Declined,Groceries,RuPay,E-commerce,HPCL,Credit,Male
C71695,w101412,4045.98,Delhi,2026-01-11,Declined,Shopping,MasterCard,Retail,Amazon,UPI,Male
C20835,w101413,9131.63,Chennai,2026-02-18,Declined,Fuel,Amex,E-commerce,Zomato,Credit,Female
C61524,w101414,22249.69,Mumbai,2026-02-19,Approved,Travel,MasterCard,Food,Swiggy,Credit,Female
C13770,w101415,15297.18,Hyderabad,2026-03-18,Declined,Dining,RuPay,Utilities,DMart,UPI,Female
C70204,w101416,15775.11,Mumbai,2026-01-06,Approved,Utilities,Amex,Fuel,IOCL,Credit,Male
C10181,w101417,15393.17,Kolkata,2026-01-24,Declined,Travel,RuPay,E-commerce,Zomato,NetBanking,Male
C12565,w101418,23763.57,Chennai,2026-05-22,Declined,Dining,Visa,Utilities,Swiggy,Credit,Male
C31295,w101419,22329.34,Delhi,2026-02-13,Declined,Shopping,Visa,E-commerce,IRCTC,Credit,Female
C94471,w101420,22204.8,Hyderabad,2026-05-28,Declined,Dining,RuPay,Travel,Swiggy,UPI,Male
C78627,w101421,24142.27,Vizag,2026-05-28,Approved,Utilities,Amex,Travel,IRCTC,NetBanking,Male
C66009,w101422,10757.32,Vizag,2026-05-30,Approved,Fuel,MasterCard,Utilities,IOCL,Credit,Female
C68553,w101423,5265.69,Hyderabad,2026-06-04,Approved,Groceries,MasterCard,Fuel,Reliance,NetBanking,Male
C89570,w101424,23042.92,Pune,2026-03-27,Declined,Dining,Visa,Travel,Amazon,UPI,Male
C85619,w101425,24401.11,Delhi,2026-03-09,Approved,Fuel,Amex,Food,Swiggy,UPI,Male
C86580,w101426,3535.18,Chennai,2026-01-13,Declined,Shopping,Amex,E-commerce,Reliance,NetBanking,Female
C47042,w101427,14357.05,Mumbai,2026-02-13,Declined,Groceries,Amex,Utilities,HPCL,UPI,Female
C29434,w101428,8985.43,Kolkata,2026-04-09,Declined,Groceries,MasterCard,Retail,Reliance,UPI,Male
C99157,w101429,12587.13,Chennai,2026-02-03,Declined,Utilities,Amex,Retail,IOCL,UPI,Male
C21821,w101430,5569.45,Hyderabad,2026-04-29,Approved,Groceries,Visa,Utilities,DMart,NetBanking,Male
C13660,w101431,3910.93,Pune,2026-02-12,Declined,Fuel,RuPay,Fuel,Zomato,NetBanking,Male
C62951,w101432,20412.21,Mumbai,2026-03-03,Approved,Travel,Amex,Food,IOCL,Credit,Male
C79055,w101433,20588.04,Pune,2026-03-31,Declined,Utilities,Visa,Food,Reliance,UPI,Female
C68756,w101434,806.53,Chennai,2026-06-19,Declined,Fuel,Visa,Travel,Reliance,UPI,Female
C81167,w101435,6485.94,Chennai,2026-03-12,Approved,Dining,RuPay,Retail,DMart,Credit,Male
C23865,w101436,2094.05,Mumbai,2026-06-22,Approved,Groceries,RuPay,Retail,IRCTC,UPI,Male
C17737,w101437,23915.94,Pune,2026-03-21,Approved,Utilities,MasterCard,Food,DMart,UPI,Male
C89035,w101438,24613.68,Delhi,2026-05-29,Approved,Fuel,MasterCard,Fuel,Swiggy,Credit,Female
C24661,w101439,24738.98,Pune,2026-02-03,Declined,Travel,MasterCard,Retail,DMart,UPI,Female
C86354,w101440,19939.65,Bengaluru,2026-03-02,Declined,Shopping,MasterCard,Retail,Zomato,UPI,Male
C57762,w101441,11091.67,Mumbai,2026-03-24,Approved,Fuel,Amex,Utilities,Reliance,Credit,Female
C56028,w101442,21844.63,Delhi,2026-01-19,Approved,Fuel,Amex,Food,Swiggy,UPI,Male
C63349,w101443,23089.21,Chennai,2026-01-07,Approved,Fuel,MasterCard,Retail,IRCTC,Credit,Female
C35171,w101444,8531.44,Delhi,2026-06-10,Declined,Groceries,Visa,Utilities,IOCL,Credit,Male
C64409,w101445,14150.99,Hyderabad,2026-02-17,Declined,Dining,MasterCard,E-commerce,Reliance,Credit,Female
C65862,w101446,7889.39,Vizag,2026-01-27,Declined,Dining,MasterCard,Travel,Zomato,UPI,Male
C81142,w101447,24298.46,Delhi,2026-06-11,Declined,Dining,MasterCard,Fuel,Zomato,NetBanking,Female
C47650,w101448,21256.63,Bengaluru,2026-06-05,Declined,Groceries,MasterCard,Utilities,Reliance,NetBanking,Male
C98157,w101449,3914.25,Mumbai,2026-06-11,Approved,Travel,Amex,Food,IOCL,UPI,Male
C20389,w101450,2559.67,Delhi,2026-06-01,Approved,Groceries,MasterCard,Fuel,Zomato,Credit,Male
C61559,w101451,11138.31,Hyderabad,2026-01-28,Declined,Groceries,RuPay,Fuel,HPCL,Credit,Male
C11289,w101452,11434.69,Pune,2026-04-11,Declined,Dining,Visa,Utilities,Swiggy,NetBanking,Male
C19763,w101453,11248.04,Vizag,2026-01-29,Declined,Shopping,RuPay,Utilities,Zomato,Credit,Female
C83146,w101454,10853.81,Kolkata,2026-05-25,Declined,Shopping,Visa,Fuel,Swiggy,UPI,Male
C98788,w101455,7979.8,Vizag,2026-04-23,Approved,Shopping,Visa,Fuel,HPCL,NetBanking,Female
C50402,w101456,10512.92,Hyderabad,2026-04-28,Declined,Shopping,Amex,Retail,Reliance,UPI,Female
C75340,w101457,2526.01,Chennai,2026-03-25,Approved,Utilities,MasterCard,Fuel,Amazon,NetBanking,Male
C75149,w101458,3037.18,Bengaluru,2026-05-02,Declined,Fuel,Amex,Food,DMart,Credit,Female
C91551,w101459,19276.47,Delhi,2026-04-14,Declined,Travel,MasterCard,Utilities,DMart,NetBanking,Male
C39992,w101460,21294.92,Chennai,2026-04-14,Approved,Fuel,Amex,Fuel,IOCL,UPI,Female
C76559,w101461,18700.87,Chennai,2026-04-15,Declined,Dining,MasterCard,Fuel,Amazon,NetBanking,Male
C29388,w101462,22662.72,Hyderabad,2026-03-22,Approved,Groceries,MasterCard,Travel,IRCTC,UPI,Female
C82066,w101463,17135.74,Pune,2026-03-04,Approved,Travel,RuPay,Travel,Zomato,Credit,Male
C30542,w101464,16514.98,Bengaluru,2026-03-31,Declined,Utilities,Visa,E-commerce,DMart,UPI,Female
C25584,w101465,14178.57,Bengaluru,2026-01-19,Declined,Groceries,MasterCard,Travel,IOCL,Credit,Male
C95455,w101466,22163.07,Hyderabad,2026-02-14,Declined,Fuel,RuPay,Retail,Zomato,Credit,Male
C87040,w101467,19528.22,Delhi,2026-01-22,Declined,Utilities,MasterCard,Food,Amazon,UPI,Male
C62334,w101468,7396.05,Hyderabad,2026-03-26,Approved,Dining,Visa,Fuel,DMart,Credit,Male
C96922,w101469,19790.7,Delhi,2026-04-06,Approved,Fuel,MasterCard,Utilities,Amazon,NetBanking,Female
C57351,w101470,15727.3,Vizag,2026-03-12,Declined,Travel,Amex,Retail,DMart,Credit,Female
C99114,w101471,23143.84,Vizag,2026-05-26,Approved,Dining,MasterCard,Utilities,Amazon,NetBanking,Female
C39124,w101472,9086.2,Hyderabad,2026-02-08,Approved,Shopping,Amex,Food,DMart,Credit,Male
C18138,w101473,13880.01,Pune,2026-02-09,Declined,Utilities,Visa,Retail,DMart,Credit,Male
C17993,w101474,20223.67,Delhi,2026-05-02,Approved,Dining,Visa,Travel,Zomato,NetBanking,Female
C13340,w101475,23549.27,Kolkata,2026-01-21,Declined,Dining,Visa,Food,IRCTC,UPI,Female
C26967,w101476,11008.18,Hyderabad,2026-02-16,Declined,Utilities,Amex,Travel,IOCL,Credit,Male
C20539,w101477,6953.88,Chennai,2026-04-17,Approved,Utilities,Amex,Fuel,Zomato,UPI,Male
C73536,w101478,5607.81,Mumbai,2026-04-26,Approved,Dining,MasterCard,E-commerce,HPCL,UPI,Female
C25154,w101479,6600.37,Hyderabad,2026-06-08,Declined,Dining,Visa,Food,HPCL,UPI,Female
C72034,w101480,15352.23,Pune,2026-01-04,Declined,Utilities,Visa,Utilities,IOCL,Credit,Male
C41272,w101481,10729.92,Vizag,2026-06-29,Approved,Dining,RuPay,Travel,HPCL,NetBanking,Male
C74606,w101482,849.28,Delhi,2026-04-17,Approved,Travel,Amex,E-commerce,HPCL,UPI,Female
C23531,w101483,4634.12,Mumbai,2026-06-22,Declined,Utilities,Visa,E-commerce,HPCL,NetBanking,Female
C66748,w101484,11942.66,Chennai,2026-04-15,Declined,Groceries,RuPay,Travel,DMart,Credit,Male
C26556,w101485,4905.01,Bengaluru,2026-01-22,Declined,Dining,Amex,Retail,IOCL,NetBanking,Female
C25131,w101486,11810.01,Chennai,2026-02-11,Approved,Groceries,Visa,Food,DMart,NetBanking,Male
C24253,w101487,12775.7,Pune,2026-06-04,Approved,Fuel,Amex,Retail,Amazon,Credit,Female
C10905,w101488,22596.74,Bengaluru,2026-03-26,Declined,Fuel,MasterCard,Utilities,IRCTC,NetBanking,Female
C51617,w101489,13660.25,Pune,2026-06-11,Declined,Travel,MasterCard,E-commerce,DMart,NetBanking,Male
C50050,w101490,18300.63,Chennai,2026-04-29,Approved,Fuel,Visa,Travel,Swiggy,NetBanking,Male
C70542,w101491,5315.51,Mumbai,2026-06-02,Declined,Groceries,Visa,E-commerce,Reliance,NetBanking,Male
C46575,w101492,21635.21,Mumbai,2026-05-23,Declined,Travel,Amex,Utilities,DMart,NetBanking,Female
C19926,w101493,6451.74,Bengaluru,2026-01-01,Declined,Groceries,RuPay,Fuel,Zomato,UPI,Female
C26856,w101494,5899.14,Bengaluru,2026-06-08,Approved,Utilities,RuPay,E-commerce,Reliance,Credit,Female
C45726,w101495,6782.96,Delhi,2026-06-23,Declined,Groceries,RuPay,E-commerce,IOCL,NetBanking,Female
C37153,w101496,11893.84,Chennai,2026-06-09,Approved,Dining,RuPay,Utilities,Zomato,Credit,Female
C80714,w101497,11946.03,Delhi,2026-04-11,Approved,Shopping,Amex,Fuel,IRCTC,Credit,Male
C68804,w101498,2368.99,Mumbai,2026-04-01,Approved,Shopping,RuPay,Retail,Reliance,Credit,Female
C31615,w101499,6082.83,Mumbai,2026-02-09,Declined,Groceries,Amex,Food,Reliance,UPI,Female
C43117,w101500,16970.55,Bengaluru,2026-04-24,Approved,Utilities,Amex,E-commerce,HPCL,NetBanking,Female
C73357,w101501,6778.24,Kolkata,2026-05-01,Approved,Fuel,RuPay,Retail,Amazon,Credit,Male
C46113,w101502,14987.11,Kolkata,2026-06-27,Approved,Utilities,Visa,Utilities,IOCL,Credit,Male
C85829,w101503,22026.38,Chennai,2026-01-17,Approved,Groceries,RuPay,Retail,IOCL,Credit,Male
C64056,w101504,9729.06,Kolkata,2026-06-29,Declined,Fuel,RuPay,Retail,Zomato,UPI,Female
C90223,w101505,1758.69,Mumbai,2026-06-01,Approved,Fuel,Amex,Fuel,Zomato,Credit,Male
C21451,w101506,6992.8,Kolkata,2026-04-23,Declined,Groceries,Amex,Utilities,IRCTC,UPI,Male
C59045,w101507,17907.12,Kolkata,2026-03-12,Approved,Shopping,Amex,Travel,Zomato,UPI,Male
C16470,w101508,18608.55,Delhi,2026-05-21,Approved,Utilities,MasterCard,Utilities,DMart,Credit,Male
C18278,w101509,1579.82,Kolkata,2026-01-10,Declined,Fuel,MasterCard,Retail,DMart,UPI,Male
C83279,w101510,11153.4,Kolkata,2026-04-13,Approved,Travel,Amex,Utilities,DMart,UPI,Male
C63732,w101511,7455.52,Vizag,2026-01-17,Approved,Groceries,RuPay,Fuel,IRCTC,Credit,Male
C39042,w101512,12634.58,Vizag,2026-03-29,Declined,Fuel,Visa,Travel,DMart,NetBanking,Female
C77660,w101513,13707.17,Chennai,2026-04-13,Approved,Shopping,RuPay,Food,Amazon,UPI,Female
C30508,w101514,413.14,Vizag,2026-06-06,Declined,Shopping,RuPay,Food,IRCTC,UPI,Female
C89310,w101515,1521.51,Delhi,2026-02-06,Declined,Fuel,Visa,Utilities,Swiggy,Credit,Male
C84738,w101516,2560.67,Pune,2026-01-04,Declined,Dining,Visa,Food,Amazon,UPI,Male
C69286,w101517,19539.39,Hyderabad,2026-05-24,Approved,Groceries,RuPay,E-commerce,Amazon,NetBanking,Female
C61872,w101518,17727.11,Delhi,2026-02-19,Declined,Travel,MasterCard,Travel,Amazon,UPI,Male
C50778,w101519,6707.31,Hyderabad,2026-02-25,Declined,Travel,RuPay,Retail,IRCTC,UPI,Female
C27516,w101520,2325.97,Pune,2026-03-20,Approved,Shopping,Visa,Retail,IRCTC,Credit,Male
C88882,w101521,17423.32,Kolkata,2026-02-15,Declined,Groceries,RuPay,Retail,Reliance,UPI,Female
C44763,w101522,14392.37,Bengaluru,2026-03-10,Declined,Fuel,RuPay,Travel,Zomato,UPI,Male
C61536,w101523,9680.17,Vizag,2026-02-25,Approved,Fuel,RuPay,Fuel,IOCL,NetBanking,Male
C31360,w101524,24942.72,Mumbai,2026-01-04,Declined,Shopping,Visa,Travel,Zomato,NetBanking,Female
C34300,w101525,17306.77,Vizag,2026-03-04,Approved,Groceries,MasterCard,Travel,IRCTC,UPI,Male
C42911,w101526,1368.28,Hyderabad,2026-05-21,Declined,Travel,Amex,Travel,Zomato,Credit,Male
C52412,w101527,18054.5,Bengaluru,2026-05-02,Approved,Groceries,Visa,E-commerce,Reliance,Credit,Male
C95042,w101528,1026.57,Mumbai,2026-05-03,Declined,Dining,Visa,Travel,Amazon,Credit,Male
C25189,w101529,12243.59,Vizag,2026-03-20,Declined,Utilities,RuPay,Travel,IRCTC,UPI,Male
C91189,w101530,2508.96,Bengaluru,2026-04-25,Declined,Groceries,Visa,Travel,Amazon,NetBanking,Male
C97286,w101531,20713.55,Hyderabad,2026-01-25,Declined,Travel,Visa,E-commerce,IOCL,NetBanking,Female
C29051,w101532,23969.32,Pune,2026-01-06,Declined,Utilities,RuPay,Fuel,Zomato,NetBanking,Male
C88981,w101533,15283.47,Vizag,2026-06-24,Declined,Groceries,Visa,Retail,IOCL,NetBanking,Male
C11106,w101534,4102.39,Pune,2026-01-06,Declined,Fuel,MasterCard,Travel,Amazon,Credit,Male
C30710,w101535,7017.85,Vizag,2026-04-05,Declined,Fuel,MasterCard,Retail,Reliance,UPI,Female
C21899,w101536,3319.55,Hyderabad,2026-03-30,Declined,Groceries,Amex,Retail,HPCL,Credit,Male
C61841,w101537,24731.45,Kolkata,2026-03-06,Declined,Utilities,MasterCard,Fuel,Reliance,NetBanking,Male
C58509,w101538,18558.45,Bengaluru,2026-05-26,Approved,Groceries,Visa,Travel,DMart,Credit,Female
C35024,w101539,22391.68,Mumbai,2026-01-23,Declined,Utilities,Visa,Food,IRCTC,NetBanking,Female
C30426,w101540,15834.27,Vizag,2026-05-28,Approved,Shopping,Amex,Travel,Reliance,Credit,Female
C56270,w101541,19711.5,Pune,2026-03-30,Declined,Utilities,MasterCard,Fuel,Zomato,NetBanking,Male
C42500,w101542,21292.9,Vizag,2026-01-18,Approved,Dining,MasterCard,Utilities,Amazon,NetBanking,Female
C74579,w101543,980.82,Pune,2026-01-12,Approved,Shopping,MasterCard,Retail,Zomato,UPI,Female
C42249,w101544,19496.25,Delhi,2026-04-16,Declined,Fuel,Amex,Fuel,IOCL,Credit,Female
C84157,w101545,24472.67,Delhi,2026-02-23,Approved,Travel,RuPay,E-commerce,Zomato,Credit,Female
C79665,w101546,13951.14,Hyderabad,2026-06-05,Declined,Fuel,Amex,Travel,DMart,NetBanking,Female
C53473,w101547,17595.35,Mumbai,2026-05-31,Approved,Groceries,Visa,Food,Swiggy,NetBanking,Male
C26847,w101548,21392.99,Hyderabad,2026-05-31,Approved,Shopping,Visa,E-commerce,Swiggy,NetBanking,Male
C97043,w101549,12716.73,Bengaluru,2026-02-18,Approved,Groceries,Amex,Fuel,HPCL,NetBanking,Female
C18311,w101550,23831.08,Pune,2026-01-30,Declined,Fuel,Visa,Fuel,Swiggy,NetBanking,Female
C10165,w101551,20005.22,Vizag,2026-06-21,Declined,Groceries,MasterCard,Retail,DMart,NetBanking,Female
C30204,w101552,9186.79,Bengaluru,2026-01-31,Declined,Dining,MasterCard,Utilities,HPCL,UPI,Male
C82864,w101553,1624.78,Vizag,2026-02-17,Approved,Dining,Visa,Utilities,Swiggy,NetBanking,Female
C71022,w101554,11192.34,Mumbai,2026-04-21,Approved,Utilities,Visa,E-commerce,Zomato,Credit,Female
C90146,w101555,17611.69,Kolkata,2026-03-07,Approved,Dining,RuPay,Utilities,Swiggy,Credit,Female
C82589,w101556,19999.31,Bengaluru,2026-02-16,Declined,Shopping,RuPay,Utilities,Amazon,UPI,Female
C34010,w101557,16796.28,Hyderabad,2026-06-08,Approved,Shopping,Visa,E-commerce,Amazon,UPI,Female
C73260,w101558,13230.49,Delhi,2026-02-03,Declined,Shopping,MasterCard,Fuel,Swiggy,NetBanking,Male
C54393,w101559,1125.92,Delhi,2026-04-30,Declined,Travel,RuPay,E-commerce,Swiggy,UPI,Male
C20390,w101560,8015.64,Mumbai,2026-01-03,Declined,Groceries,Amex,Travel,HPCL,NetBanking,Male
C35619,w101561,1425.44,Vizag,2026-06-07,Declined,Dining,MasterCard,Food,Swiggy,Credit,Male
C45105,w101562,6224.55,Delhi,2026-03-03,Approved,Utilities,RuPay,Food,IRCTC,UPI,Female
C24680,w101563,10538.11,Mumbai,2026-03-20,Declined,Travel,Amex,Food,HPCL,UPI,Female
C96205,w101564,7625.42,Mumbai,2026-01-02,Declined,Groceries,MasterCard,Food,Amazon,UPI,Female
C67151,w101565,11668.21,Hyderabad,2026-06-22,Declined,Shopping,MasterCard,Travel,Reliance,UPI,Female
C47873,w101566,20685.63,Kolkata,2026-06-03,Approved,Utilities,Visa,Utilities,IRCTC,UPI,Female
C87231,w101567,13445.39,Hyderabad,2026-01-25,Declined,Travel,Amex,E-commerce,IOCL,UPI,Female
C95131,w101568,16905.67,Kolkata,2026-02-19,Declined,Fuel,MasterCard,Travel,Amazon,UPI,Female
C52755,w101569,19035.48,Delhi,2026-06-21,Approved,Fuel,Amex,Travel,HPCL,NetBanking,Female
C94442,w101570,18450.81,Pune,2026-01-25,Approved,Dining,Visa,Retail,IRCTC,NetBanking,Female
C97361,w101571,1371.51,Pune,2026-02-01,Declined,Shopping,RuPay,Utilities,HPCL,UPI,Female
C13158,w101572,18328.03,Bengaluru,2026-05-21,Approved,Utilities,MasterCard,Retail,Amazon,UPI,Male
C16344,w101573,6176.39,Mumbai,2026-02-16,Declined,Utilities,RuPay,Retail,HPCL,Credit,Female
C91093,w101574,18912.01,Chennai,2026-01-02,Approved,Travel,Visa,Retail,DMart,NetBanking,Female
C69467,w101575,20976.92,Chennai,2026-03-28,Declined,Fuel,RuPay,Utilities,Swiggy,UPI,Female
C70803,w101576,5178.2,Hyderabad,2026-04-10,Declined,Shopping,MasterCard,E-commerce,DMart,NetBanking,Male
C79929,w101577,11120.46,Chennai,2026-04-18,Declined,Shopping,Amex,E-commerce,Zomato,Credit,Male
C49918,w101578,10484.98,Delhi,2026-06-28,Approved,Fuel,RuPay,Fuel,Swiggy,Credit,Male
C85450,w101579,13745.41,Hyderabad,2026-04-27,Approved,Fuel,MasterCard,Fuel,Reliance,Credit,Male
C66306,w101580,11415.8,Chennai,2026-05-20,Declined,Shopping,Visa,E-commerce,HPCL,Credit,Male
C70546,w101581,24328.03,Bengaluru,2026-05-21,Approved,Travel,Visa,Utilities,IOCL,NetBanking,Female
C15697,w101582,18247.69,Kolkata,2026-06-04,Declined,Travel,RuPay,Food,IOCL,Credit,Female
C95064,w101583,3848.18,Chennai,2026-05-18,Approved,Groceries,Amex,E-commerce,IOCL,NetBanking,Male
C26672,w101584,18868.7,Vizag,2026-01-31,Declined,Travel,RuPay,E-commerce,HPCL,UPI,Female
C16691,w101585,6176.96,Kolkata,2026-03-27,Approved,Travel,RuPay,Food,Amazon,UPI,Female
C48364,w101586,20281.42,Pune,2026-01-10,Approved,Fuel,RuPay,Fuel,DMart,UPI,Female
C12942,w101587,11574.76,Vizag,2026-05-14,Approved,Groceries,Visa,Food,DMart,UPI,Female
C50825,w101588,8737.39,Vizag,2026-06-29,Approved,Fuel,Visa,Fuel,IRCTC,Credit,Male
C55827,w101589,2204.54,Chennai,2026-06-12,Approved,Fuel,Visa,Travel,Amazon,Credit,Female
C29010,w101590,16143.78,Hyderabad,2026-06-17,Approved,Groceries,Visa,Retail,Swiggy,NetBanking,Male
C12015,w101591,9765.51,Pune,2026-02-01,Declined,Dining,MasterCard,Travel,Reliance,UPI,Female
C26481,w101592,19779.41,Hyderabad,2026-03-19,Approved,Travel,Visa,Utilities,Reliance,NetBanking,Male
C44068,w101593,3296.4,Hyderabad,2026-01-22,Approved,Travel,MasterCard,Fuel,Zomato,Credit,Female
C15380,w101594,5449.61,Mumbai,2026-06-22,Approved,Shopping,Visa,Retail,HPCL,UPI,Female
C68009,w101595,3462.87,Delhi,2026-03-25,Declined,Utilities,Amex,Utilities,IRCTC,UPI,Female
C32148,w101596,332.64,Bengaluru,2026-02-02,Approved,Fuel,Visa,Fuel,Swiggy,UPI,Male
C28130,w101597,13709.75,Kolkata,2026-02-26,Declined,Groceries,Amex,Food,Zomato,Credit,Male
C44655,w101598,5825.92,Hyderabad,2026-05-01,Approved,Dining,RuPay,Utilities,IOCL,NetBanking,Female
C64795,w101599,22545.06,Kolkata,2026-06-28,Declined,Utilities,Amex,Fuel,Swiggy,NetBanking,Female
C27911,w101600,22920.73,Pune,2026-03-03,Declined,Shopping,MasterCard,Utilities,DMart,UPI,Female
C98332,w101601,20940.97,Bengaluru,2026-03-16,Approved,Travel,RuPay,E-commerce,Reliance,UPI,Male
C76696,w101602,3331.09,Kolkata,2026-01-28,Declined,Groceries,Visa,Utilities,Swiggy,NetBanking,Male
C92292,w101603,24563.26,Pune,2026-01-23,Approved,Travel,MasterCard,Retail,Reliance,UPI,Male
C33157,w101604,10273.67,Vizag,2026-02-28,Approved,Shopping,Amex,Travel,Zomato,Credit,Male
C48970,w101605,5601.74,Bengaluru,2026-04-25,Approved,Dining,Amex,E-commerce,Swiggy,UPI,Male
C42882,w101606,12878.9,Delhi,2026-04-10,Approved,Fuel,Visa,Utilities,HPCL,Credit,Female
C55828,w101607,16117.68,Hyderabad,2026-05-22,Declined,Utilities,Visa,Travel,Amazon,Credit,Male
C49127,w101608,11080.88,Mumbai,2026-03-16,Declined,Shopping,MasterCard,Travel,Zomato,Credit,Female
C93331,w101609,7545.29,Hyderabad,2026-03-14,Approved,Groceries,Amex,Fuel,Reliance,NetBanking,Female
C67251,w101610,24740.87,Kolkata,2026-04-02,Approved,Travel,MasterCard,Travel,Reliance,Credit,Female
C68571,w101611,17050.38,Vizag,2026-05-05,Declined,Groceries,Amex,Fuel,Zomato,UPI,Male
C85823,w101612,9856.78,Bengaluru,2026-03-22,Declined,Dining,MasterCard,E-commerce,Swiggy,UPI,Female
C52219,w101613,3199.89,Chennai,2026-02-24,Approved,Fuel,Visa,Food,IRCTC,NetBanking,Male
C67747,w101614,3461.17,Mumbai,2026-06-07,Declined,Fuel,MasterCard,Travel,DMart,UPI,Female
C84654,w101615,19255.57,Kolkata,2026-02-15,Approved,Utilities,MasterCard,Utilities,IOCL,Credit,Female
C93340,w101616,12540.89,Kolkata,2026-02-08,Declined,Groceries,Amex,Fuel,Amazon,NetBanking,Female
C10731,w101617,1556.36,Mumbai,2026-05-05,Declined,Travel,MasterCard,Retail,DMart,NetBanking,Female
C46093,w101618,610.16,Hyderabad,2026-02-02,Approved,Dining,RuPay,Utilities,IOCL,Credit,Female
C65860,w101619,22778.33,Mumbai,2026-01-19,Approved,Travel,RuPay,Retail,Zomato,NetBanking,Male
C76103,w101620,8241.73,Pune,2026-01-25,Declined,Utilities,Amex,Utilities,Reliance,NetBanking,Female
C33696,w101621,12018.29,Chennai,2026-01-18,Approved,Utilities,Visa,Fuel,Swiggy,Credit,Female
C90700,w101622,21692.48,Hyderabad,2026-06-05,Approved,Groceries,Amex,Food,IOCL,UPI,Male
C95187,w101623,15887.14,Vizag,2026-05-22,Approved,Fuel,Visa,Travel,IRCTC,NetBanking,Male
C62791,w101624,13462.8,Hyderabad,2026-06-08,Declined,Dining,MasterCard,Utilities,Amazon,NetBanking,Female
C12847,w101625,14804.81,Mumbai,2026-01-19,Approved,Shopping,Visa,E-commerce,HPCL,NetBanking,Male
C75014,w101626,11514.94,Kolkata,2026-01-08,Approved,Shopping,Amex,Fuel,IOCL,NetBanking,Female
C91807,w101627,16163.91,Pune,2026-06-24,Declined,Dining,MasterCard,E-commerce,IRCTC,NetBanking,Female
C93324,w101628,10976.75,Pune,2026-04-28,Approved,Dining,Amex,Travel,HPCL,NetBanking,Female
C10034,w101629,13475.1,Vizag,2026-01-04,Approved,Utilities,MasterCard,Fuel,DMart,Credit,Male
C66379,w101630,3420.7,Mumbai,2026-01-06,Declined,Groceries,RuPay,Utilities,Amazon,NetBanking,Female
C81412,w101631,14081.03,Kolkata,2026-02-22,Approved,Groceries,Visa,Utilities,Amazon,UPI,Male
C64787,w101632,7286.32,Vizag,2026-05-12,Approved,Shopping,Visa,Fuel,IRCTC,NetBanking,Female
C21145,w101633,9691.12,Hyderabad,2026-01-26,Declined,Travel,RuPay,Travel,IRCTC,UPI,Male
C73538,w101634,3074.66,Pune,2026-04-01,Approved,Dining,Visa,Travel,Reliance,NetBanking,Male
C23277,w101635,12036.66,Pune,2026-02-18,Approved,Utilities,RuPay,Food,Swiggy,Credit,Male
C17922,w101636,15139.83,Bengaluru,2026-05-20,Declined,Shopping,MasterCard,Fuel,HPCL,UPI,Male
C78990,w101637,22138.24,Chennai,2026-02-23,Declined,Shopping,RuPay,Retail,Amazon,UPI,Male
C27843,w101638,20815.83,Bengaluru,2026-03-10,Declined,Fuel,MasterCard,E-commerce,IRCTC,NetBanking,Female
C78807,w101639,3270.16,Mumbai,2026-04-30,Approved,Dining,Visa,Food,Zomato,NetBanking,Male
C77554,w101640,14910.12,Hyderabad,2026-05-27,Approved,Shopping,MasterCard,Utilities,Swiggy,Credit,Female
C59442,w101641,15838.74,Bengaluru,2026-04-02,Approved,Utilities,Visa,Travel,Zomato,UPI,Male
C98164,w101642,14961.91,Chennai,2026-02-12,Approved,Dining,Visa,Travel,Reliance,UPI,Female
C60191,w101643,4188.21,Kolkata,2026-02-09,Declined,Shopping,Amex,Retail,Reliance,NetBanking,Male
C65624,w101644,11677.2,Hyderabad,2026-01-27,Declined,Shopping,MasterCard,Utilities,IRCTC,Credit,Female
C82287,w101645,20476.66,Pune,2026-06-06,Declined,Groceries,Visa,Travel,Swiggy,NetBanking,Female
C40512,w101646,5925.53,Bengaluru,2026-04-01,Approved,Utilities,Amex,Food,IRCTC,NetBanking,Male
C86070,w101647,23404.12,Pune,2026-06-29,Approved,Groceries,RuPay,Utilities,IRCTC,UPI,Female
C32189,w101648,9770.38,Hyderabad,2026-05-22,Approved,Shopping,MasterCard,Travel,IOCL,NetBanking,Male
C54253,w101649,24070.67,Delhi,2026-01-01,Declined,Utilities,MasterCard,Food,Amazon,Credit,Female
C41115,w101650,23630.34,Bengaluru,2026-05-09,Declined,Shopping,RuPay,Fuel,HPCL,UPI,Female
C52004,w101651,5771.93,Bengaluru,2026-02-22,Declined,Travel,MasterCard,Travel,Zomato,UPI,Female
C83128,w101652,24559.94,Vizag,2026-03-09,Declined,Groceries,Amex,Travel,HPCL,Credit,Male
C36040,w101653,6180.34,Kolkata,2026-05-14,Approved,Travel,Visa,Travel,IOCL,NetBanking,Male
C22441,w101654,24434.16,Delhi,2026-01-30,Approved,Shopping,MasterCard,Travel,Zomato,Credit,Female
C16094,w101655,19174.8,Hyderabad,2026-01-31,Approved,Travel,Amex,Retail,DMart,Credit,Female
C11027,w101656,9923.9,Pune,2026-03-01,Approved,Dining,Amex,E-commerce,HPCL,UPI,Male
C70997,w101657,2369.35,Delhi,2026-02-18,Approved,Shopping,Amex,Food,HPCL,Credit,Male
C72986,w101658,19097.87,Mumbai,2026-03-09,Declined,Utilities,Visa,Fuel,Reliance,NetBanking,Female
C37327,w101659,11652.67,Mumbai,2026-03-01,Approved,Fuel,MasterCard,Retail,Amazon,UPI,Female
C86615,w101660,22561.47,Kolkata,2026-02-27,Declined,Travel,Amex,Fuel,DMart,Credit,Male
C59155,w101661,823.74,Hyderabad,2026-06-11,Approved,Fuel,Amex,Retail,Zomato,NetBanking,Female
C43490,w101662,10074.87,Chennai,2026-01-28,Approved,Travel,Visa,Travel,Swiggy,NetBanking,Female
C91508,w101663,24910.7,Mumbai,2026-02-14,Approved,Fuel,MasterCard,Fuel,Zomato,Credit,Male
C80124,w101664,13872.05,Vizag,2026-06-21,Declined,Shopping,MasterCard,Utilities,Amazon,Credit,Male
C81118,w101665,9640.68,Kolkata,2026-04-01,Declined,Travel,RuPay,E-commerce,Swiggy,UPI,Female
C31266,w101666,13981.69,Vizag,2026-02-28,Approved,Dining,Visa,Fuel,DMart,Credit,Female
C10498,w101667,24430.52,Mumbai,2026-02-23,Approved,Utilities,RuPay,Retail,IOCL,Credit,Female
C34558,w101668,2759.59,Kolkata,2026-06-07,Approved,Dining,RuPay,Travel,HPCL,NetBanking,Male
C53015,w101669,3125.89,Mumbai,2026-01-14,Declined,Utilities,RuPay,Retail,DMart,UPI,Female
C45861,w101670,5905.75,Chennai,2026-02-17,Declined,Dining,Visa,Retail,Swiggy,NetBanking,Male
C79267,w101671,22408.55,Hyderabad,2026-06-25,Declined,Utilities,MasterCard,Travel,IRCTC,UPI,Female
C92391,w101672,6417.07,Vizag,2026-01-31,Approved,Shopping,Amex,Utilities,Reliance,Credit,Female
C20141,w101673,12239.74,Vizag,2026-03-28,Declined,Shopping,Amex,Travel,Zomato,UPI,Female
C13413,w101674,4938.66,Hyderabad,2026-04-08,Declined,Shopping,Visa,Fuel,DMart,Credit,Male
C18862,w101675,20679.37,Chennai,2026-01-12,Declined,Groceries,RuPay,Food,Reliance,UPI,Male
C55512,w101676,17895.4,Delhi,2026-01-16,Approved,Shopping,Amex,Fuel,Reliance,UPI,Male
C25111,w101677,7846.97,Kolkata,2026-04-06,Approved,Travel,Amex,Utilities,Zomato,NetBanking,Male
C30125,w101678,14609.02,Vizag,2026-01-01,Approved,Dining,MasterCard,Food,Reliance,Credit,Female
C78326,w101679,22186.43,Delhi,2026-05-09,Declined,Fuel,Amex,Fuel,IOCL,Credit,Female
C55031,w101680,6608.86,Kolkata,2026-01-18,Approved,Shopping,Visa,Food,IOCL,Credit,Female
C77518,w101681,1648.79,Chennai,2026-05-12,Approved,Groceries,MasterCard,Food,IRCTC,UPI,Male
C58937,w101682,4364.3,Hyderabad,2026-02-21,Declined,Shopping,MasterCard,Utilities,IRCTC,UPI,Female
C66375,w101683,617.76,Chennai,2026-06-04,Declined,Dining,MasterCard,Utilities,HPCL,Credit,Male
C85658,w101684,4303.11,Hyderabad,2026-04-19,Declined,Fuel,Amex,Travel,IOCL,NetBanking,Male
C71313,w101685,2343.22,Delhi,2026-01-23,Approved,Travel,Visa,Utilities,IRCTC,UPI,Male
C21514,w101686,15677.48,Mumbai,2026-02-03,Approved,Utilities,MasterCard,Travel,DMart,Credit,Male
C46391,w101687,24716.1,Hyderabad,2026-05-10,Declined,Fuel,MasterCard,Food,Swiggy,NetBanking,Female
C29453,w101688,18260.36,Chennai,2026-05-05,Declined,Fuel,Amex,Retail,DMart,UPI,Female
C70342,w101689,8749.0,Delhi,2026-01-27,Approved,Dining,RuPay,Food,IRCTC,UPI,Male
C27408,w101690,17552.12,Mumbai,2026-05-29,Declined,Groceries,MasterCard,Retail,Swiggy,UPI,Female
C89372,w101691,2508.15,Delhi,2026-06-05,Declined,Fuel,Visa,Travel,Amazon,NetBanking,Female
C95243,w101692,6792.78,Chennai,2026-01-28,Approved,Groceries,MasterCard,E-commerce,HPCL,Credit,Male
C75150,w101693,9958.23,Hyderabad,2026-03-14,Approved,Fuel,Visa,Fuel,DMart,UPI,Male
C92782,w101694,1072.97,Hyderabad,2026-04-23,Declined,Fuel,RuPay,Travel,DMart,UPI,Male
C80024,w101695,22973.64,Bengaluru,2026-03-27,Declined,Groceries,MasterCard,Food,Amazon,UPI,Male
C16215,w101696,19860.61,Hyderabad,2026-05-17,Declined,Fuel,Visa,Food,Zomato,NetBanking,Male
C79654,w101697,815.63,Chennai,2026-06-08,Approved,Groceries,RuPay,Fuel,IOCL,UPI,Male
C43959,w101698,21732.63,Kolkata,2026-05-18,Approved,Groceries,Visa,Travel,Amazon,UPI,Male
C83489,w101699,21380.51,Delhi,2026-01-29,Approved,Utilities,RuPay,Travel,Swiggy,UPI,Male
C96273,w101700,12825.66,Vizag,2026-05-09,Declined,Fuel,RuPay,Retail,Swiggy,Credit,Female
C41522,w101701,15601.66,Bengaluru,2026-04-13,Declined,Groceries,RuPay,Fuel,IOCL,Credit,Female
C81750,w101702,18974.34,Chennai,2026-01-04,Approved,Fuel,MasterCard,E-commerce,HPCL,UPI,Female
C69526,w101703,23711.86,Bengaluru,2026-04-15,Declined,Shopping,Visa,Fuel,IRCTC,NetBanking,Male
C36960,w101704,391.61,Bengaluru,2026-06-20,Declined,Shopping,MasterCard,Retail,IRCTC,Credit,Female
C84007,w101705,1188.9,Hyderabad,2026-03-03,Declined,Groceries,RuPay,Fuel,Zomato,NetBanking,Female
C91840,w101706,22140.39,Mumbai,2026-01-02,Declined,Fuel,Visa,Retail,DMart,Credit,Female
C33615,w101707,12031.93,Vizag,2026-04-11,Approved,Travel,Visa,Utilities,Swiggy,Credit,Female
C79462,w101708,7207.98,Pune,2026-05-06,Approved,Shopping,MasterCard,Retail,IRCTC,UPI,Male
C55305,w101709,22029.32,Mumbai,2026-05-01,Declined,Dining,Visa,Utilities,Zomato,Credit,Male
C90791,w101710,14379.09,Vizag,2026-04-13,Declined,Fuel,Visa,Fuel,IOCL,UPI,Female
C76950,w101711,5806.32,Kolkata,2026-05-08,Approved,Groceries,MasterCard,Retail,HPCL,UPI,Female
C19911,w101712,7395.18,Bengaluru,2026-02-22,Approved,Groceries,MasterCard,Food,Reliance,NetBanking,Male
C82736,w101713,2861.06,Mumbai,2026-05-10,Approved,Utilities,MasterCard,Fuel,Reliance,Credit,Female
C56982,w101714,24676.79,Mumbai,2026-02-08,Approved,Shopping,Amex,Fuel,Amazon,NetBanking,Male
C93817,w101715,16510.29,Vizag,2026-06-06,Approved,Groceries,Visa,Travel,Zomato,NetBanking,Female
C21815,w101716,18980.35,Kolkata,2026-01-19,Approved,Fuel,MasterCard,Travel,Amazon,UPI,Female
C50133,w101717,7627.08,Mumbai,2026-03-05,Declined,Shopping,Amex,Retail,DMart,Credit,Male
C89397,w101718,20104.37,Delhi,2026-03-25,Declined,Dining,Visa,Fuel,Swiggy,Credit,Female
C41860,w101719,9841.94,Delhi,2026-02-24,Approved,Groceries,Amex,Travel,Amazon,Credit,Female
C68689,w101720,1577.52,Mumbai,2026-05-03,Approved,Travel,Amex,Retail,IRCTC,NetBanking,Female
C98440,w101721,9837.28,Mumbai,2026-05-23,Approved,Fuel,Visa,Fuel,Reliance,NetBanking,Male
C50441,w101722,15525.62,Bengaluru,2026-05-24,Declined,Groceries,Visa,Travel,Zomato,UPI,Female
C43081,w101723,24391.91,Delhi,2026-03-27,Approved,Shopping,MasterCard,E-commerce,Swiggy,NetBanking,Male
C62519,w101724,19499.13,Hyderabad,2026-03-24,Declined,Travel,Visa,Travel,IRCTC,NetBanking,Male
C19059,w101725,24586.18,Chennai,2026-05-12,Approved,Dining,Visa,Food,HPCL,UPI,Female
C78833,w101726,23038.84,Chennai,2026-06-15,Approved,Shopping,Amex,Utilities,IOCL,NetBanking,Male
C24799,w101727,13058.86,Delhi,2026-02-02,Declined,Groceries,Amex,Retail,IRCTC,Credit,Female
C43363,w101728,8875.48,Bengaluru,2026-02-15,Declined,Groceries,RuPay,Travel,IRCTC,Credit,Female
C28097,w101729,12263.29,Delhi,2026-06-03,Declined,Shopping,MasterCard,Utilities,Zomato,UPI,Male
C59972,w101730,18243.63,Chennai,2026-03-06,Approved,Travel,Visa,Food,Reliance,UPI,Female
C50599,w101731,1374.7,Chennai,2026-01-26,Declined,Shopping,RuPay,Retail,Swiggy,Credit,Female
C30821,w101732,23302.65,Kolkata,2026-03-24,Declined,Shopping,RuPay,E-commerce,Amazon,NetBanking,Female
C15298,w101733,10960.99,Chennai,2026-05-08,Approved,Groceries,MasterCard,E-commerce,Swiggy,NetBanking,Female
C65490,w101734,23078.97,Mumbai,2026-03-21,Approved,Travel,RuPay,Travel,Reliance,NetBanking,Male
C53240,w101735,19020.93,Pune,2026-02-28,Approved,Dining,Amex,Travel,IOCL,Credit,Male
C49067,w101736,16304.37,Delhi,2026-02-15,Declined,Travel,Visa,Retail,Zomato,UPI,Male
C87352,w101737,6382.88,Chennai,2026-01-04,Approved,Travel,Amex,Fuel,Reliance,NetBanking,Female
C93753,w101738,16508.34,Bengaluru,2026-05-18,Approved,Utilities,Amex,Retail,Reliance,NetBanking,Male
C92440,w101739,18966.49,Bengaluru,2026-03-18,Declined,Shopping,Amex,Travel,HPCL,Credit,Male
C54984,w101740,7876.26,Hyderabad,2026-05-06,Declined,Fuel,MasterCard,Travel,IOCL,NetBanking,Male
C37765,w101741,5061.3,Kolkata,2026-01-30,Approved,Groceries,MasterCard,Food,Reliance,UPI,Female
C77091,w101742,12968.62,Chennai,2026-05-03,Approved,Travel,Amex,Food,IOCL,NetBanking,Female
C13399,w101743,4588.66,Pune,2026-04-03,Declined,Dining,Amex,Fuel,Amazon,Credit,Female
C88817,w101744,21769.79,Mumbai,2026-05-10,Approved,Travel,RuPay,Retail,Amazon,NetBanking,Male
C59590,w101745,12632.88,Kolkata,2026-03-27,Declined,Travel,MasterCard,E-commerce,Zomato,UPI,Male
C13521,w101746,15777.53,Mumbai,2026-02-10,Declined,Utilities,Visa,Food,Amazon,Credit,Female
C14729,w101747,10867.01,Bengaluru,2026-03-11,Approved,Utilities,MasterCard,Retail,Reliance,UPI,Male
C52732,w101748,4949.74,Mumbai,2026-03-25,Declined,Utilities,MasterCard,Travel,Amazon,NetBanking,Male
C21805,w101749,763.6,Delhi,2026-06-05,Declined,Fuel,Amex,Retail,Reliance,UPI,Male
C83838,w101750,9322.69,Mumbai,2026-03-01,Declined,Shopping,Visa,Utilities,Reliance,UPI,Male
C15983,w101751,8029.18,Chennai,2026-05-10,Approved,Utilities,Visa,Retail,Swiggy,NetBanking,Male
C71661,w101752,12452.49,Pune,2026-05-22,Declined,Travel,Amex,Utilities,Amazon,UPI,Male
C88852,w101753,15464.44,Vizag,2026-01-04,Declined,Shopping,MasterCard,Utilities,Zomato,UPI,Female
C49972,w101754,24166.07,Pune,2026-05-18,Approved,Fuel,Visa,Retail,HPCL,NetBanking,Male
C22379,w101755,23245.55,Chennai,2026-04-04,Declined,Shopping,Visa,Travel,Reliance,NetBanking,Male
C84168,w101756,3570.06,Bengaluru,2026-01-16,Declined,Travel,MasterCard,Utilities,Amazon,UPI,Female
C49790,w101757,19693.28,Hyderabad,2026-06-09,Declined,Dining,MasterCard,Travel,IOCL,UPI,Male
C77740,w101758,14674.51,Pune,2026-01-14,Declined,Dining,Amex,Travel,DMart,UPI,Male
C61963,w101759,3212.43,Vizag,2026-01-15,Approved,Dining,RuPay,Utilities,DMart,Credit,Female
C12323,w101760,11430.35,Delhi,2026-02-10,Declined,Groceries,RuPay,Food,DMart,Credit,Female
C82361,w101761,973.26,Pune,2026-03-18,Declined,Travel,MasterCard,Travel,IRCTC,Credit,Male
C77231,w101762,13496.7,Pune,2026-02-10,Approved,Fuel,MasterCard,Travel,Reliance,Credit,Female
C74257,w101763,14101.78,Mumbai,2026-02-15,Approved,Shopping,RuPay,Utilities,DMart,Credit,Male
C27665,w101764,11361.37,Hyderabad,2026-04-29,Declined,Travel,Amex,Travel,Zomato,Credit,Female
C46473,w101765,13065.93,Delhi,2026-04-22,Approved,Groceries,Visa,Travel,IRCTC,UPI,Female
C21248,w101766,11041.67,Hyderabad,2026-06-17,Approved,Fuel,RuPay,Utilities,Amazon,Credit,Male
C54571,w101767,22467.96,Bengaluru,2026-02-16,Approved,Fuel,Visa,Utilities,Reliance,UPI,Female
C31175,w101768,15053.45,Vizag,2026-01-21,Declined,Utilities,MasterCard,Retail,Zomato,UPI,Male
C84867,w101769,24588.34,Chennai,2026-01-07,Approved,Shopping,Amex,Fuel,Amazon,UPI,Female
C90852,w101770,15921.54,Vizag,2026-04-03,Approved,Utilities,Visa,Retail,Amazon,NetBanking,Female
C66315,w101771,6828.1,Bengaluru,2026-05-30,Declined,Groceries,Amex,E-commerce,HPCL,Credit,Male
C47086,w101772,23792.14,Chennai,2026-06-07,Approved,Fuel,Visa,Travel,Zomato,NetBanking,Male
C31051,w101773,4212.99,Vizag,2026-02-28,Approved,Utilities,MasterCard,Retail,Reliance,UPI,Female
C49217,w101774,4975.32,Kolkata,2026-04-15,Declined,Groceries,Amex,E-commerce,DMart,NetBanking,Female
C90281,w101775,23802.03,Bengaluru,2026-06-03,Declined,Utilities,Visa,Fuel,HPCL,Credit,Female
C54837,w101776,5052.25,Mumbai,2026-01-25,Approved,Shopping,Amex,Retail,Swiggy,Credit,Male
C91988,w101777,368.15,Hyderabad,2026-02-18,Approved,Travel,MasterCard,Retail,IOCL,NetBanking,Female
C87460,w101778,8242.13,Delhi,2026-01-12,Approved,Utilities,Visa,Retail,Swiggy,UPI,Male
C48972,w101779,20678.37,Kolkata,2026-01-14,Approved,Shopping,Amex,E-commerce,HPCL,UPI,Female
C48892,w101780,20145.29,Kolkata,2026-05-25,Declined,Travel,MasterCard,Utilities,Reliance,Credit,Male
C31704,w101781,4213.5,Kolkata,2026-03-17,Declined,Groceries,MasterCard,Fuel,HPCL,UPI,Male
C42992,w101782,12933.88,Kolkata,2026-04-20,Declined,Shopping,Amex,Food,Amazon,Credit,Female
C48675,w101783,21818.82,Pune,2026-06-27,Declined,Travel,Amex,Utilities,IOCL,NetBanking,Female
C42568,w101784,18429.39,Pune,2026-06-23,Declined,Utilities,RuPay,Fuel,IOCL,Credit,Female
C70076,w101785,22096.89,Mumbai,2026-04-27,Approved,Dining,Amex,E-commerce,IOCL,Credit,Female
C29879,w101786,620.65,Kolkata,2026-03-17,Declined,Dining,Amex,Utilities,DMart,UPI,Male
C79304,w101787,2183.93,Mumbai,2026-06-09,Approved,Groceries,RuPay,Travel,HPCL,NetBanking,Female
C89856,w101788,14233.74,Mumbai,2026-06-26,Approved,Travel,MasterCard,E-commerce,Zomato,Credit,Female
C35332,w101789,4458.99,Vizag,2026-03-25,Declined,Shopping,Amex,E-commerce,Zomato,NetBanking,Female
C42752,w101790,4382.52,Hyderabad,2026-05-18,Approved,Dining,Visa,Fuel,Zomato,NetBanking,Female
C41976,w101791,14859.23,Mumbai,2026-06-01,Approved,Fuel,Amex,Utilities,IRCTC,UPI,Male
C90631,w101792,15432.61,Hyderabad,2026-06-25,Approved,Groceries,Amex,Fuel,Swiggy,Credit,Female
C14557,w101793,5547.28,Pune,2026-04-13,Declined,Shopping,Amex,Travel,IOCL,NetBanking,Female
C87409,w101794,6358.64,Bengaluru,2026-01-13,Approved,Travel,MasterCard,Travel,IRCTC,UPI,Female
C30519,w101795,21705.41,Chennai,2026-04-25,Declined,Utilities,Amex,Utilities,Swiggy,NetBanking,Female
C55934,w101796,19588.25,Mumbai,2026-05-06,Approved,Groceries,MasterCard,Utilities,Zomato,UPI,Female
C86596,w101797,6309.22,Mumbai,2026-06-26,Declined,Groceries,MasterCard,Retail,Zomato,UPI,Female
C98915,w101798,19995.12,Kolkata,2026-03-27,Approved,Utilities,Visa,Fuel,HPCL,Credit,Male
C25198,w101799,12175.84,Vizag,2026-02-17,Approved,Travel,MasterCard,Fuel,IOCL,UPI,Female
C35919,w101800,24601.24,Pune,2026-05-20,Declined,Utilities,Visa,Food,Reliance,Credit,Male
C35267,w101801,22139.25,Pune,2026-03-30,Approved,Dining,Visa,E-commerce,IRCTC,Credit,Female
C44222,w101802,16113.12,Kolkata,2026-06-10,Declined,Shopping,RuPay,Food,DMart,Credit,Female
C25549,w101803,1690.95,Bengaluru,2026-05-28,Approved,Utilities,RuPay,Fuel,Reliance,NetBanking,Female
C39743,w101804,14612.95,Bengaluru,2026-04-15,Declined,Travel,MasterCard,Fuel,Swiggy,NetBanking,Male
C28962,w101805,15165.46,Bengaluru,2026-02-11,Approved,Utilities,Visa,Retail,DMart,NetBanking,Female
C39311,w101806,12069.03,Bengaluru,2026-02-24,Declined,Groceries,MasterCard,Travel,Swiggy,UPI,Female
C91409,w101807,17573.33,Vizag,2026-06-13,Declined,Dining,Visa,Utilities,HPCL,UPI,Male
C60912,w101808,2704.12,Chennai,2026-06-05,Declined,Dining,MasterCard,Utilities,IRCTC,Credit,Female
C58121,w101809,16357.79,Mumbai,2026-02-23,Approved,Travel,Visa,Retail,IOCL,UPI,Female
C15280,w101810,4590.34,Vizag,2026-02-26,Declined,Travel,Amex,Food,Zomato,NetBanking,Female
C91678,w101811,16014.88,Mumbai,2026-04-28,Approved,Dining,Visa,Food,Zomato,NetBanking,Female
C99558,w101812,18764.17,Vizag,2026-01-30,Declined,Fuel,RuPay,Fuel,Reliance,NetBanking,Female
C19018,w101813,11567.02,Vizag,2026-03-31,Approved,Dining,Amex,Travel,Zomato,UPI,Female
C53281,w101814,14894.89,Pune,2026-01-14,Approved,Utilities,MasterCard,Fuel,Amazon,Credit,Female
C38813,w101815,23663.71,Hyderabad,2026-02-02,Declined,Shopping,MasterCard,Food,Amazon,NetBanking,Female
C53293,w101816,18733.23,Vizag,2026-01-22,Approved,Shopping,Amex,Retail,IRCTC,NetBanking,Female
C93152,w101817,19907.56,Bengaluru,2026-03-07,Approved,Shopping,MasterCard,Retail,Reliance,UPI,Female
C85015,w101818,6823.46,Chennai,2026-03-13,Approved,Travel,Visa,E-commerce,IRCTC,Credit,Female
C70429,w101819,20886.31,Chennai,2026-04-02,Declined,Fuel,MasterCard,Travel,DMart,UPI,Male
C39651,w101820,16097.64,Mumbai,2026-01-20,Approved,Dining,Visa,Utilities,IOCL,NetBanking,Female
C49662,w101821,20221.18,Delhi,2026-06-04,Approved,Travel,Amex,Travel,Amazon,NetBanking,Male
C72538,w101822,8536.87,Pune,2026-05-24,Approved,Dining,Amex,E-commerce,DMart,UPI,Female
C99484,w101823,17537.74,Kolkata,2026-06-12,Declined,Shopping,Amex,Food,Swiggy,Credit,Male
C29937,w101824,536.64,Kolkata,2026-06-26,Declined,Dining,Visa,Food,HPCL,UPI,Male
C86213,w101825,20293.27,Mumbai,2026-04-17,Approved,Travel,RuPay,Travel,IOCL,NetBanking,Female
C99973,w101826,21097.49,Kolkata,2026-01-29,Approved,Utilities,MasterCard,Fuel,HPCL,NetBanking,Female
C52009,w101827,9612.58,Chennai,2026-04-17,Approved,Dining,Visa,Travel,HPCL,UPI,Female
C38948,w101828,24060.09,Chennai,2026-05-14,Declined,Groceries,Amex,E-commerce,Amazon,NetBanking,Male
C36565,w101829,14231.74,Hyderabad,2026-03-01,Approved,Dining,MasterCard,Fuel,DMart,UPI,Female
C64143,w101830,3082.24,Pune,2026-06-11,Declined,Travel,RuPay,Utilities,HPCL,UPI,Female
C92885,w101831,18157.66,Pune,2026-05-05,Declined,Travel,Visa,Utilities,DMart,Credit,Female
C93069,w101832,1242.07,Hyderabad,2026-03-19,Declined,Shopping,Visa,E-commerce,Zomato,Credit,Male
C54541,w101833,16096.96,Kolkata,2026-06-09,Approved,Travel,MasterCard,Fuel,Amazon,Credit,Male
C51856,w101834,2052.03,Pune,2026-04-21,Approved,Groceries,MasterCard,Food,Swiggy,NetBanking,Male
C76929,w101835,6912.83,Hyderabad,2026-03-31,Declined,Groceries,RuPay,Utilities,DMart,NetBanking,Male
C14467,w101836,5166.89,Delhi,2026-04-30,Declined,Travel,Amex,Utilities,Reliance,NetBanking,Male
C91120,w101837,1259.96,Hyderabad,2026-01-25,Approved,Fuel,RuPay,Food,Reliance,Credit,Female
C10599,w101838,16632.64,Chennai,2026-05-29,Declined,Utilities,Amex,Travel,HPCL,NetBanking,Male
C71915,w101839,2444.92,Vizag,2026-05-15,Approved,Dining,RuPay,Travel,Reliance,UPI,Male
C95237,w101840,16270.71,Delhi,2026-04-14,Declined,Travel,RuPay,Utilities,IRCTC,Credit,Female
C20323,w101841,11184.53,Delhi,2026-06-25,Declined,Utilities,RuPay,E-commerce,IRCTC,NetBanking,Female
C10561,w101842,16014.84,Kolkata,2026-02-09,Approved,Travel,RuPay,E-commerce,HPCL,Credit,Female
C70099,w101843,1565.79,Hyderabad,2026-01-29,Approved,Shopping,MasterCard,Travel,Swiggy,NetBanking,Male
C29089,w101844,16855.87,Chennai,2026-05-30,Approved,Travel,MasterCard,Utilities,Swiggy,UPI,Male
C32886,w101845,20125.92,Delhi,2026-06-11,Declined,Fuel,Visa,E-commerce,IOCL,UPI,Male
C45577,w101846,8599.88,Hyderabad,2026-04-13,Declined,Groceries,RuPay,Fuel,Reliance,UPI,Male
C68819,w101847,9114.23,Pune,2026-01-06,Approved,Travel,MasterCard,Utilities,Zomato,UPI,Female
C37929,w101848,3313.48,Bengaluru,2026-02-05,Approved,Fuel,RuPay,Retail,DMart,Credit,Male
C69366,w101849,22269.83,Chennai,2026-06-11,Approved,Dining,Visa,Fuel,Reliance,Credit,Female
C27807,w101850,5129.49,Chennai,2026-02-24,Approved,Utilities,RuPay,E-commerce,IOCL,NetBanking,Male
C50863,w101851,24782.15,Bengaluru,2026-02-08,Approved,Fuel,Amex,Travel,Amazon,Credit,Male
C24067,w101852,3977.87,Bengaluru,2026-06-11,Declined,Groceries,Amex,E-commerce,Reliance,NetBanking,Female
C18328,w101853,17260.17,Vizag,2026-03-13,Approved,Fuel,MasterCard,Travel,DMart,UPI,Female
C51983,w101854,14805.18,Hyderabad,2026-01-08,Declined,Fuel,MasterCard,Food,Amazon,Credit,Male
C10060,w101855,22439.24,Vizag,2026-06-27,Approved,Dining,RuPay,E-commerce,IOCL,UPI,Female
C13579,w101856,2598.84,Mumbai,2026-03-14,Declined,Shopping,Amex,E-commerce,IRCTC,Credit,Female
C51040,w101857,12729.43,Pune,2026-01-06,Declined,Travel,Amex,E-commerce,IRCTC,NetBanking,Male
C21832,w101858,4041.66,Delhi,2026-01-30,Declined,Shopping,Visa,Travel,Swiggy,UPI,Female
C10631,w101859,16759.04,Vizag,2026-05-11,Declined,Dining,Visa,Utilities,Amazon,NetBanking,Male
C10198,w101860,5634.18,Chennai,2026-06-11,Approved,Shopping,Visa,Fuel,HPCL,Credit,Male
C95935,w101861,10650.67,Hyderabad,2026-03-07,Approved,Dining,MasterCard,Fuel,Reliance,Credit,Female
C77423,w101862,10311.67,Hyderabad,2026-02-17,Approved,Utilities,MasterCard,Fuel,Amazon,Credit,Female
C21398,w101863,10542.82,Chennai,2026-04-19,Approved,Dining,Amex,Utilities,Zomato,Credit,Male
C84528,w101864,6374.79,Pune,2026-02-20,Declined,Utilities,Amex,Utilities,IOCL,UPI,Male
C41797,w101865,24507.3,Delhi,2026-04-02,Declined,Utilities,Visa,Utilities,Reliance,UPI,Female
C98083,w101866,20313.8,Chennai,2026-06-08,Declined,Groceries,Amex,Food,Reliance,UPI,Female
C15930,w101867,1246.94,Chennai,2026-05-02,Declined,Shopping,RuPay,Utilities,IRCTC,UPI,Male
C30057,w101868,16841.2,Delhi,2026-01-11,Approved,Travel,MasterCard,Retail,HPCL,UPI,Male
C75911,w101869,7503.75,Delhi,2026-01-28,Approved,Utilities,Amex,Travel,IOCL,NetBanking,Female
C83358,w101870,10142.96,Mumbai,2026-02-09,Declined,Utilities,Visa,Food,IRCTC,NetBanking,Female
C51633,w101871,10088.93,Bengaluru,2026-06-29,Declined,Fuel,Amex,Retail,IOCL,NetBanking,Male
C42488,w101872,22037.78,Bengaluru,2026-06-17,Declined,Dining,MasterCard,Travel,Reliance,NetBanking,Male
C55189,w101873,17177.7,Mumbai,2026-05-08,Declined,Groceries,RuPay,Retail,IRCTC,NetBanking,Female
C64036,w101874,2464.76,Pune,2026-05-12,Declined,Groceries,RuPay,Food,IRCTC,NetBanking,Male
C49418,w101875,3432.61,Pune,2026-02-08,Declined,Groceries,Amex,Travel,IOCL,Credit,Male
C76569,w101876,8530.66,Bengaluru,2026-03-15,Declined,Travel,Amex,Utilities,Zomato,UPI,Female
C65687,w101877,9284.95,Pune,2026-05-16,Approved,Shopping,Amex,Fuel,IRCTC,NetBanking,Female
C87196,w101878,10528.12,Mumbai,2026-01-28,Declined,Fuel,MasterCard,Retail,Amazon,Credit,Female
C18602,w101879,16218.05,Kolkata,2026-02-10,Declined,Travel,Amex,Travel,HPCL,NetBanking,Male
C33650,w101880,9661.43,Chennai,2026-03-14,Declined,Utilities,RuPay,Food,DMart,UPI,Female
C81858,w101881,5903.83,Mumbai,2026-03-15,Approved,Groceries,Amex,E-commerce,Swiggy,Credit,Male
C40670,w101882,18297.53,Pune,2026-06-20,Approved,Utilities,Amex,Travel,Zomato,Credit,Female
C51530,w101883,8256.94,Kolkata,2026-02-23,Declined,Travel,MasterCard,Utilities,Zomato,UPI,Female
C49106,w101884,16163.78,Mumbai,2026-02-25,Approved,Groceries,RuPay,Travel,IRCTC,UPI,Male
C39429,w101885,16688.34,Kolkata,2026-05-13,Approved,Travel,RuPay,Fuel,DMart,UPI,Female
C43528,w101886,4995.95,Delhi,2026-05-01,Approved,Groceries,Visa,E-commerce,HPCL,UPI,Female
C66498,w101887,11095.97,Kolkata,2026-05-23,Approved,Travel,Amex,Fuel,Amazon,UPI,Female
C29771,w101888,23423.98,Vizag,2026-02-09,Approved,Travel,Amex,E-commerce,Swiggy,NetBanking,Male
C61178,w101889,19200.02,Kolkata,2026-01-10,Approved,Groceries,Amex,E-commerce,DMart,NetBanking,Female
C64387,w101890,15173.88,Kolkata,2026-04-06,Declined,Groceries,Visa,Fuel,IRCTC,UPI,Male
C72813,w101891,19662.68,Pune,2026-04-28,Approved,Utilities,RuPay,Travel,DMart,NetBanking,Male
C58422,w101892,12006.02,Vizag,2026-06-13,Declined,Shopping,RuPay,Travel,HPCL,Credit,Male
C62429,w101893,6014.44,Delhi,2026-05-27,Declined,Groceries,Visa,Utilities,Reliance,UPI,Female
C59617,w101894,2556.47,Hyderabad,2026-02-04,Declined,Travel,RuPay,Retail,Swiggy,UPI,Male
C50448,w101895,14164.58,Bengaluru,2026-03-25,Declined,Dining,RuPay,Travel,Amazon,Credit,Female
C85234,w101896,9044.82,Bengaluru,2026-01-03,Approved,Travel,MasterCard,Retail,HPCL,Credit,Male
C99630,w101897,3947.02,Hyderabad,2026-05-25,Declined,Utilities,Visa,Travel,IRCTC,NetBanking,Female
C42922,w101898,5218.28,Delhi,2026-05-28,Declined,Groceries,RuPay,Travel,IOCL,Credit,Female
C26693,w101899,1847.26,Mumbai,2026-05-06,Approved,Utilities,MasterCard,Fuel,Amazon,Credit,Male
C38838,w101900,15871.74,Vizag,2026-05-02,Declined,Shopping,MasterCard,Travel,IOCL,Credit,Female
C65121,w101901,8600.14,Vizag,2026-05-07,Approved,Fuel,MasterCard,Retail,HPCL,UPI,Male
C79825,w101902,8145.96,Hyderabad,2026-06-22,Declined,Utilities,Visa,Food,IOCL,Credit,Female
C18175,w101903,7048.14,Bengaluru,2026-06-30,Approved,Fuel,Visa,Food,DMart,UPI,Male
C86947,w101904,17199.79,Chennai,2026-02-22,Declined,Groceries,Visa,E-commerce,IOCL,UPI,Female
C17855,w101905,1088.27,Delhi,2026-04-07,Declined,Fuel,Amex,Utilities,Reliance,Credit,Female
C17604,w101906,24114.86,Hyderabad,2026-04-20,Approved,Fuel,RuPay,Retail,Swiggy,Credit,Female
C98114,w101907,1180.4,Mumbai,2026-02-25,Declined,Groceries,RuPay,E-commerce,Swiggy,Credit,Female
C39138,w101908,22893.48,Delhi,2026-03-12,Approved,Travel,RuPay,Retail,Zomato,NetBanking,Female
C95440,w101909,21097.21,Chennai,2026-06-30,Declined,Travel,RuPay,E-commerce,Swiggy,NetBanking,Female
C86004,w101910,15328.56,Delhi,2026-01-30,Declined,Groceries,Visa,Travel,IOCL,UPI,Male
C19176,w101911,21387.19,Kolkata,2026-06-23,Approved,Fuel,RuPay,E-commerce,Reliance,UPI,Male
C86586,w101912,16304.6,Chennai,2026-01-13,Declined,Fuel,Visa,Travel,Amazon,Credit,Female
C69472,w101913,9479.59,Chennai,2026-06-15,Declined,Travel,RuPay,Retail,HPCL,UPI,Female
C20178,w101914,20464.14,Delhi,2026-03-17,Declined,Utilities,Visa,Fuel,HPCL,UPI,Male
C74323,w101915,2103.99,Vizag,2026-05-24,Declined,Groceries,Visa,Retail,DMart,NetBanking,Female
C80828,w101916,9570.21,Kolkata,2026-04-15,Approved,Utilities,Amex,Food,Zomato,UPI,Female
C69537,w101917,19799.41,Vizag,2026-04-22,Approved,Fuel,Visa,Food,DMart,NetBanking,Male
C45887,w101918,20038.05,Bengaluru,2026-04-23,Approved,Fuel,Visa,Utilities,IRCTC,NetBanking,Male
C31932,w101919,11151.41,Vizag,2026-01-06,Approved,Shopping,Visa,Fuel,Swiggy,UPI,Female
C50308,w101920,17277.3,Chennai,2026-02-27,Declined,Utilities,MasterCard,Utilities,Swiggy,Credit,Male
C76576,w101921,19093.57,Pune,2026-02-25,Approved,Groceries,Amex,Utilities,Swiggy,NetBanking,Male
C37158,w101922,9983.76,Chennai,2026-05-03,Declined,Fuel,RuPay,Fuel,HPCL,UPI,Female
C19143,w101923,12467.77,Hyderabad,2026-01-04,Approved,Travel,Visa,Food,IRCTC,NetBanking,Male
C24973,w101924,2857.74,Pune,2026-04-26,Declined,Travel,MasterCard,Food,HPCL,Credit,Male
C15107,w101925,8846.29,Hyderabad,2026-05-18,Approved,Utilities,Amex,Retail,DMart,Credit,Male
C63594,w101926,23386.76,Hyderabad,2026-04-22,Declined,Groceries,MasterCard,E-commerce,Amazon,Credit,Female
C86567,w101927,4930.21,Pune,2026-01-12,Approved,Travel,Visa,Food,Zomato,Credit,Male
C51668,w101928,15904.88,Bengaluru,2026-06-23,Declined,Fuel,Visa,Retail,Swiggy,NetBanking,Female
C33079,w101929,8815.06,Pune,2026-03-25,Declined,Shopping,RuPay,Travel,IRCTC,UPI,Female
C61801,w101930,19742.26,Chennai,2026-03-01,Approved,Shopping,RuPay,Travel,IOCL,NetBanking,Male
C87826,w101931,17769.67,Delhi,2026-02-04,Approved,Dining,MasterCard,Food,IOCL,UPI,Male
C24879,w101932,5513.18,Delhi,2026-06-08,Approved,Utilities,Visa,Retail,Amazon,Credit,Male
C45033,w101933,8884.38,Bengaluru,2026-04-12,Approved,Dining,MasterCard,E-commerce,Swiggy,UPI,Male
C57300,w101934,6057.77,Delhi,2026-05-11,Declined,Utilities,RuPay,Utilities,Amazon,UPI,Female
C54252,w101935,6423.56,Chennai,2026-06-21,Approved,Shopping,Amex,Retail,IOCL,UPI,Male
C30192,w101936,7110.89,Delhi,2026-03-19,Declined,Fuel,RuPay,Fuel,HPCL,NetBanking,Female
C39456,w101937,3264.0,Delhi,2026-04-29,Approved,Travel,Amex,Travel,HPCL,Credit,Female
C80062,w101938,23038.49,Kolkata,2026-01-01,Approved,Fuel,RuPay,Travel,Amazon,Credit,Female
C43064,w101939,3071.76,Vizag,2026-05-28,Approved,Travel,Amex,Travel,DMart,Credit,Female
C43035,w101940,13914.23,Bengaluru,2026-02-12,Declined,Utilities,Amex,Utilities,Zomato,Credit,Male
C69106,w101941,4253.36,Delhi,2026-02-19,Declined,Shopping,Visa,Utilities,Swiggy,Credit,Female
C38221,w101942,17639.59,Kolkata,2026-06-27,Declined,Travel,RuPay,E-commerce,IOCL,UPI,Female
C88889,w101943,21079.24,Hyderabad,2026-02-05,Approved,Shopping,Amex,Travel,HPCL,Credit,Female
C48738,w101944,3440.97,Bengaluru,2026-05-03,Declined,Groceries,Amex,Food,IOCL,NetBanking,Female
C49840,w101945,18544.12,Bengaluru,2026-03-14,Declined,Groceries,Visa,Travel,Swiggy,Credit,Male
C83192,w101946,9315.65,Chennai,2026-01-07,Approved,Dining,Visa,E-commerce,Swiggy,UPI,Male
C45108,w101947,8201.01,Hyderabad,2026-03-16,Approved,Dining,MasterCard,E-commerce,IOCL,Credit,Male
C53303,w101948,21432.11,Mumbai,2026-02-12,Declined,Dining,RuPay,Utilities,Zomato,Credit,Male
C25652,w101949,6479.34,Vizag,2026-04-14,Approved,Travel,MasterCard,Retail,IOCL,Credit,Female
C79543,w101950,11797.05,Bengaluru,2026-03-14,Approved,Shopping,Visa,Utilities,HPCL,NetBanking,Female
C49936,w101951,19918.74,Vizag,2026-03-13,Declined,Groceries,Amex,Utilities,HPCL,UPI,Female
C24145,w101952,3666.08,Delhi,2026-02-22,Approved,Shopping,MasterCard,Travel,IRCTC,Credit,Female
C42032,w101953,14023.07,Mumbai,2026-04-22,Declined,Utilities,RuPay,Travel,HPCL,Credit,Male
C20167,w101954,12037.67,Bengaluru,2026-01-18,Declined,Shopping,Visa,Fuel,Amazon,UPI,Female
C58039,w101955,14074.63,Hyderabad,2026-04-06,Approved,Travel,Visa,Travel,Amazon,Credit,Female
C86400,w101956,8261.74,Hyderabad,2026-02-04,Approved,Travel,Amex,Food,DMart,UPI,Male
C14573,w101957,6396.23,Pune,2026-06-15,Approved,Dining,Amex,E-commerce,HPCL,Credit,Female
C60461,w101958,13253.06,Chennai,2026-01-30,Declined,Fuel,MasterCard,Retail,IRCTC,NetBanking,Female
C70380,w101959,1874.35,Mumbai,2026-01-13,Approved,Groceries,Amex,Fuel,Zomato,UPI,Female
C29068,w101960,20673.74,Hyderabad,2026-05-11,Approved,Shopping,Visa,Food,IRCTC,Credit,Female
C32641,w101961,1133.58,Kolkata,2026-02-10,Approved,Shopping,RuPay,Fuel,IOCL,NetBanking,Female
C68872,w101962,6770.3,Chennai,2026-05-15,Declined,Fuel,MasterCard,E-commerce,Reliance,NetBanking,Male
C21489,w101963,13425.17,Hyderabad,2026-01-10,Approved,Shopping,MasterCard,Retail,Reliance,NetBanking,Female
C43418,w101964,20974.32,Kolkata,2026-03-17,Approved,Fuel,MasterCard,Retail,Reliance,NetBanking,Male
C70590,w101965,4883.59,Mumbai,2026-04-01,Declined,Utilities,MasterCard,Retail,Zomato,Credit,Female
C11588,w101966,17477.63,Kolkata,2026-06-22,Approved,Shopping,Amex,Food,Swiggy,UPI,Female
C22773,w101967,7061.0,Delhi,2026-02-07,Approved,Utilities,Visa,Utilities,Amazon,Credit,Male
C70551,w101968,17417.34,Hyderabad,2026-02-11,Approved,Dining,MasterCard,Fuel,Swiggy,NetBanking,Male
C69950,w101969,18857.54,Bengaluru,2026-04-27,Approved,Groceries,Amex,Food,IRCTC,Credit,Male
C30262,w101970,10522.77,Delhi,2026-05-30,Approved,Shopping,Visa,Fuel,Swiggy,UPI,Male
C61479,w101971,4639.68,Pune,2026-03-31,Approved,Fuel,RuPay,E-commerce,Swiggy,UPI,Female
C12200,w101972,5891.91,Delhi,2026-04-23,Approved,Utilities,Amex,E-commerce,HPCL,UPI,Male
C50809,w101973,23255.83,Hyderabad,2026-01-17,Approved,Groceries,Visa,Food,Zomato,Credit,Male
C83910,w101974,1436.21,Mumbai,2026-03-15,Declined,Dining,MasterCard,Food,HPCL,Credit,Female
C20283,w101975,15032.37,Pune,2026-05-24,Approved,Fuel,RuPay,E-commerce,IOCL,UPI,Female
C38278,w101976,9683.88,Pune,2026-03-16,Declined,Fuel,RuPay,Retail,Swiggy,UPI,Male
C72727,w101977,9471.1,Vizag,2026-04-17,Approved,Fuel,Amex,Fuel,Amazon,UPI,Male
C88638,w101978,16155.59,Mumbai,2026-05-24,Declined,Travel,RuPay,Utilities,IRCTC,Credit,Male
C28290,w101979,16706.36,Kolkata,2026-01-01,Declined,Dining,MasterCard,Food,IOCL,UPI,Female
C47609,w101980,16813.27,Pune,2026-02-27,Approved,Groceries,Visa,Food,DMart,NetBanking,Male
C71707,w101981,16909.55,Delhi,2026-03-28,Approved,Travel,RuPay,Fuel,Reliance,NetBanking,Female
C34331,w101982,18089.75,Hyderabad,2026-04-22,Declined,Fuel,Amex,Retail,Swiggy,NetBanking,Female
C50381,w101983,11441.29,Kolkata,2026-05-30,Approved,Groceries,Visa,Utilities,Zomato,UPI,Female
C23648,w101984,10889.08,Pune,2026-06-13,Approved,Utilities,Amex,Fuel,Amazon,NetBanking,Male
C17945,w101985,15436.84,Pune,2026-05-21,Declined,Shopping,MasterCard,Utilities,IOCL,Credit,Female
C67771,w101986,22087.74,Mumbai,2026-03-25,Declined,Utilities,Visa,Food,DMart,Credit,Female
C26383,w101987,7404.96,Pune,2026-04-07,Approved,Fuel,RuPay,Food,Zomato,UPI,Male
C80206,w101988,21899.42,Chennai,2026-05-19,Approved,Utilities,Visa,Travel,IRCTC,NetBanking,Female
C54760,w101989,4582.55,Mumbai,2026-01-14,Approved,Shopping,MasterCard,Fuel,Amazon,Credit,Male
C30345,w101990,4011.56,Pune,2026-03-15,Declined,Groceries,Amex,Retail,Zomato,NetBanking,Female
C43907,w101991,12095.12,Chennai,2026-05-31,Approved,Shopping,Visa,Retail,HPCL,NetBanking,Female
C55632,w101992,4460.97,Delhi,2026-03-07,Declined,Shopping,MasterCard,E-commerce,HPCL,UPI,Female
C90650,w101993,11170.27,Bengaluru,2026-05-20,Declined,Travel,Visa,Fuel,Swiggy,NetBanking,Male
C88173,w101994,17164.24,Mumbai,2026-05-03,Declined,Travel,RuPay,Travel,Swiggy,Credit,Female
C20206,w101995,4560.48,Delhi,2026-02-15,Approved,Shopping,Amex,Food,IOCL,Credit,Female
C79904,w101996,5959.67,Vizag,2026-05-29,Declined,Utilities,Visa,E-commerce,DMart,NetBanking,Female
C34236,w101997,21749.09,Chennai,2026-04-17,Approved,Travel,MasterCard,Utilities,Amazon,NetBanking,Male
C81801,w101998,20468.23,Mumbai,2026-04-13,Approved,Utilities,MasterCard,Utilities,Amazon,Credit,Male
C92675,w101999,12258.19,Pune,2026-05-08,Approved,Groceries,Amex,Travel,HPCL,Credit,Female
C19734,w102000,24342.65,Vizag,2026-03-27,Declined,Dining,RuPay,Food,Zomato,UPI,Female
C75091,w102001,5380.66,Hyderabad,2026-02-09,Approved,Fuel,Visa,Travel,Zomato,Credit,Female
C71440,w102002,23082.14,Pune,2026-06-29,Approved,Utilities,MasterCard,Retail,Zomato,UPI,Male
C59061,w102003,9634.85,Kolkata,2026-01-11,Approved,Fuel,Amex,Retail,IRCTC,NetBanking,Male
C65823,w102004,22164.45,Bengaluru,2026-06-16,Approved,Travel,RuPay,Food,Swiggy,NetBanking,Female
C16998,w102005,14532.52,Vizag,2026-05-14,Approved,Dining,MasterCard,E-commerce,HPCL,UPI,Male
C87565,w102006,13318.85,Pune,2026-03-28,Approved,Fuel,Visa,Utilities,DMart,UPI,Male
C43065,w102007,5320.85,Bengaluru,2026-03-22,Declined,Dining,MasterCard,Fuel,Reliance,UPI,Male
C21520,w102008,24896.02,Bengaluru,2026-04-10,Declined,Fuel,Amex,Utilities,Amazon,NetBanking,Female
C13859,w102009,8863.96,Chennai,2026-05-11,Declined,Dining,MasterCard,Food,Swiggy,NetBanking,Male
C38600,w102010,9512.93,Kolkata,2026-01-11,Approved,Utilities,Visa,Travel,Amazon,UPI,Male
C94277,w102011,12465.73,Pune,2026-01-06,Approved,Shopping,Visa,E-commerce,HPCL,UPI,Male
C97066,w102012,3538.45,Vizag,2026-01-06,Declined,Dining,Visa,Travel,Reliance,NetBanking,Female
C83421,w102013,720.95,Kolkata,2026-05-01,Declined,Travel,RuPay,Fuel,Amazon,UPI,Female
C22647,w102014,10204.95,Bengaluru,2026-01-03,Declined,Fuel,MasterCard,Fuel,Reliance,NetBanking,Male
C53190,w102015,13386.9,Hyderabad,2026-04-22,Approved,Fuel,RuPay,Travel,DMart,Credit,Female
C87766,w102016,12847.41,Kolkata,2026-06-05,Approved,Shopping,Amex,Travel,IOCL,UPI,Female
C22597,w102017,836.96,Kolkata,2026-06-13,Approved,Groceries,RuPay,Travel,Zomato,NetBanking,Male
C76888,w102018,19080.43,Pune,2026-03-10,Declined,Groceries,MasterCard,Retail,HPCL,UPI,Female
C28207,w102019,12508.19,Delhi,2026-05-08,Declined,Utilities,RuPay,Food,DMart,Credit,Male
C71084,w102020,11419.05,Chennai,2026-05-17,Approved,Fuel,MasterCard,Travel,Zomato,UPI,Female
C63063,w102021,15736.01,Chennai,2026-05-17,Approved,Utilities,Visa,Fuel,Amazon,NetBanking,Male
C96718,w102022,23694.53,Mumbai,2026-05-30,Approved,Groceries,Amex,Retail,IOCL,UPI,Male
C81133,w102023,11125.57,Mumbai,2026-03-25,Approved,Travel,RuPay,Utilities,Amazon,NetBanking,Female
C29973,w102024,2019.35,Vizag,2026-01-22,Declined,Shopping,MasterCard,Food,IOCL,Credit,Male
C54602,w102025,3513.23,Kolkata,2026-03-28,Declined,Fuel,RuPay,E-commerce,HPCL,Credit,Female
C58002,w102026,8946.63,Bengaluru,2026-01-04,Declined,Dining,Amex,Travel,DMart,Credit,Male
C86288,w102027,18199.68,Pune,2026-01-02,Approved,Dining,Amex,Utilities,IRCTC,Credit,Female
C75832,w102028,4943.06,Pune,2026-06-13,Declined,Utilities,MasterCard,Utilities,IOCL,NetBanking,Male
C69885,w102029,23928.54,Chennai,2026-03-09,Approved,Fuel,Amex,Utilities,Amazon,Credit,Female
C28674,w102030,21290.78,Pune,2026-06-24,Declined,Fuel,RuPay,Fuel,Swiggy,Credit,Male
C50765,w102031,21701.8,Hyderabad,2026-05-29,Approved,Groceries,Amex,Food,Amazon,Credit,Male
C96021,w102032,227.25,Kolkata,2026-01-19,Declined,Fuel,Visa,Travel,IRCTC,Credit,Female
C59873,w102033,10446.22,Hyderabad,2026-04-18,Declined,Shopping,MasterCard,Food,IOCL,NetBanking,Female
C53283,w102034,4930.78,Chennai,2026-03-28,Declined,Groceries,Amex,E-commerce,Amazon,Credit,Female
C92039,w102035,13533.31,Bengaluru,2026-03-06,Approved,Fuel,Visa,Food,IOCL,NetBanking,Female
C40497,w102036,2542.84,Delhi,2026-02-15,Approved,Shopping,Visa,E-commerce,HPCL,NetBanking,Female
C81495,w102037,23110.18,Chennai,2026-03-14,Approved,Travel,Visa,Travel,IRCTC,NetBanking,Female
C40874,w102038,23859.39,Mumbai,2026-06-11,Declined,Fuel,Visa,Travel,HPCL,Credit,Female
C14620,w102039,22823.54,Vizag,2026-03-28,Declined,Groceries,RuPay,Retail,IOCL,Credit,Female
C93284,w102040,13519.94,Kolkata,2026-01-20,Approved,Groceries,MasterCard,Travel,Amazon,Credit,Male
C51101,w102041,13485.05,Chennai,2026-02-22,Declined,Fuel,Visa,Food,Amazon,NetBanking,Female
C93431,w102042,13961.99,Hyderabad,2026-03-10,Approved,Travel,Amex,Travel,IRCTC,Credit,Female
C78688,w102043,23048.51,Vizag,2026-05-06,Declined,Travel,Visa,Utilities,IOCL,Credit,Female
C63560,w102044,11955.52,Delhi,2026-05-16,Approved,Groceries,Amex,Fuel,DMart,UPI,Female
C67302,w102045,4178.88,Bengaluru,2026-02-14,Declined,Dining,RuPay,E-commerce,HPCL,UPI,Female
C71382,w102046,1151.3,Bengaluru,2026-01-14,Approved,Travel,MasterCard,Retail,Amazon,UPI,Male
C30824,w102047,23374.42,Vizag,2026-04-09,Declined,Utilities,MasterCard,Food,Amazon,NetBanking,Female
C55147,w102048,5627.77,Bengaluru,2026-05-25,Approved,Groceries,Visa,Utilities,IRCTC,UPI,Female
C94624,w102049,16492.01,Delhi,2026-06-19,Declined,Travel,MasterCard,Utilities,IRCTC,NetBanking,Male
C57696,w102050,15530.74,Vizag,2026-06-16,Approved,Shopping,Visa,Food,Amazon,UPI,Male
C12547,w102051,13902.12,Kolkata,2026-05-09,Declined,Fuel,MasterCard,Retail,IRCTC,Credit,Female
C15140,w102052,22587.53,Vizag,2026-02-28,Declined,Groceries,Amex,Retail,IOCL,Credit,Male
C44556,w102053,19301.71,Vizag,2026-06-25,Approved,Groceries,Visa,Fuel,Swiggy,Credit,Female
C45432,w102054,23676.79,Pune,2026-04-04,Declined,Shopping,MasterCard,Travel,DMart,UPI,Male
C19345,w102055,1773.42,Delhi,2026-02-14,Declined,Groceries,Visa,Travel,Zomato,NetBanking,Female
C91618,w102056,13794.4,Delhi,2026-06-28,Declined,Travel,Visa,Retail,HPCL,Credit,Male
C25487,w102057,7940.16,Bengaluru,2026-04-09,Approved,Travel,Amex,E-commerce,DMart,NetBanking,Male
C83123,w102058,4077.55,Chennai,2026-05-21,Approved,Groceries,MasterCard,Retail,IOCL,Credit,Male
C58640,w102059,16436.16,Kolkata,2026-02-24,Approved,Travel,RuPay,Fuel,Amazon,UPI,Female
C76318,w102060,17317.3,Hyderabad,2026-05-02,Approved,Utilities,RuPay,E-commerce,Swiggy,NetBanking,Female
C53898,w102061,24257.37,Chennai,2026-01-16,Declined,Groceries,Visa,Food,Amazon,Credit,Female
C36459,w102062,12548.53,Kolkata,2026-05-06,Approved,Fuel,Visa,E-commerce,Swiggy,UPI,Male
C97164,w102063,15567.43,Hyderabad,2026-04-28,Declined,Utilities,RuPay,E-commerce,IRCTC,NetBanking,Male
C25113,w102064,7349.61,Pune,2026-02-14,Declined,Dining,RuPay,E-commerce,DMart,Credit,Male
C10860,w102065,17355.62,Chennai,2026-06-22,Declined,Travel,Visa,Fuel,Swiggy,NetBanking,Male
C16401,w102066,12157.93,Kolkata,2026-05-14,Declined,Dining,Visa,Travel,IRCTC,NetBanking,Female
C69106,w102067,20922.79,Chennai,2026-05-28,Approved,Groceries,MasterCard,Travel,HPCL,NetBanking,Male
C72970,w102068,10465.36,Chennai,2026-04-26,Approved,Travel,Amex,E-commerce,HPCL,Credit,Female
C78039,w102069,1900.24,Chennai,2026-01-05,Declined,Dining,Visa,Travel,HPCL,UPI,Female
C53126,w102070,7200.77,Vizag,2026-05-11,Approved,Dining,Visa,Utilities,Amazon,Credit,Male
C78538,w102071,23097.84,Bengaluru,2026-01-18,Approved,Dining,RuPay,E-commerce,Swiggy,NetBanking,Female
C35539,w102072,12206.13,Kolkata,2026-01-02,Approved,Groceries,RuPay,Travel,IOCL,NetBanking,Female
C26582,w102073,8220.61,Vizag,2026-05-24,Approved,Fuel,Amex,Food,IOCL,NetBanking,Male
C43071,w102074,300.74,Kolkata,2026-01-24,Declined,Fuel,RuPay,Travel,IRCTC,Credit,Male
C40375,w102075,24365.13,Chennai,2026-03-31,Approved,Travel,Amex,Fuel,Reliance,NetBanking,Male
C40802,w102076,11305.28,Mumbai,2026-03-01,Approved,Shopping,Amex,Travel,IRCTC,NetBanking,Male
C10973,w102077,21821.62,Hyderabad,2026-02-17,Declined,Utilities,Visa,Retail,HPCL,UPI,Female
C50209,w102078,15340.55,Vizag,2026-02-22,Approved,Shopping,Amex,Food,Swiggy,Credit,Male
C86151,w102079,10659.53,Hyderabad,2026-01-06,Approved,Fuel,MasterCard,Food,DMart,UPI,Female
C41794,w102080,19872.88,Pune,2026-05-05,Declined,Groceries,Visa,E-commerce,IRCTC,NetBanking,Male
C20187,w102081,5180.92,Chennai,2026-01-14,Declined,Shopping,MasterCard,Fuel,Swiggy,UPI,Male
C85634,w102082,21178.22,Vizag,2026-06-07,Approved,Fuel,Amex,E-commerce,Amazon,UPI,Male
C83808,w102083,6996.89,Hyderabad,2026-02-22,Approved,Dining,Visa,Utilities,IRCTC,Credit,Male
C90483,w102084,6565.84,Vizag,2026-04-24,Declined,Travel,Amex,Retail,HPCL,UPI,Female
C99385,w102085,24391.79,Chennai,2026-04-02,Approved,Fuel,MasterCard,E-commerce,Swiggy,NetBanking,Male
C59742,w102086,13330.17,Delhi,2026-03-16,Approved,Groceries,Amex,E-commerce,Zomato,Credit,Female
C85186,w102087,146.3,Hyderabad,2026-05-04,Declined,Travel,RuPay,Utilities,Zomato,Credit,Male
C35327,w102088,9821.97,Mumbai,2026-03-27,Approved,Dining,Amex,Fuel,Zomato,UPI,Male
C37647,w102089,8820.28,Vizag,2026-04-21,Approved,Fuel,Visa,Utilities,Swiggy,UPI,Female
C30639,w102090,22068.39,Hyderabad,2026-06-05,Declined,Travel,Visa,E-commerce,HPCL,Credit,Female
C83341,w102091,5956.92,Vizag,2026-05-14,Approved,Travel,Visa,Retail,IOCL,UPI,Female
C31886,w102092,11020.23,Kolkata,2026-05-12,Approved,Shopping,Amex,Travel,Reliance,NetBanking,Male
C70795,w102093,11429.59,Delhi,2026-06-16,Declined,Groceries,RuPay,Utilities,HPCL,UPI,Female
C42287,w102094,13081.37,Hyderabad,2026-05-18,Approved,Travel,MasterCard,Fuel,Zomato,NetBanking,Female
C20884,w102095,19292.79,Hyderabad,2026-04-02,Approved,Dining,Visa,Fuel,HPCL,NetBanking,Male
C18533,w102096,12509.71,Pune,2026-04-23,Declined,Shopping,MasterCard,Fuel,HPCL,Credit,Female
C73963,w102097,14098.51,Vizag,2026-06-09,Approved,Fuel,Visa,Utilities,IRCTC,Credit,Female
C88103,w102098,7597.71,Kolkata,2026-05-29,Approved,Groceries,RuPay,Travel,Swiggy,Credit,Female
C65018,w102099,21831.6,Chennai,2026-01-09,Declined,Fuel,Amex,Utilities,IOCL,NetBanking,Female
C90362,w102100,17336.21,Chennai,2026-02-14,Declined,Groceries,MasterCard,Retail,DMart,Credit,Male
C13131,w102101,23806.84,Mumbai,2026-01-04,Declined,Shopping,RuPay,Travel,Swiggy,NetBanking,Male
C27806,w102102,13180.88,Delhi,2026-03-07,Approved,Travel,MasterCard,Utilities,Amazon,NetBanking,Male
C57197,w102103,15613.39,Kolkata,2026-05-21,Approved,Travel,Amex,Retail,IRCTC,Credit,Male
C14422,w102104,13379.83,Kolkata,2026-02-27,Approved,Groceries,MasterCard,Retail,IOCL,Credit,Female
C18092,w102105,13909.2,Vizag,2026-04-08,Approved,Groceries,MasterCard,Fuel,Amazon,UPI,Male
C98240,w102106,21269.57,Delhi,2026-04-24,Declined,Travel,Amex,Travel,HPCL,NetBanking,Male
C60078,w102107,8975.47,Delhi,2026-03-29,Approved,Travel,Visa,E-commerce,HPCL,NetBanking,Male
C48414,w102108,22873.78,Hyderabad,2026-05-12,Approved,Dining,Visa,Food,Zomato,NetBanking,Female
C76607,w102109,16384.07,Chennai,2026-05-01,Declined,Fuel,Visa,Fuel,Zomato,Credit,Male
C64448,w102110,7416.61,Hyderabad,2026-04-06,Approved,Fuel,RuPay,Fuel,IOCL,UPI,Male
C27680,w102111,1105.05,Mumbai,2026-01-22,Declined,Travel,MasterCard,Food,DMart,Credit,Female
C53153,w102112,7551.56,Chennai,2026-03-11,Approved,Travel,MasterCard,Retail,Reliance,NetBanking,Female
C50079,w102113,23862.95,Vizag,2026-03-07,Declined,Groceries,Amex,Travel,DMart,Credit,Male
C10075,w102114,19055.79,Pune,2026-04-13,Approved,Dining,RuPay,Travel,IRCTC,NetBanking,Male
C24462,w102115,6558.06,Kolkata,2026-01-07,Approved,Fuel,Amex,Food,Amazon,Credit,Male
C14769,w102116,12687.48,Vizag,2026-04-09,Declined,Fuel,RuPay,Food,Zomato,Credit,Female
C31855,w102117,18662.01,Vizag,2026-03-16,Declined,Travel,MasterCard,E-commerce,DMart,Credit,Female
C99829,w102118,24638.66,Kolkata,2026-03-11,Declined,Groceries,MasterCard,E-commerce,HPCL,NetBanking,Male
C52204,w102119,12703.57,Kolkata,2026-03-02,Declined,Shopping,Amex,Retail,IOCL,NetBanking,Female
C75300,w102120,14091.08,Chennai,2026-01-07,Declined,Shopping,Visa,Retail,Reliance,Credit,Male
C76663,w102121,14225.5,Bengaluru,2026-05-07,Approved,Travel,Visa,Food,IOCL,UPI,Male
C69293,w102122,18793.62,Mumbai,2026-04-09,Approved,Travel,Visa,Retail,Swiggy,Credit,Female
C16441,w102123,14656.38,Delhi,2026-01-10,Declined,Fuel,RuPay,Fuel,Amazon,NetBanking,Female
C46789,w102124,6011.04,Hyderabad,2026-02-22,Approved,Fuel,RuPay,Retail,IOCL,UPI,Female
C14607,w102125,4099.53,Vizag,2026-04-03,Declined,Utilities,RuPay,E-commerce,Amazon,UPI,Male
C18087,w102126,24172.33,Delhi,2026-04-18,Declined,Travel,MasterCard,Food,Amazon,UPI,Male
C92768,w102127,1013.34,Hyderabad,2026-02-17,Approved,Travel,MasterCard,Fuel,IOCL,UPI,Female
C13131,w102128,23533.46,Pune,2026-05-06,Approved,Travel,MasterCard,E-commerce,Swiggy,Credit,Male
C39536,w102129,422.97,Pune,2026-04-06,Approved,Travel,Visa,Fuel,DMart,NetBanking,Male
C14378,w102130,16914.18,Chennai,2026-04-16,Declined,Shopping,RuPay,Fuel,HPCL,NetBanking,Male
C50213,w102131,551.13,Mumbai,2026-05-15,Declined,Shopping,MasterCard,Retail,DMart,NetBanking,Female
C42806,w102132,8012.78,Chennai,2026-02-24,Approved,Dining,MasterCard,Travel,Zomato,NetBanking,Male
C29603,w102133,11436.23,Delhi,2026-05-20,Approved,Utilities,MasterCard,Utilities,Reliance,UPI,Male
C92473,w102134,15880.46,Bengaluru,2026-03-08,Approved,Shopping,Visa,Travel,IOCL,Credit,Female
C32906,w102135,11224.51,Bengaluru,2026-04-03,Approved,Shopping,MasterCard,Retail,Zomato,UPI,Male
C51602,w102136,21946.94,Chennai,2026-05-17,Approved,Travel,RuPay,Utilities,Reliance,UPI,Male
C10733,w102137,1513.24,Vizag,2026-03-18,Approved,Shopping,RuPay,Fuel,IRCTC,UPI,Female
C41207,w102138,9023.4,Chennai,2026-01-10,Declined,Dining,RuPay,Food,HPCL,UPI,Female
C87435,w102139,24061.54,Pune,2026-05-31,Declined,Groceries,MasterCard,Fuel,Zomato,NetBanking,Male
C63472,w102140,21432.99,Pune,2026-03-14,Approved,Utilities,RuPay,Food,DMart,Credit,Female
C35877,w102141,5480.04,Mumbai,2026-06-27,Approved,Travel,Amex,Utilities,Swiggy,UPI,Male
C98086,w102142,2481.15,Kolkata,2026-04-01,Approved,Travel,Visa,Retail,Swiggy,Credit,Female
C90635,w102143,24940.61,Delhi,2026-05-07,Approved,Fuel,Amex,Travel,HPCL,NetBanking,Male
C68075,w102144,4531.47,Chennai,2026-06-06,Approved,Utilities,MasterCard,Utilities,IOCL,NetBanking,Male
C75990,w102145,23027.53,Chennai,2026-03-28,Declined,Shopping,RuPay,Utilities,Amazon,Credit,Female
C41241,w102146,6116.71,Delhi,2026-05-02,Approved,Fuel,Amex,Utilities,Swiggy,UPI,Male
C19269,w102147,11804.46,Pune,2026-03-04,Declined,Groceries,RuPay,E-commerce,Amazon,UPI,Male
C72979,w102148,6587.75,Delhi,2026-03-11,Declined,Shopping,MasterCard,Utilities,Zomato,UPI,Female
C41904,w102149,19582.29,Chennai,2026-05-24,Approved,Shopping,Amex,Fuel,Swiggy,Credit,Male
C39421,w102150,9685.52,Chennai,2026-01-11,Approved,Utilities,RuPay,Retail,Swiggy,NetBanking,Female
C86762,w102151,19880.53,Pune,2026-06-10,Declined,Dining,MasterCard,Fuel,Reliance,UPI,Female
C45418,w102152,12138.88,Vizag,2026-03-03,Declined,Shopping,Visa,Retail,Swiggy,UPI,Female
C92007,w102153,23504.74,Chennai,2026-03-17,Approved,Dining,Visa,Fuel,Reliance,Credit,Male
C73258,w102154,3327.52,Pune,2026-06-10,Declined,Groceries,Amex,Utilities,DMart,NetBanking,Female
C86469,w102155,5314.77,Pune,2026-05-08,Approved,Travel,Visa,Fuel,Reliance,Credit,Male
C13461,w102156,17015.91,Chennai,2026-02-15,Declined,Fuel,Visa,Utilities,Reliance,Credit,Female
C98160,w102157,7647.89,Delhi,2026-03-13,Declined,Travel,Amex,Travel,HPCL,UPI,Female
C19754,w102158,7679.66,Hyderabad,2026-06-25,Declined,Fuel,RuPay,E-commerce,HPCL,NetBanking,Male
C70169,w102159,9876.43,Pune,2026-03-01,Approved,Dining,RuPay,Travel,Swiggy,NetBanking,Male
C58829,w102160,16434.87,Hyderabad,2026-04-14,Approved,Fuel,RuPay,E-commerce,Amazon,NetBanking,Female
C33389,w102161,6579.06,Hyderabad,2026-02-22,Declined,Shopping,MasterCard,Utilities,Amazon,NetBanking,Male
C97768,w102162,24702.59,Pune,2026-03-27,Approved,Shopping,RuPay,Utilities,IOCL,Credit,Female
C28943,w102163,6054.53,Delhi,2026-03-15,Approved,Travel,Visa,Food,IOCL,UPI,Male
C63085,w102164,6028.99,Delhi,2026-03-02,Declined,Travel,Amex,E-commerce,DMart,UPI,Female
C22491,w102165,7130.53,Vizag,2026-01-30,Approved,Fuel,MasterCard,Utilities,IOCL,Credit,Male
C36870,w102166,21892.52,Pune,2026-04-15,Approved,Shopping,Visa,Travel,Zomato,NetBanking,Male
C49599,w102167,4006.09,Hyderabad,2026-03-14,Approved,Groceries,Visa,Fuel,Zomato,NetBanking,Female
C39807,w102168,23282.56,Delhi,2026-02-10,Declined,Groceries,RuPay,Travel,Zomato,NetBanking,Male
C15837,w102169,23760.77,Bengaluru,2026-02-24,Declined,Groceries,Visa,E-commerce,HPCL,NetBanking,Male
C42875,w102170,14266.46,Vizag,2026-04-20,Declined,Dining,RuPay,Retail,Amazon,UPI,Female
C35493,w102171,3547.98,Chennai,2026-04-07,Approved,Fuel,RuPay,Fuel,HPCL,UPI,Female
C68417,w102172,22481.3,Vizag,2026-06-10,Declined,Groceries,Visa,E-commerce,Swiggy,Credit,Male
C95541,w102173,1876.66,Hyderabad,2026-05-16,Declined,Shopping,Visa,Retail,Amazon,UPI,Male
C34454,w102174,13579.46,Delhi,2026-01-24,Declined,Travel,Visa,E-commerce,Swiggy,UPI,Female
C86824,w102175,17457.13,Vizag,2026-02-20,Declined,Travel,Amex,Fuel,Zomato,UPI,Female
C91143,w102176,9709.31,Hyderabad,2026-02-10,Declined,Shopping,Amex,Food,Reliance,UPI,Female
C67676,w102177,9375.75,Vizag,2026-06-20,Declined,Utilities,Visa,Food,DMart,Credit,Female
C10742,w102178,1787.64,Mumbai,2026-03-02,Approved,Fuel,Amex,Utilities,Zomato,Credit,Male
C80942,w102179,16723.35,Delhi,2026-06-18,Declined,Shopping,Amex,Food,IOCL,NetBanking,Female
C88179,w102180,11039.29,Mumbai,2026-06-14,Approved,Travel,Visa,Retail,Amazon,UPI,Female
C97705,w102181,1956.81,Chennai,2026-02-19,Declined,Dining,Visa,Retail,IRCTC,UPI,Male
C17901,w102182,952.34,Pune,2026-01-28,Approved,Fuel,MasterCard,Food,HPCL,NetBanking,Female
C50927,w102183,1598.45,Hyderabad,2026-02-10,Declined,Groceries,RuPay,Retail,Amazon,UPI,Female
C11880,w102184,4408.11,Mumbai,2026-02-16,Approved,Shopping,RuPay,Travel,Zomato,UPI,Female
C58036,w102185,2507.72,Hyderabad,2026-03-22,Approved,Travel,MasterCard,E-commerce,IOCL,Credit,Male
C17229,w102186,11823.04,Pune,2026-01-29,Declined,Travel,Amex,E-commerce,Amazon,NetBanking,Male
C29194,w102187,15224.58,Hyderabad,2026-03-03,Declined,Travel,Visa,Travel,Swiggy,NetBanking,Male
C53716,w102188,16125.96,Vizag,2026-04-22,Approved,Travel,MasterCard,E-commerce,Amazon,UPI,Female
C35343,w102189,196.97,Bengaluru,2026-02-20,Declined,Groceries,Amex,Food,Amazon,NetBanking,Female
C99485,w102190,5200.97,Pune,2026-04-10,Declined,Groceries,Visa,Travel,Amazon,UPI,Female
C60252,w102191,10434.14,Mumbai,2026-05-24,Approved,Travel,Amex,Food,Reliance,UPI,Female
C89414,w102192,9474.05,Vizag,2026-02-03,Approved,Dining,Amex,Food,Reliance,Credit,Male
C96104,w102193,4085.83,Kolkata,2026-03-18,Declined,Shopping,RuPay,Retail,Reliance,Credit,Male
C35674,w102194,7601.25,Hyderabad,2026-04-05,Approved,Utilities,RuPay,Food,IOCL,UPI,Female
C21303,w102195,23222.09,Chennai,2026-04-07,Approved,Fuel,RuPay,Fuel,IRCTC,Credit,Female
C22689,w102196,13290.28,Vizag,2026-04-27,Declined,Shopping,RuPay,Fuel,IOCL,NetBanking,Female
C69518,w102197,17106.38,Mumbai,2026-05-05,Approved,Dining,RuPay,Travel,Reliance,NetBanking,Male
C30909,w102198,1029.22,Chennai,2026-06-22,Approved,Fuel,Amex,Food,Swiggy,Credit,Female
C82252,w102199,9158.95,Delhi,2026-05-26,Declined,Groceries,RuPay,Travel,DMart,Credit,Male
C30704,w102200,22573.2,Mumbai,2026-02-03,Declined,Fuel,RuPay,Retail,Swiggy,Credit,Female
C80936,w102201,22371.18,Pune,2026-01-24,Declined,Utilities,RuPay,Fuel,Reliance,NetBanking,Female
C99122,w102202,13059.43,Hyderabad,2026-03-23,Approved,Shopping,Visa,Utilities,IRCTC,NetBanking,Male
C73309,w102203,23259.98,Mumbai,2026-04-26,Approved,Shopping,Visa,Retail,HPCL,Credit,Female
C41489,w102204,20817.17,Pune,2026-06-22,Declined,Dining,Visa,Fuel,Zomato,Credit,Female
C70601,w102205,17412.54,Pune,2026-05-15,Declined,Utilities,Visa,Retail,Amazon,Credit,Female
C68618,w102206,15414.72,Pune,2026-02-20,Approved,Utilities,Visa,Utilities,Swiggy,Credit,Male
C33019,w102207,14144.21,Delhi,2026-03-29,Approved,Travel,RuPay,Retail,DMart,NetBanking,Female
C69455,w102208,17493.34,Kolkata,2026-06-20,Approved,Shopping,MasterCard,Food,HPCL,UPI,Male
C82227,w102209,24076.14,Mumbai,2026-01-20,Declined,Utilities,RuPay,Utilities,DMart,Credit,Male
C84345,w102210,1332.51,Vizag,2026-06-25,Declined,Groceries,Visa,Fuel,Amazon,UPI,Female
C53817,w102211,13815.01,Pune,2026-03-20,Approved,Groceries,Amex,Utilities,HPCL,Credit,Male
C87525,w102212,4342.8,Vizag,2026-06-01,Approved,Dining,Amex,Fuel,IRCTC,Credit,Female
C59128,w102213,13959.83,Mumbai,2026-03-24,Declined,Shopping,Amex,Fuel,Amazon,UPI,Male
C43905,w102214,4259.81,Vizag,2026-02-18,Declined,Travel,RuPay,E-commerce,Swiggy,NetBanking,Female
C77432,w102215,16067.48,Hyderabad,2026-02-03,Declined,Utilities,MasterCard,Food,Reliance,UPI,Female
C69000,w102216,8958.03,Delhi,2026-04-21,Approved,Utilities,RuPay,Fuel,Amazon,Credit,Female
C83894,w102217,8775.59,Chennai,2026-04-06,Declined,Fuel,Amex,Fuel,IOCL,UPI,Male
C23911,w102218,1052.91,Mumbai,2026-03-15,Approved,Shopping,MasterCard,Fuel,HPCL,UPI,Male
C48291,w102219,10072.55,Bengaluru,2026-06-19,Declined,Shopping,Visa,Food,Amazon,NetBanking,Male
C65954,w102220,8273.09,Chennai,2026-06-29,Approved,Fuel,RuPay,Utilities,Amazon,NetBanking,Female
C45723,w102221,13554.29,Delhi,2026-06-16,Declined,Shopping,RuPay,Travel,Reliance,NetBanking,Female
C52573,w102222,8424.68,Mumbai,2026-05-12,Declined,Shopping,Amex,Utilities,DMart,UPI,Male
C63571,w102223,3570.76,Bengaluru,2026-03-14,Declined,Dining,Amex,Utilities,Amazon,UPI,Female
C94605,w102224,10341.25,Pune,2026-03-18,Approved,Dining,RuPay,Food,DMart,UPI,Male
C93638,w102225,22307.68,Bengaluru,2026-05-29,Declined,Utilities,Visa,Food,Reliance,UPI,Female
C71595,w102226,3830.28,Delhi,2026-03-19,Declined,Shopping,MasterCard,Food,HPCL,Credit,Female
C86208,w102227,15371.62,Vizag,2026-05-29,Declined,Travel,RuPay,Fuel,IOCL,Credit,Male
C93531,w102228,7451.44,Hyderabad,2026-04-14,Declined,Travel,Visa,Fuel,Zomato,NetBanking,Female
C16436,w102229,8976.24,Delhi,2026-02-05,Declined,Groceries,Amex,E-commerce,Swiggy,Credit,Male
C76014,w102230,22357.98,Pune,2026-02-24,Approved,Dining,MasterCard,Food,Swiggy,NetBanking,Male
C74280,w102231,4419.5,Delhi,2026-02-28,Declined,Dining,Visa,Food,Swiggy,Credit,Female
C43465,w102232,18700.0,Vizag,2026-03-28,Approved,Shopping,MasterCard,Retail,Swiggy,NetBanking,Male
C65535,w102233,24580.06,Vizag,2026-05-29,Declined,Groceries,MasterCard,Travel,Swiggy,UPI,Female
C33064,w102234,11635.73,Bengaluru,2026-05-13,Approved,Travel,RuPay,Travel,Swiggy,Credit,Female
C48342,w102235,22382.41,Hyderabad,2026-03-20,Approved,Dining,Amex,Food,Swiggy,NetBanking,Male
C50176,w102236,20982.91,Hyderabad,2026-05-06,Approved,Utilities,Amex,Utilities,Zomato,UPI,Male
C34474,w102237,17502.74,Bengaluru,2026-04-19,Approved,Fuel,RuPay,Utilities,HPCL,NetBanking,Male
C97410,w102238,23616.25,Delhi,2026-02-03,Approved,Utilities,RuPay,Food,Zomato,Credit,Female
C55798,w102239,4896.08,Pune,2026-04-06,Approved,Groceries,Visa,Utilities,IRCTC,Credit,Female
C76929,w102240,11523.94,Delhi,2026-02-28,Approved,Shopping,Visa,Utilities,Swiggy,NetBanking,Female
C52015,w102241,4201.13,Pune,2026-04-04,Declined,Shopping,MasterCard,E-commerce,Zomato,UPI,Female
C98316,w102242,22891.46,Delhi,2026-03-30,Declined,Dining,MasterCard,Travel,IOCL,Credit,Male
C75040,w102243,23984.21,Kolkata,2026-01-19,Approved,Travel,Amex,E-commerce,HPCL,UPI,Male
C44396,w102244,5399.07,Vizag,2026-06-27,Approved,Utilities,Amex,Fuel,HPCL,NetBanking,Male
C34658,w102245,16398.69,Chennai,2026-06-24,Declined,Travel,RuPay,Travel,HPCL,NetBanking,Female
C94856,w102246,17784.12,Hyderabad,2026-01-09,Approved,Shopping,RuPay,E-commerce,Amazon,Credit,Male
C64086,w102247,16498.57,Vizag,2026-06-03,Declined,Travel,Amex,Fuel,Zomato,Credit,Male
C39745,w102248,15024.8,Hyderabad,2026-03-31,Approved,Groceries,MasterCard,Food,HPCL,Credit,Female
C71122,w102249,15610.96,Pune,2026-01-31,Approved,Shopping,MasterCard,E-commerce,Swiggy,NetBanking,Male
C30048,w102250,5778.89,Bengaluru,2026-06-08,Approved,Travel,RuPay,Fuel,Amazon,Credit,Female
C80934,w102251,8733.51,Bengaluru,2026-01-08,Declined,Groceries,RuPay,Food,Reliance,Credit,Female
C98603,w102252,5432.23,Mumbai,2026-03-27,Approved,Shopping,MasterCard,Travel,IRCTC,NetBanking,Male
C18710,w102253,21264.56,Kolkata,2026-05-31,Approved,Fuel,Amex,E-commerce,IOCL,NetBanking,Male
C84018,w102254,8841.81,Hyderabad,2026-06-05,Declined,Fuel,Amex,Utilities,Swiggy,NetBanking,Male
C28730,w102255,17208.45,Vizag,2026-04-14,Declined,Dining,Amex,Food,IRCTC,NetBanking,Female
C26619,w102256,3979.59,Pune,2026-01-05,Approved,Utilities,Visa,Utilities,Zomato,UPI,Female
C70715,w102257,18391.36,Hyderabad,2026-05-19,Declined,Travel,Visa,Travel,Amazon,NetBanking,Female
C12203,w102258,20550.16,Delhi,2026-06-29,Declined,Dining,Amex,Fuel,DMart,Credit,Male
C43057,w102259,8789.3,Kolkata,2026-06-08,Declined,Groceries,Amex,Food,Amazon,NetBanking,Male
C61626,w102260,8624.94,Bengaluru,2026-04-27,Approved,Fuel,RuPay,Retail,Swiggy,Credit,Female
C74028,w102261,16082.87,Bengaluru,2026-02-09,Declined,Fuel,Visa,Utilities,Reliance,Credit,Male
C35877,w102262,21133.24,Pune,2026-03-24,Approved,Utilities,Amex,Retail,Zomato,NetBanking,Male
C30916,w102263,20031.6,Vizag,2026-04-09,Approved,Shopping,Visa,Utilities,Zomato,Credit,Male
C94282,w102264,5824.68,Bengaluru,2026-05-04,Declined,Dining,Amex,Retail,Amazon,UPI,Male
C73835,w102265,10416.01,Hyderabad,2026-01-06,Approved,Dining,Amex,Fuel,Reliance,NetBanking,Female
C90928,w102266,8455.68,Pune,2026-02-17,Approved,Groceries,MasterCard,Fuel,DMart,Credit,Female
C36345,w102267,6169.97,Bengaluru,2026-03-07,Declined,Utilities,RuPay,E-commerce,HPCL,NetBanking,Male
C37475,w102268,4593.05,Vizag,2026-02-02,Approved,Groceries,MasterCard,E-commerce,Reliance,UPI,Male
C27973,w102269,9069.92,Pune,2026-05-29,Declined,Fuel,Visa,E-commerce,Amazon,NetBanking,Male
C70614,w102270,6332.31,Delhi,2026-05-08,Approved,Utilities,Amex,E-commerce,IRCTC,Credit,Male
C80919,w102271,755.78,Delhi,2026-05-02,Declined,Travel,MasterCard,Fuel,Reliance,NetBanking,Male
C18814,w102272,17827.05,Hyderabad,2026-06-23,Declined,Utilities,RuPay,Retail,IRCTC,Credit,Male
C53312,w102273,5095.59,Mumbai,2026-06-18,Approved,Dining,MasterCard,Retail,HPCL,UPI,Female
C63281,w102274,13119.3,Kolkata,2026-01-10,Approved,Shopping,RuPay,Fuel,Swiggy,UPI,Female
C86733,w102275,2585.11,Bengaluru,2026-04-13,Approved,Shopping,RuPay,Utilities,Reliance,UPI,Male
C32210,w102276,1359.11,Kolkata,2026-06-18,Approved,Fuel,Amex,Travel,IOCL,UPI,Female
C67040,w102277,16571.16,Bengaluru,2026-03-27,Approved,Groceries,RuPay,Travel,Reliance,UPI,Female
C68864,w102278,24017.42,Pune,2026-06-13,Approved,Travel,MasterCard,E-commerce,DMart,UPI,Female
C91920,w102279,13949.15,Delhi,2026-04-25,Approved,Fuel,RuPay,Food,Zomato,NetBanking,Male
C27589,w102280,6904.47,Mumbai,2026-02-24,Approved,Shopping,Visa,Utilities,IRCTC,Credit,Female
C44844,w102281,5990.57,Delhi,2026-03-24,Declined,Groceries,MasterCard,Travel,DMart,Credit,Female
C16137,w102282,10247.58,Vizag,2026-01-26,Approved,Utilities,Visa,Travel,Swiggy,Credit,Male
C31154,w102283,21964.08,Delhi,2026-05-02,Approved,Shopping,Amex,Food,Swiggy,Credit,Female
C85143,w102284,15087.87,Hyderabad,2026-05-28,Declined,Fuel,MasterCard,E-commerce,IOCL,UPI,Male
C47086,w102285,4256.89,Chennai,2026-03-27,Approved,Fuel,RuPay,Travel,Zomato,UPI,Female
C15445,w102286,14112.76,Kolkata,2026-01-19,Approved,Utilities,Amex,Utilities,Reliance,UPI,Male
C50425,w102287,11789.26,Bengaluru,2026-06-20,Approved,Shopping,RuPay,Travel,Zomato,Credit,Female
C18486,w102288,5423.72,Delhi,2026-04-13,Approved,Utilities,MasterCard,Utilities,IOCL,UPI,Male
C91031,w102289,10741.39,Vizag,2026-04-30,Approved,Groceries,MasterCard,Travel,Zomato,NetBanking,Male
C90329,w102290,20244.12,Kolkata,2026-01-06,Approved,Utilities,Visa,Travel,Swiggy,Credit,Female
C50983,w102291,1986.58,Pune,2026-02-02,Approved,Travel,Visa,E-commerce,IOCL,UPI,Male
C43402,w102292,2701.86,Kolkata,2026-05-25,Declined,Groceries,MasterCard,E-commerce,IOCL,UPI,Female
C34475,w102293,6594.94,Mumbai,2026-03-12,Approved,Utilities,Visa,Retail,DMart,UPI,Female
C93424,w102294,4735.42,Vizag,2026-03-24,Approved,Dining,RuPay,Utilities,IOCL,UPI,Male
C98561,w102295,15105.75,Hyderabad,2026-04-15,Approved,Shopping,RuPay,Food,Swiggy,UPI,Female
C96349,w102296,14392.7,Hyderabad,2026-02-08,Approved,Dining,Visa,Travel,DMart,Credit,Male
C54513,w102297,5759.42,Mumbai,2026-03-10,Declined,Fuel,Visa,Fuel,HPCL,NetBanking,Male
C22405,w102298,10706.18,Pune,2026-02-24,Approved,Fuel,MasterCard,Travel,Swiggy,Credit,Female
C27679,w102299,8951.03,Kolkata,2026-04-09,Approved,Shopping,RuPay,Fuel,IOCL,UPI,Male
C65439,w102300,13413.96,Vizag,2026-06-02,Approved,Groceries,Amex,Food,IOCL,NetBanking,Female
C39756,w102301,8593.54,Mumbai,2026-06-23,Declined,Utilities,MasterCard,Utilities,HPCL,NetBanking,Female
C78603,w102302,16142.96,Delhi,2026-04-06,Declined,Dining,RuPay,Travel,DMart,Credit,Female
C62879,w102303,7291.82,Delhi,2026-04-15,Approved,Groceries,Amex,Fuel,HPCL,UPI,Male
C71915,w102304,13220.05,Mumbai,2026-05-11,Declined,Dining,Amex,Fuel,Swiggy,Credit,Male
C21875,w102305,8607.72,Bengaluru,2026-01-20,Declined,Shopping,RuPay,Food,Swiggy,NetBanking,Male
C18552,w102306,16557.89,Pune,2026-03-11,Approved,Shopping,Amex,Food,DMart,UPI,Male
C23760,w102307,422.74,Bengaluru,2026-03-05,Approved,Fuel,Amex,Travel,Swiggy,Credit,Male
C82466,w102308,22809.38,Kolkata,2026-01-18,Declined,Groceries,MasterCard,E-commerce,Reliance,Credit,Male
C59714,w102309,19363.7,Mumbai,2026-05-05,Declined,Shopping,Visa,Retail,Amazon,Credit,Male
C72323,w102310,16525.04,Pune,2026-05-04,Approved,Groceries,Amex,Travel,Amazon,Credit,Female
C84108,w102311,8367.78,Mumbai,2026-03-07,Declined,Groceries,Visa,E-commerce,Amazon,NetBanking,Male
C37071,w102312,3601.42,Bengaluru,2026-05-03,Approved,Utilities,MasterCard,E-commerce,IRCTC,NetBanking,Female
C36228,w102313,2896.92,Delhi,2026-01-08,Approved,Shopping,RuPay,Fuel,IRCTC,Credit,Female
C84374,w102314,3787.91,Hyderabad,2026-02-13,Approved,Travel,Visa,Food,IOCL,UPI,Female
C92946,w102315,4024.43,Bengaluru,2026-02-21,Declined,Dining,Visa,Travel,IOCL,UPI,Male
C10775,w102316,18566.66,Vizag,2026-02-17,Declined,Travel,MasterCard,Food,Amazon,Credit,Female
C84970,w102317,3179.73,Hyderabad,2026-03-14,Approved,Shopping,Amex,Travel,HPCL,UPI,Male
C26027,w102318,17643.33,Vizag,2026-04-05,Declined,Travel,Visa,E-commerce,Amazon,NetBanking,Male
C55984,w102319,17898.01,Pune,2026-04-25,Declined,Utilities,MasterCard,Travel,DMart,NetBanking,Male
C83882,w102320,4372.66,Mumbai,2026-02-19,Declined,Groceries,RuPay,Utilities,IRCTC,NetBanking,Male
C46626,w102321,12096.86,Bengaluru,2026-05-17,Approved,Travel,Visa,Travel,IRCTC,NetBanking,Male
C93584,w102322,14142.61,Hyderabad,2026-03-26,Declined,Fuel,RuPay,E-commerce,Amazon,Credit,Female
C90837,w102323,15149.27,Delhi,2026-01-31,Declined,Shopping,RuPay,E-commerce,HPCL,Credit,Male
C28729,w102324,21240.25,Kolkata,2026-04-18,Approved,Fuel,Amex,Utilities,DMart,UPI,Female
C12927,w102325,18049.25,Hyderabad,2026-05-04,Approved,Dining,Visa,Food,HPCL,Credit,Male
C91575,w102326,12061.81,Vizag,2026-04-12,Approved,Utilities,Visa,Food,Amazon,NetBanking,Male
C15934,w102327,17308.01,Hyderabad,2026-01-11,Approved,Utilities,RuPay,Retail,Amazon,Credit,Female
C51292,w102328,24284.71,Bengaluru,2026-03-20,Approved,Travel,RuPay,Retail,Reliance,Credit,Female
C24297,w102329,2349.77,Mumbai,2026-04-26,Declined,Groceries,Visa,Retail,Amazon,UPI,Female
C44447,w102330,18061.07,Vizag,2026-02-16,Approved,Travel,Visa,Utilities,Reliance,UPI,Male
C77046,w102331,1382.36,Bengaluru,2026-06-09,Declined,Travel,Visa,Travel,IOCL,Credit,Male
C80365,w102332,13343.98,Mumbai,2026-02-10,Approved,Utilities,MasterCard,Utilities,Amazon,UPI,Male
C87326,w102333,4584.88,Bengaluru,2026-06-10,Approved,Utilities,MasterCard,Retail,Reliance,UPI,Male
C50623,w102334,1063.07,Kolkata,2026-01-19,Declined,Utilities,Amex,Travel,Amazon,UPI,Male
C23338,w102335,12458.74,Chennai,2026-04-10,Declined,Fuel,Visa,Fuel,HPCL,UPI,Female
C42829,w102336,5957.1,Pune,2026-04-06,Approved,Shopping,Amex,Food,HPCL,UPI,Female
C68245,w102337,1753.09,Bengaluru,2026-03-22,Approved,Utilities,RuPay,Food,HPCL,Credit,Male
C17834,w102338,13531.48,Delhi,2026-05-20,Declined,Utilities,RuPay,E-commerce,DMart,NetBanking,Male
C76219,w102339,7778.89,Chennai,2026-03-15,Approved,Travel,RuPay,E-commerce,Zomato,Credit,Male
C97884,w102340,17858.05,Vizag,2026-05-01,Approved,Shopping,RuPay,Utilities,HPCL,NetBanking,Male
C20115,w102341,16567.99,Mumbai,2026-02-05,Approved,Groceries,Visa,Utilities,Zomato,UPI,Male
C25789,w102342,1220.2,Kolkata,2026-02-16,Approved,Utilities,Visa,Food,Reliance,UPI,Female
C54975,w102343,13301.07,Vizag,2026-05-23,Approved,Travel,RuPay,E-commerce,IOCL,NetBanking,Female
C32029,w102344,24406.21,Bengaluru,2026-06-25,Approved,Shopping,Visa,E-commerce,Swiggy,Credit,Female
C21751,w102345,8033.67,Kolkata,2026-02-11,Approved,Shopping,MasterCard,Fuel,Zomato,NetBanking,Female
C17224,w102346,11106.92,Pune,2026-01-09,Declined,Fuel,RuPay,E-commerce,Swiggy,NetBanking,Female
C32944,w102347,22738.54,Bengaluru,2026-04-07,Approved,Dining,RuPay,E-commerce,DMart,UPI,Female
C67601,w102348,14114.59,Delhi,2026-01-04,Declined,Dining,MasterCard,Food,IOCL,UPI,Male
C22118,w102349,22793.61,Chennai,2026-03-22,Approved,Fuel,RuPay,Food,Swiggy,Credit,Male
C77014,w102350,9961.01,Chennai,2026-05-14,Declined,Shopping,Visa,Fuel,IRCTC,Credit,Male
C89896,w102351,23467.89,Vizag,2026-03-19,Approved,Shopping,RuPay,Fuel,IRCTC,UPI,Male
C14832,w102352,3285.27,Bengaluru,2026-04-21,Approved,Shopping,RuPay,Utilities,Zomato,Credit,Male
C84413,w102353,24630.49,Chennai,2026-04-26,Declined,Fuel,Amex,Utilities,Swiggy,UPI,Female
C88165,w102354,7886.25,Vizag,2026-06-14,Declined,Dining,RuPay,Food,DMart,NetBanking,Male
C59495,w102355,9899.71,Bengaluru,2026-06-06,Declined,Fuel,Visa,Utilities,IOCL,Credit,Female
C93816,w102356,22829.48,Hyderabad,2026-02-10,Approved,Dining,Visa,Utilities,DMart,UPI,Male
C30523,w102357,21620.75,Delhi,2026-01-30,Declined,Shopping,Amex,Food,IRCTC,UPI,Male
C42579,w102358,23542.2,Kolkata,2026-02-25,Approved,Fuel,Visa,Food,Zomato,UPI,Male
C72162,w102359,15299.39,Hyderabad,2026-01-27,Declined,Groceries,MasterCard,Retail,IRCTC,UPI,Male
C84522,w102360,21569.36,Chennai,2026-03-31,Declined,Dining,RuPay,Utilities,Amazon,Credit,Male
C95310,w102361,4901.16,Hyderabad,2026-04-03,Approved,Fuel,RuPay,Food,Amazon,UPI,Male
C53210,w102362,23229.87,Pune,2026-06-15,Approved,Dining,Visa,Food,Reliance,UPI,Female
C36312,w102363,10022.72,Kolkata,2026-05-20,Declined,Utilities,Visa,Food,Swiggy,NetBanking,Female
C64473,w102364,5969.94,Delhi,2026-01-22,Approved,Shopping,RuPay,Retail,HPCL,NetBanking,Female
C97689,w102365,23967.64,Chennai,2026-01-26,Declined,Fuel,RuPay,E-commerce,Reliance,NetBanking,Male
C68932,w102366,24204.35,Bengaluru,2026-06-24,Approved,Dining,RuPay,E-commerce,Zomato,Credit,Female
C48831,w102367,1942.5,Bengaluru,2026-06-04,Approved,Travel,Amex,Retail,IRCTC,UPI,Male
C74665,w102368,12809.92,Delhi,2026-06-15,Approved,Dining,Amex,Food,HPCL,Credit,Female
C79489,w102369,22249.98,Pune,2026-03-09,Declined,Travel,RuPay,Fuel,Amazon,UPI,Male
C11455,w102370,19907.41,Pune,2026-03-29,Declined,Fuel,RuPay,Utilities,Reliance,Credit,Male
C78959,w102371,11901.87,Hyderabad,2026-03-27,Approved,Groceries,RuPay,E-commerce,Zomato,UPI,Female
C43313,w102372,1380.12,Bengaluru,2026-05-22,Approved,Shopping,RuPay,Retail,Zomato,NetBanking,Female
C32172,w102373,13877.83,Vizag,2026-02-26,Approved,Groceries,Visa,E-commerce,IRCTC,Credit,Female
C32985,w102374,3187.81,Mumbai,2026-05-09,Approved,Utilities,Amex,Fuel,Reliance,NetBanking,Female
C58448,w102375,14416.16,Kolkata,2026-04-15,Approved,Fuel,MasterCard,Retail,Swiggy,Credit,Female
C92751,w102376,22879.86,Hyderabad,2026-03-03,Approved,Travel,Visa,E-commerce,Amazon,UPI,Male
C48747,w102377,20682.36,Delhi,2026-01-01,Declined,Shopping,MasterCard,Retail,Zomato,Credit,Female
C19237,w102378,3611.6,Pune,2026-03-20,Approved,Travel,MasterCard,Fuel,DMart,Credit,Female
C14037,w102379,4411.76,Delhi,2026-03-16,Declined,Groceries,RuPay,Food,Amazon,Credit,Female
C47625,w102380,798.36,Delhi,2026-05-17,Approved,Utilities,Visa,Travel,IRCTC,Credit,Female
C70789,w102381,13602.09,Mumbai,2026-03-13,Declined,Utilities,MasterCard,Utilities,IOCL,NetBanking,Female
C53567,w102382,20107.75,Mumbai,2026-04-16,Declined,Dining,RuPay,E-commerce,Zomato,NetBanking,Female
C32553,w102383,10666.32,Mumbai,2026-01-04,Declined,Shopping,RuPay,Utilities,Swiggy,Credit,Female
C81138,w102384,9223.37,Vizag,2026-06-08,Approved,Dining,Amex,Utilities,Reliance,UPI,Male
C93092,w102385,12045.72,Chennai,2026-05-05,Declined,Utilities,MasterCard,Utilities,Amazon,Credit,Male
C31735,w102386,19843.68,Delhi,2026-01-30,Declined,Groceries,Visa,Utilities,HPCL,Credit,Male
C30603,w102387,5344.78,Vizag,2026-02-11,Declined,Dining,Amex,Retail,Swiggy,NetBanking,Male
C62682,w102388,13242.84,Mumbai,2026-02-18,Approved,Fuel,MasterCard,Retail,IOCL,UPI,Female
C81894,w102389,19835.15,Vizag,2026-03-26,Approved,Fuel,MasterCard,Travel,IOCL,UPI,Male
C98939,w102390,3204.46,Pune,2026-05-11,Approved,Shopping,Visa,Food,IOCL,Credit,Female
C35438,w102391,13209.49,Hyderabad,2026-03-13,Declined,Shopping,Amex,Travel,DMart,Credit,Male
C83547,w102392,3868.64,Delhi,2026-02-15,Approved,Dining,Visa,Fuel,IRCTC,UPI,Female
C95510,w102393,14421.05,Hyderabad,2026-02-16,Approved,Shopping,MasterCard,E-commerce,IOCL,NetBanking,Female
C96478,w102394,3773.67,Delhi,2026-05-01,Approved,Dining,MasterCard,E-commerce,Swiggy,UPI,Male
C53767,w102395,18874.37,Vizag,2026-02-01,Approved,Groceries,Amex,Food,IOCL,Credit,Female
C34493,w102396,3490.65,Mumbai,2026-05-16,Declined,Dining,RuPay,Food,Zomato,NetBanking,Female
C95568,w102397,14496.39,Chennai,2026-01-04,Declined,Groceries,MasterCard,Food,Reliance,UPI,Female
C57635,w102398,11463.41,Chennai,2026-06-01,Declined,Shopping,MasterCard,Utilities,HPCL,NetBanking,Female
C78442,w102399,23820.24,Kolkata,2026-02-27,Approved,Utilities,Amex,Utilities,HPCL,UPI,Male
C41355,w102400,3042.48,Vizag,2026-04-15,Declined,Utilities,Amex,Utilities,IRCTC,NetBanking,Male
C65518,w102401,9340.13,Chennai,2026-06-13,Approved,Utilities,MasterCard,Utilities,Amazon,NetBanking,Female
C86875,w102402,10518.31,Mumbai,2026-05-25,Declined,Travel,Visa,Utilities,Swiggy,UPI,Male
C35464,w102403,6760.52,Bengaluru,2026-02-27,Approved,Dining,RuPay,Retail,HPCL,Credit,Female
C26747,w102404,4924.9,Mumbai,2026-05-10,Approved,Travel,MasterCard,Fuel,IOCL,Credit,Male
C55095,w102405,11036.62,Hyderabad,2026-05-24,Approved,Dining,MasterCard,Fuel,Amazon,Credit,Female
C84943,w102406,23417.69,Pune,2026-01-17,Approved,Shopping,MasterCard,E-commerce,Reliance,Credit,Female
C75802,w102407,23326.05,Mumbai,2026-06-08,Declined,Utilities,Visa,Utilities,Amazon,NetBanking,Female
C64229,w102408,24437.47,Mumbai,2026-02-01,Declined,Groceries,RuPay,E-commerce,Reliance,NetBanking,Female
C68207,w102409,3222.17,Bengaluru,2026-05-14,Declined,Utilities,RuPay,E-commerce,Amazon,UPI,Female
C66627,w102410,20332.67,Pune,2026-01-30,Approved,Shopping,Amex,Food,HPCL,NetBanking,Female
C30383,w102411,11152.85,Delhi,2026-04-10,Declined,Utilities,Visa,Utilities,Zomato,UPI,Female
C40799,w102412,15548.57,Chennai,2026-05-23,Approved,Utilities,Amex,Utilities,IOCL,UPI,Male
C44778,w102413,15579.94,Chennai,2026-06-21,Declined,Utilities,MasterCard,E-commerce,Zomato,Credit,Female
C34256,w102414,12994.02,Kolkata,2026-01-02,Declined,Travel,Amex,Utilities,Reliance,NetBanking,Female
C76955,w102415,20992.5,Mumbai,2026-01-06,Declined,Groceries,Visa,E-commerce,Swiggy,NetBanking,Male
C78231,w102416,21319.92,Pune,2026-03-11,Declined,Shopping,RuPay,Retail,Reliance,UPI,Male
C49303,w102417,20607.84,Bengaluru,2026-02-25,Declined,Fuel,MasterCard,Utilities,Amazon,UPI,Male
C54392,w102418,14856.25,Hyderabad,2026-05-28,Declined,Travel,Amex,Utilities,Amazon,Credit,Female
C95107,w102419,6254.95,Pune,2026-06-02,Declined,Fuel,RuPay,Travel,Zomato,UPI,Male
C34384,w102420,20016.43,Mumbai,2026-02-22,Declined,Utilities,Amex,Retail,IOCL,Credit,Male
C71699,w102421,9184.2,Delhi,2026-06-20,Declined,Dining,Amex,Food,Swiggy,UPI,Male
C51248,w102422,15940.33,Mumbai,2026-04-23,Declined,Groceries,Amex,E-commerce,Reliance,Credit,Female
C67169,w102423,18684.07,Mumbai,2026-02-03,Declined,Utilities,Visa,Utilities,Reliance,NetBanking,Male
C35986,w102424,15018.02,Vizag,2026-05-26,Declined,Shopping,Amex,Food,Swiggy,UPI,Female
C95135,w102425,11782.76,Chennai,2026-05-26,Approved,Travel,Amex,Retail,Reliance,NetBanking,Female
C25396,w102426,9278.08,Vizag,2026-03-08,Declined,Fuel,Amex,Retail,Amazon,Credit,Female
C41476,w102427,22068.75,Chennai,2026-02-01,Approved,Shopping,Amex,Fuel,IOCL,Credit,Male
C65274,w102428,478.51,Mumbai,2026-06-18,Declined,Dining,Amex,Utilities,Amazon,Credit,Male
C45240,w102429,22187.84,Pune,2026-03-29,Approved,Dining,RuPay,Food,Swiggy,Credit,Male
C81268,w102430,22490.56,Vizag,2026-02-08,Declined,Shopping,Amex,E-commerce,Reliance,Credit,Male
C64306,w102431,11392.35,Vizag,2026-01-06,Approved,Dining,RuPay,Retail,IRCTC,NetBanking,Male
C19925,w102432,11679.49,Chennai,2026-01-13,Approved,Dining,Visa,Retail,IRCTC,Credit,Female
C57840,w102433,23125.86,Vizag,2026-01-07,Declined,Fuel,Amex,Food,Zomato,Credit,Female
C29968,w102434,3705.6,Delhi,2026-01-31,Approved,Utilities,Visa,Food,Amazon,Credit,Female
C37809,w102435,697.09,Vizag,2026-03-16,Declined,Shopping,MasterCard,Travel,Amazon,Credit,Male
C15770,w102436,13868.09,Delhi,2026-04-22,Approved,Travel,RuPay,E-commerce,HPCL,Credit,Male
C52257,w102437,2944.54,Mumbai,2026-05-16,Approved,Groceries,Visa,Retail,Reliance,NetBanking,Female
C78381,w102438,24693.42,Kolkata,2026-06-23,Approved,Fuel,MasterCard,Utilities,Swiggy,NetBanking,Male
C14121,w102439,1492.24,Vizag,2026-02-14,Approved,Groceries,MasterCard,Food,Amazon,NetBanking,Male
C69472,w102440,6234.28,Mumbai,2026-01-26,Declined,Utilities,Amex,Food,Swiggy,UPI,Male
C70545,w102441,12756.06,Delhi,2026-05-16,Declined,Travel,Amex,Fuel,Reliance,NetBanking,Female
C24223,w102442,9137.47,Hyderabad,2026-05-06,Declined,Shopping,MasterCard,Fuel,IRCTC,Credit,Female
C99615,w102443,23837.51,Bengaluru,2026-04-12,Approved,Fuel,Amex,E-commerce,HPCL,Credit,Male
C57363,w102444,8610.66,Bengaluru,2026-03-04,Declined,Shopping,Amex,Travel,IOCL,UPI,Male
C83986,w102445,5983.64,Mumbai,2026-04-23,Declined,Utilities,MasterCard,Utilities,IOCL,UPI,Female
C15435,w102446,24207.04,Mumbai,2026-05-30,Approved,Utilities,MasterCard,Utilities,IRCTC,UPI,Female
C48614,w102447,22852.07,Mumbai,2026-02-15,Approved,Dining,Amex,Travel,DMart,NetBanking,Female
C25375,w102448,6623.47,Chennai,2026-01-10,Declined,Fuel,MasterCard,Travel,IOCL,UPI,Female
C39248,w102449,3225.84,Kolkata,2026-05-12,Declined,Shopping,RuPay,Utilities,DMart,UPI,Male
C39008,w102450,7122.66,Chennai,2026-06-09,Approved,Dining,Amex,Retail,Swiggy,Credit,Male
C11082,w102451,14164.5,Chennai,2026-06-03,Declined,Groceries,MasterCard,Travel,Zomato,Credit,Female
C40792,w102452,21959.66,Delhi,2026-03-26,Approved,Shopping,MasterCard,Travel,IRCTC,NetBanking,Female
C21347,w102453,7082.63,Hyderabad,2026-02-02,Declined,Groceries,RuPay,E-commerce,IRCTC,UPI,Male
C78309,w102454,17973.08,Bengaluru,2026-04-13,Approved,Dining,RuPay,Utilities,Amazon,NetBanking,Male
C66446,w102455,14062.92,Chennai,2026-05-16,Approved,Groceries,Amex,Utilities,IOCL,NetBanking,Male
C45393,w102456,3568.04,Chennai,2026-02-23,Declined,Groceries,RuPay,Utilities,Reliance,NetBanking,Female
C66497,w102457,12413.9,Pune,2026-05-21,Declined,Dining,Amex,Food,IRCTC,Credit,Female
C29030,w102458,16679.11,Chennai,2026-01-22,Declined,Utilities,RuPay,Food,IRCTC,NetBanking,Female
C60760,w102459,7714.37,Kolkata,2026-05-02,Approved,Fuel,MasterCard,Utilities,IRCTC,NetBanking,Male
C95829,w102460,24988.09,Chennai,2026-06-27,Approved,Travel,Visa,Travel,Swiggy,Credit,Male
C45096,w102461,3889.03,Chennai,2026-03-02,Approved,Utilities,Visa,Utilities,Amazon,NetBanking,Female
C87921,w102462,16121.67,Pune,2026-04-28,Approved,Dining,MasterCard,Food,HPCL,Credit,Female
C51880,w102463,14111.97,Hyderabad,2026-02-13,Declined,Shopping,Visa,Retail,Reliance,NetBanking,Female
C26109,w102464,1444.07,Hyderabad,2026-05-31,Declined,Fuel,Amex,Food,Zomato,Credit,Female
C20299,w102465,198.96,Kolkata,2026-03-18,Declined,Fuel,Amex,E-commerce,DMart,Credit,Female
C23956,w102466,12560.91,Mumbai,2026-04-20,Declined,Groceries,Amex,Travel,Zomato,NetBanking,Male
C58471,w102467,11686.61,Pune,2026-02-22,Declined,Groceries,MasterCard,E-commerce,Zomato,Credit,Male
C98737,w102468,11006.71,Bengaluru,2026-01-18,Declined,Fuel,RuPay,Retail,Reliance,NetBanking,Male
C80709,w102469,14752.52,Chennai,2026-01-09,Declined,Travel,MasterCard,Travel,Reliance,Credit,Female
C92573,w102470,1162.97,Bengaluru,2026-03-25,Declined,Shopping,RuPay,Food,DMart,NetBanking,Male
C18510,w102471,4703.7,Pune,2026-03-28,Declined,Shopping,MasterCard,Utilities,Zomato,Credit,Male
C83451,w102472,24295.1,Mumbai,2026-02-20,Declined,Utilities,Amex,Travel,IOCL,UPI,Female
C95780,w102473,10804.9,Kolkata,2026-02-25,Approved,Utilities,Visa,Food,HPCL,NetBanking,Female
C25332,w102474,21346.85,Pune,2026-03-12,Approved,Dining,RuPay,Food,Swiggy,NetBanking,Female
C39847,w102475,9386.83,Mumbai,2026-02-26,Approved,Groceries,Amex,Utilities,IRCTC,NetBanking,Female
C59674,w102476,19952.0,Chennai,2026-02-09,Approved,Fuel,MasterCard,E-commerce,Amazon,Credit,Male
C84319,w102477,24206.67,Kolkata,2026-01-15,Declined,Utilities,Amex,Travel,HPCL,UPI,Female
C40455,w102478,3176.05,Chennai,2026-05-10,Approved,Dining,Amex,Food,Swiggy,NetBanking,Male
C52765,w102479,9960.77,Pune,2026-04-09,Declined,Utilities,MasterCard,Utilities,DMart,Credit,Male
C63422,w102480,12517.89,Pune,2026-06-06,Approved,Fuel,MasterCard,Food,Swiggy,UPI,Male
C20294,w102481,5057.47,Chennai,2026-04-05,Approved,Dining,MasterCard,Food,Swiggy,NetBanking,Female
C53807,w102482,19458.57,Kolkata,2026-06-22,Declined,Shopping,MasterCard,Utilities,IRCTC,NetBanking,Male
C49909,w102483,6768.09,Chennai,2026-06-25,Declined,Dining,Visa,Utilities,IRCTC,Credit,Male
C38123,w102484,1794.17,Delhi,2026-02-01,Declined,Fuel,RuPay,E-commerce,IRCTC,NetBanking,Female
C90688,w102485,17757.95,Hyderabad,2026-04-28,Approved,Shopping,RuPay,Fuel,Swiggy,NetBanking,Female
C22504,w102486,5652.5,Mumbai,2026-02-16,Approved,Shopping,MasterCard,Utilities,Reliance,UPI,Female
C62168,w102487,18684.55,Vizag,2026-04-20,Approved,Utilities,Amex,Travel,IOCL,Credit,Female
C53379,w102488,14164.71,Kolkata,2026-05-17,Declined,Groceries,Visa,Fuel,HPCL,Credit,Male
C34739,w102489,21660.66,Mumbai,2026-04-22,Declined,Utilities,Amex,Food,Amazon,Credit,Female
C43034,w102490,1930.75,Chennai,2026-02-19,Approved,Utilities,RuPay,Utilities,IRCTC,NetBanking,Male
C28208,w102491,708.17,Hyderabad,2026-05-08,Declined,Fuel,Amex,Food,Zomato,UPI,Female
C32274,w102492,4035.44,Bengaluru,2026-03-07,Approved,Groceries,RuPay,E-commerce,IOCL,NetBanking,Female
C36083,w102493,1169.08,Chennai,2026-04-06,Declined,Groceries,Amex,Travel,Reliance,UPI,Female
C43272,w102494,14878.79,Chennai,2026-05-04,Declined,Shopping,Amex,Utilities,Reliance,UPI,Male
C40950,w102495,18330.29,Delhi,2026-05-20,Declined,Dining,Amex,Fuel,Amazon,Credit,Female
C76895,w102496,1199.69,Chennai,2026-06-01,Declined,Fuel,Amex,Retail,Zomato,Credit,Female
C61734,w102497,4076.49,Bengaluru,2026-05-07,Declined,Travel,MasterCard,Fuel,DMart,NetBanking,Female
C86160,w102498,8834.13,Vizag,2026-03-22,Approved,Shopping,MasterCard,Fuel,Amazon,UPI,Female
C10395,w102499,9298.12,Pune,2026-04-29,Declined,Groceries,MasterCard,Utilities,Zomato,UPI,Female
C54588,w102500,8667.07,Kolkata,2026-03-18,Declined,Utilities,RuPay,Retail,Swiggy,NetBanking,Female
C79316,w102501,10676.64,Hyderabad,2026-04-17,Approved,Dining,Visa,Retail,IOCL,NetBanking,Male
C31908,w102502,10954.51,Chennai,2026-03-26,Approved,Utilities,MasterCard,Utilities,IOCL,UPI,Male
C23030,w102503,14121.79,Pune,2026-03-24,Declined,Shopping,MasterCard,Utilities,Swiggy,Credit,Male
C20958,w102504,11910.88,Kolkata,2026-06-04,Declined,Shopping,MasterCard,Utilities,Amazon,UPI,Female
C56206,w102505,17916.96,Pune,2026-03-15,Approved,Dining,MasterCard,Travel,IOCL,Credit,Female
C83031,w102506,5024.84,Mumbai,2026-02-25,Declined,Groceries,Visa,Fuel,Amazon,Credit,Male
C22698,w102507,20770.23,Pune,2026-02-19,Declined,Utilities,Visa,Food,Zomato,Credit,Female
C91563,w102508,8017.63,Mumbai,2026-03-31,Declined,Dining,RuPay,Utilities,Reliance,Credit,Male
C71793,w102509,21375.32,Delhi,2026-06-06,Approved,Travel,Visa,Travel,Swiggy,UPI,Female
C51231,w102510,11629.29,Delhi,2026-01-14,Declined,Groceries,MasterCard,E-commerce,IOCL,NetBanking,Male
C95510,w102511,20031.75,Mumbai,2026-02-19,Declined,Travel,RuPay,Retail,IRCTC,UPI,Female
C52670,w102512,21288.22,Mumbai,2026-06-13,Approved,Groceries,MasterCard,Food,Swiggy,NetBanking,Female
C88776,w102513,22747.06,Kolkata,2026-03-25,Declined,Groceries,Visa,Food,IRCTC,NetBanking,Female
C86099,w102514,6695.38,Hyderabad,2026-04-26,Approved,Fuel,Visa,Travel,Swiggy,NetBanking,Male
C18928,w102515,5417.21,Pune,2026-05-26,Approved,Travel,RuPay,Retail,Reliance,UPI,Female
C53613,w102516,1474.55,Hyderabad,2026-04-28,Declined,Shopping,Amex,Utilities,Zomato,NetBanking,Female
C54438,w102517,6811.37,Vizag,2026-04-19,Declined,Travel,Amex,E-commerce,IRCTC,NetBanking,Male
C42237,w102518,15850.88,Hyderabad,2026-03-17,Approved,Utilities,RuPay,E-commerce,Amazon,NetBanking,Female
C73005,w102519,10506.23,Bengaluru,2026-01-18,Approved,Utilities,RuPay,Travel,HPCL,NetBanking,Male
C67956,w102520,13710.61,Vizag,2026-04-08,Approved,Fuel,Amex,Utilities,HPCL,UPI,Male
C10660,w102521,6166.67,Kolkata,2026-01-04,Approved,Shopping,RuPay,E-commerce,Amazon,UPI,Female
C85502,w102522,8763.26,Pune,2026-06-10,Declined,Shopping,RuPay,E-commerce,IRCTC,NetBanking,Male
C91233,w102523,7420.9,Hyderabad,2026-01-09,Approved,Travel,Visa,Travel,Zomato,UPI,Male
C39017,w102524,18870.39,Hyderabad,2026-03-22,Declined,Dining,Visa,Utilities,Amazon,Credit,Female
C14091,w102525,12934.73,Chennai,2026-02-20,Declined,Fuel,Amex,Food,Swiggy,UPI,Female
C65901,w102526,23786.15,Pune,2026-04-20,Declined,Travel,MasterCard,Fuel,IOCL,NetBanking,Male
C62426,w102527,5374.45,Mumbai,2026-01-14,Declined,Travel,RuPay,Travel,IRCTC,NetBanking,Male
C57300,w102528,5524.83,Bengaluru,2026-01-24,Declined,Travel,MasterCard,Fuel,Zomato,Credit,Male
C78791,w102529,13001.69,Pune,2026-06-23,Approved,Dining,RuPay,Fuel,DMart,Credit,Female
C93877,w102530,19959.92,Hyderabad,2026-01-19,Declined,Travel,Amex,Food,IOCL,Credit,Female
C12545,w102531,10208.46,Vizag,2026-02-21,Approved,Travel,MasterCard,Retail,IOCL,UPI,Male
C31326,w102532,1311.13,Hyderabad,2026-06-22,Approved,Groceries,Amex,Food,DMart,UPI,Male
C80057,w102533,22559.02,Vizag,2026-05-02,Approved,Dining,Visa,E-commerce,HPCL,UPI,Female
C52438,w102534,3836.64,Delhi,2026-05-30,Declined,Groceries,RuPay,Utilities,Zomato,NetBanking,Female
C26777,w102535,8015.05,Bengaluru,2026-05-29,Declined,Fuel,Amex,Utilities,IOCL,Credit,Male
C72412,w102536,24845.17,Delhi,2026-05-14,Declined,Shopping,MasterCard,Fuel,IOCL,Credit,Male
C94630,w102537,20941.24,Chennai,2026-04-18,Declined,Shopping,Amex,Travel,IRCTC,Credit,Female
C61709,w102538,1226.47,Mumbai,2026-06-04,Declined,Shopping,Visa,Food,IOCL,Credit,Male
C42465,w102539,18916.54,Bengaluru,2026-06-20,Declined,Utilities,Amex,Food,IRCTC,UPI,Female
C80314,w102540,16738.58,Hyderabad,2026-03-25,Approved,Shopping,RuPay,Travel,Swiggy,NetBanking,Female
C53867,w102541,23356.15,Pune,2026-04-20,Declined,Groceries,Visa,E-commerce,Amazon,UPI,Female
C93637,w102542,12261.98,Vizag,2026-01-23,Approved,Utilities,MasterCard,Utilities,Reliance,UPI,Female
C95388,w102543,3225.58,Hyderabad,2026-05-23,Approved,Groceries,Visa,Fuel,DMart,UPI,Male
C46724,w102544,8111.14,Kolkata,2026-04-27,Approved,Utilities,RuPay,Retail,DMart,UPI,Male
C68909,w102545,7355.14,Delhi,2026-06-15,Declined,Fuel,MasterCard,Travel,Reliance,NetBanking,Female
C55776,w102546,7538.69,Pune,2026-04-09,Approved,Fuel,RuPay,Fuel,Reliance,Credit,Male
C25782,w102547,2252.68,Pune,2026-06-11,Declined,Dining,Amex,Travel,Amazon,NetBanking,Male
C60804,w102548,13925.32,Pune,2026-05-08,Approved,Shopping,RuPay,Fuel,Swiggy,UPI,Male
C81721,w102549,7750.78,Pune,2026-04-28,Approved,Utilities,RuPay,Travel,IOCL,UPI,Female
C45183,w102550,4152.87,Kolkata,2026-03-13,Approved,Utilities,Amex,Fuel,IRCTC,NetBanking,Male
C37509,w102551,10781.32,Mumbai,2026-06-16,Approved,Shopping,RuPay,Fuel,DMart,NetBanking,Female
C78718,w102552,21616.69,Pune,2026-03-21,Approved,Groceries,Amex,Utilities,Swiggy,NetBanking,Female
C68684,w102553,22590.56,Delhi,2026-02-23,Declined,Dining,MasterCard,E-commerce,Reliance,UPI,Male
C33941,w102554,5634.32,Kolkata,2026-06-23,Declined,Fuel,MasterCard,Retail,DMart,UPI,Female
C49003,w102555,8561.89,Bengaluru,2026-01-20,Declined,Fuel,RuPay,Utilities,Reliance,UPI,Male
C31532,w102556,5116.22,Delhi,2026-01-10,Approved,Utilities,RuPay,Travel,HPCL,UPI,Male
C37569,w102557,8298.52,Delhi,2026-03-24,Approved,Groceries,MasterCard,Fuel,HPCL,UPI,Female
C30366,w102558,7322.51,Bengaluru,2026-04-23,Declined,Fuel,Visa,Retail,DMart,Credit,Female
C86238,w102559,23279.55,Vizag,2026-01-26,Declined,Utilities,Amex,Food,IRCTC,NetBanking,Female
C12046,w102560,6447.96,Pune,2026-04-02,Declined,Fuel,RuPay,Fuel,Zomato,UPI,Male
C63693,w102561,12555.87,Delhi,2026-06-18,Approved,Utilities,RuPay,Retail,Reliance,UPI,Female
C93116,w102562,17112.97,Vizag,2026-03-23,Approved,Utilities,Visa,Food,DMart,Credit,Male
C19893,w102563,2890.94,Mumbai,2026-01-23,Declined,Utilities,MasterCard,E-commerce,IOCL,Credit,Female
C22279,w102564,2348.48,Bengaluru,2026-02-17,Declined,Groceries,RuPay,Utilities,DMart,NetBanking,Male
C49349,w102565,10497.78,Bengaluru,2026-06-30,Declined,Shopping,Amex,Utilities,Zomato,UPI,Female
C63674,w102566,23876.79,Chennai,2026-01-06,Approved,Dining,Amex,Fuel,HPCL,Credit,Male
C34505,w102567,22626.29,Pune,2026-05-06,Declined,Groceries,Visa,Utilities,IRCTC,Credit,Male
C47946,w102568,4176.54,Chennai,2026-01-20,Declined,Dining,MasterCard,E-commerce,HPCL,UPI,Male
C93051,w102569,8756.52,Hyderabad,2026-02-17,Approved,Dining,MasterCard,Retail,DMart,NetBanking,Male
C94166,w102570,18334.77,Kolkata,2026-04-23,Declined,Fuel,Amex,Utilities,Swiggy,UPI,Female
C30987,w102571,7676.31,Vizag,2026-01-01,Declined,Dining,Visa,Retail,Amazon,UPI,Female
C50235,w102572,20165.65,Bengaluru,2026-05-05,Declined,Utilities,Visa,Retail,HPCL,UPI,Female
C57658,w102573,6292.93,Hyderabad,2026-04-16,Declined,Utilities,MasterCard,Fuel,Reliance,NetBanking,Female
C66934,w102574,13459.35,Delhi,2026-01-16,Declined,Travel,MasterCard,Fuel,Swiggy,NetBanking,Male
C94463,w102575,12787.34,Bengaluru,2026-01-08,Approved,Groceries,Amex,Travel,Amazon,Credit,Male
C33617,w102576,22901.06,Bengaluru,2026-03-11,Approved,Shopping,RuPay,E-commerce,IRCTC,UPI,Female
C15504,w102577,15156.84,Delhi,2026-01-30,Approved,Groceries,MasterCard,Retail,DMart,Credit,Male
C12108,w102578,1406.15,Vizag,2026-04-07,Declined,Fuel,Amex,Food,HPCL,NetBanking,Female
C77479,w102579,24534.33,Pune,2026-04-18,Approved,Fuel,Visa,Food,IRCTC,UPI,Female
C83115,w102580,22989.05,Hyderabad,2026-05-11,Approved,Utilities,Amex,Retail,Zomato,UPI,Female
C60564,w102581,23145.83,Pune,2026-06-22,Approved,Travel,Visa,Travel,Reliance,UPI,Male
C48746,w102582,7561.54,Vizag,2026-03-29,Approved,Groceries,Visa,Travel,Swiggy,NetBanking,Male
C91718,w102583,12055.8,Pune,2026-04-24,Approved,Dining,MasterCard,Food,Swiggy,Credit,Female
C12036,w102584,3200.89,Hyderabad,2026-03-14,Declined,Dining,Amex,Travel,IOCL,NetBanking,Male
C36652,w102585,7527.22,Vizag,2026-06-25,Declined,Dining,Visa,E-commerce,Amazon,UPI,Male
C69737,w102586,6234.46,Chennai,2026-02-27,Approved,Shopping,RuPay,Fuel,IOCL,UPI,Male
C84183,w102587,20171.56,Kolkata,2026-02-09,Approved,Utilities,RuPay,Travel,Zomato,NetBanking,Male
C34424,w102588,379.37,Bengaluru,2026-05-09,Declined,Dining,RuPay,Retail,DMart,Credit,Male
C33627,w102589,18099.13,Kolkata,2026-06-01,Approved,Groceries,MasterCard,Retail,DMart,Credit,Female
C69846,w102590,16927.35,Chennai,2026-05-18,Approved,Travel,Visa,E-commerce,Reliance,UPI,Female
C56923,w102591,18664.81,Kolkata,2026-04-21,Declined,Groceries,RuPay,Food,Swiggy,NetBanking,Male
C76180,w102592,4355.33,Vizag,2026-02-24,Approved,Groceries,MasterCard,Travel,HPCL,Credit,Female
C52961,w102593,6350.35,Delhi,2026-01-24,Approved,Groceries,Amex,Fuel,Swiggy,UPI,Female
C42867,w102594,19847.02,Mumbai,2026-05-04,Approved,Groceries,Visa,E-commerce,IOCL,Credit,Male
C98355,w102595,13810.6,Vizag,2026-02-24,Declined,Groceries,Amex,Travel,Swiggy,UPI,Female
C40640,w102596,2107.36,Mumbai,2026-04-14,Approved,Travel,RuPay,E-commerce,IRCTC,Credit,Male
C96881,w102597,4864.41,Kolkata,2026-04-28,Declined,Utilities,RuPay,Retail,Swiggy,NetBanking,Female
C84539,w102598,15495.8,Vizag,2026-06-12,Declined,Utilities,Amex,Retail,Amazon,Credit,Male
C70849,w102599,18722.29,Vizag,2026-02-10,Approved,Fuel,Amex,E-commerce,Swiggy,NetBanking,Female
C28550,w102600,10291.42,Kolkata,2026-04-22,Approved,Fuel,MasterCard,E-commerce,HPCL,Credit,Female
C31611,w102601,17354.74,Bengaluru,2026-05-01,Declined,Dining,RuPay,Utilities,HPCL,NetBanking,Female
C68351,w102602,1742.62,Pune,2026-03-31,Approved,Groceries,MasterCard,Utilities,IOCL,Credit,Female
C74661,w102603,16457.99,Kolkata,2026-01-22,Declined,Dining,MasterCard,Utilities,Reliance,Credit,Male
C43969,w102604,6572.99,Chennai,2026-04-05,Declined,Utilities,MasterCard,Fuel,Zomato,UPI,Female
C86040,w102605,7936.28,Delhi,2026-05-15,Declined,Travel,MasterCard,Utilities,HPCL,Credit,Male
C25504,w102606,17229.67,Kolkata,2026-03-22,Declined,Dining,Visa,Fuel,Swiggy,UPI,Female
C19774,w102607,16372.55,Vizag,2026-03-21,Approved,Groceries,RuPay,Travel,Zomato,NetBanking,Male
C53047,w102608,20365.22,Bengaluru,2026-03-12,Approved,Dining,Amex,E-commerce,IOCL,UPI,Male
C63588,w102609,15058.66,Chennai,2026-05-25,Declined,Fuel,Amex,Retail,Amazon,UPI,Male
C33667,w102610,12178.45,Chennai,2026-02-25,Approved,Fuel,Visa,Travel,Zomato,UPI,Male
C72217,w102611,8509.33,Bengaluru,2026-04-04,Approved,Travel,RuPay,Utilities,Reliance,UPI,Male
C80838,w102612,13572.18,Delhi,2026-06-11,Approved,Shopping,RuPay,Food,Amazon,NetBanking,Male
C94079,w102613,2745.42,Kolkata,2026-03-10,Declined,Fuel,MasterCard,Fuel,Reliance,NetBanking,Male
C21936,w102614,4156.22,Vizag,2026-04-06,Approved,Fuel,Visa,E-commerce,Zomato,NetBanking,Male
C91896,w102615,11879.39,Chennai,2026-03-02,Declined,Shopping,Amex,Fuel,DMart,Credit,Female
C43297,w102616,19773.07,Pune,2026-02-12,Declined,Groceries,Amex,Travel,Zomato,Credit,Female
C50223,w102617,20757.19,Mumbai,2026-06-24,Approved,Travel,Visa,E-commerce,DMart,Credit,Female
C85520,w102618,7666.23,Hyderabad,2026-05-25,Declined,Travel,Visa,E-commerce,HPCL,Credit,Female
C53566,w102619,16449.11,Bengaluru,2026-03-26,Approved,Fuel,Visa,E-commerce,Zomato,Credit,Male
C34387,w102620,22315.75,Delhi,2026-04-25,Approved,Utilities,Visa,E-commerce,Reliance,UPI,Male
C56643,w102621,10938.93,Vizag,2026-06-29,Approved,Fuel,RuPay,Retail,IRCTC,UPI,Female
C12633,w102622,23075.93,Delhi,2026-03-21,Declined,Utilities,MasterCard,Food,Zomato,NetBanking,Female
C47791,w102623,8124.09,Vizag,2026-02-24,Declined,Dining,Amex,Utilities,Zomato,Credit,Female
C58968,w102624,14579.4,Pune,2026-03-19,Declined,Groceries,Amex,Retail,IOCL,UPI,Female
C86520,w102625,21059.99,Vizag,2026-01-17,Approved,Groceries,Amex,Retail,Amazon,UPI,Male
C78733,w102626,23005.0,Bengaluru,2026-06-01,Declined,Shopping,RuPay,Food,IOCL,Credit,Male
C91185,w102627,4224.65,Chennai,2026-03-31,Approved,Fuel,RuPay,Fuel,HPCL,UPI,Male
C68045,w102628,7653.5,Bengaluru,2026-04-20,Approved,Utilities,Amex,Travel,IOCL,Credit,Male
C17107,w102629,6161.7,Delhi,2026-06-26,Approved,Groceries,Visa,Retail,Swiggy,NetBanking,Male
C89419,w102630,2245.18,Kolkata,2026-01-31,Approved,Dining,Visa,Retail,HPCL,NetBanking,Male
C28257,w102631,19187.94,Chennai,2026-04-09,Declined,Travel,Amex,Food,IRCTC,NetBanking,Female
C32368,w102632,24916.04,Hyderabad,2026-05-10,Approved,Shopping,Amex,Utilities,HPCL,Credit,Female
C19881,w102633,16419.62,Mumbai,2026-06-29,Approved,Fuel,Visa,Retail,IRCTC,NetBanking,Female
C44713,w102634,8623.86,Mumbai,2026-01-04,Declined,Fuel,Visa,Utilities,HPCL,Credit,Female
C90617,w102635,20468.98,Bengaluru,2026-04-30,Approved,Fuel,MasterCard,Food,IRCTC,Credit,Male
C59779,w102636,13057.8,Delhi,2026-01-13,Approved,Groceries,MasterCard,Travel,Reliance,UPI,Male
C20710,w102637,10959.12,Chennai,2026-03-28,Approved,Utilities,Amex,Food,Zomato,UPI,Male
C91698,w102638,3446.27,Mumbai,2026-04-02,Declined,Fuel,MasterCard,Retail,Amazon,UPI,Female
C53284,w102639,17786.9,Chennai,2026-04-25,Approved,Shopping,Amex,Utilities,Amazon,UPI,Female
C95545,w102640,10534.84,Pune,2026-05-12,Approved,Dining,MasterCard,Fuel,Zomato,NetBanking,Female
C96447,w102641,18411.02,Vizag,2026-03-25,Approved,Groceries,Visa,Fuel,DMart,Credit,Male
C88202,w102642,17339.3,Chennai,2026-05-12,Declined,Fuel,RuPay,Food,IOCL,NetBanking,Male
C10939,w102643,1597.58,Kolkata,2026-01-21,Declined,Groceries,Visa,Travel,Swiggy,Credit,Male
C51538,w102644,16120.91,Bengaluru,2026-05-18,Approved,Utilities,MasterCard,E-commerce,IRCTC,NetBanking,Female
C85077,w102645,7480.54,Chennai,2026-01-12,Declined,Fuel,RuPay,Food,Zomato,Credit,Male
C81447,w102646,4658.31,Mumbai,2026-03-18,Approved,Travel,Visa,Travel,IOCL,UPI,Female
C55702,w102647,1607.05,Hyderabad,2026-02-07,Declined,Utilities,Amex,Food,IOCL,Credit,Female
C50083,w102648,16700.93,Bengaluru,2026-06-18,Declined,Shopping,Amex,Utilities,Amazon,NetBanking,Male
C97163,w102649,23048.63,Mumbai,2026-01-17,Approved,Travel,RuPay,Travel,IOCL,Credit,Female
C87748,w102650,15259.25,Mumbai,2026-01-07,Declined,Fuel,RuPay,Utilities,Zomato,Credit,Female
C17671,w102651,16029.22,Hyderabad,2026-01-26,Declined,Shopping,Amex,Fuel,HPCL,Credit,Female
C62626,w102652,5533.89,Hyderabad,2026-02-08,Approved,Groceries,RuPay,Travel,Reliance,NetBanking,Male
C75719,w102653,2367.26,Kolkata,2026-03-26,Approved,Groceries,RuPay,Food,DMart,UPI,Female
C40886,w102654,11217.03,Kolkata,2026-02-19,Approved,Utilities,Visa,Travel,DMart,NetBanking,Male
C23829,w102655,10084.23,Kolkata,2026-03-06,Declined,Groceries,RuPay,Fuel,IRCTC,UPI,Female
C95971,w102656,13653.93,Mumbai,2026-05-22,Declined,Groceries,RuPay,Food,DMart,Credit,Female
C51713,w102657,17562.52,Mumbai,2026-04-30,Declined,Groceries,MasterCard,Food,HPCL,NetBanking,Male
C48447,w102658,18065.55,Vizag,2026-06-09,Declined,Shopping,MasterCard,Utilities,Reliance,NetBanking,Male
C59260,w102659,10420.84,Vizag,2026-06-14,Declined,Shopping,Amex,Utilities,HPCL,NetBanking,Female
C11825,w102660,7231.58,Mumbai,2026-01-03,Approved,Utilities,MasterCard,Fuel,IRCTC,NetBanking,Male
C14525,w102661,3634.51,Pune,2026-04-04,Declined,Travel,MasterCard,Utilities,Amazon,NetBanking,Female
C86994,w102662,20300.03,Vizag,2026-01-22,Declined,Travel,Amex,E-commerce,Zomato,Credit,Female
C35270,w102663,24733.1,Hyderabad,2026-04-02,Declined,Utilities,Amex,Utilities,Reliance,NetBanking,Female
C93231,w102664,23089.84,Kolkata,2026-05-28,Approved,Fuel,Visa,Food,DMart,Credit,Male
C37581,w102665,12297.12,Hyderabad,2026-05-17,Declined,Groceries,Visa,Food,Reliance,Credit,Female
C19193,w102666,1296.35,Vizag,2026-01-20,Approved,Fuel,Amex,Travel,HPCL,UPI,Male
C93884,w102667,19567.97,Delhi,2026-05-10,Approved,Travel,Amex,Utilities,IOCL,Credit,Male
C98283,w102668,15918.23,Chennai,2026-03-05,Approved,Groceries,Amex,Food,Zomato,NetBanking,Female
C14012,w102669,8957.77,Chennai,2026-06-04,Approved,Travel,MasterCard,Travel,DMart,Credit,Male
C60560,w102670,24296.23,Pune,2026-03-06,Declined,Travel,Visa,Food,Zomato,Credit,Male
C85690,w102671,1408.09,Delhi,2026-05-11,Approved,Groceries,Visa,Travel,IRCTC,NetBanking,Male
C45444,w102672,16187.63,Vizag,2026-05-20,Approved,Fuel,Amex,Travel,Zomato,UPI,Male
C49902,w102673,12395.75,Hyderabad,2026-05-19,Declined,Dining,Visa,Travel,Zomato,UPI,Female
C95574,w102674,14208.22,Kolkata,2026-03-27,Approved,Dining,Amex,Retail,IOCL,NetBanking,Female
C54478,w102675,3438.2,Chennai,2026-02-27,Approved,Dining,Visa,Utilities,IRCTC,Credit,Male
C55383,w102676,13856.97,Mumbai,2026-01-11,Approved,Fuel,Amex,Fuel,Swiggy,Credit,Female
C62979,w102677,11478.18,Bengaluru,2026-01-15,Declined,Shopping,MasterCard,Travel,Reliance,UPI,Male
C31091,w102678,19499.41,Vizag,2026-04-01,Approved,Shopping,RuPay,Food,IOCL,Credit,Female
C18189,w102679,22963.02,Vizag,2026-03-22,Declined,Travel,MasterCard,Retail,Zomato,Credit,Female
C44886,w102680,24416.09,Hyderabad,2026-02-06,Declined,Groceries,RuPay,Utilities,HPCL,Credit,Female
C59753,w102681,11424.29,Chennai,2026-01-15,Declined,Fuel,Amex,Food,Amazon,NetBanking,Male
C67748,w102682,20236.91,Chennai,2026-01-27,Declined,Shopping,MasterCard,E-commerce,IOCL,Credit,Male
C91782,w102683,5577.13,Mumbai,2026-01-18,Approved,Groceries,MasterCard,Travel,IRCTC,NetBanking,Female
C12332,w102684,1807.09,Bengaluru,2026-01-20,Declined,Groceries,MasterCard,Fuel,IOCL,Credit,Female
C72118,w102685,16416.03,Delhi,2026-02-22,Approved,Dining,Visa,Retail,DMart,UPI,Female
C63803,w102686,1412.06,Hyderabad,2026-05-13,Declined,Dining,RuPay,Utilities,Amazon,Credit,Female
C64204,w102687,19237.02,Vizag,2026-01-02,Declined,Fuel,Visa,Retail,Zomato,UPI,Female
C83669,w102688,18943.4,Bengaluru,2026-03-19,Approved,Utilities,Visa,Food,IRCTC,Credit,Male
C76168,w102689,22103.99,Vizag,2026-02-28,Declined,Groceries,Visa,Retail,Reliance,NetBanking,Female
C56692,w102690,16676.86,Bengaluru,2026-06-10,Approved,Utilities,RuPay,Utilities,Amazon,Credit,Female
C28907,w102691,1550.55,Delhi,2026-04-26,Approved,Fuel,Amex,Travel,DMart,NetBanking,Female
C14398,w102692,4226.43,Pune,2026-06-04,Approved,Fuel,Amex,Travel,IRCTC,UPI,Male
C50262,w102693,19853.8,Pune,2026-05-12,Declined,Fuel,Amex,Travel,IRCTC,UPI,Female
C59862,w102694,11386.22,Pune,2026-06-30,Declined,Fuel,RuPay,Food,IOCL,Credit,Female
C72828,w102695,4432.04,Pune,2026-03-13,Approved,Groceries,Amex,Fuel,Zomato,Credit,Male
C86658,w102696,19203.21,Vizag,2026-04-08,Declined,Fuel,RuPay,E-commerce,DMart,UPI,Male
C47197,w102697,9661.55,Bengaluru,2026-06-11,Approved,Dining,MasterCard,Retail,IOCL,UPI,Female
C98393,w102698,10974.69,Kolkata,2026-04-05,Declined,Utilities,Visa,Travel,Reliance,NetBanking,Female
C66383,w102699,4946.57,Chennai,2026-05-01,Declined,Shopping,RuPay,Travel,Swiggy,Credit,Male
C66729,w102700,15138.86,Kolkata,2026-03-21,Declined,Travel,RuPay,Retail,Reliance,NetBanking,Female
C25232,w102701,21217.74,Hyderabad,2026-01-05,Declined,Utilities,MasterCard,Travel,Swiggy,UPI,Female
C57305,w102702,22368.49,Bengaluru,2026-01-29,Approved,Utilities,RuPay,Fuel,Reliance,Credit,Female
C17537,w102703,15664.74,Chennai,2026-02-13,Approved,Shopping,RuPay,Food,IRCTC,UPI,Male
C40045,w102704,22069.4,Hyderabad,2026-04-28,Approved,Shopping,Visa,E-commerce,Amazon,NetBanking,Male
C50114,w102705,1279.59,Delhi,2026-03-27,Declined,Travel,RuPay,Utilities,Reliance,UPI,Male
C47310,w102706,14394.85,Chennai,2026-02-10,Declined,Fuel,Visa,Fuel,IOCL,NetBanking,Female
C30176,w102707,10287.73,Hyderabad,2026-01-10,Declined,Dining,Amex,Travel,DMart,NetBanking,Female
C86919,w102708,7145.41,Delhi,2026-05-24,Declined,Groceries,Visa,Retail,HPCL,Credit,Male
C63235,w102709,15136.63,Pune,2026-04-11,Approved,Fuel,MasterCard,Retail,Amazon,Credit,Female
C48944,w102710,13607.53,Bengaluru,2026-02-01,Declined,Fuel,Visa,Utilities,DMart,UPI,Female
C10288,w102711,11093.84,Mumbai,2026-04-19,Approved,Dining,Visa,Retail,Zomato,UPI,Male
C27233,w102712,17500.95,Vizag,2026-02-03,Approved,Travel,RuPay,Fuel,Zomato,NetBanking,Male
C19152,w102713,20405.75,Bengaluru,2026-06-25,Approved,Dining,RuPay,Fuel,Reliance,Credit,Male
C94569,w102714,4528.17,Mumbai,2026-02-12,Declined,Travel,Visa,Fuel,HPCL,NetBanking,Female
C49545,w102715,14448.35,Bengaluru,2026-02-19,Declined,Dining,Visa,Food,Swiggy,UPI,Female
C21788,w102716,22536.57,Pune,2026-02-12,Approved,Travel,Amex,Fuel,Zomato,Credit,Female
C69672,w102717,6370.89,Delhi,2026-03-06,Declined,Shopping,Amex,Food,IRCTC,Credit,Male
C27064,w102718,18347.66,Delhi,2026-02-16,Declined,Travel,MasterCard,Utilities,Reliance,UPI,Male
C49706,w102719,9344.25,Kolkata,2026-05-08,Declined,Dining,RuPay,Retail,Swiggy,NetBanking,Female
C20173,w102720,22169.1,Chennai,2026-03-09,Declined,Utilities,RuPay,E-commerce,DMart,UPI,Male
C44437,w102721,12169.34,Kolkata,2026-04-04,Approved,Dining,Visa,Fuel,Amazon,UPI,Female
C28023,w102722,12473.16,Chennai,2026-01-07,Approved,Groceries,Visa,Fuel,Amazon,NetBanking,Male
C57885,w102723,19756.82,Hyderabad,2026-05-10,Approved,Fuel,RuPay,E-commerce,DMart,UPI,Male
C52468,w102724,18728.47,Bengaluru,2026-03-29,Declined,Fuel,RuPay,Food,Swiggy,UPI,Female
C99188,w102725,1279.42,Pune,2026-02-14,Approved,Utilities,Visa,Fuel,DMart,Credit,Male
C78261,w102726,6303.02,Delhi,2026-03-28,Declined,Dining,RuPay,Travel,DMart,Credit,Female
C61949,w102727,16091.68,Vizag,2026-01-09,Declined,Travel,MasterCard,Utilities,Amazon,UPI,Female
C33218,w102728,3241.62,Mumbai,2026-03-02,Declined,Fuel,Visa,E-commerce,Reliance,UPI,Male
C32018,w102729,3201.11,Chennai,2026-01-05,Approved,Travel,RuPay,Food,DMart,NetBanking,Male
C70041,w102730,17340.86,Mumbai,2026-05-19,Approved,Fuel,Amex,Utilities,Zomato,NetBanking,Female
C75302,w102731,16612.55,Kolkata,2026-01-11,Declined,Groceries,MasterCard,E-commerce,Reliance,NetBanking,Male
C41350,w102732,1927.77,Delhi,2026-05-20,Declined,Fuel,Visa,Travel,IOCL,NetBanking,Male
C63037,w102733,24004.42,Pune,2026-06-03,Approved,Fuel,Amex,Food,Amazon,UPI,Male
C90711,w102734,2353.17,Hyderabad,2026-01-04,Declined,Travel,Visa,Travel,Amazon,UPI,Female
C12839,w102735,19200.28,Kolkata,2026-03-02,Declined,Dining,RuPay,Utilities,HPCL,Credit,Female
C35415,w102736,21758.73,Hyderabad,2026-02-04,Approved,Groceries,Visa,Utilities,IOCL,NetBanking,Female
C49413,w102737,23001.33,Delhi,2026-01-06,Declined,Fuel,Visa,Utilities,IRCTC,NetBanking,Female
C44181,w102738,8693.69,Delhi,2026-05-22,Approved,Utilities,Visa,Utilities,Amazon,UPI,Male
C63669,w102739,21346.55,Chennai,2026-01-11,Approved,Dining,Amex,Food,Swiggy,NetBanking,Male
C21836,w102740,5025.8,Vizag,2026-03-10,Approved,Fuel,Amex,Retail,DMart,Credit,Female
C58074,w102741,10831.79,Delhi,2026-03-19,Approved,Dining,RuPay,Retail,IRCTC,NetBanking,Male
C48954,w102742,16070.08,Mumbai,2026-04-10,Approved,Utilities,MasterCard,Fuel,Swiggy,NetBanking,Female
C10599,w102743,4561.69,Pune,2026-02-22,Declined,Groceries,MasterCard,Retail,HPCL,Credit,Male
C32214,w102744,12230.92,Hyderabad,2026-02-04,Approved,Groceries,Visa,Food,Amazon,UPI,Male
C52167,w102745,17773.75,Hyderabad,2026-04-09,Approved,Dining,RuPay,Food,Amazon,Credit,Female
C23578,w102746,915.55,Chennai,2026-06-09,Declined,Travel,Amex,Travel,Reliance,UPI,Female
C16056,w102747,16102.16,Kolkata,2026-06-21,Declined,Fuel,Amex,Fuel,IRCTC,Credit,Female
C88336,w102748,14911.59,Delhi,2026-01-24,Declined,Shopping,Amex,E-commerce,DMart,Credit,Male
C99828,w102749,24719.73,Pune,2026-02-17,Approved,Fuel,RuPay,Fuel,Reliance,NetBanking,Male
C28004,w102750,8727.61,Vizag,2026-04-03,Approved,Dining,RuPay,Fuel,Swiggy,Credit,Female
C93648,w102751,16784.09,Mumbai,2026-02-26,Declined,Travel,Amex,Travel,IOCL,UPI,Male
C55977,w102752,19407.09,Chennai,2026-04-04,Approved,Groceries,Visa,E-commerce,Swiggy,Credit,Male
C27417,w102753,23027.88,Delhi,2026-04-07,Declined,Dining,RuPay,E-commerce,Zomato,Credit,Female
C70177,w102754,13490.66,Delhi,2026-06-11,Approved,Utilities,MasterCard,Food,IRCTC,Credit,Female
C28405,w102755,10278.75,Hyderabad,2026-04-27,Approved,Groceries,Amex,Food,IRCTC,Credit,Male
C55573,w102756,1294.63,Chennai,2026-04-05,Approved,Dining,RuPay,Utilities,IRCTC,NetBanking,Female
C28412,w102757,4903.1,Bengaluru,2026-04-07,Approved,Fuel,Amex,Fuel,IRCTC,Credit,Female
C10986,w102758,13438.22,Chennai,2026-04-14,Declined,Travel,MasterCard,E-commerce,Amazon,NetBanking,Male
C35159,w102759,2287.5,Mumbai,2026-03-24,Declined,Groceries,RuPay,Retail,IRCTC,NetBanking,Female
C96073,w102760,17142.57,Pune,2026-04-17,Declined,Dining,Amex,Food,Swiggy,Credit,Male
C68922,w102761,7560.28,Mumbai,2026-02-15,Approved,Utilities,MasterCard,E-commerce,Swiggy,NetBanking,Female
C35239,w102762,9764.92,Chennai,2026-04-04,Approved,Travel,RuPay,Food,Zomato,Credit,Female
C58399,w102763,20798.91,Mumbai,2026-05-27,Approved,Fuel,MasterCard,Fuel,Amazon,NetBanking,Male
C24606,w102764,21262.31,Bengaluru,2026-03-01,Declined,Travel,RuPay,Utilities,Reliance,NetBanking,Male
C19299,w102765,14198.22,Chennai,2026-04-14,Approved,Dining,MasterCard,Food,Amazon,NetBanking,Male
C65331,w102766,10879.61,Pune,2026-04-18,Approved,Dining,Visa,Fuel,HPCL,Credit,Male
C91241,w102767,15391.75,Vizag,2026-04-02,Declined,Shopping,MasterCard,Food,Amazon,Credit,Male
C21427,w102768,21821.01,Kolkata,2026-05-23,Approved,Dining,Amex,Utilities,Zomato,NetBanking,Male
C16127,w102769,11459.34,Kolkata,2026-03-17,Declined,Dining,MasterCard,Food,Swiggy,UPI,Male
C73525,w102770,12664.86,Hyderabad,2026-06-09,Declined,Utilities,RuPay,Travel,Amazon,UPI,Female
C15755,w102771,13856.11,Pune,2026-05-31,Declined,Shopping,RuPay,Retail,HPCL,NetBanking,Female
C23650,w102772,16356.28,Chennai,2026-01-29,Declined,Dining,MasterCard,E-commerce,HPCL,Credit,Male
C76381,w102773,6212.13,Bengaluru,2026-06-06,Declined,Dining,Amex,E-commerce,IOCL,UPI,Female
C60553,w102774,23416.97,Pune,2026-02-23,Declined,Travel,RuPay,Food,DMart,UPI,Female
C61990,w102775,12002.64,Mumbai,2026-05-10,Declined,Fuel,Amex,Retail,DMart,Credit,Male
C14212,w102776,3928.68,Mumbai,2026-04-17,Approved,Dining,RuPay,Fuel,Zomato,NetBanking,Female
C28477,w102777,16960.41,Delhi,2026-04-05,Approved,Groceries,Visa,E-commerce,Swiggy,Credit,Male
C91691,w102778,1056.66,Pune,2026-01-25,Declined,Travel,Visa,E-commerce,HPCL,UPI,Male
C34597,w102779,1348.61,Pune,2026-03-03,Declined,Dining,Amex,Food,Reliance,UPI,Female
C18509,w102780,23512.01,Delhi,2026-03-23,Declined,Dining,MasterCard,Food,Amazon,NetBanking,Male
C79364,w102781,18194.46,Pune,2026-03-22,Declined,Shopping,MasterCard,Fuel,Reliance,UPI,Male
C46057,w102782,19884.64,Kolkata,2026-03-29,Approved,Dining,RuPay,Fuel,Amazon,NetBanking,Female
C54992,w102783,8553.45,Bengaluru,2026-04-25,Declined,Travel,MasterCard,Retail,DMart,Credit,Female
C38809,w102784,4673.34,Bengaluru,2026-04-02,Declined,Shopping,Visa,Utilities,IOCL,UPI,Female
C93806,w102785,22396.55,Delhi,2026-04-23,Approved,Fuel,Visa,E-commerce,HPCL,NetBanking,Female
C74132,w102786,22224.31,Bengaluru,2026-04-27,Approved,Travel,Amex,Fuel,Reliance,UPI,Female
C97797,w102787,11598.34,Delhi,2026-02-19,Approved,Utilities,Amex,E-commerce,IOCL,Credit,Female
C11813,w102788,7540.8,Pune,2026-06-05,Declined,Travel,MasterCard,Utilities,IOCL,Credit,Female
C82368,w102789,7759.0,Bengaluru,2026-02-10,Approved,Dining,Amex,Retail,IOCL,UPI,Male
C63250,w102790,1082.34,Delhi,2026-04-26,Declined,Travel,MasterCard,Travel,IRCTC,Credit,Female
C36440,w102791,1793.56,Mumbai,2026-03-26,Declined,Utilities,MasterCard,Travel,IRCTC,Credit,Male
C70747,w102792,24671.24,Pune,2026-03-12,Approved,Utilities,Visa,Food,Amazon,UPI,Female
C87945,w102793,21102.28,Pune,2026-06-11,Declined,Travel,RuPay,E-commerce,Reliance,UPI,Male
C16541,w102794,9070.89,Delhi,2026-01-17,Declined,Fuel,MasterCard,Retail,Zomato,UPI,Male
C54629,w102795,11157.18,Pune,2026-04-24,Declined,Shopping,Visa,Travel,DMart,Credit,Female
C96495,w102796,7114.38,Bengaluru,2026-03-09,Declined,Dining,Amex,Food,Amazon,Credit,Male
C74358,w102797,1614.65,Chennai,2026-03-06,Approved,Dining,Visa,Travel,Amazon,UPI,Female
C75437,w102798,3098.49,Vizag,2026-06-13,Declined,Dining,RuPay,Utilities,Reliance,Credit,Male
C84198,w102799,16334.76,Kolkata,2026-01-27,Approved,Shopping,Visa,Fuel,Zomato,UPI,Female
C74393,w102800,18011.6,Delhi,2026-02-19,Approved,Dining,RuPay,Travel,DMart,UPI,Female
C94759,w102801,24920.47,Mumbai,2026-05-10,Declined,Groceries,MasterCard,Fuel,IRCTC,UPI,Female
C86820,w102802,9020.4,Hyderabad,2026-03-18,Approved,Utilities,Visa,Food,Amazon,UPI,Male
C29670,w102803,22107.92,Vizag,2026-05-25,Declined,Fuel,Amex,Retail,Reliance,UPI,Male
C73664,w102804,18139.37,Hyderabad,2026-03-17,Declined,Shopping,Amex,Travel,IOCL,NetBanking,Female
C42105,w102805,6480.05,Pune,2026-05-04,Declined,Travel,RuPay,E-commerce,DMart,NetBanking,Male
C73266,w102806,5231.84,Hyderabad,2026-06-19,Declined,Dining,MasterCard,Retail,Reliance,UPI,Female
C49531,w102807,19873.74,Vizag,2026-02-03,Approved,Groceries,RuPay,E-commerce,Amazon,Credit,Female
C60595,w102808,5000.35,Pune,2026-03-13,Declined,Fuel,Amex,Travel,Reliance,Credit,Male
C22332,w102809,7355.12,Pune,2026-05-23,Approved,Travel,MasterCard,E-commerce,IOCL,NetBanking,Male
C18918,w102810,1288.47,Pune,2026-04-29,Declined,Groceries,Visa,Fuel,IOCL,Credit,Male
C96408,w102811,10448.28,Hyderabad,2026-04-23,Approved,Shopping,MasterCard,Food,Swiggy,NetBanking,Male
C49361,w102812,6812.58,Chennai,2026-02-26,Declined,Shopping,Amex,Travel,HPCL,NetBanking,Female
C25815,w102813,16099.43,Chennai,2026-04-21,Declined,Fuel,Visa,Utilities,HPCL,UPI,Female
C11899,w102814,21398.45,Hyderabad,2026-02-16,Approved,Utilities,Amex,Travel,Zomato,UPI,Male
C21496,w102815,2042.08,Delhi,2026-01-04,Declined,Travel,RuPay,Travel,HPCL,NetBanking,Male
C67191,w102816,8190.26,Hyderabad,2026-01-13,Declined,Groceries,MasterCard,Food,Swiggy,NetBanking,Male
C60579,w102817,24595.12,Bengaluru,2026-01-03,Declined,Groceries,MasterCard,Utilities,Reliance,NetBanking,Female
C34836,w102818,16060.8,Chennai,2026-04-21,Approved,Dining,MasterCard,Fuel,IRCTC,Credit,Female
C24023,w102819,23295.13,Kolkata,2026-05-01,Declined,Fuel,Amex,Travel,Amazon,Credit,Male
C98501,w102820,6969.91,Kolkata,2026-04-01,Approved,Travel,MasterCard,Food,IOCL,NetBanking,Female
C76031,w102821,22095.03,Vizag,2026-06-12,Declined,Dining,MasterCard,Travel,Amazon,Credit,Male
C94981,w102822,7054.56,Vizag,2026-06-15,Approved,Dining,Amex,Food,DMart,NetBanking,Male
C46548,w102823,14780.39,Hyderabad,2026-05-14,Declined,Travel,MasterCard,Utilities,DMart,UPI,Female
C80247,w102824,11789.94,Chennai,2026-04-07,Approved,Travel,RuPay,Fuel,IOCL,Credit,Male
C82927,w102825,1354.66,Delhi,2026-04-24,Declined,Shopping,MasterCard,Travel,Zomato,UPI,Female
C33879,w102826,5574.01,Kolkata,2026-05-05,Approved,Shopping,MasterCard,Fuel,IOCL,Credit,Female
C13114,w102827,18899.81,Kolkata,2026-02-26,Approved,Fuel,Visa,Food,DMart,UPI,Male
C98519,w102828,4653.62,Mumbai,2026-02-22,Declined,Shopping,RuPay,Travel,Amazon,Credit,Female
C65259,w102829,5416.01,Delhi,2026-03-26,Approved,Shopping,Amex,Food,DMart,NetBanking,Female
C19688,w102830,5444.94,Hyderabad,2026-04-02,Approved,Dining,RuPay,Travel,Swiggy,Credit,Male
C87329,w102831,417.12,Vizag,2026-04-11,Declined,Utilities,RuPay,Retail,Swiggy,NetBanking,Male
C45969,w102832,8578.99,Pune,2026-02-22,Approved,Groceries,Visa,Fuel,Swiggy,NetBanking,Female
C41669,w102833,19280.65,Delhi,2026-03-26,Approved,Groceries,RuPay,Utilities,Amazon,Credit,Female
C95164,w102834,8047.04,Vizag,2026-01-19,Approved,Groceries,MasterCard,Utilities,Zomato,Credit,Male
C59007,w102835,24360.04,Mumbai,2026-05-13,Approved,Utilities,Visa,Fuel,Zomato,Credit,Female
C26974,w102836,9192.15,Kolkata,2026-05-08,Declined,Groceries,RuPay,Food,IRCTC,NetBanking,Male
C50512,w102837,23074.69,Bengaluru,2026-03-16,Approved,Shopping,Amex,Retail,IRCTC,Credit,Female
C10087,w102838,7301.65,Mumbai,2026-03-08,Declined,Utilities,RuPay,E-commerce,IOCL,NetBanking,Female
C97217,w102839,1937.61,Chennai,2026-05-28,Approved,Shopping,MasterCard,Travel,Swiggy,NetBanking,Male
C68969,w102840,20382.68,Kolkata,2026-06-07,Approved,Utilities,Visa,E-commerce,DMart,Credit,Female
C17805,w102841,2340.73,Hyderabad,2026-01-20,Approved,Travel,Visa,Travel,Reliance,UPI,Male
C90639,w102842,6205.26,Vizag,2026-01-10,Approved,Groceries,MasterCard,Food,HPCL,NetBanking,Female
C26796,w102843,24492.65,Mumbai,2026-01-14,Approved,Dining,Visa,Utilities,IRCTC,NetBanking,Male
C62800,w102844,17772.83,Pune,2026-02-22,Declined,Dining,Visa,E-commerce,HPCL,NetBanking,Female
C26908,w102845,11776.97,Vizag,2026-05-29,Declined,Travel,Amex,E-commerce,IRCTC,Credit,Female
C51190,w102846,22588.86,Kolkata,2026-05-19,Approved,Fuel,MasterCard,Utilities,Zomato,Credit,Male
C79995,w102847,1842.85,Mumbai,2026-03-11,Declined,Travel,RuPay,E-commerce,IRCTC,NetBanking,Female
C98578,w102848,21164.26,Kolkata,2026-01-25,Declined,Fuel,MasterCard,Utilities,IOCL,UPI,Female
C40985,w102849,11989.16,Kolkata,2026-03-02,Approved,Fuel,Visa,Travel,Amazon,Credit,Male
C20860,w102850,1621.5,Kolkata,2026-02-11,Approved,Shopping,Amex,Travel,Reliance,NetBanking,Male
C21833,w102851,104.51,Vizag,2026-02-19,Declined,Travel,Visa,Food,Reliance,NetBanking,Male
C39311,w102852,10542.42,Kolkata,2026-03-25,Approved,Shopping,Visa,Utilities,HPCL,UPI,Male
C29433,w102853,22649.87,Chennai,2026-03-01,Declined,Fuel,RuPay,Retail,HPCL,Credit,Female
C40323,w102854,16055.56,Chennai,2026-04-19,Declined,Utilities,Visa,Utilities,Zomato,NetBanking,Female
C61687,w102855,12662.28,Pune,2026-04-04,Declined,Groceries,MasterCard,Retail,Reliance,Credit,Male
C71510,w102856,23331.74,Pune,2026-03-06,Declined,Groceries,Visa,E-commerce,DMart,Credit,Female
C30484,w102857,23079.47,Chennai,2026-01-14,Approved,Shopping,Amex,E-commerce,IRCTC,Credit,Female
C51063,w102858,20086.57,Pune,2026-03-04,Approved,Utilities,Visa,Fuel,Reliance,NetBanking,Male
C26818,w102859,14073.73,Delhi,2026-01-29,Declined,Groceries,Visa,Retail,HPCL,Credit,Male
C32005,w102860,5625.75,Delhi,2026-06-19,Approved,Dining,MasterCard,Fuel,IOCL,Credit,Male
C16126,w102861,10229.42,Chennai,2026-06-23,Declined,Utilities,Visa,Retail,DMart,Credit,Male
C97586,w102862,23298.42,Bengaluru,2026-04-26,Approved,Groceries,Visa,Utilities,IOCL,Credit,Female
C78703,w102863,23285.42,Delhi,2026-05-21,Declined,Fuel,Amex,Retail,IRCTC,UPI,Male
C26143,w102864,13950.7,Vizag,2026-04-21,Declined,Travel,RuPay,Food,IRCTC,Credit,Female
C46166,w102865,18891.42,Hyderabad,2026-05-19,Declined,Utilities,RuPay,Food,HPCL,Credit,Male
C95128,w102866,3545.84,Pune,2026-03-10,Declined,Utilities,RuPay,Retail,DMart,UPI,Female
C36151,w102867,11148.54,Hyderabad,2026-06-28,Declined,Shopping,MasterCard,Retail,Amazon,UPI,Male
C98701,w102868,13171.88,Mumbai,2026-05-09,Approved,Groceries,Amex,Food,DMart,NetBanking,Female
C15021,w102869,17623.35,Delhi,2026-05-12,Approved,Utilities,Amex,Fuel,DMart,UPI,Male
C68653,w102870,5000.29,Pune,2026-04-05,Declined,Fuel,MasterCard,E-commerce,HPCL,Credit,Male
C11342,w102871,12672.9,Mumbai,2026-01-23,Declined,Dining,Visa,Fuel,Amazon,Credit,Male
C34236,w102872,9145.2,Mumbai,2026-03-27,Approved,Fuel,RuPay,E-commerce,Amazon,UPI,Male
C23098,w102873,23356.79,Hyderabad,2026-02-19,Approved,Groceries,MasterCard,E-commerce,HPCL,UPI,Female
C29740,w102874,21794.54,Kolkata,2026-04-12,Approved,Groceries,Amex,Travel,HPCL,Credit,Male
C37290,w102875,22691.45,Chennai,2026-06-01,Approved,Groceries,Visa,Fuel,DMart,Credit,Female
C75368,w102876,2222.95,Chennai,2026-02-28,Declined,Groceries,Amex,E-commerce,DMart,UPI,Male
C15793,w102877,21456.0,Delhi,2026-03-21,Declined,Groceries,MasterCard,Travel,IOCL,NetBanking,Male
C92800,w102878,22852.46,Kolkata,2026-03-21,Approved,Utilities,Visa,Food,HPCL,UPI,Female
C56494,w102879,16322.69,Bengaluru,2026-03-02,Declined,Dining,MasterCard,E-commerce,Zomato,Credit,Male
C27229,w102880,24772.68,Pune,2026-02-01,Declined,Shopping,RuPay,Food,Amazon,NetBanking,Female
C25019,w102881,12013.21,Chennai,2026-02-11,Approved,Travel,Amex,Food,Reliance,UPI,Male
C89340,w102882,13035.7,Pune,2026-06-04,Approved,Utilities,Visa,E-commerce,IOCL,UPI,Male
C34298,w102883,1746.93,Delhi,2026-05-06,Declined,Fuel,Visa,Fuel,HPCL,UPI,Male
C63862,w102884,15776.78,Bengaluru,2026-01-28,Declined,Travel,MasterCard,Travel,IRCTC,Credit,Male
C86445,w102885,13631.26,Chennai,2026-01-26,Approved,Groceries,RuPay,Retail,Zomato,Credit,Male
C13427,w102886,18972.52,Vizag,2026-01-31,Declined,Shopping,RuPay,Fuel,IOCL,UPI,Male
C56545,w102887,4627.05,Bengaluru,2026-01-24,Approved,Travel,MasterCard,Utilities,Swiggy,UPI,Male
C66669,w102888,2526.44,Pune,2026-02-27,Declined,Shopping,RuPay,Utilities,IOCL,NetBanking,Male
C36561,w102889,23385.47,Delhi,2026-01-30,Declined,Utilities,Visa,Travel,IRCTC,Credit,Female
C72719,w102890,15038.4,Kolkata,2026-06-14,Declined,Fuel,MasterCard,Fuel,Zomato,NetBanking,Male
C47464,w102891,3085.82,Vizag,2026-06-28,Approved,Dining,Visa,Fuel,Swiggy,Credit,Male
C63917,w102892,23936.82,Vizag,2026-06-21,Approved,Groceries,MasterCard,Fuel,Amazon,Credit,Male
C88550,w102893,22395.78,Hyderabad,2026-02-18,Approved,Utilities,Visa,E-commerce,Amazon,UPI,Male
C10659,w102894,2646.23,Delhi,2026-03-01,Declined,Utilities,MasterCard,Retail,Reliance,UPI,Female
C38050,w102895,20316.21,Mumbai,2026-03-30,Approved,Fuel,Visa,Retail,Reliance,UPI,Female
C28672,w102896,22893.48,Mumbai,2026-01-01,Declined,Dining,Visa,Travel,Swiggy,UPI,Female
C37975,w102897,7550.69,Delhi,2026-04-18,Approved,Groceries,RuPay,Travel,Zomato,NetBanking,Male
C56123,w102898,2085.15,Kolkata,2026-02-27,Declined,Shopping,Amex,Retail,Reliance,NetBanking,Female
C48290,w102899,21491.99,Vizag,2026-01-19,Approved,Shopping,Visa,Travel,IOCL,UPI,Male
C76493,w102900,20305.16,Delhi,2026-05-22,Declined,Dining,Visa,E-commerce,Reliance,NetBanking,Female
C62624,w102901,7152.79,Chennai,2026-01-16,Declined,Shopping,RuPay,Fuel,HPCL,UPI,Female
C16795,w102902,21516.68,Delhi,2026-01-22,Declined,Fuel,Amex,Travel,IRCTC,NetBanking,Female
C13142,w102903,5528.88,Hyderabad,2026-01-28,Approved,Dining,MasterCard,Retail,Amazon,UPI,Female
C12430,w102904,21800.85,Hyderabad,2026-03-29,Approved,Travel,RuPay,Retail,Reliance,NetBanking,Male
C53851,w102905,9530.39,Pune,2026-04-02,Approved,Shopping,Amex,E-commerce,HPCL,Credit,Female
C77718,w102906,5669.63,Bengaluru,2026-01-02,Declined,Groceries,RuPay,Utilities,Amazon,Credit,Male
C68619,w102907,16970.37,Delhi,2026-04-20,Approved,Shopping,Visa,Retail,Amazon,Credit,Male
C63281,w102908,12171.69,Bengaluru,2026-04-30,Approved,Shopping,MasterCard,Retail,Swiggy,NetBanking,Female
C36185,w102909,10657.46,Vizag,2026-03-23,Declined,Fuel,MasterCard,Travel,IOCL,NetBanking,Female
C39860,w102910,19397.23,Bengaluru,2026-05-01,Declined,Dining,RuPay,Retail,Reliance,Credit,Female
C29868,w102911,6215.22,Hyderabad,2026-03-01,Approved,Utilities,MasterCard,Travel,IRCTC,NetBanking,Female
C27719,w102912,17706.81,Chennai,2026-02-20,Approved,Dining,MasterCard,Food,HPCL,UPI,Female
C15215,w102913,11228.91,Kolkata,2026-06-29,Approved,Travel,RuPay,Food,Swiggy,UPI,Male
C19265,w102914,3734.58,Mumbai,2026-06-29,Declined,Travel,RuPay,Retail,IRCTC,Credit,Male
C41026,w102915,10109.65,Kolkata,2026-03-31,Declined,Groceries,MasterCard,E-commerce,IOCL,UPI,Female
C81043,w102916,6394.57,Chennai,2026-05-29,Declined,Groceries,Visa,Retail,HPCL,NetBanking,Male
C60391,w102917,13184.81,Pune,2026-06-23,Approved,Utilities,Visa,Fuel,HPCL,Credit,Female
C17185,w102918,8308.44,Kolkata,2026-01-14,Approved,Dining,RuPay,Travel,IOCL,NetBanking,Female
C10693,w102919,9429.46,Hyderabad,2026-02-07,Declined,Utilities,Amex,Travel,IRCTC,UPI,Female
C70627,w102920,22528.51,Mumbai,2026-06-23,Approved,Dining,Visa,Utilities,Amazon,NetBanking,Female
C81788,w102921,17550.11,Bengaluru,2026-02-24,Declined,Travel,RuPay,Travel,Amazon,UPI,Female
C36053,w102922,15165.84,Hyderabad,2026-05-16,Declined,Fuel,Amex,E-commerce,Swiggy,UPI,Female
C43855,w102923,21175.5,Kolkata,2026-02-22,Approved,Fuel,Visa,Utilities,HPCL,Credit,Male
C87267,w102924,24123.38,Chennai,2026-06-12,Approved,Dining,MasterCard,Retail,HPCL,NetBanking,Female
C81496,w102925,24185.52,Delhi,2026-03-25,Declined,Fuel,Visa,Utilities,Zomato,UPI,Female
C76703,w102926,14735.72,Chennai,2026-05-30,Declined,Shopping,RuPay,Retail,IOCL,UPI,Male
C43142,w102927,23640.06,Hyderabad,2026-01-09,Declined,Fuel,MasterCard,Retail,IOCL,UPI,Female
C71105,w102928,20504.07,Delhi,2026-06-25,Declined,Travel,Visa,Utilities,IRCTC,Credit,Male
C12973,w102929,9116.28,Kolkata,2026-01-24,Declined,Fuel,MasterCard,Utilities,Swiggy,UPI,Female
C42970,w102930,11180.72,Mumbai,2026-03-27,Declined,Travel,Amex,Retail,Swiggy,NetBanking,Male
C91573,w102931,12225.3,Hyderabad,2026-03-26,Declined,Travel,MasterCard,Fuel,Swiggy,NetBanking,Male
C36419,w102932,18980.3,Vizag,2026-02-09,Declined,Travel,Amex,Food,IRCTC,UPI,Male
C23673,w102933,10873.21,Vizag,2026-01-23,Declined,Dining,MasterCard,E-commerce,HPCL,NetBanking,Male
C89384,w102934,17837.51,Delhi,2026-01-01,Declined,Shopping,MasterCard,E-commerce,IOCL,UPI,Female
C83580,w102935,7437.75,Bengaluru,2026-06-08,Approved,Travel,RuPay,Retail,HPCL,Credit,Female
C54065,w102936,14417.28,Chennai,2026-04-15,Declined,Dining,RuPay,Fuel,HPCL,UPI,Female
C47421,w102937,9061.69,Bengaluru,2026-01-05,Declined,Groceries,Visa,Food,Swiggy,UPI,Female
C18547,w102938,20387.5,Bengaluru,2026-05-27,Approved,Travel,MasterCard,Fuel,DMart,UPI,Male
C79151,w102939,10840.27,Delhi,2026-01-01,Approved,Travel,RuPay,E-commerce,Amazon,NetBanking,Female
C93857,w102940,1804.1,Vizag,2026-06-06,Approved,Dining,Amex,Retail,Zomato,Credit,Male
C21838,w102941,6535.56,Delhi,2026-05-09,Declined,Travel,RuPay,Food,IRCTC,NetBanking,Male
C89645,w102942,12501.76,Delhi,2026-03-28,Declined,Dining,MasterCard,Fuel,HPCL,Credit,Male
C81314,w102943,1324.73,Delhi,2026-06-08,Approved,Dining,Visa,Fuel,DMart,NetBanking,Male
C49470,w102944,1665.21,Hyderabad,2026-02-14,Declined,Groceries,RuPay,Food,Swiggy,UPI,Male
C17227,w102945,7097.87,Kolkata,2026-03-12,Declined,Shopping,MasterCard,Retail,DMart,Credit,Male
C36902,w102946,19946.51,Delhi,2026-06-06,Approved,Fuel,RuPay,Fuel,DMart,Credit,Female
C45328,w102947,20589.37,Bengaluru,2026-02-10,Approved,Shopping,MasterCard,E-commerce,HPCL,NetBanking,Female
C94060,w102948,2020.79,Vizag,2026-05-08,Declined,Travel,RuPay,Utilities,Zomato,UPI,Female
C15989,w102949,566.08,Delhi,2026-06-10,Approved,Shopping,MasterCard,Travel,IRCTC,Credit,Male
C49767,w102950,12372.17,Chennai,2026-01-17,Declined,Utilities,Amex,E-commerce,Zomato,Credit,Female
C32779,w102951,661.83,Bengaluru,2026-03-22,Approved,Utilities,MasterCard,Food,Swiggy,Credit,Female
C24328,w102952,18062.29,Delhi,2026-03-13,Approved,Dining,Amex,Utilities,Swiggy,NetBanking,Male
C91151,w102953,12263.15,Hyderabad,2026-03-01,Declined,Utilities,Amex,Utilities,Swiggy,UPI,Female
C98037,w102954,24423.72,Hyderabad,2026-05-07,Approved,Shopping,Amex,Food,HPCL,NetBanking,Female
C27101,w102955,16644.97,Chennai,2026-02-13,Approved,Shopping,MasterCard,Retail,IRCTC,UPI,Female
C73091,w102956,20673.72,Hyderabad,2026-02-12,Approved,Fuel,Visa,Fuel,IRCTC,Credit,Female
C33867,w102957,8830.8,Vizag,2026-06-24,Declined,Dining,Visa,Utilities,DMart,NetBanking,Male
C43334,w102958,2070.55,Chennai,2026-05-11,Approved,Groceries,RuPay,Utilities,Swiggy,UPI,Male
C49425,w102959,2209.43,Hyderabad,2026-03-28,Declined,Fuel,MasterCard,Utilities,DMart,Credit,Female
C16710,w102960,20720.19,Chennai,2026-06-30,Declined,Shopping,RuPay,Retail,IOCL,UPI,Female
C22564,w102961,14092.65,Chennai,2026-06-09,Declined,Dining,Visa,Travel,Amazon,NetBanking,Male
C58557,w102962,12365.19,Hyderabad,2026-03-03,Approved,Utilities,RuPay,Travel,IOCL,UPI,Female
C35056,w102963,22907.53,Bengaluru,2026-03-29,Declined,Utilities,RuPay,Travel,Zomato,Credit,Male
C29970,w102964,17117.64,Hyderabad,2026-06-17,Declined,Fuel,MasterCard,Food,HPCL,NetBanking,Female
C47261,w102965,10792.06,Delhi,2026-02-25,Declined,Fuel,Amex,Retail,Reliance,NetBanking,Male
C10588,w102966,23350.85,Vizag,2026-04-01,Approved,Groceries,MasterCard,Utilities,IRCTC,Credit,Female
C51652,w102967,16527.16,Hyderabad,2026-02-25,Declined,Shopping,RuPay,Travel,DMart,UPI,Female
C22376,w102968,23858.53,Hyderabad,2026-01-17,Declined,Utilities,RuPay,Utilities,Reliance,NetBanking,Male
C60448,w102969,11853.06,Delhi,2026-05-25,Declined,Fuel,RuPay,E-commerce,DMart,NetBanking,Female
C54875,w102970,20349.31,Hyderabad,2026-05-15,Approved,Travel,MasterCard,Fuel,IOCL,NetBanking,Male
C67542,w102971,19155.88,Kolkata,2026-02-22,Declined,Utilities,Amex,Travel,IOCL,UPI,Female
C31380,w102972,18753.47,Kolkata,2026-05-21,Approved,Dining,Visa,Retail,Zomato,NetBanking,Female
C57971,w102973,6133.09,Vizag,2026-06-14,Declined,Utilities,MasterCard,Travel,Swiggy,NetBanking,Male
C32712,w102974,6408.94,Hyderabad,2026-02-26,Approved,Travel,Amex,Travel,DMart,UPI,Female
C66248,w102975,20723.96,Mumbai,2026-06-07,Approved,Dining,Amex,Retail,IRCTC,UPI,Male
C48448,w102976,6255.88,Chennai,2026-01-22,Declined,Shopping,Visa,Fuel,IRCTC,NetBanking,Female
C39190,w102977,23977.93,Chennai,2026-03-19,Approved,Groceries,RuPay,Travel,Zomato,Credit,Female
C33868,w102978,11188.09,Mumbai,2026-06-02,Declined,Shopping,Amex,Retail,Zomato,Credit,Male
C35243,w102979,22515.87,Bengaluru,2026-03-02,Approved,Shopping,Visa,Utilities,Zomato,UPI,Female
C64208,w102980,11149.92,Kolkata,2026-01-16,Declined,Travel,RuPay,Travel,IOCL,Credit,Female
C62506,w102981,20367.27,Bengaluru,2026-05-13,Approved,Shopping,Visa,Travel,IOCL,NetBanking,Female
C14772,w102982,14216.57,Pune,2026-03-10,Declined,Dining,Visa,Retail,DMart,NetBanking,Male
C92752,w102983,13825.69,Kolkata,2026-02-08,Approved,Shopping,RuPay,E-commerce,Swiggy,Credit,Female
C76350,w102984,23674.29,Chennai,2026-03-02,Approved,Utilities,Amex,Retail,Reliance,Credit,Female
C32627,w102985,19087.72,Vizag,2026-05-12,Approved,Groceries,RuPay,E-commerce,Zomato,Credit,Female
C30245,w102986,24733.6,Chennai,2026-06-28,Declined,Shopping,MasterCard,Utilities,DMart,Credit,Female
C66180,w102987,4375.63,Delhi,2026-06-21,Approved,Fuel,RuPay,Fuel,DMart,Credit,Male
C12157,w102988,17765.97,Bengaluru,2026-02-03,Approved,Dining,Visa,Travel,DMart,UPI,Female
C65406,w102989,8116.16,Delhi,2026-06-18,Approved,Dining,Visa,Food,Zomato,NetBanking,Male
C23915,w102990,13744.56,Pune,2026-06-08,Declined,Shopping,Visa,Utilities,Reliance,NetBanking,Female
C23363,w102991,5558.11,Bengaluru,2026-02-03,Declined,Shopping,MasterCard,Food,Swiggy,NetBanking,Male
C41747,w102992,12080.74,Pune,2026-06-17,Approved,Travel,Visa,Fuel,Reliance,Credit,Female
C44793,w102993,19965.17,Bengaluru,2026-01-17,Declined,Fuel,RuPay,E-commerce,HPCL,NetBanking,Female
C79552,w102994,24562.66,Vizag,2026-02-03,Approved,Travel,RuPay,Travel,DMart,Credit,Female
C78668,w102995,20607.16,Mumbai,2026-01-16,Declined,Dining,Amex,Fuel,HPCL,UPI,Male
C72191,w102996,6046.48,Bengaluru,2026-01-02,Declined,Groceries,Amex,E-commerce,Zomato,NetBanking,Female
C34738,w102997,17054.91,Pune,2026-02-27,Declined,Utilities,MasterCard,Travel,Reliance,Credit,Female
C72011,w102998,16676.54,Delhi,2026-01-15,Approved,Utilities,MasterCard,Fuel,Reliance,UPI,Male
C44202,w102999,16222.15,Vizag,2026-04-14,Approved,Fuel,Visa,Retail,Reliance,UPI,Male
C39578,w103000,6864.2,Kolkata,2026-04-01,Approved,Dining,MasterCard,Retail,Swiggy,UPI,Female
C92106,w103001,22290.8,Kolkata,2026-01-18,Approved,Fuel,MasterCard,Travel,Amazon,NetBanking,Male
C28455,w103002,3336.79,Vizag,2026-04-05,Approved,Travel,Amex,Utilities,DMart,Credit,Male
C91682,w103003,12094.68,Delhi,2026-03-27,Declined,Travel,MasterCard,E-commerce,IOCL,UPI,Female
C73100,w103004,7204.2,Vizag,2026-03-10,Approved,Utilities,RuPay,Fuel,Zomato,NetBanking,Female
C26286,w103005,7359.32,Hyderabad,2026-03-25,Declined,Dining,Amex,Food,IRCTC,UPI,Male
C45205,w103006,11176.92,Hyderabad,2026-06-15,Approved,Fuel,Visa,E-commerce,IOCL,Credit,Female
C63918,w103007,16871.93,Delhi,2026-02-02,Approved,Shopping,Amex,Fuel,DMart,UPI,Female
C99943,w103008,8036.89,Hyderabad,2026-04-25,Approved,Dining,Visa,E-commerce,Zomato,UPI,Male
C69708,w103009,9800.94,Mumbai,2026-05-06,Approved,Utilities,MasterCard,Travel,Amazon,UPI,Female
C88401,w103010,3768.86,Hyderabad,2026-01-01,Declined,Fuel,Visa,Food,Zomato,UPI,Male
C42456,w103011,7088.64,Hyderabad,2026-06-16,Approved,Utilities,MasterCard,Retail,DMart,Credit,Female
C23842,w103012,14675.24,Pune,2026-03-08,Declined,Utilities,MasterCard,Food,Amazon,NetBanking,Male
C38319,w103013,833.96,Bengaluru,2026-01-16,Declined,Utilities,Visa,Utilities,Zomato,NetBanking,Male
C11957,w103014,7572.52,Chennai,2026-02-27,Declined,Shopping,Amex,Travel,Reliance,UPI,Male
C38230,w103015,16372.23,Vizag,2026-02-17,Approved,Dining,Amex,E-commerce,DMart,UPI,Female
C79429,w103016,20966.88,Pune,2026-01-27,Approved,Shopping,Visa,Fuel,IOCL,Credit,Male
C83705,w103017,14508.3,Vizag,2026-03-18,Approved,Travel,Amex,E-commerce,HPCL,Credit,Female
C24966,w103018,14722.56,Chennai,2026-04-27,Approved,Groceries,MasterCard,E-commerce,Reliance,NetBanking,Male
C46139,w103019,12876.2,Vizag,2026-01-20,Declined,Fuel,RuPay,Retail,Swiggy,UPI,Female
C13624,w103020,22079.65,Delhi,2026-03-26,Declined,Travel,Amex,Food,Reliance,NetBanking,Female
C36020,w103021,7889.84,Pune,2026-05-24,Approved,Utilities,RuPay,Utilities,Swiggy,UPI,Male
C96307,w103022,1272.4,Delhi,2026-01-16,Declined,Dining,MasterCard,E-commerce,IRCTC,NetBanking,Male
C82920,w103023,6838.09,Pune,2026-05-11,Approved,Utilities,RuPay,E-commerce,IOCL,NetBanking,Male
C18303,w103024,2431.99,Hyderabad,2026-01-21,Declined,Fuel,RuPay,Food,IRCTC,NetBanking,Female
C80837,w103025,8350.0,Mumbai,2026-05-21,Approved,Utilities,Amex,Food,Swiggy,NetBanking,Female
C97750,w103026,15303.92,Mumbai,2026-05-31,Approved,Travel,RuPay,Food,DMart,Credit,Male
C51843,w103027,15442.81,Vizag,2026-05-12,Declined,Groceries,RuPay,Utilities,HPCL,NetBanking,Female
C46057,w103028,13713.21,Mumbai,2026-06-01,Approved,Shopping,MasterCard,Food,Reliance,UPI,Male
C17115,w103029,6682.39,Bengaluru,2026-05-25,Declined,Shopping,RuPay,Fuel,Reliance,NetBanking,Female
C41749,w103030,12613.44,Bengaluru,2026-03-17,Approved,Dining,Visa,E-commerce,Reliance,NetBanking,Male
C13571,w103031,10624.23,Hyderabad,2026-01-01,Declined,Fuel,Amex,Food,Zomato,NetBanking,Male
C65838,w103032,10189.4,Chennai,2026-04-23,Declined,Shopping,RuPay,Retail,Swiggy,UPI,Male
C32052,w103033,16091.54,Kolkata,2026-05-23,Approved,Utilities,RuPay,Utilities,IRCTC,UPI,Male
C48311,w103034,914.24,Delhi,2026-02-28,Declined,Utilities,Amex,Food,IRCTC,NetBanking,Female
C24706,w103035,7623.6,Vizag,2026-05-25,Declined,Shopping,Amex,Fuel,Amazon,UPI,Male
C81501,w103036,24930.64,Mumbai,2026-03-12,Declined,Utilities,Visa,Fuel,Zomato,NetBanking,Male
C19707,w103037,18471.8,Delhi,2026-02-21,Approved,Dining,Visa,E-commerce,IRCTC,UPI,Male
C50400,w103038,11314.07,Vizag,2026-06-05,Approved,Shopping,Visa,Utilities,Swiggy,NetBanking,Female
C58673,w103039,18429.6,Delhi,2026-05-24,Declined,Shopping,Amex,Travel,Reliance,Credit,Male
C95698,w103040,13432.15,Kolkata,2026-03-12,Declined,Fuel,Visa,Utilities,Amazon,UPI,Male
C65160,w103041,21729.38,Hyderabad,2026-03-20,Approved,Utilities,RuPay,Fuel,IRCTC,UPI,Male
C44762,w103042,15117.06,Mumbai,2026-04-18,Approved,Utilities,Visa,Travel,DMart,UPI,Female
C63028,w103043,3735.56,Delhi,2026-06-14,Approved,Travel,RuPay,Utilities,HPCL,Credit,Male
C54584,w103044,10418.42,Mumbai,2026-04-13,Declined,Utilities,RuPay,Travel,HPCL,NetBanking,Female
C28663,w103045,12040.59,Vizag,2026-02-22,Declined,Travel,Amex,Utilities,Swiggy,Credit,Female
C19377,w103046,22662.24,Vizag,2026-03-01,Approved,Shopping,MasterCard,Retail,IRCTC,NetBanking,Female
C12601,w103047,999.07,Delhi,2026-06-06,Approved,Utilities,Visa,Utilities,HPCL,NetBanking,Female
C44892,w103048,21682.21,Mumbai,2026-01-26,Approved,Fuel,Visa,Fuel,Zomato,Credit,Male
C60169,w103049,352.73,Delhi,2026-05-28,Approved,Utilities,Amex,Utilities,IRCTC,UPI,Male
C26980,w103050,1731.26,Mumbai,2026-06-05,Declined,Dining,MasterCard,E-commerce,HPCL,UPI,Male
C61384,w103051,8240.62,Vizag,2026-01-18,Declined,Fuel,Visa,Food,HPCL,UPI,Female
C34024,w103052,24348.54,Delhi,2026-04-10,Approved,Utilities,Visa,Retail,IRCTC,NetBanking,Male
C49799,w103053,1455.87,Chennai,2026-05-10,Approved,Shopping,Amex,Food,HPCL,UPI,Male
C96779,w103054,11234.29,Bengaluru,2026-03-28,Declined,Dining,MasterCard,Fuel,Swiggy,UPI,Female
C41473,w103055,8648.81,Mumbai,2026-04-24,Declined,Groceries,RuPay,Food,IOCL,Credit,Female
C37794,w103056,4710.77,Chennai,2026-03-05,Approved,Dining,RuPay,E-commerce,IOCL,Credit,Male
C54568,w103057,21553.18,Vizag,2026-05-31,Declined,Shopping,MasterCard,Retail,IRCTC,Credit,Female
C65944,w103058,16535.06,Kolkata,2026-06-28,Approved,Groceries,Visa,Fuel,HPCL,UPI,Female
C20312,w103059,23755.05,Chennai,2026-01-17,Approved,Fuel,Amex,Fuel,DMart,UPI,Female
C57373,w103060,5983.84,Vizag,2026-03-02,Approved,Shopping,Visa,Travel,IRCTC,NetBanking,Male
C58594,w103061,18944.35,Delhi,2026-03-11,Approved,Shopping,MasterCard,Fuel,HPCL,Credit,Male
C42185,w103062,2177.12,Kolkata,2026-01-18,Approved,Fuel,RuPay,E-commerce,Zomato,UPI,Male
C97349,w103063,7613.24,Pune,2026-04-23,Approved,Utilities,MasterCard,E-commerce,Amazon,UPI,Female
C26325,w103064,16738.06,Hyderabad,2026-05-19,Declined,Groceries,RuPay,E-commerce,DMart,NetBanking,Male
C76335,w103065,20266.98,Delhi,2026-04-07,Approved,Travel,RuPay,Food,IRCTC,Credit,Female
C51706,w103066,15632.21,Pune,2026-05-27,Declined,Fuel,MasterCard,Retail,IRCTC,Credit,Male
C11090,w103067,15607.51,Vizag,2026-04-11,Approved,Dining,Amex,Utilities,IRCTC,NetBanking,Female
C35347,w103068,2143.73,Kolkata,2026-02-12,Declined,Groceries,MasterCard,Retail,HPCL,Credit,Female
C37852,w103069,20927.23,Pune,2026-01-06,Declined,Utilities,Amex,Food,HPCL,NetBanking,Female
C78449,w103070,16031.85,Pune,2026-04-11,Declined,Travel,MasterCard,Food,Reliance,Credit,Female
C28643,w103071,23918.89,Hyderabad,2026-02-16,Approved,Groceries,Visa,E-commerce,DMart,Credit,Female
C32455,w103072,16667.32,Vizag,2026-01-18,Approved,Utilities,Amex,E-commerce,Zomato,Credit,Male
C83682,w103073,1334.1,Kolkata,2026-06-11,Approved,Travel,RuPay,Fuel,DMart,NetBanking,Female
C11982,w103074,11494.37,Hyderabad,2026-01-02,Declined,Groceries,Amex,Retail,Zomato,NetBanking,Male
C20587,w103075,3177.88,Bengaluru,2026-03-14,Approved,Travel,MasterCard,Food,DMart,Credit,Female
C39494,w103076,11985.71,Chennai,2026-03-28,Declined,Utilities,Amex,Fuel,Reliance,Credit,Male
C10091,w103077,4832.36,Mumbai,2026-06-21,Declined,Fuel,MasterCard,E-commerce,IRCTC,UPI,Female
C90322,w103078,21619.13,Pune,2026-04-12,Declined,Travel,Visa,Fuel,IRCTC,NetBanking,Male
C16694,w103079,16466.56,Kolkata,2026-05-25,Declined,Fuel,Visa,Travel,Amazon,UPI,Female
C36577,w103080,11014.85,Mumbai,2026-03-05,Declined,Fuel,MasterCard,Fuel,IOCL,UPI,Male
C88847,w103081,5764.74,Hyderabad,2026-06-09,Declined,Utilities,MasterCard,Retail,Amazon,NetBanking,Female
C43406,w103082,14996.06,Pune,2026-04-08,Approved,Shopping,RuPay,Retail,HPCL,UPI,Male
C64998,w103083,22185.46,Hyderabad,2026-01-09,Approved,Fuel,Amex,Fuel,DMart,Credit,Female
C68692,w103084,23337.18,Hyderabad,2026-06-02,Declined,Fuel,MasterCard,Fuel,Zomato,NetBanking,Male
C17536,w103085,21681.22,Pune,2026-05-21,Approved,Shopping,RuPay,Fuel,DMart,UPI,Male
C77946,w103086,15810.05,Pune,2026-01-15,Approved,Travel,Visa,Fuel,Amazon,Credit,Male
C98683,w103087,22317.65,Delhi,2026-05-15,Declined,Utilities,RuPay,Travel,DMart,NetBanking,Male
C34641,w103088,12891.28,Vizag,2026-03-10,Declined,Groceries,Amex,Utilities,IRCTC,Credit,Female
C65445,w103089,17335.78,Kolkata,2026-05-30,Approved,Groceries,Visa,Travel,DMart,NetBanking,Male
C47993,w103090,20496.53,Vizag,2026-04-01,Declined,Dining,MasterCard,E-commerce,Zomato,NetBanking,Female
C34808,w103091,5449.09,Hyderabad,2026-04-21,Approved,Dining,RuPay,Food,IOCL,Credit,Male
C55074,w103092,13032.23,Pune,2026-05-18,Declined,Fuel,MasterCard,Travel,IOCL,UPI,Male
C72696,w103093,11270.84,Vizag,2026-03-13,Approved,Utilities,MasterCard,E-commerce,HPCL,Credit,Female
C17098,w103094,8672.93,Kolkata,2026-05-09,Declined,Utilities,MasterCard,Retail,Zomato,UPI,Male
C31821,w103095,7298.1,Vizag,2026-06-06,Approved,Travel,RuPay,E-commerce,Swiggy,UPI,Male
C55383,w103096,6030.03,Hyderabad,2026-04-27,Declined,Dining,Visa,E-commerce,Amazon,NetBanking,Female
C68117,w103097,17445.92,Chennai,2026-03-28,Declined,Groceries,Amex,Food,HPCL,UPI,Female
C82395,w103098,20948.76,Bengaluru,2026-04-28,Approved,Groceries,MasterCard,E-commerce,IOCL,Credit,Male
C97081,w103099,18930.51,Vizag,2026-05-05,Declined,Groceries,RuPay,Travel,HPCL,NetBanking,Male
C69232,w103100,5793.28,Hyderabad,2026-05-04,Declined,Dining,Visa,E-commerce,Reliance,Credit,Male
C51673,w103101,5128.49,Pune,2026-01-28,Declined,Travel,RuPay,Retail,IOCL,UPI,Male
C99160,w103102,8427.98,Bengaluru,2026-05-03,Approved,Utilities,MasterCard,Utilities,DMart,UPI,Male
C94988,w103103,23224.16,Bengaluru,2026-03-18,Approved,Fuel,Visa,Travel,Amazon,NetBanking,Female
C90360,w103104,18006.9,Hyderabad,2026-04-09,Approved,Fuel,MasterCard,Retail,Zomato,Credit,Male
C10908,w103105,20154.36,Hyderabad,2026-04-22,Declined,Shopping,Amex,Travel,Amazon,Credit,Male
C90489,w103106,19601.46,Kolkata,2026-01-06,Approved,Shopping,Visa,Food,Reliance,Credit,Male
C87188,w103107,1679.99,Kolkata,2026-01-08,Declined,Utilities,MasterCard,Fuel,Zomato,UPI,Female
C40409,w103108,981.01,Bengaluru,2026-06-17,Approved,Utilities,RuPay,E-commerce,Zomato,Credit,Female
C94262,w103109,23613.8,Hyderabad,2026-06-25,Approved,Fuel,Visa,Food,Zomato,NetBanking,Male
C94843,w103110,20754.77,Hyderabad,2026-04-30,Approved,Dining,RuPay,Travel,Reliance,NetBanking,Male
C10134,w103111,5184.48,Chennai,2026-06-02,Declined,Dining,RuPay,Utilities,Zomato,NetBanking,Female
C73736,w103112,476.65,Bengaluru,2026-03-28,Approved,Travel,MasterCard,Retail,HPCL,NetBanking,Male
C92148,w103113,11831.62,Kolkata,2026-01-03,Declined,Shopping,MasterCard,Travel,Reliance,UPI,Male
C24804,w103114,22833.41,Bengaluru,2026-02-08,Declined,Utilities,MasterCard,Retail,Amazon,Credit,Female
C12604,w103115,8727.64,Kolkata,2026-04-05,Approved,Dining,MasterCard,Fuel,IOCL,UPI,Female
C18094,w103116,7719.97,Kolkata,2026-04-04,Approved,Fuel,Visa,Travel,HPCL,NetBanking,Male
C60911,w103117,12163.23,Kolkata,2026-04-24,Approved,Shopping,Amex,Utilities,Swiggy,NetBanking,Female
C14003,w103118,12894.24,Chennai,2026-03-21,Approved,Groceries,RuPay,Food,IRCTC,NetBanking,Female
C65540,w103119,10500.49,Mumbai,2026-02-18,Declined,Utilities,MasterCard,Retail,Swiggy,Credit,Female
C76502,w103120,11166.77,Mumbai,2026-01-01,Declined,Fuel,Visa,Fuel,HPCL,Credit,Male
C16818,w103121,1985.73,Mumbai,2026-03-08,Approved,Fuel,MasterCard,Utilities,DMart,NetBanking,Female
C31814,w103122,12580.37,Pune,2026-04-04,Declined,Groceries,Amex,Retail,Zomato,UPI,Female
C46823,w103123,19359.36,Vizag,2026-01-26,Declined,Shopping,Amex,E-commerce,IRCTC,NetBanking,Female
C59164,w103124,17860.76,Pune,2026-05-18,Declined,Groceries,Visa,Utilities,Amazon,UPI,Female
C56496,w103125,10961.73,Bengaluru,2026-06-24,Declined,Dining,RuPay,Food,Swiggy,Credit,Male
C98194,w103126,15152.24,Kolkata,2026-04-19,Approved,Fuel,RuPay,Travel,Reliance,UPI,Female
C91873,w103127,22965.62,Bengaluru,2026-01-08,Approved,Shopping,RuPay,Fuel,Zomato,Credit,Male
C60090,w103128,229.98,Vizag,2026-04-24,Approved,Dining,MasterCard,Fuel,Swiggy,UPI,Female
C46074,w103129,14438.04,Vizag,2026-03-03,Declined,Dining,Amex,Fuel,IOCL,Credit,Female
C35842,w103130,9625.42,Mumbai,2026-03-26,Approved,Utilities,MasterCard,E-commerce,Zomato,NetBanking,Female
C66200,w103131,22038.77,Kolkata,2026-03-30,Approved,Dining,Visa,Utilities,IOCL,UPI,Female
C82645,w103132,14393.74,Kolkata,2026-06-20,Declined,Travel,MasterCard,E-commerce,HPCL,NetBanking,Male
C98587,w103133,18252.77,Delhi,2026-02-28,Approved,Dining,RuPay,Utilities,HPCL,Credit,Female
C13438,w103134,181.33,Vizag,2026-06-09,Approved,Fuel,Amex,Fuel,Swiggy,Credit,Male
C53702,w103135,2143.25,Vizag,2026-01-27,Declined,Groceries,MasterCard,Retail,Zomato,NetBanking,Female
C98754,w103136,9438.81,Mumbai,2026-02-06,Approved,Fuel,MasterCard,Retail,IRCTC,NetBanking,Female
C97596,w103137,9230.13,Hyderabad,2026-06-04,Approved,Shopping,Amex,Food,IRCTC,NetBanking,Female
C93816,w103138,16446.85,Mumbai,2026-04-20,Approved,Fuel,MasterCard,Food,DMart,Credit,Female
C79186,w103139,12270.97,Delhi,2026-05-01,Approved,Travel,MasterCard,E-commerce,Swiggy,NetBanking,Male
C81255,w103140,2753.22,Vizag,2026-02-06,Declined,Travel,MasterCard,Food,HPCL,NetBanking,Female
C97802,w103141,23358.73,Hyderabad,2026-06-03,Declined,Dining,Amex,Retail,IRCTC,Credit,Female
C66327,w103142,4343.91,Chennai,2026-04-01,Declined,Groceries,MasterCard,Travel,Zomato,NetBanking,Male
C45460,w103143,12469.27,Mumbai,2026-06-02,Declined,Groceries,RuPay,Travel,DMart,NetBanking,Male
C88060,w103144,10179.29,Kolkata,2026-02-01,Declined,Travel,Visa,Food,Zomato,Credit,Female
C29229,w103145,24859.02,Delhi,2026-04-30,Declined,Groceries,Amex,Fuel,IOCL,NetBanking,Male
C26553,w103146,8144.7,Mumbai,2026-03-01,Approved,Dining,Amex,E-commerce,Swiggy,NetBanking,Female
C90600,w103147,3161.1,Delhi,2026-03-06,Approved,Travel,Amex,Fuel,Swiggy,NetBanking,Male
C97655,w103148,14191.87,Pune,2026-06-08,Approved,Travel,Visa,Travel,Reliance,NetBanking,Male
C92783,w103149,17514.92,Mumbai,2026-03-14,Declined,Shopping,Amex,E-commerce,Zomato,UPI,Female
C69250,w103150,24963.41,Bengaluru,2026-06-07,Declined,Groceries,Amex,Food,IRCTC,UPI,Male
C59142,w103151,22301.2,Kolkata,2026-04-04,Approved,Fuel,Visa,Food,DMart,NetBanking,Female
C72805,w103152,11900.46,Mumbai,2026-03-11,Approved,Groceries,RuPay,Retail,Zomato,Credit,Male
C27977,w103153,13961.2,Vizag,2026-05-18,Approved,Dining,MasterCard,Utilities,Reliance,NetBanking,Male
C97757,w103154,561.19,Bengaluru,2026-04-22,Declined,Dining,MasterCard,Retail,DMart,Credit,Male
C92484,w103155,5807.09,Hyderabad,2026-02-09,Declined,Fuel,RuPay,Fuel,IOCL,UPI,Male
C85560,w103156,17708.44,Pune,2026-06-17,Approved,Dining,Visa,Fuel,Zomato,Credit,Female
C42277,w103157,15884.5,Kolkata,2026-04-08,Declined,Fuel,RuPay,Utilities,Amazon,UPI,Female
C43298,w103158,8812.06,Kolkata,2026-05-05,Declined,Dining,Amex,E-commerce,DMart,UPI,Female
C67023,w103159,17565.15,Vizag,2026-06-14,Declined,Travel,Amex,Fuel,DMart,Credit,Female
C50660,w103160,9656.29,Delhi,2026-01-16,Approved,Fuel,RuPay,Retail,HPCL,Credit,Female
C86046,w103161,4135.05,Kolkata,2026-01-15,Declined,Dining,Amex,E-commerce,Amazon,NetBanking,Male
C65100,w103162,22800.71,Bengaluru,2026-05-29,Declined,Utilities,Visa,Utilities,Amazon,UPI,Male
C81444,w103163,17111.03,Mumbai,2026-01-16,Approved,Travel,MasterCard,Retail,Zomato,NetBanking,Male
C53721,w103164,16502.15,Kolkata,2026-04-08,Declined,Fuel,RuPay,Utilities,HPCL,NetBanking,Male
C50731,w103165,7973.56,Mumbai,2026-05-02,Declined,Shopping,MasterCard,E-commerce,Amazon,Credit,Male
C40201,w103166,10043.41,Pune,2026-02-25,Declined,Groceries,Amex,Travel,Reliance,NetBanking,Male
C60403,w103167,2027.99,Mumbai,2026-04-23,Approved,Shopping,Visa,Fuel,Amazon,NetBanking,Female
C28610,w103168,11243.02,Mumbai,2026-02-09,Approved,Shopping,RuPay,Fuel,HPCL,UPI,Male
C90810,w103169,1343.87,Mumbai,2026-03-20,Declined,Travel,RuPay,Travel,IOCL,NetBanking,Female
C86116,w103170,16521.17,Hyderabad,2026-01-02,Declined,Utilities,MasterCard,Travel,IOCL,Credit,Female
C79199,w103171,17782.35,Chennai,2026-04-15,Declined,Dining,RuPay,Utilities,Amazon,UPI,Male
C20295,w103172,23711.57,Pune,2026-06-29,Approved,Fuel,MasterCard,Fuel,Reliance,UPI,Female
C72327,w103173,9740.29,Chennai,2026-03-24,Declined,Utilities,Amex,Retail,Swiggy,UPI,Female
C26374,w103174,20156.3,Bengaluru,2026-02-12,Approved,Fuel,Amex,Travel,Zomato,Credit,Female
C67999,w103175,15985.92,Vizag,2026-02-06,Declined,Travel,MasterCard,Retail,DMart,Credit,Male
C59226,w103176,12095.96,Delhi,2026-02-07,Declined,Dining,MasterCard,Fuel,Reliance,NetBanking,Male
C27509,w103177,22555.83,Chennai,2026-05-05,Approved,Groceries,Amex,Food,Amazon,NetBanking,Male
C22532,w103178,24132.94,Bengaluru,2026-06-03,Declined,Travel,Visa,Retail,DMart,NetBanking,Female
C87082,w103179,22280.52,Chennai,2026-04-07,Approved,Fuel,Visa,Utilities,IOCL,Credit,Female
C42010,w103180,19755.53,Delhi,2026-04-28,Approved,Utilities,RuPay,Retail,IOCL,UPI,Female
C31035,w103181,6608.7,Mumbai,2026-02-07,Declined,Shopping,Amex,Utilities,IRCTC,NetBanking,Female
C98636,w103182,7297.0,Delhi,2026-01-10,Approved,Fuel,RuPay,E-commerce,Swiggy,NetBanking,Female
C94883,w103183,265.43,Hyderabad,2026-04-03,Declined,Shopping,Visa,Fuel,HPCL,Credit,Male
C23029,w103184,3685.56,Hyderabad,2026-03-01,Declined,Dining,RuPay,Utilities,IRCTC,UPI,Male
C14423,w103185,16901.13,Pune,2026-06-04,Declined,Fuel,Visa,Travel,HPCL,NetBanking,Male
C72022,w103186,19197.65,Bengaluru,2026-06-02,Approved,Groceries,RuPay,Utilities,IOCL,NetBanking,Male
C17154,w103187,5442.22,Delhi,2026-03-15,Approved,Utilities,MasterCard,Travel,IOCL,Credit,Male
C87083,w103188,22913.71,Hyderabad,2026-06-29,Approved,Dining,Amex,Fuel,DMart,UPI,Female
C46572,w103189,8779.12,Hyderabad,2026-05-05,Approved,Shopping,Amex,Travel,IOCL,Credit,Male
C90056,w103190,13518.91,Delhi,2026-02-24,Approved,Utilities,Visa,E-commerce,IOCL,NetBanking,Male
C48667,w103191,22911.35,Pune,2026-02-07,Declined,Fuel,Visa,Fuel,IRCTC,NetBanking,Female
C23414,w103192,6046.68,Vizag,2026-06-01,Approved,Dining,Visa,Fuel,Amazon,Credit,Female
C78628,w103193,15941.74,Chennai,2026-05-11,Declined,Shopping,RuPay,E-commerce,HPCL,NetBanking,Female
C54877,w103194,12364.56,Hyderabad,2026-01-31,Approved,Utilities,MasterCard,Retail,IRCTC,Credit,Male
C55982,w103195,19160.49,Pune,2026-04-11,Declined,Groceries,RuPay,E-commerce,Amazon,UPI,Female
C96074,w103196,15224.16,Bengaluru,2026-06-15,Approved,Groceries,Visa,Food,HPCL,UPI,Female
C48544,w103197,8272.23,Hyderabad,2026-06-15,Declined,Fuel,MasterCard,Retail,DMart,UPI,Female
C35998,w103198,20674.22,Hyderabad,2026-02-04,Declined,Fuel,MasterCard,Fuel,Reliance,UPI,Male
C68218,w103199,21323.93,Bengaluru,2026-02-18,Approved,Groceries,Visa,Utilities,DMart,NetBanking,Male
C57526,w103200,3562.51,Chennai,2026-01-28,Declined,Groceries,MasterCard,Fuel,Reliance,Credit,Male
C61948,w103201,14573.57,Mumbai,2026-03-12,Declined,Dining,RuPay,Travel,Reliance,NetBanking,Male
C88769,w103202,241.43,Hyderabad,2026-05-02,Approved,Fuel,Amex,Food,Swiggy,NetBanking,Male
C75265,w103203,3449.14,Kolkata,2026-06-03,Declined,Groceries,Amex,Travel,Reliance,UPI,Male
C25196,w103204,8916.18,Hyderabad,2026-02-25,Approved,Shopping,Visa,Utilities,Swiggy,Credit,Female
C34256,w103205,14355.07,Chennai,2026-02-23,Declined,Utilities,RuPay,E-commerce,IRCTC,UPI,Female
C54386,w103206,22604.91,Chennai,2026-04-12,Approved,Shopping,MasterCard,Travel,Zomato,Credit,Female
C69554,w103207,10333.2,Kolkata,2026-02-01,Declined,Fuel,RuPay,Food,IRCTC,Credit,Female
C30799,w103208,10718.36,Bengaluru,2026-06-12,Approved,Groceries,Amex,Utilities,Amazon,NetBanking,Female
C59794,w103209,17422.39,Pune,2026-06-07,Approved,Shopping,MasterCard,Fuel,HPCL,NetBanking,Female
C55002,w103210,14044.62,Vizag,2026-06-18,Approved,Fuel,Visa,Travel,Swiggy,NetBanking,Male
C44209,w103211,23247.12,Kolkata,2026-06-07,Declined,Groceries,Visa,Retail,DMart,Credit,Female
C32214,w103212,24613.19,Mumbai,2026-04-12,Declined,Utilities,Amex,E-commerce,Reliance,NetBanking,Female
C94665,w103213,23470.75,Pune,2026-05-05,Approved,Shopping,Visa,Travel,DMart,NetBanking,Female
C74545,w103214,15757.93,Delhi,2026-06-07,Declined,Travel,Amex,Fuel,IOCL,Credit,Female
C78788,w103215,16040.68,Vizag,2026-03-29,Declined,Fuel,MasterCard,Retail,IRCTC,UPI,Male
C11086,w103216,17498.7,Bengaluru,2026-03-07,Approved,Dining,RuPay,E-commerce,Zomato,Credit,Male
C36640,w103217,13087.73,Vizag,2026-03-14,Declined,Travel,Amex,Fuel,Zomato,UPI,Male
C83727,w103218,4827.79,Vizag,2026-03-31,Approved,Groceries,Amex,E-commerce,IRCTC,Credit,Male
C14940,w103219,22759.64,Pune,2026-04-17,Declined,Dining,Amex,Travel,Zomato,NetBanking,Female
C17448,w103220,20332.63,Pune,2026-02-17,Approved,Travel,MasterCard,E-commerce,Swiggy,NetBanking,Female
C86886,w103221,20454.42,Chennai,2026-03-09,Declined,Shopping,MasterCard,Food,IRCTC,Credit,Female
C70577,w103222,5061.21,Bengaluru,2026-06-21,Approved,Fuel,MasterCard,Retail,DMart,Credit,Female
C92743,w103223,23681.04,Mumbai,2026-02-12,Declined,Utilities,Visa,E-commerce,IOCL,UPI,Female
C52657,w103224,16113.25,Vizag,2026-06-12,Declined,Utilities,RuPay,Retail,Amazon,NetBanking,Male
C83289,w103225,20938.64,Pune,2026-06-03,Approved,Travel,MasterCard,Travel,Amazon,Credit,Female
C96072,w103226,16129.44,Hyderabad,2026-01-27,Approved,Fuel,RuPay,Food,IOCL,NetBanking,Male
C79426,w103227,18755.82,Chennai,2026-01-08,Declined,Dining,RuPay,Food,IRCTC,UPI,Female
C52534,w103228,24435.04,Vizag,2026-05-07,Declined,Fuel,Amex,Fuel,Zomato,NetBanking,Female
C73653,w103229,20256.41,Kolkata,2026-05-21,Declined,Shopping,Visa,Retail,Reliance,UPI,Female
C28083,w103230,10937.36,Kolkata,2026-05-14,Declined,Dining,RuPay,E-commerce,IOCL,Credit,Female
C97763,w103231,6929.04,Kolkata,2026-06-17,Declined,Travel,MasterCard,E-commerce,HPCL,UPI,Male
C49483,w103232,12948.33,Pune,2026-06-06,Declined,Dining,MasterCard,Travel,Amazon,NetBanking,Female
C51700,w103233,22937.72,Kolkata,2026-05-17,Approved,Travel,MasterCard,Food,Amazon,NetBanking,Female
C35084,w103234,16447.29,Hyderabad,2026-02-18,Declined,Fuel,RuPay,Food,Reliance,NetBanking,Male
C16452,w103235,16785.01,Mumbai,2026-01-24,Approved,Travel,Amex,Utilities,DMart,UPI,Male
C86449,w103236,17239.3,Mumbai,2026-03-08,Declined,Dining,Visa,Fuel,Amazon,Credit,Male
C63783,w103237,10734.25,Vizag,2026-05-02,Declined,Utilities,Visa,Fuel,DMart,UPI,Female
C28500,w103238,6012.06,Bengaluru,2026-02-19,Declined,Fuel,Visa,Travel,IOCL,NetBanking,Male
C66091,w103239,10765.21,Chennai,2026-05-22,Declined,Groceries,Amex,Food,IOCL,NetBanking,Male
C16767,w103240,22454.27,Bengaluru,2026-04-04,Declined,Utilities,Amex,Fuel,Zomato,Credit,Male
C33769,w103241,9180.51,Hyderabad,2026-05-01,Approved,Travel,MasterCard,Retail,Amazon,Credit,Female
C67393,w103242,11521.86,Delhi,2026-03-02,Declined,Dining,Amex,Utilities,HPCL,UPI,Female
C60590,w103243,2139.72,Vizag,2026-02-26,Approved,Dining,RuPay,E-commerce,HPCL,NetBanking,Female
C59101,w103244,8472.18,Kolkata,2026-02-27,Approved,Dining,RuPay,Travel,DMart,Credit,Male
C52619,w103245,15439.13,Chennai,2026-05-20,Declined,Travel,RuPay,Retail,IRCTC,UPI,Female
C14366,w103246,13384.0,Bengaluru,2026-05-26,Declined,Dining,MasterCard,E-commerce,Amazon,UPI,Female
C38512,w103247,13372.88,Hyderabad,2026-05-01,Approved,Groceries,RuPay,Travel,Zomato,Credit,Female
C18465,w103248,6750.86,Hyderabad,2026-01-22,Approved,Dining,MasterCard,Food,DMart,UPI,Male
C22012,w103249,19070.33,Pune,2026-01-22,Declined,Travel,Amex,Travel,IOCL,UPI,Female
C72464,w103250,6261.86,Chennai,2026-06-17,Approved,Travel,MasterCard,Fuel,Swiggy,NetBanking,Female
C16682,w103251,22006.31,Mumbai,2026-01-18,Declined,Groceries,Visa,Fuel,DMart,NetBanking,Male
C95124,w103252,1679.49,Chennai,2026-02-17,Declined,Dining,RuPay,Fuel,DMart,UPI,Male
C58627,w103253,1779.69,Mumbai,2026-04-23,Approved,Fuel,RuPay,Food,Reliance,NetBanking,Female
C61588,w103254,17489.32,Vizag,2026-01-29,Approved,Groceries,MasterCard,Fuel,IOCL,UPI,Male
C90316,w103255,10412.44,Hyderabad,2026-04-13,Approved,Shopping,Amex,E-commerce,Swiggy,Credit,Female
C38294,w103256,17291.59,Hyderabad,2026-02-16,Declined,Fuel,RuPay,Fuel,Reliance,NetBanking,Male
C82139,w103257,6735.29,Hyderabad,2026-05-23,Declined,Utilities,Amex,Utilities,DMart,Credit,Female
C98844,w103258,10272.11,Vizag,2026-04-18,Approved,Groceries,MasterCard,Retail,Reliance,Credit,Female
C21449,w103259,23081.53,Hyderabad,2026-01-29,Declined,Groceries,MasterCard,Retail,IOCL,NetBanking,Male
C60524,w103260,5117.3,Pune,2026-01-15,Declined,Groceries,Visa,Food,Amazon,UPI,Female
C18340,w103261,1658.96,Kolkata,2026-03-24,Approved,Dining,Visa,Food,DMart,UPI,Female
C81508,w103262,7696.14,Chennai,2026-02-22,Declined,Utilities,MasterCard,Fuel,Swiggy,NetBanking,Female
C17513,w103263,11597.16,Vizag,2026-05-24,Approved,Fuel,MasterCard,Utilities,Amazon,Credit,Male
C92822,w103264,2981.67,Hyderabad,2026-06-22,Declined,Shopping,MasterCard,Utilities,Swiggy,NetBanking,Female
C16622,w103265,13330.14,Pune,2026-04-29,Declined,Groceries,MasterCard,Utilities,Reliance,NetBanking,Female
C38136,w103266,190.3,Pune,2026-04-01,Approved,Utilities,RuPay,Food,DMart,Credit,Female
C77508,w103267,18870.0,Delhi,2026-02-12,Declined,Dining,Visa,Retail,DMart,NetBanking,Female
C48358,w103268,9772.1,Pune,2026-02-21,Declined,Utilities,RuPay,Fuel,IRCTC,NetBanking,Male
C61455,w103269,8335.52,Delhi,2026-02-14,Declined,Shopping,MasterCard,Utilities,IOCL,Credit,Female
C29680,w103270,9188.48,Pune,2026-03-23,Declined,Dining,Amex,Food,Zomato,Credit,Female
C74259,w103271,9951.88,Bengaluru,2026-05-21,Approved,Utilities,Visa,Retail,DMart,NetBanking,Female
C38450,w103272,23485.63,Chennai,2026-02-25,Declined,Groceries,Amex,Fuel,Swiggy,Credit,Female
C40522,w103273,6875.58,Chennai,2026-05-03,Declined,Utilities,Visa,Fuel,Amazon,UPI,Female
C15312,w103274,5546.58,Mumbai,2026-03-21,Approved,Utilities,RuPay,Travel,IOCL,NetBanking,Female
C39150,w103275,9789.42,Mumbai,2026-01-08,Declined,Shopping,MasterCard,Fuel,Reliance,NetBanking,Female
C61045,w103276,1427.0,Chennai,2026-03-16,Approved,Dining,RuPay,Utilities,HPCL,Credit,Male
C13926,w103277,12656.66,Pune,2026-06-21,Approved,Utilities,RuPay,Fuel,IRCTC,NetBanking,Male
C46217,w103278,6007.11,Mumbai,2026-03-22,Approved,Utilities,MasterCard,Travel,DMart,Credit,Male
C86648,w103279,3505.93,Delhi,2026-04-12,Declined,Shopping,Amex,Food,HPCL,NetBanking,Male
C21819,w103280,9252.38,Kolkata,2026-02-22,Declined,Fuel,Visa,Utilities,Zomato,Credit,Female
C24421,w103281,11440.48,Hyderabad,2026-01-01,Declined,Utilities,RuPay,E-commerce,IRCTC,NetBanking,Female
C46651,w103282,13413.5,Vizag,2026-01-31,Declined,Travel,MasterCard,Retail,IRCTC,UPI,Male
C93248,w103283,4537.32,Vizag,2026-02-25,Approved,Shopping,MasterCard,Travel,DMart,UPI,Female
C78111,w103284,24854.58,Kolkata,2026-06-23,Approved,Travel,Amex,Utilities,HPCL,NetBanking,Male
C14544,w103285,5423.33,Bengaluru,2026-05-05,Approved,Shopping,RuPay,Utilities,HPCL,Credit,Female
C28764,w103286,22580.91,Chennai,2026-01-30,Declined,Groceries,MasterCard,Retail,Amazon,UPI,Male
C78979,w103287,274.06,Kolkata,2026-05-08,Declined,Fuel,RuPay,Retail,Amazon,NetBanking,Male
C48407,w103288,3703.9,Vizag,2026-03-30,Approved,Travel,MasterCard,Retail,Amazon,NetBanking,Male
C84354,w103289,4844.0,Hyderabad,2026-03-10,Approved,Shopping,MasterCard,Fuel,IOCL,UPI,Female
C60233,w103290,1395.38,Mumbai,2026-06-07,Declined,Utilities,Visa,Food,IRCTC,Credit,Female
C63232,w103291,12225.4,Pune,2026-04-08,Approved,Groceries,RuPay,Travel,Amazon,NetBanking,Male
C45814,w103292,18772.44,Vizag,2026-03-28,Declined,Utilities,RuPay,E-commerce,Swiggy,Credit,Female
C46691,w103293,12604.24,Bengaluru,2026-03-18,Approved,Dining,Visa,Retail,IRCTC,NetBanking,Male
C50231,w103294,17362.06,Hyderabad,2026-04-05,Declined,Shopping,Amex,Fuel,Reliance,Credit,Male
C87648,w103295,24594.47,Chennai,2026-05-26,Declined,Utilities,RuPay,Retail,Reliance,UPI,Male
C82609,w103296,12055.36,Pune,2026-06-02,Declined,Utilities,RuPay,E-commerce,Swiggy,Credit,Female
C30272,w103297,24476.48,Pune,2026-06-03,Approved,Travel,Visa,E-commerce,Reliance,UPI,Female
C62922,w103298,24335.88,Chennai,2026-03-16,Declined,Shopping,RuPay,Fuel,HPCL,NetBanking,Male
C60401,w103299,9075.89,Chennai,2026-03-06,Declined,Fuel,Visa,Fuel,IOCL,UPI,Male
C39062,w103300,7037.59,Vizag,2026-02-13,Declined,Dining,RuPay,Travel,IOCL,NetBanking,Male
C14010,w103301,23855.64,Mumbai,2026-03-20,Declined,Travel,Amex,Travel,Amazon,NetBanking,Female
C85820,w103302,20371.58,Mumbai,2026-01-01,Approved,Dining,RuPay,Fuel,HPCL,NetBanking,Female
C89916,w103303,13751.95,Kolkata,2026-02-17,Approved,Fuel,MasterCard,Retail,DMart,NetBanking,Male
C27299,w103304,11560.85,Vizag,2026-06-28,Declined,Utilities,Visa,E-commerce,IRCTC,NetBanking,Male
C90242,w103305,19159.67,Hyderabad,2026-02-04,Approved,Dining,Amex,Fuel,DMart,NetBanking,Female
C94713,w103306,20525.22,Mumbai,2026-02-04,Declined,Groceries,RuPay,Retail,DMart,UPI,Female
C77861,w103307,13426.14,Kolkata,2026-05-05,Declined,Fuel,RuPay,Retail,Reliance,Credit,Female
C47600,w103308,3194.39,Hyderabad,2026-01-05,Approved,Fuel,RuPay,Retail,Amazon,NetBanking,Male
C80817,w103309,19584.09,Mumbai,2026-06-19,Approved,Dining,Visa,E-commerce,HPCL,Credit,Male
C59548,w103310,2238.58,Pune,2026-06-20,Approved,Dining,RuPay,Fuel,IOCL,UPI,Male
C82641,w103311,3936.77,Hyderabad,2026-02-12,Declined,Groceries,Visa,Utilities,Swiggy,NetBanking,Female
C15955,w103312,19535.08,Mumbai,2026-06-21,Approved,Utilities,MasterCard,E-commerce,Zomato,Credit,Female
C18231,w103313,7715.63,Vizag,2026-06-04,Approved,Fuel,RuPay,Retail,Amazon,Credit,Male
C81461,w103314,9512.65,Kolkata,2026-02-11,Declined,Travel,Amex,Retail,Reliance,NetBanking,Male
C15464,w103315,18529.74,Chennai,2026-05-19,Declined,Groceries,Amex,Fuel,HPCL,NetBanking,Female
C74227,w103316,5680.11,Hyderabad,2026-06-29,Declined,Fuel,Amex,Retail,Zomato,Credit,Female
C22401,w103317,14488.87,Vizag,2026-01-08,Declined,Utilities,RuPay,Fuel,Reliance,UPI,Female
C34997,w103318,19485.9,Hyderabad,2026-01-05,Approved,Dining,MasterCard,Fuel,Amazon,NetBanking,Female
C81955,w103319,2992.82,Pune,2026-04-04,Declined,Fuel,Visa,E-commerce,Amazon,UPI,Male
C77454,w103320,18021.76,Mumbai,2026-04-10,Approved,Shopping,Amex,Fuel,DMart,Credit,Male
C15971,w103321,6270.91,Chennai,2026-01-12,Declined,Shopping,Amex,Fuel,Swiggy,UPI,Male
C65151,w103322,23909.22,Pune,2026-01-25,Declined,Shopping,RuPay,Food,Swiggy,UPI,Male
C75817,w103323,20666.92,Bengaluru,2026-06-25,Declined,Travel,RuPay,Travel,Zomato,Credit,Male
C32868,w103324,2783.25,Bengaluru,2026-03-01,Declined,Dining,Visa,Retail,IRCTC,NetBanking,Female
C15977,w103325,1060.01,Vizag,2026-06-01,Declined,Utilities,RuPay,Food,Amazon,NetBanking,Female
C22243,w103326,4146.24,Chennai,2026-01-07,Declined,Dining,MasterCard,Fuel,Amazon,NetBanking,Male
C61200,w103327,684.78,Vizag,2026-06-11,Declined,Shopping,Visa,Food,Amazon,NetBanking,Male
C63610,w103328,9103.02,Bengaluru,2026-05-26,Approved,Travel,Amex,Retail,IRCTC,Credit,Male
C42289,w103329,10616.63,Vizag,2026-02-22,Declined,Shopping,MasterCard,Food,Swiggy,NetBanking,Female
C80708,w103330,19695.87,Vizag,2026-06-24,Approved,Shopping,Amex,Fuel,Amazon,UPI,Female
C91205,w103331,16167.76,Mumbai,2026-02-25,Approved,Fuel,Visa,Food,IRCTC,UPI,Female
C70618,w103332,15529.7,Bengaluru,2026-04-14,Declined,Dining,RuPay,Food,DMart,NetBanking,Male
C70562,w103333,9498.16,Vizag,2026-01-07,Approved,Shopping,Amex,Fuel,Swiggy,Credit,Male
C69091,w103334,19785.74,Bengaluru,2026-01-08,Declined,Groceries,MasterCard,Retail,IOCL,UPI,Male
C56821,w103335,1492.86,Kolkata,2026-04-20,Approved,Dining,RuPay,E-commerce,Reliance,UPI,Female
C92949,w103336,17085.54,Bengaluru,2026-04-17,Approved,Travel,RuPay,Food,IRCTC,UPI,Male
C25323,w103337,10410.04,Kolkata,2026-06-08,Declined,Travel,Amex,Travel,Reliance,NetBanking,Female
C50389,w103338,19376.84,Vizag,2026-06-26,Approved,Shopping,Visa,Travel,IOCL,NetBanking,Female
C33419,w103339,22613.03,Bengaluru,2026-06-11,Declined,Fuel,RuPay,Travel,Swiggy,UPI,Male
C56040,w103340,22280.15,Bengaluru,2026-01-31,Declined,Travel,Visa,Retail,Swiggy,NetBanking,Female
C37485,w103341,22859.55,Chennai,2026-06-24,Declined,Groceries,Visa,E-commerce,Amazon,NetBanking,Female
C32882,w103342,9674.19,Kolkata,2026-04-15,Declined,Travel,RuPay,Retail,Amazon,UPI,Male
C93687,w103343,13403.17,Hyderabad,2026-01-05,Approved,Utilities,RuPay,Retail,HPCL,Credit,Female
C69345,w103344,17964.67,Bengaluru,2026-03-14,Declined,Fuel,RuPay,E-commerce,IRCTC,UPI,Female
C12159,w103345,11595.47,Delhi,2026-02-02,Declined,Utilities,MasterCard,Food,IRCTC,UPI,Female
C59646,w103346,21355.15,Delhi,2026-03-23,Declined,Shopping,Visa,Utilities,Zomato,UPI,Female
C90644,w103347,12350.46,Hyderabad,2026-01-07,Declined,Travel,MasterCard,Fuel,IRCTC,Credit,Female
C14644,w103348,17435.23,Pune,2026-04-25,Declined,Utilities,RuPay,Fuel,Swiggy,NetBanking,Female
C45445,w103349,4300.12,Mumbai,2026-05-17,Declined,Shopping,Amex,Travel,Swiggy,NetBanking,Female
C81219,w103350,8036.89,Delhi,2026-02-24,Approved,Travel,MasterCard,E-commerce,IOCL,NetBanking,Female
C25701,w103351,17811.79,Bengaluru,2026-01-23,Approved,Travel,Amex,Travel,DMart,Credit,Male
C16632,w103352,11720.59,Pune,2026-03-27,Declined,Fuel,RuPay,Travel,Swiggy,NetBanking,Female
C57216,w103353,20205.07,Pune,2026-03-13,Declined,Utilities,Visa,Utilities,Reliance,NetBanking,Male
C75239,w103354,5616.31,Pune,2026-06-27,Approved,Utilities,RuPay,Fuel,Zomato,NetBanking,Male
C77463,w103355,20669.16,Hyderabad,2026-01-21,Approved,Travel,Amex,Utilities,Swiggy,NetBanking,Male
C14167,w103356,7258.42,Delhi,2026-04-18,Declined,Shopping,MasterCard,Fuel,Zomato,UPI,Female
C56568,w103357,12618.27,Delhi,2026-03-03,Approved,Dining,MasterCard,E-commerce,Swiggy,NetBanking,Female
C58961,w103358,5502.75,Vizag,2026-01-28,Approved,Travel,Visa,Travel,DMart,UPI,Female
C54391,w103359,15506.55,Bengaluru,2026-01-20,Declined,Travel,RuPay,Fuel,Swiggy,Credit,Male
C82194,w103360,14517.03,Kolkata,2026-02-07,Declined,Travel,Visa,Fuel,HPCL,UPI,Female
C78764,w103361,4718.21,Pune,2026-02-08,Approved,Shopping,MasterCard,E-commerce,Reliance,UPI,Male
C79499,w103362,12703.9,Bengaluru,2026-03-22,Approved,Shopping,Visa,Retail,DMart,UPI,Female
C91698,w103363,19904.62,Hyderabad,2026-03-17,Declined,Shopping,MasterCard,Travel,IOCL,NetBanking,Female
C37671,w103364,8456.09,Pune,2026-02-18,Declined,Utilities,MasterCard,Travel,Zomato,UPI,Female
C28123,w103365,20680.26,Delhi,2026-02-07,Declined,Travel,MasterCard,E-commerce,Amazon,Credit,Male
C28357,w103366,17952.07,Vizag,2026-03-29,Approved,Utilities,MasterCard,Fuel,IOCL,Credit,Male
C64270,w103367,12131.27,Delhi,2026-02-16,Declined,Dining,Amex,E-commerce,DMart,Credit,Female
C54575,w103368,18511.35,Vizag,2026-06-21,Declined,Dining,Amex,Fuel,Zomato,NetBanking,Female
C89809,w103369,7690.34,Kolkata,2026-04-18,Declined,Fuel,MasterCard,Food,Amazon,NetBanking,Male
C29112,w103370,4333.12,Delhi,2026-03-02,Declined,Groceries,RuPay,Retail,DMart,NetBanking,Male
C84997,w103371,7823.55,Hyderabad,2026-02-19,Approved,Travel,MasterCard,Retail,HPCL,UPI,Male
C53940,w103372,9025.54,Delhi,2026-01-26,Approved,Fuel,Visa,Fuel,IRCTC,NetBanking,Male
C49709,w103373,12148.01,Mumbai,2026-06-28,Approved,Groceries,RuPay,Retail,Swiggy,Credit,Male
C46551,w103374,5363.17,Vizag,2026-03-15,Approved,Groceries,RuPay,Travel,Reliance,UPI,Male
C54104,w103375,6578.13,Kolkata,2026-04-30,Declined,Travel,Amex,Retail,Swiggy,UPI,Male
C57442,w103376,14177.01,Chennai,2026-06-09,Declined,Dining,Amex,Food,HPCL,NetBanking,Female
C78805,w103377,22545.13,Chennai,2026-03-03,Declined,Utilities,Visa,Utilities,IOCL,UPI,Male
C59470,w103378,1274.51,Hyderabad,2026-06-24,Declined,Fuel,Visa,Retail,Swiggy,UPI,Male
C32261,w103379,12049.73,Hyderabad,2026-05-19,Approved,Dining,MasterCard,Fuel,IRCTC,NetBanking,Male
C45169,w103380,16972.57,Kolkata,2026-02-05,Approved,Dining,MasterCard,Retail,Swiggy,Credit,Female
C46204,w103381,12885.86,Bengaluru,2026-06-08,Declined,Utilities,MasterCard,Food,IRCTC,NetBanking,Female
C45076,w103382,20593.93,Kolkata,2026-03-08,Declined,Utilities,RuPay,Travel,Reliance,Credit,Male
C39517,w103383,795.25,Hyderabad,2026-01-15,Declined,Fuel,Visa,Retail,DMart,UPI,Male
C85217,w103384,3119.68,Pune,2026-06-12,Declined,Utilities,RuPay,Travel,Zomato,NetBanking,Male
C23621,w103385,6529.67,Delhi,2026-03-08,Declined,Travel,Visa,Travel,IRCTC,UPI,Female
C23288,w103386,694.21,Vizag,2026-01-06,Approved,Utilities,RuPay,Fuel,DMart,Credit,Male
C62455,w103387,24673.63,Delhi,2026-04-19,Declined,Travel,Amex,Fuel,Amazon,NetBanking,Male
C38115,w103388,17917.48,Hyderabad,2026-04-07,Approved,Shopping,Amex,Utilities,Zomato,Credit,Male
C26246,w103389,5807.3,Kolkata,2026-02-25,Approved,Travel,Visa,E-commerce,Zomato,Credit,Female
C33622,w103390,11440.67,Hyderabad,2026-06-20,Declined,Utilities,Amex,Travel,Reliance,Credit,Female
C15788,w103391,11728.33,Vizag,2026-02-09,Approved,Shopping,RuPay,Retail,HPCL,NetBanking,Female
C58673,w103392,7104.05,Kolkata,2026-02-09,Declined,Utilities,RuPay,Food,IRCTC,UPI,Female
C21424,w103393,19696.9,Delhi,2026-06-26,Approved,Dining,MasterCard,E-commerce,Zomato,UPI,Female
C48222,w103394,17998.18,Kolkata,2026-06-17,Declined,Shopping,RuPay,Fuel,Reliance,UPI,Male
C51441,w103395,17994.98,Chennai,2026-02-25,Declined,Fuel,RuPay,Travel,Reliance,UPI,Male
C44946,w103396,23262.85,Chennai,2026-03-20,Declined,Groceries,Visa,Utilities,HPCL,Credit,Female
C60627,w103397,11505.83,Vizag,2026-06-09,Declined,Shopping,Amex,Utilities,HPCL,UPI,Female
C66658,w103398,15601.58,Hyderabad,2026-06-09,Declined,Groceries,Visa,Utilities,Amazon,NetBanking,Female
C14135,w103399,5930.93,Delhi,2026-06-17,Approved,Travel,RuPay,Retail,HPCL,NetBanking,Female
C91947,w103400,17172.75,Mumbai,2026-03-01,Declined,Groceries,Amex,Utilities,IRCTC,UPI,Female
C57834,w103401,22978.63,Vizag,2026-03-07,Declined,Utilities,RuPay,Travel,HPCL,UPI,Female
C10318,w103402,330.81,Delhi,2026-04-19,Approved,Utilities,Amex,E-commerce,DMart,NetBanking,Male
C86786,w103403,6241.37,Chennai,2026-06-29,Approved,Utilities,RuPay,Fuel,DMart,NetBanking,Male
C95653,w103404,7028.32,Chennai,2026-03-15,Approved,Dining,Visa,Travel,Zomato,Credit,Male
C15129,w103405,8001.5,Delhi,2026-03-24,Approved,Dining,Amex,Utilities,HPCL,UPI,Female
C87060,w103406,15083.48,Mumbai,2026-05-08,Approved,Fuel,MasterCard,Fuel,DMart,UPI,Female
C98241,w103407,17418.81,Hyderabad,2026-04-24,Declined,Groceries,MasterCard,Utilities,Zomato,NetBanking,Female
C21195,w103408,2771.78,Bengaluru,2026-03-10,Declined,Dining,MasterCard,Retail,Zomato,Credit,Male
C61212,w103409,8740.63,Delhi,2026-04-21,Approved,Groceries,Amex,E-commerce,HPCL,NetBanking,Female
C40609,w103410,23888.46,Pune,2026-01-27,Declined,Fuel,MasterCard,Travel,Amazon,UPI,Female
C74581,w103411,386.7,Hyderabad,2026-05-07,Declined,Utilities,MasterCard,Retail,Reliance,Credit,Female
C62337,w103412,21528.12,Pune,2026-02-04,Declined,Fuel,Amex,Food,IOCL,NetBanking,Male
C64926,w103413,19300.35,Chennai,2026-03-27,Declined,Utilities,Amex,Utilities,IOCL,UPI,Male
C52381,w103414,12069.53,Mumbai,2026-05-19,Declined,Utilities,RuPay,Fuel,DMart,NetBanking,Female
C89944,w103415,14260.86,Mumbai,2026-06-16,Declined,Dining,MasterCard,Fuel,IRCTC,Credit,Male
C23544,w103416,9661.92,Pune,2026-04-02,Declined,Groceries,RuPay,Utilities,IRCTC,NetBanking,Female
C11357,w103417,19062.08,Pune,2026-05-07,Declined,Fuel,Amex,Food,Reliance,NetBanking,Female
C12363,w103418,13543.4,Kolkata,2026-01-26,Approved,Dining,Amex,Fuel,IOCL,NetBanking,Male
C73313,w103419,8540.85,Pune,2026-02-16,Declined,Utilities,Visa,Food,Swiggy,Credit,Male
C28130,w103420,9599.53,Hyderabad,2026-06-25,Declined,Fuel,Amex,Utilities,Amazon,Credit,Female
C18219,w103421,24177.72,Hyderabad,2026-04-09,Approved,Shopping,Amex,Utilities,Reliance,NetBanking,Female
C88597,w103422,20287.77,Vizag,2026-05-20,Declined,Groceries,Visa,Fuel,DMart,Credit,Female
C40646,w103423,6188.84,Kolkata,2026-01-01,Declined,Dining,RuPay,Travel,DMart,NetBanking,Female
C94156,w103424,4619.71,Mumbai,2026-01-06,Approved,Groceries,Amex,Food,Amazon,Credit,Female
C35796,w103425,2570.07,Chennai,2026-05-14,Declined,Fuel,Amex,Utilities,Amazon,NetBanking,Female
C34282,w103426,6631.05,Vizag,2026-03-22,Declined,Travel,RuPay,E-commerce,Amazon,Credit,Male
C73459,w103427,23436.18,Kolkata,2026-03-25,Approved,Fuel,MasterCard,Food,Amazon,Credit,Female
C63941,w103428,19308.12,Delhi,2026-03-06,Approved,Dining,MasterCard,Travel,Swiggy,Credit,Male
C41435,w103429,7401.12,Delhi,2026-06-13,Declined,Dining,Visa,Food,HPCL,Credit,Female
C60275,w103430,3640.92,Bengaluru,2026-05-11,Approved,Fuel,Amex,E-commerce,IOCL,NetBanking,Female
C20572,w103431,1007.54,Hyderabad,2026-02-08,Declined,Shopping,Visa,E-commerce,IRCTC,Credit,Female
C46793,w103432,13862.51,Hyderabad,2026-06-18,Approved,Utilities,RuPay,Travel,Amazon,Credit,Male
C76073,w103433,6763.57,Vizag,2026-04-09,Approved,Travel,MasterCard,Travel,Amazon,UPI,Female
C54548,w103434,4512.56,Kolkata,2026-06-15,Approved,Utilities,MasterCard,Utilities,IOCL,NetBanking,Male
C98986,w103435,9464.35,Delhi,2026-05-10,Declined,Utilities,RuPay,Travel,IRCTC,Credit,Female
C30574,w103436,2918.96,Pune,2026-03-30,Approved,Fuel,Visa,Utilities,Amazon,UPI,Male
C82498,w103437,1181.13,Chennai,2026-01-06,Approved,Groceries,RuPay,Retail,DMart,UPI,Female
C94179,w103438,14088.07,Mumbai,2026-06-24,Approved,Travel,Amex,Utilities,HPCL,UPI,Male
C66285,w103439,9196.4,Hyderabad,2026-01-12,Declined,Fuel,MasterCard,E-commerce,DMart,NetBanking,Male
C87657,w103440,921.63,Kolkata,2026-01-07,Approved,Fuel,MasterCard,E-commerce,Zomato,Credit,Male
C14552,w103441,13654.53,Bengaluru,2026-06-01,Approved,Travel,RuPay,Utilities,Reliance,Credit,Female
C89317,w103442,5079.27,Delhi,2026-02-17,Approved,Utilities,Amex,Utilities,Amazon,Credit,Male
C25523,w103443,10091.2,Mumbai,2026-05-23,Approved,Utilities,RuPay,Retail,Reliance,NetBanking,Female
C82177,w103444,16871.44,Vizag,2026-02-27,Declined,Groceries,Amex,Travel,IRCTC,UPI,Female
C85262,w103445,8731.28,Chennai,2026-04-30,Declined,Fuel,RuPay,Utilities,Swiggy,UPI,Female
C41624,w103446,8467.29,Delhi,2026-01-15,Declined,Shopping,Amex,E-commerce,HPCL,Credit,Female
C15187,w103447,20125.56,Mumbai,2026-05-17,Approved,Travel,Amex,Utilities,Reliance,NetBanking,Female
C10708,w103448,747.95,Mumbai,2026-02-15,Approved,Utilities,Amex,Utilities,IRCTC,UPI,Female
C44153,w103449,7034.38,Mumbai,2026-06-24,Approved,Groceries,MasterCard,Retail,IRCTC,UPI,Male
C85985,w103450,19597.85,Hyderabad,2026-04-06,Approved,Shopping,MasterCard,Food,Reliance,Credit,Female
C36000,w103451,23367.78,Bengaluru,2026-03-23,Approved,Dining,Amex,Retail,Reliance,NetBanking,Female
C95048,w103452,17824.51,Mumbai,2026-04-20,Declined,Shopping,Visa,Food,IOCL,UPI,Male
C68905,w103453,15065.86,Kolkata,2026-05-05,Approved,Groceries,Amex,Fuel,Zomato,NetBanking,Female
C69378,w103454,4947.49,Hyderabad,2026-06-28,Approved,Fuel,Visa,Fuel,Reliance,UPI,Male
C58081,w103455,24853.55,Pune,2026-03-23,Declined,Dining,Amex,Fuel,Swiggy,UPI,Female
C26156,w103456,18786.24,Vizag,2026-03-18,Declined,Travel,RuPay,Food,HPCL,Credit,Female
C38541,w103457,8509.1,Vizag,2026-05-06,Declined,Dining,Amex,Fuel,IRCTC,UPI,Male
C93902,w103458,12383.96,Delhi,2026-03-19,Declined,Utilities,RuPay,E-commerce,Amazon,UPI,Male
C62641,w103459,2010.27,Chennai,2026-06-01,Declined,Dining,Visa,E-commerce,IOCL,NetBanking,Female
C93039,w103460,13478.99,Chennai,2026-05-11,Approved,Shopping,MasterCard,E-commerce,IOCL,NetBanking,Male
C45945,w103461,6010.66,Hyderabad,2026-06-21,Approved,Shopping,Visa,E-commerce,Amazon,NetBanking,Female
C44573,w103462,18098.49,Vizag,2026-01-25,Approved,Utilities,MasterCard,Utilities,Swiggy,NetBanking,Female
C34604,w103463,3489.3,Pune,2026-06-27,Declined,Travel,Amex,Utilities,HPCL,Credit,Male
C15506,w103464,19398.6,Kolkata,2026-04-29,Declined,Groceries,MasterCard,Retail,IOCL,UPI,Male
C58875,w103465,2613.98,Pune,2026-04-02,Declined,Fuel,Amex,Utilities,IRCTC,NetBanking,Female
C83186,w103466,20551.77,Vizag,2026-03-19,Declined,Groceries,Visa,Travel,Reliance,UPI,Male
C18124,w103467,13647.79,Pune,2026-02-14,Declined,Fuel,Amex,Food,DMart,NetBanking,Male
C20774,w103468,6195.57,Vizag,2026-04-06,Declined,Shopping,Amex,E-commerce,Swiggy,Credit,Female
C49440,w103469,13597.04,Delhi,2026-01-11,Declined,Travel,RuPay,Fuel,IRCTC,NetBanking,Female
C60928,w103470,1416.79,Bengaluru,2026-04-08,Approved,Groceries,MasterCard,E-commerce,Zomato,Credit,Female
C79173,w103471,4329.29,Hyderabad,2026-02-18,Approved,Fuel,RuPay,Travel,HPCL,Credit,Female
C46329,w103472,15422.45,Chennai,2026-05-12,Declined,Utilities,MasterCard,Food,Reliance,UPI,Female
C77171,w103473,3726.38,Bengaluru,2026-01-25,Declined,Dining,RuPay,Utilities,Amazon,UPI,Male
C80778,w103474,4976.44,Kolkata,2026-06-01,Declined,Shopping,Amex,Food,IOCL,Credit,Male
C81557,w103475,19109.19,Bengaluru,2026-03-19,Approved,Travel,Amex,Food,Zomato,NetBanking,Female
C42378,w103476,9399.0,Chennai,2026-03-20,Approved,Groceries,Amex,Food,IOCL,NetBanking,Male
C64530,w103477,1981.46,Delhi,2026-01-15,Declined,Fuel,MasterCard,E-commerce,Amazon,NetBanking,Male
C44948,w103478,18748.1,Hyderabad,2026-06-06,Approved,Travel,MasterCard,Retail,IOCL,NetBanking,Male
C55127,w103479,12347.85,Hyderabad,2026-05-16,Approved,Travel,RuPay,E-commerce,IOCL,Credit,Female
C16593,w103480,5085.54,Chennai,2026-05-27,Declined,Travel,Amex,Travel,Swiggy,Credit,Female
C74384,w103481,12052.24,Chennai,2026-05-18,Approved,Shopping,RuPay,Food,Amazon,Credit,Female
C78717,w103482,21663.27,Kolkata,2026-02-08,Approved,Fuel,Visa,Fuel,HPCL,UPI,Male
C14737,w103483,23928.02,Chennai,2026-01-25,Approved,Groceries,RuPay,Food,HPCL,UPI,Male
C28388,w103484,13549.94,Kolkata,2026-01-19,Approved,Groceries,Amex,Retail,Reliance,NetBanking,Male
C19253,w103485,3771.59,Hyderabad,2026-02-28,Declined,Travel,Amex,Utilities,Reliance,UPI,Female
C29666,w103486,22366.29,Hyderabad,2026-06-16,Approved,Travel,MasterCard,Fuel,DMart,Credit,Male
C94106,w103487,4580.16,Hyderabad,2026-02-01,Approved,Utilities,MasterCard,Retail,IRCTC,UPI,Female
C94703,w103488,19728.38,Bengaluru,2026-03-31,Declined,Utilities,RuPay,E-commerce,IOCL,UPI,Male
C87850,w103489,24192.75,Hyderabad,2026-03-20,Approved,Dining,MasterCard,Utilities,Zomato,UPI,Female
C27000,w103490,15140.25,Vizag,2026-02-16,Approved,Groceries,MasterCard,Retail,IOCL,NetBanking,Male
C61508,w103491,24607.58,Hyderabad,2026-06-08,Declined,Fuel,RuPay,E-commerce,Zomato,Credit,Female
C40042,w103492,1814.78,Mumbai,2026-03-23,Declined,Travel,MasterCard,Retail,DMart,Credit,Female
C94352,w103493,15392.46,Mumbai,2026-03-24,Approved,Utilities,Visa,E-commerce,Amazon,UPI,Female
C74613,w103494,16811.07,Kolkata,2026-02-23,Approved,Travel,MasterCard,Utilities,IOCL,UPI,Female
C56317,w103495,5942.15,Delhi,2026-05-22,Approved,Travel,MasterCard,Retail,Swiggy,Credit,Female
C23620,w103496,2629.89,Bengaluru,2026-02-08,Declined,Utilities,RuPay,E-commerce,IRCTC,Credit,Female
C63637,w103497,9758.4,Pune,2026-05-02,Declined,Dining,RuPay,Food,Reliance,NetBanking,Male
C91723,w103498,16194.25,Pune,2026-01-26,Declined,Shopping,Amex,Travel,IOCL,UPI,Female
C99659,w103499,10003.56,Mumbai,2026-02-21,Approved,Fuel,Amex,Food,IOCL,UPI,Male
C29047,w103500,11382.57,Bengaluru,2026-05-25,Declined,Travel,Visa,Food,HPCL,UPI,Male
C75758,w103501,18132.71,Hyderabad,2026-06-07,Approved,Dining,Amex,E-commerce,HPCL,Credit,Male
C96403,w103502,20674.01,Kolkata,2026-02-22,Approved,Travel,Amex,Utilities,DMart,NetBanking,Male
C98791,w103503,13612.67,Hyderabad,2026-05-06,Declined,Dining,RuPay,Retail,HPCL,UPI,Male
C32807,w103504,19953.96,Vizag,2026-05-07,Approved,Travel,Visa,Travel,IOCL,NetBanking,Female
C86096,w103505,20384.33,Mumbai,2026-05-28,Declined,Dining,MasterCard,Utilities,IOCL,NetBanking,Male
C26361,w103506,14692.93,Bengaluru,2026-05-20,Declined,Groceries,Visa,E-commerce,Swiggy,NetBanking,Male
C88425,w103507,6441.12,Delhi,2026-04-11,Declined,Dining,MasterCard,Fuel,Zomato,NetBanking,Male
C77729,w103508,18482.84,Bengaluru,2026-05-14,Declined,Utilities,MasterCard,Utilities,IRCTC,Credit,Male
C18789,w103509,6999.35,Bengaluru,2026-02-26,Declined,Shopping,RuPay,Fuel,Reliance,Credit,Female
C35615,w103510,23742.64,Mumbai,2026-01-22,Approved,Groceries,Amex,Retail,Zomato,UPI,Female
C16746,w103511,6839.01,Mumbai,2026-05-04,Approved,Fuel,Visa,Food,Swiggy,Credit,Male
C60263,w103512,18232.27,Kolkata,2026-02-14,Approved,Fuel,Visa,Retail,DMart,Credit,Male
C40966,w103513,15158.82,Pune,2026-06-10,Declined,Dining,Amex,Food,IOCL,NetBanking,Male
C50552,w103514,3715.25,Vizag,2026-01-16,Declined,Fuel,MasterCard,E-commerce,Zomato,NetBanking,Male
C21892,w103515,22228.94,Mumbai,2026-04-22,Declined,Groceries,Visa,Retail,IOCL,UPI,Female
C50569,w103516,6690.09,Bengaluru,2026-03-24,Approved,Groceries,MasterCard,E-commerce,IRCTC,UPI,Female
C49526,w103517,19785.49,Delhi,2026-03-13,Declined,Travel,RuPay,Retail,Swiggy,Credit,Female
C46683,w103518,12876.07,Delhi,2026-03-02,Declined,Shopping,Amex,Travel,Swiggy,Credit,Male
C55602,w103519,21504.98,Delhi,2026-06-14,Declined,Utilities,Visa,Retail,HPCL,Credit,Male
C76789,w103520,3968.14,Pune,2026-04-01,Approved,Utilities,RuPay,Fuel,Amazon,Credit,Female
C30732,w103521,7360.47,Bengaluru,2026-01-09,Approved,Travel,Visa,Food,DMart,Credit,Female
C49347,w103522,15345.29,Delhi,2026-01-14,Approved,Shopping,Amex,Travel,IRCTC,NetBanking,Female
C14281,w103523,19781.44,Bengaluru,2026-05-22,Declined,Fuel,Amex,Fuel,Zomato,Credit,Female
C15481,w103524,10181.13,Mumbai,2026-05-29,Approved,Dining,RuPay,Fuel,IOCL,UPI,Male
C55296,w103525,15942.29,Vizag,2026-05-23,Declined,Fuel,MasterCard,E-commerce,Reliance,NetBanking,Male
C99424,w103526,4272.62,Pune,2026-06-09,Declined,Utilities,RuPay,Retail,Swiggy,UPI,Female
C32832,w103527,19789.61,Bengaluru,2026-02-09,Declined,Fuel,MasterCard,Travel,IRCTC,UPI,Male
C16560,w103528,5960.46,Delhi,2026-03-30,Approved,Dining,Visa,Travel,IOCL,NetBanking,Male
C97771,w103529,17602.5,Pune,2026-02-26,Approved,Dining,Amex,Food,Swiggy,NetBanking,Female
C54565,w103530,6465.1,Bengaluru,2026-02-08,Declined,Utilities,Visa,E-commerce,Swiggy,Credit,Male
C92587,w103531,20149.58,Chennai,2026-02-22,Approved,Groceries,Visa,Retail,Reliance,UPI,Female
C11417,w103532,17845.43,Chennai,2026-02-22,Approved,Fuel,RuPay,E-commerce,Amazon,NetBanking,Male
C60568,w103533,15592.6,Kolkata,2026-05-29,Declined,Travel,RuPay,Retail,Swiggy,UPI,Male
C51973,w103534,1255.35,Vizag,2026-05-10,Declined,Fuel,RuPay,Utilities,Swiggy,Credit,Male
C60704,w103535,22045.08,Delhi,2026-01-07,Declined,Utilities,RuPay,Food,IOCL,UPI,Male
C66699,w103536,4172.59,Hyderabad,2026-04-17,Approved,Travel,RuPay,Food,Reliance,Credit,Female
C49657,w103537,9500.23,Delhi,2026-03-22,Approved,Dining,Visa,Utilities,Reliance,Credit,Female
C27489,w103538,20282.81,Delhi,2026-06-06,Approved,Fuel,Visa,Retail,IRCTC,Credit,Female
C96794,w103539,23755.39,Vizag,2026-01-19,Declined,Dining,RuPay,Food,IOCL,Credit,Female
C91603,w103540,1024.42,Delhi,2026-06-09,Declined,Dining,MasterCard,Utilities,IRCTC,NetBanking,Female
C71011,w103541,19141.52,Pune,2026-02-24,Approved,Travel,Visa,E-commerce,HPCL,Credit,Male
C19848,w103542,3808.8,Bengaluru,2026-02-18,Declined,Dining,RuPay,E-commerce,DMart,UPI,Female
C25587,w103543,20646.7,Chennai,2026-06-11,Approved,Shopping,Visa,E-commerce,DMart,Credit,Female
C59317,w103544,23523.04,Vizag,2026-01-30,Approved,Dining,Visa,Retail,HPCL,UPI,Male
C39163,w103545,17326.4,Chennai,2026-01-01,Approved,Travel,RuPay,E-commerce,Zomato,NetBanking,Male
C99950,w103546,7948.69,Pune,2026-04-27,Declined,Groceries,Amex,E-commerce,Reliance,Credit,Female
C51439,w103547,2146.59,Bengaluru,2026-05-18,Approved,Dining,RuPay,Travel,IRCTC,UPI,Male
C21303,w103548,21266.34,Kolkata,2026-06-07,Declined,Dining,Visa,E-commerce,Zomato,Credit,Female
C74741,w103549,6578.53,Hyderabad,2026-01-28,Approved,Utilities,Amex,Retail,IRCTC,Credit,Female
C57382,w103550,3731.67,Mumbai,2026-05-16,Approved,Groceries,Visa,Retail,Zomato,Credit,Male
C11147,w103551,22472.79,Hyderabad,2026-06-02,Approved,Groceries,Amex,Food,DMart,UPI,Female
C44580,w103552,1518.79,Hyderabad,2026-03-09,Declined,Utilities,RuPay,Fuel,Reliance,NetBanking,Female
C94048,w103553,9057.78,Delhi,2026-04-05,Approved,Shopping,MasterCard,E-commerce,HPCL,Credit,Female
C84679,w103554,1052.95,Mumbai,2026-02-12,Declined,Shopping,Visa,Retail,Swiggy,UPI,Female
C37586,w103555,14048.25,Kolkata,2026-03-07,Approved,Dining,Amex,Fuel,Reliance,NetBanking,Female
C50551,w103556,9944.79,Chennai,2026-05-14,Declined,Shopping,RuPay,E-commerce,IRCTC,Credit,Male
C93148,w103557,17864.2,Kolkata,2026-04-09,Approved,Fuel,Amex,Travel,HPCL,Credit,Female
C96916,w103558,21750.1,Chennai,2026-01-10,Approved,Utilities,Amex,Travel,IOCL,Credit,Female
C15797,w103559,6262.47,Hyderabad,2026-06-07,Declined,Utilities,Amex,Utilities,Zomato,UPI,Female
C37608,w103560,4401.7,Bengaluru,2026-02-08,Declined,Shopping,MasterCard,Retail,IRCTC,UPI,Male
C68133,w103561,6223.05,Pune,2026-05-02,Declined,Fuel,RuPay,Retail,IOCL,Credit,Female
C44327,w103562,21986.45,Vizag,2026-04-18,Declined,Dining,RuPay,Fuel,Swiggy,UPI,Male
C44525,w103563,7908.7,Vizag,2026-04-05,Declined,Groceries,RuPay,E-commerce,Swiggy,NetBanking,Female
C21798,w103564,20039.28,Bengaluru,2026-03-05,Declined,Groceries,Amex,Travel,Zomato,Credit,Female
C49052,w103565,23269.24,Pune,2026-01-12,Approved,Fuel,MasterCard,Fuel,IOCL,NetBanking,Female
C47460,w103566,23683.4,Kolkata,2026-05-22,Approved,Shopping,Amex,E-commerce,Reliance,Credit,Male
C71509,w103567,14109.01,Kolkata,2026-06-04,Approved,Shopping,Amex,Fuel,IRCTC,UPI,Male
C33258,w103568,1779.65,Hyderabad,2026-03-22,Approved,Groceries,Visa,Travel,Zomato,Credit,Male
C20525,w103569,6048.91,Pune,2026-03-19,Declined,Shopping,RuPay,Food,Reliance,NetBanking,Female
C50213,w103570,23678.56,Chennai,2026-03-22,Approved,Utilities,Amex,Utilities,IOCL,UPI,Female
C73770,w103571,13797.97,Mumbai,2026-05-27,Declined,Dining,RuPay,Fuel,Reliance,UPI,Female
C25790,w103572,11861.91,Mumbai,2026-06-05,Approved,Utilities,Visa,Retail,HPCL,Credit,Female
C57486,w103573,15714.93,Vizag,2026-04-29,Declined,Dining,RuPay,Utilities,Zomato,NetBanking,Male
C45024,w103574,2177.36,Pune,2026-03-22,Approved,Fuel,RuPay,E-commerce,Swiggy,NetBanking,Female
C44399,w103575,2852.03,Pune,2026-06-21,Declined,Fuel,Amex,Fuel,Amazon,NetBanking,Male
C64370,w103576,2813.93,Delhi,2026-01-29,Declined,Shopping,Amex,Fuel,Reliance,UPI,Female
C81913,w103577,7217.23,Delhi,2026-03-07,Declined,Travel,MasterCard,Travel,DMart,UPI,Female
C68367,w103578,6755.83,Pune,2026-02-05,Approved,Groceries,MasterCard,Utilities,Amazon,NetBanking,Male
C27470,w103579,18007.96,Bengaluru,2026-04-03,Declined,Fuel,Amex,Food,Swiggy,NetBanking,Male
C40327,w103580,24928.1,Delhi,2026-06-10,Approved,Utilities,Amex,E-commerce,IRCTC,Credit,Female
C78609,w103581,472.86,Kolkata,2026-06-09,Approved,Groceries,Amex,Retail,IRCTC,Credit,Female
C78483,w103582,17230.86,Pune,2026-01-22,Approved,Utilities,RuPay,Food,IOCL,NetBanking,Female
C11396,w103583,19350.6,Hyderabad,2026-05-23,Approved,Shopping,RuPay,Travel,DMart,UPI,Male
C66189,w103584,10045.56,Kolkata,2026-02-28,Approved,Fuel,Visa,Fuel,Amazon,Credit,Male
C59684,w103585,18846.78,Kolkata,2026-02-17,Approved,Shopping,RuPay,Retail,Reliance,NetBanking,Male
C40987,w103586,19240.92,Bengaluru,2026-03-13,Declined,Groceries,MasterCard,Fuel,Amazon,UPI,Male
C67123,w103587,14954.0,Pune,2026-03-17,Declined,Groceries,Amex,Utilities,Amazon,NetBanking,Male
C77615,w103588,2109.66,Mumbai,2026-03-19,Declined,Fuel,MasterCard,E-commerce,Zomato,UPI,Female
C72993,w103589,11413.0,Kolkata,2026-04-29,Approved,Utilities,Amex,Retail,DMart,NetBanking,Female
C50486,w103590,1940.22,Hyderabad,2026-03-02,Approved,Shopping,Amex,E-commerce,Reliance,Credit,Female
C80737,w103591,14572.69,Vizag,2026-01-27,Declined,Travel,Amex,Travel,Swiggy,Credit,Female
C37190,w103592,15695.32,Hyderabad,2026-05-17,Approved,Travel,Amex,Utilities,Reliance,NetBanking,Female
C60117,w103593,3272.27,Mumbai,2026-03-10,Approved,Dining,Visa,Travel,IOCL,UPI,Male
C35453,w103594,9951.75,Hyderabad,2026-04-01,Approved,Utilities,Visa,Food,Amazon,Credit,Female
C32525,w103595,22804.99,Hyderabad,2026-05-29,Declined,Dining,RuPay,Fuel,DMart,Credit,Male
C50198,w103596,7521.17,Bengaluru,2026-06-06,Declined,Fuel,RuPay,Fuel,HPCL,Credit,Male
C38949,w103597,17568.43,Delhi,2026-02-03,Approved,Fuel,Amex,Retail,DMart,UPI,Female
C94273,w103598,4958.92,Vizag,2026-06-22,Approved,Travel,MasterCard,Utilities,DMart,NetBanking,Male
C57176,w103599,17058.53,Chennai,2026-04-18,Declined,Groceries,RuPay,Utilities,IRCTC,Credit,Male
C90665,w103600,15789.33,Hyderabad,2026-02-14,Approved,Fuel,Visa,E-commerce,HPCL,Credit,Male
C95045,w103601,1811.44,Pune,2026-04-09,Approved,Dining,Visa,E-commerce,HPCL,NetBanking,Male
C77787,w103602,19903.29,Bengaluru,2026-01-07,Declined,Shopping,RuPay,Utilities,IOCL,NetBanking,Male
C17167,w103603,22514.84,Delhi,2026-03-09,Declined,Utilities,MasterCard,E-commerce,Zomato,Credit,Male
C60786,w103604,11113.26,Hyderabad,2026-02-01,Approved,Travel,Visa,Utilities,HPCL,Credit,Female
C81678,w103605,22071.44,Kolkata,2026-05-29,Declined,Utilities,RuPay,E-commerce,DMart,Credit,Female
C22662,w103606,21176.03,Mumbai,2026-03-07,Approved,Shopping,Visa,Fuel,Swiggy,UPI,Female
C84054,w103607,7930.78,Mumbai,2026-06-22,Approved,Fuel,Amex,Food,Amazon,Credit,Male
C16393,w103608,762.97,Chennai,2026-05-08,Declined,Utilities,RuPay,Retail,HPCL,UPI,Male
C13737,w103609,13855.65,Bengaluru,2026-01-31,Declined,Dining,MasterCard,E-commerce,Zomato,NetBanking,Male
C15780,w103610,7128.03,Hyderabad,2026-01-23,Declined,Utilities,MasterCard,Utilities,HPCL,NetBanking,Female
C92337,w103611,4146.39,Pune,2026-06-17,Approved,Groceries,Visa,Travel,HPCL,UPI,Male
C63403,w103612,13018.34,Pune,2026-03-06,Declined,Dining,Visa,Food,HPCL,UPI,Female
C71474,w103613,4514.5,Hyderabad,2026-03-06,Declined,Utilities,Amex,Fuel,IRCTC,UPI,Male
C60314,w103614,23534.8,Bengaluru,2026-06-13,Approved,Fuel,Amex,Food,Amazon,NetBanking,Female
C86157,w103615,19525.89,Chennai,2026-04-14,Declined,Shopping,RuPay,Retail,Amazon,Credit,Male
C18018,w103616,13785.26,Mumbai,2026-04-11,Declined,Groceries,RuPay,Retail,Swiggy,Credit,Male
C96682,w103617,7430.11,Delhi,2026-05-21,Approved,Fuel,Visa,E-commerce,Zomato,Credit,Male
C86397,w103618,10870.2,Delhi,2026-04-15,Declined,Dining,Amex,Fuel,Zomato,UPI,Female
C63317,w103619,3689.77,Vizag,2026-01-26,Approved,Fuel,Amex,Utilities,IOCL,UPI,Female
C22082,w103620,18552.18,Kolkata,2026-02-21,Approved,Travel,MasterCard,Retail,Amazon,NetBanking,Male
C12155,w103621,20505.23,Mumbai,2026-05-22,Declined,Travel,Amex,Retail,DMart,Credit,Male
C75641,w103622,689.6,Chennai,2026-02-25,Declined,Dining,RuPay,Travel,Amazon,UPI,Female
C12699,w103623,2464.32,Chennai,2026-01-13,Declined,Groceries,RuPay,Food,Swiggy,UPI,Female
C82147,w103624,8059.46,Delhi,2026-01-21,Declined,Groceries,RuPay,Fuel,Swiggy,Credit,Male
C95839,w103625,10684.09,Mumbai,2026-04-15,Declined,Groceries,Amex,Travel,IRCTC,NetBanking,Female
C76848,w103626,24366.31,Kolkata,2026-06-27,Approved,Fuel,Visa,E-commerce,DMart,NetBanking,Female
C53444,w103627,6097.51,Bengaluru,2026-04-15,Declined,Dining,RuPay,Food,DMart,Credit,Male
C12372,w103628,15079.29,Delhi,2026-04-10,Declined,Groceries,RuPay,E-commerce,DMart,Credit,Male
C31534,w103629,19789.6,Pune,2026-06-17,Declined,Shopping,MasterCard,Food,Reliance,Credit,Male
C60658,w103630,2016.92,Chennai,2026-06-06,Declined,Fuel,RuPay,Utilities,Zomato,UPI,Female
C75807,w103631,6920.44,Vizag,2026-05-16,Approved,Shopping,MasterCard,Travel,HPCL,Credit,Female
C36392,w103632,5369.52,Vizag,2026-06-23,Approved,Shopping,MasterCard,Fuel,DMart,UPI,Male
C45109,w103633,13347.74,Bengaluru,2026-02-13,Declined,Fuel,RuPay,Utilities,Amazon,UPI,Female
C59038,w103634,24989.14,Kolkata,2026-04-08,Approved,Shopping,RuPay,Fuel,DMart,UPI,Female
C97085,w103635,648.74,Chennai,2026-05-31,Declined,Shopping,RuPay,Utilities,Reliance,UPI,Male
C57070,w103636,4105.99,Bengaluru,2026-02-19,Approved,Utilities,Amex,Food,HPCL,Credit,Male
C18697,w103637,24633.89,Kolkata,2026-01-09,Declined,Groceries,Visa,E-commerce,HPCL,UPI,Male
C60635,w103638,15748.68,Bengaluru,2026-05-09,Declined,Travel,Amex,Travel,IRCTC,Credit,Female
C32590,w103639,5929.74,Chennai,2026-04-10,Approved,Travel,Visa,Food,IRCTC,NetBanking,Male
C18700,w103640,2283.94,Kolkata,2026-04-08,Declined,Fuel,RuPay,Utilities,Swiggy,UPI,Female
C71087,w103641,437.41,Mumbai,2026-02-24,Declined,Fuel,RuPay,Fuel,IRCTC,Credit,Female
C25170,w103642,13694.06,Hyderabad,2026-03-12,Approved,Travel,RuPay,Fuel,DMart,Credit,Female
C43040,w103643,982.19,Pune,2026-01-12,Approved,Utilities,Visa,Retail,Zomato,NetBanking,Female
C36624,w103644,16253.3,Delhi,2026-01-28,Approved,Groceries,Visa,Travel,Amazon,Credit,Male
C24732,w103645,17579.56,Delhi,2026-02-15,Declined,Travel,RuPay,E-commerce,DMart,UPI,Female
C24660,w103646,3036.62,Pune,2026-04-17,Approved,Utilities,Visa,Utilities,Reliance,UPI,Male
C18543,w103647,8018.21,Chennai,2026-06-16,Declined,Dining,MasterCard,Fuel,IRCTC,NetBanking,Female
C20840,w103648,18493.78,Vizag,2026-03-21,Approved,Groceries,MasterCard,Retail,IOCL,UPI,Male
C58746,w103649,12150.17,Chennai,2026-04-13,Declined,Travel,RuPay,Fuel,Amazon,Credit,Female
C77391,w103650,10624.77,Bengaluru,2026-04-22,Declined,Utilities,MasterCard,Travel,IOCL,Credit,Female
C95893,w103651,18452.28,Vizag,2026-04-06,Declined,Utilities,Amex,Utilities,DMart,Credit,Female
C47740,w103652,271.79,Kolkata,2026-01-24,Approved,Groceries,MasterCard,Retail,HPCL,Credit,Female
C52756,w103653,2336.84,Chennai,2026-04-28,Declined,Fuel,Visa,Travel,IOCL,Credit,Female
C20152,w103654,5573.87,Mumbai,2026-05-06,Approved,Travel,MasterCard,Food,Amazon,UPI,Male
C32974,w103655,10184.99,Pune,2026-02-03,Declined,Dining,RuPay,Utilities,HPCL,Credit,Female
C53864,w103656,861.0,Hyderabad,2026-05-11,Declined,Utilities,RuPay,E-commerce,DMart,NetBanking,Male
C38550,w103657,19531.16,Pune,2026-05-22,Approved,Fuel,Visa,Travel,Zomato,Credit,Female
C58093,w103658,5376.18,Pune,2026-02-18,Approved,Shopping,RuPay,Utilities,DMart,NetBanking,Male
C35377,w103659,9443.93,Hyderabad,2026-02-23,Declined,Travel,RuPay,Utilities,IOCL,NetBanking,Female
C38417,w103660,10903.75,Delhi,2026-03-09,Approved,Shopping,Visa,Utilities,DMart,UPI,Female
C57059,w103661,20309.3,Hyderabad,2026-02-23,Declined,Dining,MasterCard,Fuel,DMart,Credit,Male
C69212,w103662,7826.9,Bengaluru,2026-04-20,Approved,Utilities,MasterCard,Food,Amazon,UPI,Male
C55902,w103663,24173.41,Hyderabad,2026-02-11,Approved,Dining,RuPay,Retail,Reliance,Credit,Female
C16425,w103664,6461.63,Hyderabad,2026-06-23,Approved,Fuel,Amex,Food,Amazon,NetBanking,Female
C30567,w103665,5488.08,Pune,2026-02-08,Approved,Fuel,RuPay,Travel,Amazon,UPI,Female
C52987,w103666,2198.89,Chennai,2026-02-26,Approved,Fuel,Amex,Utilities,IRCTC,Credit,Male
C35931,w103667,7079.12,Mumbai,2026-04-15,Approved,Dining,MasterCard,Food,HPCL,UPI,Female
C64653,w103668,23018.58,Vizag,2026-03-30,Approved,Travel,RuPay,Utilities,IOCL,UPI,Female
C65397,w103669,1669.78,Mumbai,2026-01-14,Approved,Dining,RuPay,Food,Swiggy,UPI,Male
C62823,w103670,23792.22,Kolkata,2026-03-19,Declined,Dining,RuPay,Retail,IRCTC,UPI,Male
C37773,w103671,9793.58,Bengaluru,2026-03-28,Declined,Fuel,RuPay,Travel,Zomato,UPI,Male
C85028,w103672,9568.65,Delhi,2026-02-12,Declined,Travel,MasterCard,Utilities,Swiggy,UPI,Male
C30299,w103673,18372.45,Mumbai,2026-06-14,Approved,Fuel,RuPay,Travel,Swiggy,Credit,Female
C17350,w103674,13153.48,Delhi,2026-06-29,Approved,Groceries,Visa,Utilities,Amazon,NetBanking,Male
C59525,w103675,20174.5,Chennai,2026-06-24,Declined,Utilities,MasterCard,Utilities,Swiggy,NetBanking,Male
C76173,w103676,24267.86,Delhi,2026-03-19,Declined,Fuel,RuPay,Travel,Amazon,NetBanking,Female
C71364,w103677,3773.55,Delhi,2026-02-07,Declined,Shopping,RuPay,E-commerce,IOCL,Credit,Female
C12457,w103678,7066.17,Delhi,2026-04-01,Approved,Groceries,Amex,Fuel,Swiggy,NetBanking,Male
C23157,w103679,1437.88,Hyderabad,2026-04-09,Approved,Travel,RuPay,Food,Zomato,UPI,Female
C81475,w103680,12576.03,Mumbai,2026-03-27,Approved,Shopping,Visa,Food,Zomato,NetBanking,Male
C10442,w103681,22050.0,Mumbai,2026-01-28,Declined,Utilities,Amex,Food,HPCL,UPI,Male
C64158,w103682,8611.22,Mumbai,2026-04-25,Declined,Utilities,RuPay,E-commerce,Zomato,UPI,Female
C58525,w103683,19558.37,Mumbai,2026-01-29,Approved,Groceries,Amex,Retail,IRCTC,Credit,Female
C23269,w103684,7910.87,Vizag,2026-01-18,Declined,Travel,MasterCard,Retail,Swiggy,UPI,Female
C25449,w103685,3552.97,Bengaluru,2026-01-04,Declined,Dining,Visa,Retail,Zomato,NetBanking,Female
C86771,w103686,13755.82,Bengaluru,2026-03-14,Approved,Utilities,Amex,Retail,HPCL,Credit,Female
C35294,w103687,1877.34,Kolkata,2026-03-16,Declined,Groceries,MasterCard,Fuel,Amazon,Credit,Male
C64791,w103688,13254.39,Kolkata,2026-05-26,Declined,Dining,MasterCard,Retail,Amazon,UPI,Female
C19853,w103689,24024.82,Kolkata,2026-04-23,Approved,Groceries,RuPay,Retail,Swiggy,NetBanking,Male
C74822,w103690,19408.62,Chennai,2026-03-25,Approved,Travel,Visa,Retail,Zomato,NetBanking,Male
C59459,w103691,14449.95,Pune,2026-01-07,Declined,Utilities,RuPay,E-commerce,IRCTC,Credit,Male
C88520,w103692,6817.75,Chennai,2026-04-12,Approved,Travel,MasterCard,Utilities,DMart,UPI,Female
C41822,w103693,12996.09,Pune,2026-05-23,Declined,Utilities,Visa,Utilities,DMart,NetBanking,Male
C10586,w103694,17415.37,Delhi,2026-03-11,Declined,Travel,Amex,Retail,DMart,NetBanking,Female
C44105,w103695,4103.76,Hyderabad,2026-05-23,Approved,Utilities,MasterCard,Travel,Reliance,Credit,Female
C33987,w103696,11927.71,Delhi,2026-05-22,Approved,Travel,Amex,Food,Zomato,Credit,Male
C97128,w103697,13668.02,Chennai,2026-02-10,Declined,Travel,Amex,Utilities,DMart,NetBanking,Female
C91474,w103698,18420.1,Hyderabad,2026-06-19,Approved,Dining,MasterCard,E-commerce,HPCL,UPI,Male
C52239,w103699,19562.65,Vizag,2026-03-12,Approved,Groceries,Amex,E-commerce,Reliance,UPI,Male
C18260,w103700,8129.99,Hyderabad,2026-01-18,Declined,Fuel,Amex,Food,DMart,Credit,Male
C57170,w103701,3615.49,Mumbai,2026-02-13,Approved,Shopping,MasterCard,Food,Reliance,UPI,Female
C99406,w103702,15783.65,Kolkata,2026-05-18,Declined,Travel,Amex,Food,DMart,UPI,Male
C75896,w103703,2108.94,Hyderabad,2026-04-11,Declined,Fuel,Amex,Fuel,DMart,UPI,Female
C38677,w103704,1364.99,Hyderabad,2026-03-14,Declined,Shopping,Amex,Utilities,Reliance,UPI,Female
C62048,w103705,20107.76,Vizag,2026-03-21,Declined,Travel,Amex,Food,Zomato,UPI,Male
C96302,w103706,11970.31,Kolkata,2026-05-17,Declined,Shopping,MasterCard,Retail,Reliance,Credit,Female
C50245,w103707,690.55,Vizag,2026-03-10,Approved,Utilities,Visa,Fuel,Swiggy,NetBanking,Male
C89053,w103708,16108.64,Hyderabad,2026-01-21,Declined,Groceries,Visa,Travel,Reliance,Credit,Male
C73361,w103709,1396.25,Chennai,2026-05-28,Declined,Fuel,RuPay,E-commerce,Amazon,Credit,Female
C26037,w103710,20716.39,Delhi,2026-01-05,Approved,Shopping,RuPay,Retail,Amazon,NetBanking,Female
C11856,w103711,9296.71,Mumbai,2026-03-08,Approved,Fuel,Amex,Travel,Zomato,Credit,Male
C90504,w103712,14029.15,Mumbai,2026-05-20,Declined,Groceries,Amex,Food,IOCL,NetBanking,Female
C36336,w103713,22983.93,Kolkata,2026-06-12,Approved,Travel,RuPay,Food,Zomato,UPI,Male
C63624,w103714,23697.45,Mumbai,2026-04-07,Declined,Dining,Amex,Fuel,Reliance,UPI,Female
C64093,w103715,18145.49,Mumbai,2026-03-13,Declined,Utilities,Amex,Food,Swiggy,UPI,Male
C52035,w103716,21747.09,Bengaluru,2026-06-04,Declined,Groceries,Visa,Fuel,HPCL,Credit,Male
C43079,w103717,4067.99,Vizag,2026-04-12,Declined,Shopping,Amex,Fuel,Zomato,UPI,Female
C11274,w103718,11782.22,Hyderabad,2026-03-17,Approved,Travel,Amex,Utilities,IRCTC,UPI,Female
C74548,w103719,1195.38,Mumbai,2026-06-11,Approved,Utilities,Visa,Food,IOCL,UPI,Female
C23708,w103720,18645.44,Vizag,2026-05-16,Approved,Dining,Visa,Retail,IOCL,NetBanking,Male
C13572,w103721,22304.9,Bengaluru,2026-04-13,Approved,Travel,Visa,Travel,HPCL,Credit,Male
C84175,w103722,14872.72,Pune,2026-05-17,Declined,Utilities,RuPay,E-commerce,Amazon,Credit,Male
C48643,w103723,310.2,Vizag,2026-03-13,Approved,Shopping,Visa,Fuel,Swiggy,NetBanking,Female
C57928,w103724,4203.31,Kolkata,2026-03-26,Approved,Fuel,MasterCard,Retail,Amazon,NetBanking,Female
C70062,w103725,16661.78,Vizag,2026-02-28,Approved,Shopping,MasterCard,Travel,Amazon,UPI,Female
C85367,w103726,18525.07,Chennai,2026-01-08,Declined,Fuel,Visa,Retail,Zomato,UPI,Female
C87667,w103727,8045.03,Pune,2026-03-22,Declined,Travel,Visa,Fuel,Amazon,Credit,Female
C28330,w103728,3625.47,Delhi,2026-06-08,Declined,Fuel,Amex,Fuel,IOCL,UPI,Male
C59820,w103729,7863.19,Hyderabad,2026-02-15,Approved,Dining,Visa,Travel,IRCTC,Credit,Male
C98937,w103730,24193.55,Delhi,2026-05-19,Approved,Shopping,Visa,Utilities,Swiggy,UPI,Male
C92179,w103731,1643.19,Kolkata,2026-04-11,Declined,Shopping,Visa,Travel,Amazon,Credit,Female
C11295,w103732,17361.92,Chennai,2026-01-08,Approved,Travel,RuPay,Travel,Zomato,Credit,Female
C80075,w103733,13653.57,Vizag,2026-04-20,Approved,Groceries,RuPay,Travel,IOCL,NetBanking,Male
C28493,w103734,4164.43,Mumbai,2026-05-01,Declined,Groceries,RuPay,Travel,DMart,UPI,Male
C76089,w103735,15618.08,Kolkata,2026-06-21,Approved,Shopping,Amex,Food,Amazon,NetBanking,Female
C72049,w103736,11488.61,Kolkata,2026-03-05,Approved,Utilities,Amex,Fuel,IRCTC,Credit,Female
C25273,w103737,13827.21,Delhi,2026-01-10,Declined,Utilities,Amex,Fuel,IRCTC,NetBanking,Male
C75286,w103738,15193.71,Pune,2026-04-29,Approved,Shopping,Visa,Travel,DMart,UPI,Male
C45865,w103739,5412.67,Vizag,2026-02-23,Approved,Utilities,MasterCard,Utilities,IRCTC,NetBanking,Male
C14762,w103740,23096.4,Kolkata,2026-04-21,Declined,Fuel,Amex,Food,Amazon,UPI,Male
C96073,w103741,16666.79,Mumbai,2026-03-08,Approved,Utilities,RuPay,Travel,Swiggy,UPI,Female
C74687,w103742,18708.98,Hyderabad,2026-04-08,Approved,Utilities,RuPay,E-commerce,Swiggy,UPI,Female
C27207,w103743,22820.62,Chennai,2026-04-06,Declined,Shopping,MasterCard,E-commerce,Reliance,UPI,Male
C87060,w103744,15907.63,Mumbai,2026-03-02,Approved,Groceries,MasterCard,Retail,DMart,Credit,Male
C59109,w103745,21872.87,Chennai,2026-04-12,Approved,Travel,RuPay,Retail,HPCL,Credit,Female
C49547,w103746,15119.69,Bengaluru,2026-04-08,Approved,Fuel,RuPay,E-commerce,Reliance,UPI,Female
C32750,w103747,11914.68,Bengaluru,2026-01-12,Approved,Fuel,RuPay,Retail,IRCTC,UPI,Male
C63595,w103748,6254.27,Hyderabad,2026-02-13,Approved,Travel,MasterCard,Travel,IOCL,Credit,Male
C69407,w103749,2638.89,Pune,2026-02-19,Declined,Fuel,Amex,Food,DMart,UPI,Female
C10594,w103750,6024.23,Delhi,2026-04-06,Declined,Fuel,RuPay,Utilities,IRCTC,Credit,Female
C25300,w103751,21338.69,Bengaluru,2026-02-11,Approved,Utilities,MasterCard,Food,IOCL,UPI,Male
C72074,w103752,15093.43,Bengaluru,2026-05-23,Declined,Travel,MasterCard,Travel,IOCL,Credit,Male
C38194,w103753,14219.87,Mumbai,2026-05-29,Approved,Travel,MasterCard,Food,Amazon,UPI,Male
C59632,w103754,15634.96,Delhi,2026-06-09,Declined,Dining,Visa,Utilities,Amazon,UPI,Male
C34095,w103755,6434.13,Bengaluru,2026-03-02,Declined,Fuel,MasterCard,Utilities,IRCTC,Credit,Male
C35229,w103756,2054.97,Hyderabad,2026-04-01,Declined,Dining,Amex,Food,DMart,UPI,Male
C70398,w103757,912.21,Mumbai,2026-05-07,Approved,Dining,RuPay,Travel,Amazon,UPI,Female
C61013,w103758,345.82,Hyderabad,2026-05-26,Declined,Dining,Visa,Utilities,Reliance,NetBanking,Female
C14745,w103759,21356.97,Delhi,2026-05-30,Approved,Fuel,Visa,Utilities,HPCL,UPI,Male
C75173,w103760,2497.26,Vizag,2026-02-21,Approved,Dining,Visa,Fuel,Reliance,Credit,Female
C24564,w103761,10542.43,Mumbai,2026-03-20,Declined,Shopping,MasterCard,Retail,Swiggy,UPI,Female
C50044,w103762,17750.11,Bengaluru,2026-03-29,Declined,Dining,Amex,Retail,DMart,NetBanking,Female
C55097,w103763,6173.1,Pune,2026-02-05,Declined,Dining,Amex,Fuel,DMart,UPI,Female
C99721,w103764,15897.89,Hyderabad,2026-04-27,Approved,Utilities,Visa,Fuel,DMart,UPI,Female
C28421,w103765,23681.7,Hyderabad,2026-02-14,Declined,Shopping,MasterCard,E-commerce,DMart,UPI,Female
C57445,w103766,9385.01,Vizag,2026-04-10,Declined,Groceries,RuPay,Retail,Reliance,NetBanking,Male
C64042,w103767,10182.11,Hyderabad,2026-05-15,Approved,Travel,Visa,Travel,Amazon,NetBanking,Female
C39292,w103768,3517.31,Kolkata,2026-03-27,Declined,Dining,Amex,Food,Amazon,NetBanking,Female
C69780,w103769,22139.47,Bengaluru,2026-03-21,Approved,Fuel,Amex,Food,Amazon,Credit,Male
C80008,w103770,24626.24,Kolkata,2026-05-13,Declined,Utilities,Amex,Fuel,IRCTC,NetBanking,Female
C20822,w103771,17758.7,Delhi,2026-06-28,Approved,Groceries,MasterCard,Fuel,IRCTC,UPI,Male
C64718,w103772,3934.1,Vizag,2026-04-03,Declined,Travel,MasterCard,Travel,HPCL,NetBanking,Female
C96660,w103773,19491.03,Kolkata,2026-04-30,Declined,Travel,Amex,Utilities,Amazon,Credit,Male
C14334,w103774,17091.3,Mumbai,2026-01-29,Approved,Utilities,Visa,Fuel,Swiggy,UPI,Female
C47187,w103775,5077.89,Vizag,2026-04-01,Approved,Fuel,MasterCard,Fuel,DMart,NetBanking,Male
C64461,w103776,7327.43,Pune,2026-06-22,Approved,Utilities,Amex,Food,IOCL,UPI,Male
C22029,w103777,14799.71,Vizag,2026-02-04,Declined,Utilities,RuPay,Travel,IOCL,NetBanking,Male
C58861,w103778,1230.06,Chennai,2026-01-26,Approved,Travel,Amex,E-commerce,Amazon,NetBanking,Male
C53318,w103779,15522.83,Bengaluru,2026-06-13,Declined,Travel,MasterCard,Fuel,IRCTC,UPI,Female
C19249,w103780,12561.86,Delhi,2026-01-10,Declined,Groceries,Amex,Food,Reliance,NetBanking,Female
C77531,w103781,7458.18,Bengaluru,2026-02-17,Approved,Travel,Visa,Food,Reliance,UPI,Male
C91471,w103782,182.67,Vizag,2026-01-30,Approved,Fuel,MasterCard,Travel,Swiggy,UPI,Female
C40199,w103783,17880.53,Bengaluru,2026-01-18,Declined,Groceries,MasterCard,Fuel,DMart,UPI,Male
C54020,w103784,13362.62,Delhi,2026-03-14,Declined,Shopping,Visa,E-commerce,Zomato,NetBanking,Male
C59752,w103785,14625.72,Kolkata,2026-02-09,Declined,Dining,Visa,Utilities,Swiggy,UPI,Female
C81931,w103786,6960.32,Chennai,2026-04-27,Declined,Shopping,RuPay,Fuel,Amazon,NetBanking,Male
C62553,w103787,13497.44,Kolkata,2026-03-31,Approved,Travel,Visa,Utilities,HPCL,UPI,Male
C11225,w103788,16441.66,Chennai,2026-06-29,Approved,Fuel,Visa,Food,IRCTC,NetBanking,Female
C81023,w103789,20555.7,Mumbai,2026-02-05,Approved,Utilities,MasterCard,Food,Zomato,Credit,Male
C23635,w103790,5877.16,Mumbai,2026-05-14,Declined,Groceries,Visa,Travel,Reliance,Credit,Female
C90442,w103791,24023.9,Delhi,2026-06-27,Approved,Fuel,RuPay,Fuel,IOCL,Credit,Male
C78408,w103792,4357.73,Pune,2026-06-10,Declined,Groceries,Visa,Utilities,IRCTC,UPI,Female
C61509,w103793,7358.15,Kolkata,2026-06-06,Approved,Groceries,Visa,Food,Zomato,NetBanking,Male
C31251,w103794,15635.26,Delhi,2026-03-13,Declined,Shopping,Visa,Retail,Reliance,NetBanking,Female
C42379,w103795,20664.61,Hyderabad,2026-03-08,Declined,Fuel,RuPay,Travel,HPCL,UPI,Female
C42639,w103796,22817.48,Kolkata,2026-01-21,Declined,Travel,Visa,E-commerce,Reliance,Credit,Female
C23109,w103797,6893.75,Delhi,2026-05-04,Approved,Groceries,MasterCard,E-commerce,IOCL,NetBanking,Male
C58206,w103798,17269.97,Vizag,2026-05-16,Approved,Groceries,Visa,Fuel,Reliance,UPI,Male
C28622,w103799,18433.03,Bengaluru,2026-04-02,Approved,Utilities,Visa,Travel,IRCTC,NetBanking,Male
C27432,w103800,1453.98,Delhi,2026-03-18,Declined,Shopping,Visa,Fuel,IRCTC,NetBanking,Male
C64561,w103801,22496.67,Kolkata,2026-02-15,Approved,Utilities,RuPay,Utilities,DMart,UPI,Female
C63553,w103802,5174.75,Chennai,2026-01-31,Declined,Utilities,Amex,E-commerce,Amazon,NetBanking,Female
C40681,w103803,16963.25,Chennai,2026-05-22,Approved,Groceries,RuPay,E-commerce,HPCL,NetBanking,Female
C55056,w103804,10044.24,Kolkata,2026-01-21,Declined,Utilities,Visa,Travel,Reliance,NetBanking,Female
C28124,w103805,20160.48,Delhi,2026-05-31,Declined,Travel,Amex,Utilities,Amazon,UPI,Male
C59096,w103806,3448.49,Chennai,2026-06-06,Approved,Groceries,Amex,Fuel,DMart,NetBanking,Male
C32947,w103807,17911.19,Hyderabad,2026-02-10,Approved,Travel,RuPay,Food,Reliance,UPI,Female
C10953,w103808,2150.52,Hyderabad,2026-01-21,Declined,Shopping,MasterCard,Fuel,IRCTC,UPI,Male
C65112,w103809,10996.14,Mumbai,2026-01-10,Declined,Dining,MasterCard,Utilities,IOCL,Credit,Female
C83960,w103810,21666.27,Vizag,2026-03-26,Declined,Groceries,RuPay,Travel,Reliance,Credit,Female
C45875,w103811,8214.93,Delhi,2026-01-30,Declined,Travel,Visa,Food,HPCL,NetBanking,Male
C58517,w103812,14948.33,Chennai,2026-04-02,Declined,Utilities,Amex,E-commerce,IOCL,UPI,Male
C99628,w103813,9976.51,Vizag,2026-04-25,Declined,Fuel,RuPay,Fuel,HPCL,UPI,Male
C23077,w103814,11741.41,Chennai,2026-01-31,Declined,Shopping,MasterCard,E-commerce,HPCL,Credit,Male
C67878,w103815,16304.98,Kolkata,2026-03-02,Approved,Shopping,RuPay,Travel,IRCTC,NetBanking,Female
C43964,w103816,20545.57,Delhi,2026-01-11,Approved,Fuel,Amex,Utilities,Zomato,UPI,Male
C20290,w103817,22625.22,Chennai,2026-06-12,Approved,Groceries,Visa,Food,IRCTC,NetBanking,Male
C83268,w103818,2481.64,Chennai,2026-01-24,Declined,Shopping,Visa,Travel,Zomato,Credit,Male
C95813,w103819,2298.14,Pune,2026-03-08,Approved,Dining,Amex,Utilities,Swiggy,UPI,Male
C46954,w103820,14916.76,Chennai,2026-06-11,Approved,Travel,Amex,Fuel,IRCTC,NetBanking,Female
C16120,w103821,18886.45,Bengaluru,2026-01-25,Declined,Travel,Visa,Retail,IOCL,NetBanking,Female
C45110,w103822,7035.83,Chennai,2026-01-26,Approved,Utilities,MasterCard,E-commerce,HPCL,NetBanking,Female
C36048,w103823,7951.56,Pune,2026-04-17,Declined,Travel,Visa,Fuel,IOCL,NetBanking,Male
C61254,w103824,19796.28,Chennai,2026-05-02,Approved,Groceries,MasterCard,E-commerce,DMart,UPI,Female
C97506,w103825,1721.03,Vizag,2026-02-02,Declined,Travel,MasterCard,Retail,Zomato,Credit,Male
C76224,w103826,15450.74,Delhi,2026-01-10,Declined,Utilities,RuPay,Food,Reliance,NetBanking,Female
C55088,w103827,436.4,Hyderabad,2026-01-18,Declined,Travel,Visa,Travel,Zomato,UPI,Male
C98522,w103828,2723.28,Pune,2026-06-25,Declined,Shopping,MasterCard,Utilities,Swiggy,Credit,Female
C22814,w103829,5920.72,Chennai,2026-05-19,Declined,Dining,Amex,Food,IRCTC,UPI,Female
C80637,w103830,2426.02,Bengaluru,2026-04-15,Approved,Fuel,RuPay,Fuel,HPCL,NetBanking,Male
C58038,w103831,7769.47,Delhi,2026-04-13,Approved,Groceries,Visa,E-commerce,Swiggy,NetBanking,Male
C96427,w103832,4568.87,Pune,2026-04-30,Approved,Utilities,RuPay,Travel,Swiggy,Credit,Male
C64270,w103833,19098.03,Pune,2026-01-16,Declined,Utilities,Amex,Utilities,IOCL,Credit,Female
C11449,w103834,21572.59,Kolkata,2026-06-12,Declined,Fuel,MasterCard,Fuel,HPCL,NetBanking,Female
C23456,w103835,11819.0,Bengaluru,2026-03-11,Approved,Travel,Amex,Fuel,Zomato,Credit,Female
C16814,w103836,7070.66,Hyderabad,2026-04-21,Declined,Shopping,Visa,Utilities,IRCTC,Credit,Male
C44569,w103837,6884.96,Chennai,2026-01-25,Approved,Shopping,MasterCard,Utilities,Swiggy,NetBanking,Female
C71889,w103838,6132.04,Vizag,2026-05-22,Declined,Dining,Amex,Food,DMart,UPI,Male
C83784,w103839,10873.92,Pune,2026-06-16,Approved,Fuel,RuPay,Fuel,IOCL,NetBanking,Female
C95093,w103840,3418.7,Delhi,2026-02-28,Declined,Dining,Visa,E-commerce,Swiggy,NetBanking,Female
C87062,w103841,14231.62,Mumbai,2026-02-23,Approved,Groceries,MasterCard,Travel,DMart,Credit,Male
C28472,w103842,8700.44,Mumbai,2026-06-27,Declined,Utilities,RuPay,Utilities,IRCTC,UPI,Male
C94198,w103843,4722.55,Kolkata,2026-03-08,Declined,Utilities,Visa,Fuel,Amazon,NetBanking,Male
C38244,w103844,3813.56,Mumbai,2026-04-01,Approved,Dining,Visa,Utilities,IRCTC,NetBanking,Female
C95643,w103845,6362.45,Vizag,2026-04-08,Declined,Shopping,Visa,E-commerce,IRCTC,UPI,Male
C87946,w103846,19880.87,Delhi,2026-05-26,Approved,Dining,Amex,Utilities,Zomato,Credit,Male
C92467,w103847,5646.78,Pune,2026-05-10,Declined,Shopping,MasterCard,Travel,Swiggy,NetBanking,Female
C62958,w103848,518.2,Hyderabad,2026-05-23,Approved,Shopping,MasterCard,Fuel,Zomato,Credit,Female
C14447,w103849,16367.32,Bengaluru,2026-04-04,Approved,Travel,RuPay,Food,Swiggy,NetBanking,Female
C18539,w103850,17995.3,Bengaluru,2026-06-14,Approved,Shopping,Amex,Fuel,Swiggy,NetBanking,Male
C81389,w103851,11736.06,Hyderabad,2026-05-07,Approved,Travel,Visa,Food,HPCL,NetBanking,Female
C36325,w103852,17963.32,Pune,2026-01-19,Declined,Dining,Visa,Travel,DMart,UPI,Female
C26413,w103853,18042.46,Pune,2026-05-07,Declined,Travel,Amex,Travel,HPCL,NetBanking,Male
C68488,w103854,14140.77,Kolkata,2026-01-24,Declined,Groceries,Visa,Food,HPCL,NetBanking,Female
C12344,w103855,24179.46,Chennai,2026-05-29,Declined,Travel,RuPay,Utilities,IOCL,Credit,Female
C25482,w103856,12822.44,Delhi,2026-01-25,Declined,Shopping,Visa,Travel,IRCTC,UPI,Female
C85717,w103857,18027.97,Kolkata,2026-05-14,Approved,Utilities,MasterCard,Retail,Zomato,UPI,Female
C40842,w103858,6580.3,Delhi,2026-04-29,Approved,Shopping,MasterCard,Fuel,HPCL,NetBanking,Female
C77189,w103859,20650.98,Pune,2026-03-09,Approved,Dining,RuPay,Retail,Swiggy,NetBanking,Male
C32176,w103860,10109.23,Pune,2026-05-05,Approved,Travel,RuPay,Travel,HPCL,Credit,Female
C59046,w103861,15826.01,Kolkata,2026-05-06,Declined,Fuel,RuPay,Food,IOCL,Credit,Female
C51252,w103862,14010.01,Delhi,2026-06-12,Declined,Shopping,Visa,E-commerce,Zomato,UPI,Male
C61474,w103863,23906.34,Bengaluru,2026-05-19,Declined,Shopping,Amex,Travel,Amazon,NetBanking,Female
C64943,w103864,9300.7,Kolkata,2026-06-20,Declined,Shopping,MasterCard,Travel,Reliance,NetBanking,Female
C14055,w103865,2031.62,Delhi,2026-05-23,Approved,Travel,Amex,Retail,Zomato,UPI,Female
C65992,w103866,15807.13,Hyderabad,2026-05-04,Approved,Groceries,MasterCard,E-commerce,IRCTC,UPI,Female
C55283,w103867,15129.49,Bengaluru,2026-03-14,Declined,Travel,Amex,Retail,IRCTC,Credit,Female
C78613,w103868,3026.9,Bengaluru,2026-05-19,Declined,Utilities,MasterCard,Food,Amazon,NetBanking,Male
C41955,w103869,9422.19,Hyderabad,2026-03-13,Approved,Shopping,Visa,Retail,Swiggy,NetBanking,Male
C37999,w103870,16856.35,Pune,2026-05-26,Approved,Dining,RuPay,Travel,IOCL,Credit,Female
C45017,w103871,8410.15,Kolkata,2026-02-17,Declined,Shopping,MasterCard,Retail,Reliance,UPI,Female
C53628,w103872,13098.32,Bengaluru,2026-03-01,Approved,Fuel,MasterCard,Travel,Amazon,NetBanking,Male
C77560,w103873,11743.96,Kolkata,2026-06-01,Declined,Travel,RuPay,Fuel,IOCL,NetBanking,Male
C26216,w103874,21054.8,Pune,2026-05-14,Declined,Groceries,RuPay,Food,Reliance,Credit,Male
C66631,w103875,10235.05,Mumbai,2026-05-07,Approved,Utilities,MasterCard,Utilities,Amazon,Credit,Female
C82695,w103876,4663.98,Hyderabad,2026-06-22,Declined,Fuel,MasterCard,Utilities,IRCTC,UPI,Male
C10240,w103877,3448.6,Vizag,2026-05-16,Approved,Groceries,Visa,Fuel,HPCL,NetBanking,Male
C98426,w103878,9597.05,Bengaluru,2026-04-12,Approved,Shopping,Visa,Retail,Reliance,NetBanking,Male
C41402,w103879,13557.85,Hyderabad,2026-04-08,Approved,Travel,MasterCard,E-commerce,IOCL,UPI,Male
C63072,w103880,24768.86,Hyderabad,2026-02-08,Approved,Travel,Visa,Fuel,IOCL,NetBanking,Male
C25733,w103881,8877.88,Pune,2026-02-25,Approved,Dining,RuPay,E-commerce,IOCL,Credit,Female
C97217,w103882,21357.97,Delhi,2026-02-07,Declined,Fuel,Amex,Utilities,Zomato,UPI,Male
C70777,w103883,22309.12,Kolkata,2026-06-18,Declined,Utilities,Visa,Food,Zomato,UPI,Male
C56387,w103884,14673.76,Pune,2026-01-19,Approved,Dining,RuPay,Utilities,Reliance,NetBanking,Male
C56230,w103885,13124.95,Mumbai,2026-01-04,Approved,Fuel,MasterCard,Food,IRCTC,UPI,Female
C24118,w103886,17870.96,Vizag,2026-05-23,Declined,Dining,MasterCard,Travel,DMart,Credit,Female
C51945,w103887,21642.41,Delhi,2026-05-12,Approved,Shopping,MasterCard,Food,Swiggy,UPI,Female
C74902,w103888,20936.77,Delhi,2026-03-08,Approved,Groceries,MasterCard,Retail,DMart,NetBanking,Male
C54423,w103889,18329.65,Pune,2026-03-07,Declined,Dining,MasterCard,Travel,DMart,NetBanking,Female
C54906,w103890,24556.5,Vizag,2026-05-06,Approved,Fuel,Amex,Fuel,Swiggy,NetBanking,Male
C13713,w103891,23940.02,Hyderabad,2026-06-16,Approved,Fuel,MasterCard,Fuel,Swiggy,NetBanking,Female
C26749,w103892,13433.15,Hyderabad,2026-05-15,Approved,Dining,RuPay,Retail,Amazon,NetBanking,Female
C34183,w103893,15182.13,Pune,2026-02-19,Declined,Shopping,MasterCard,Utilities,DMart,Credit,Female
C12604,w103894,19925.82,Vizag,2026-05-02,Declined,Shopping,MasterCard,Retail,IRCTC,Credit,Male
C46906,w103895,13188.91,Bengaluru,2026-02-25,Declined,Fuel,MasterCard,Retail,Amazon,UPI,Male
C35171,w103896,19103.76,Chennai,2026-06-16,Approved,Dining,MasterCard,Utilities,Reliance,NetBanking,Female
C29743,w103897,18119.98,Pune,2026-01-26,Declined,Shopping,Amex,Travel,Amazon,NetBanking,Female
C92373,w103898,7868.18,Chennai,2026-03-25,Declined,Groceries,Amex,Food,Amazon,NetBanking,Female
C45020,w103899,20997.86,Pune,2026-04-29,Declined,Dining,Visa,Travel,Amazon,NetBanking,Male
C58414,w103900,5988.92,Delhi,2026-05-27,Approved,Fuel,Visa,Retail,DMart,Credit,Female
C86616,w103901,17064.27,Kolkata,2026-01-15,Approved,Utilities,Amex,Utilities,DMart,UPI,Male
C13516,w103902,12308.34,Bengaluru,2026-06-28,Approved,Shopping,MasterCard,Fuel,Reliance,Credit,Female
C87023,w103903,13683.55,Kolkata,2026-06-13,Declined,Groceries,Amex,Travel,DMart,UPI,Male
C14993,w103904,12484.08,Delhi,2026-02-07,Declined,Groceries,MasterCard,Retail,Reliance,UPI,Male
C22256,w103905,3945.18,Pune,2026-03-21,Approved,Dining,Visa,Fuel,Reliance,NetBanking,Male
C64345,w103906,6723.23,Chennai,2026-04-09,Declined,Travel,MasterCard,Utilities,Zomato,Credit,Female
C40210,w103907,18228.67,Kolkata,2026-03-01,Declined,Groceries,Visa,Retail,Swiggy,UPI,Male
C28738,w103908,22289.96,Bengaluru,2026-06-12,Declined,Travel,Amex,E-commerce,Swiggy,UPI,Male
C13101,w103909,12882.3,Chennai,2026-05-01,Approved,Groceries,MasterCard,Food,DMart,NetBanking,Male
C76310,w103910,24073.35,Kolkata,2026-04-26,Declined,Fuel,Visa,Food,Amazon,Credit,Female
C16784,w103911,15285.69,Delhi,2026-05-25,Approved,Fuel,MasterCard,Travel,IOCL,UPI,Male
C61319,w103912,5362.32,Kolkata,2026-04-07,Approved,Shopping,Amex,Utilities,DMart,NetBanking,Male
C44300,w103913,22083.65,Chennai,2026-01-02,Approved,Shopping,RuPay,Travel,IRCTC,Credit,Female
C15081,w103914,17598.91,Kolkata,2026-01-31,Declined,Groceries,RuPay,E-commerce,HPCL,Credit,Male
C45494,w103915,22482.71,Kolkata,2026-03-01,Declined,Groceries,MasterCard,Fuel,Zomato,Credit,Female
C57656,w103916,13543.93,Vizag,2026-05-15,Approved,Fuel,Visa,Food,Reliance,NetBanking,Male
C47214,w103917,317.49,Bengaluru,2026-03-22,Approved,Utilities,Amex,E-commerce,IRCTC,Credit,Female
C17967,w103918,13711.94,Delhi,2026-05-07,Approved,Groceries,Amex,Retail,Swiggy,UPI,Female
C71834,w103919,7904.14,Mumbai,2026-02-01,Declined,Utilities,MasterCard,Fuel,HPCL,NetBanking,Male
C79475,w103920,14729.06,Kolkata,2026-04-29,Approved,Groceries,Amex,Food,Swiggy,UPI,Female
C97487,w103921,20265.63,Hyderabad,2026-04-28,Declined,Dining,Amex,Travel,HPCL,Credit,Male
C66160,w103922,24110.53,Chennai,2026-03-08,Declined,Fuel,Visa,Utilities,IOCL,UPI,Male
C74602,w103923,19466.94,Delhi,2026-04-11,Declined,Travel,MasterCard,E-commerce,DMart,Credit,Male
C44903,w103924,2619.03,Chennai,2026-03-17,Approved,Shopping,Amex,Retail,DMart,Credit,Female
C60017,w103925,18025.39,Bengaluru,2026-04-28,Declined,Travel,Visa,Travel,Reliance,UPI,Male
C83355,w103926,2463.19,Kolkata,2026-05-11,Approved,Travel,RuPay,Fuel,IOCL,NetBanking,Female
C13630,w103927,21645.32,Kolkata,2026-02-25,Declined,Fuel,Visa,E-commerce,HPCL,NetBanking,Male
C39276,w103928,11408.82,Hyderabad,2026-04-05,Declined,Shopping,Visa,Fuel,IOCL,Credit,Female
C36318,w103929,16902.12,Hyderabad,2026-03-29,Approved,Shopping,MasterCard,Food,Reliance,Credit,Male
C49944,w103930,18440.52,Chennai,2026-05-20,Declined,Dining,Amex,Utilities,DMart,NetBanking,Female
C21866,w103931,23354.32,Delhi,2026-01-16,Declined,Dining,RuPay,E-commerce,Reliance,Credit,Male
C81174,w103932,2981.64,Chennai,2026-06-24,Approved,Fuel,MasterCard,Travel,IOCL,UPI,Female
C26433,w103933,6425.98,Kolkata,2026-04-26,Approved,Groceries,MasterCard,Utilities,Zomato,NetBanking,Male
C58821,w103934,13352.84,Hyderabad,2026-01-30,Approved,Travel,MasterCard,Utilities,Reliance,NetBanking,Female
C89686,w103935,10640.54,Vizag,2026-06-09,Approved,Utilities,Visa,Travel,DMart,NetBanking,Female
C23950,w103936,24584.25,Kolkata,2026-01-09,Declined,Groceries,Amex,E-commerce,HPCL,UPI,Female
C12505,w103937,22551.29,Hyderabad,2026-03-09,Approved,Fuel,Amex,Retail,IRCTC,Credit,Female
C71611,w103938,151.96,Kolkata,2026-06-19,Approved,Utilities,RuPay,E-commerce,Reliance,NetBanking,Female
C18486,w103939,8918.73,Hyderabad,2026-03-12,Approved,Travel,RuPay,Retail,Reliance,NetBanking,Female
C17983,w103940,2884.56,Vizag,2026-04-10,Approved,Shopping,Amex,Travel,HPCL,Credit,Female
C26239,w103941,6900.55,Chennai,2026-06-23,Declined,Utilities,MasterCard,Utilities,Swiggy,Credit,Male
C75547,w103942,16235.26,Vizag,2026-01-01,Declined,Shopping,Visa,Fuel,IOCL,Credit,Male
C59396,w103943,23948.02,Hyderabad,2026-04-07,Declined,Dining,Amex,Utilities,IOCL,NetBanking,Male
C37825,w103944,7568.87,Pune,2026-05-17,Declined,Groceries,Visa,Utilities,Reliance,Credit,Female
C37411,w103945,6651.24,Vizag,2026-04-18,Approved,Utilities,Visa,Travel,Swiggy,NetBanking,Female
C30633,w103946,12105.48,Pune,2026-03-29,Approved,Shopping,MasterCard,Travel,Swiggy,NetBanking,Male
C84725,w103947,18863.63,Hyderabad,2026-02-05,Declined,Dining,Visa,Food,Zomato,NetBanking,Female
C63783,w103948,15841.98,Chennai,2026-04-22,Declined,Groceries,RuPay,E-commerce,Swiggy,NetBanking,Female
C38520,w103949,20693.61,Chennai,2026-03-08,Declined,Utilities,MasterCard,Utilities,Zomato,NetBanking,Male
C84671,w103950,14672.67,Delhi,2026-05-05,Approved,Groceries,RuPay,E-commerce,IRCTC,UPI,Male
C19366,w103951,19321.4,Hyderabad,2026-04-07,Approved,Groceries,MasterCard,Food,Reliance,Credit,Female
C47988,w103952,4540.51,Delhi,2026-02-03,Declined,Utilities,Amex,Retail,IOCL,UPI,Female
C94198,w103953,2714.58,Mumbai,2026-04-14,Approved,Dining,MasterCard,Utilities,DMart,Credit,Female
C98622,w103954,23890.9,Kolkata,2026-04-09,Declined,Shopping,Visa,Fuel,Reliance,Credit,Male
C91706,w103955,7082.58,Chennai,2026-03-21,Approved,Fuel,MasterCard,Fuel,HPCL,UPI,Female
C97883,w103956,24738.61,Chennai,2026-03-19,Declined,Groceries,MasterCard,Utilities,IRCTC,UPI,Female
C76094,w103957,4654.19,Chennai,2026-03-18,Approved,Groceries,Visa,Utilities,Reliance,NetBanking,Female
C18919,w103958,297.46,Kolkata,2026-04-08,Declined,Utilities,Visa,E-commerce,IOCL,UPI,Male
C26786,w103959,13319.61,Kolkata,2026-06-16,Declined,Groceries,MasterCard,Travel,Reliance,Credit,Male
C86193,w103960,1361.81,Chennai,2026-05-12,Approved,Dining,Visa,Utilities,Zomato,Credit,Female
C39690,w103961,6506.59,Kolkata,2026-01-27,Declined,Utilities,RuPay,Retail,Amazon,Credit,Female
C38935,w103962,13143.98,Mumbai,2026-05-04,Approved,Dining,MasterCard,Food,HPCL,Credit,Female
C56277,w103963,15370.63,Bengaluru,2026-01-13,Declined,Travel,Amex,Retail,Zomato,NetBanking,Male
C10519,w103964,10521.78,Bengaluru,2026-06-09,Approved,Shopping,MasterCard,Retail,Amazon,Credit,Male
C83687,w103965,10544.08,Delhi,2026-02-04,Approved,Fuel,Amex,Retail,Zomato,NetBanking,Female
C51183,w103966,20838.33,Pune,2026-01-31,Approved,Utilities,Amex,Food,DMart,Credit,Female
C55924,w103967,23248.69,Hyderabad,2026-04-10,Declined,Fuel,Visa,Travel,Swiggy,Credit,Female
C17833,w103968,23583.65,Delhi,2026-03-28,Declined,Travel,RuPay,Utilities,Amazon,UPI,Male
C24365,w103969,18960.34,Kolkata,2026-04-04,Approved,Fuel,Amex,E-commerce,HPCL,Credit,Male
C94660,w103970,5851.28,Hyderabad,2026-04-11,Approved,Groceries,RuPay,E-commerce,IRCTC,NetBanking,Female
C24095,w103971,24652.23,Chennai,2026-01-13,Approved,Dining,Amex,Retail,Reliance,Credit,Female
C12648,w103972,12262.69,Hyderabad,2026-05-08,Declined,Groceries,Amex,Utilities,DMart,Credit,Female
C77056,w103973,9519.96,Bengaluru,2026-04-18,Approved,Shopping,MasterCard,Utilities,Reliance,Credit,Female
C52044,w103974,21787.93,Chennai,2026-06-14,Declined,Travel,Visa,Food,IOCL,UPI,Male
C37430,w103975,23687.47,Bengaluru,2026-03-10,Declined,Groceries,Visa,Travel,IOCL,NetBanking,Female
C97387,w103976,17190.25,Mumbai,2026-02-02,Declined,Utilities,MasterCard,E-commerce,IOCL,UPI,Male
C53373,w103977,15279.87,Delhi,2026-01-16,Approved,Utilities,Amex,Travel,Swiggy,Credit,Female
C78431,w103978,15742.37,Kolkata,2026-04-28,Approved,Shopping,MasterCard,Utilities,IOCL,UPI,Male
C51003,w103979,19176.31,Chennai,2026-02-19,Approved,Dining,MasterCard,Retail,Amazon,Credit,Female
C74008,w103980,21287.46,Chennai,2026-05-24,Approved,Utilities,Amex,Utilities,Swiggy,Credit,Male
C99301,w103981,14832.8,Vizag,2026-06-23,Approved,Travel,Visa,Travel,Zomato,UPI,Male
C88017,w103982,22788.95,Delhi,2026-01-31,Declined,Shopping,MasterCard,E-commerce,DMart,NetBanking,Male
C74397,w103983,23760.46,Hyderabad,2026-05-23,Declined,Shopping,Amex,Food,Swiggy,NetBanking,Male
C77323,w103984,12721.66,Hyderabad,2026-02-28,Approved,Travel,Amex,Retail,IRCTC,UPI,Male
C86706,w103985,17967.91,Hyderabad,2026-04-25,Approved,Dining,RuPay,Travel,Zomato,NetBanking,Male
C46727,w103986,12301.89,Bengaluru,2026-01-10,Declined,Travel,MasterCard,Fuel,DMart,Credit,Female
C74204,w103987,5030.31,Chennai,2026-02-12,Approved,Shopping,MasterCard,Travel,Reliance,Credit,Male
C47823,w103988,3721.2,Bengaluru,2026-05-01,Declined,Dining,MasterCard,E-commerce,Swiggy,UPI,Male
C17899,w103989,14509.0,Hyderabad,2026-04-11,Approved,Dining,RuPay,Food,DMart,Credit,Female
C55011,w103990,2232.52,Pune,2026-05-08,Declined,Shopping,Visa,E-commerce,Swiggy,Credit,Male
C80137,w103991,24148.81,Kolkata,2026-05-27,Approved,Dining,MasterCard,Travel,Swiggy,NetBanking,Male
C49567,w103992,2049.08,Pune,2026-05-24,Approved,Travel,Amex,E-commerce,DMart,Credit,Female
C59197,w103993,11551.82,Vizag,2026-02-22,Declined,Dining,Visa,Food,Reliance,Credit,Female
C19246,w103994,23294.54,Pune,2026-03-24,Declined,Travel,Visa,Travel,HPCL,UPI,Male
C20087,w103995,17201.16,Kolkata,2026-04-04,Declined,Fuel,RuPay,Travel,IRCTC,UPI,Female
C40775,w103996,22518.81,Delhi,2026-05-30,Approved,Utilities,Visa,Fuel,IOCL,Credit,Female
C99796,w103997,5027.72,Vizag,2026-02-07,Approved,Fuel,RuPay,Utilities,HPCL,NetBanking,Female
C56996,w103998,607.78,Vizag,2026-06-14,Declined,Fuel,MasterCard,Retail,DMart,UPI,Female
C40699,w103999,23368.87,Delhi,2026-05-16,Declined,Dining,Visa,E-commerce,Reliance,UPI,Male
C46686,w104000,19182.77,Kolkata,2026-01-09,Approved,Shopping,Visa,Retail,IOCL,NetBanking,Male
C10971,w104001,2200.33,Kolkata,2026-05-12,Approved,Travel,RuPay,Fuel,DMart,NetBanking,Female
C84175,w104002,2601.85,Kolkata,2026-05-14,Declined,Dining,Amex,E-commerce,Zomato,NetBanking,Female
C67286,w104003,22509.07,Vizag,2026-05-27,Declined,Dining,MasterCard,Retail,IRCTC,NetBanking,Male
C22581,w104004,19034.57,Hyderabad,2026-01-25,Approved,Travel,Visa,Utilities,DMart,NetBanking,Female
C78375,w104005,6489.57,Vizag,2026-03-06,Approved,Shopping,MasterCard,Utilities,HPCL,NetBanking,Male
C65257,w104006,3493.79,Bengaluru,2026-05-05,Declined,Travel,MasterCard,Utilities,Zomato,Credit,Male
C79785,w104007,8563.24,Delhi,2026-03-13,Declined,Shopping,RuPay,Fuel,Swiggy,UPI,Male
C21645,w104008,16725.67,Chennai,2026-03-04,Declined,Fuel,Amex,Fuel,Zomato,NetBanking,Female
C67084,w104009,21580.84,Hyderabad,2026-01-22,Declined,Shopping,MasterCard,Fuel,IRCTC,Credit,Male
C25415,w104010,21757.89,Chennai,2026-04-16,Approved,Shopping,RuPay,Food,Zomato,NetBanking,Male
C40976,w104011,4846.88,Chennai,2026-02-08,Declined,Groceries,Amex,E-commerce,DMart,Credit,Female
C21349,w104012,21700.4,Vizag,2026-05-01,Approved,Shopping,Amex,Fuel,Amazon,NetBanking,Male
C94438,w104013,14338.94,Chennai,2026-02-25,Approved,Shopping,RuPay,E-commerce,Zomato,NetBanking,Female
C81088,w104014,6993.34,Pune,2026-01-02,Approved,Utilities,Visa,Food,IOCL,UPI,Male
C31379,w104015,3857.17,Delhi,2026-06-28,Declined,Shopping,Amex,Utilities,IRCTC,Credit,Female
C51884,w104016,13296.78,Pune,2026-01-30,Declined,Shopping,MasterCard,Food,Zomato,NetBanking,Male
C21319,w104017,21108.59,Pune,2026-04-25,Approved,Fuel,Visa,E-commerce,Amazon,Credit,Male
C21066,w104018,5091.75,Hyderabad,2026-01-23,Declined,Travel,Amex,Retail,DMart,NetBanking,Male
C88065,w104019,3854.19,Bengaluru,2026-06-15,Declined,Shopping,MasterCard,Utilities,IOCL,NetBanking,Female
C86855,w104020,12694.49,Hyderabad,2026-04-19,Approved,Travel,MasterCard,Fuel,HPCL,UPI,Male
C95782,w104021,11307.93,Pune,2026-03-14,Declined,Shopping,MasterCard,Food,Reliance,UPI,Male
C57854,w104022,11247.09,Mumbai,2026-04-18,Declined,Utilities,RuPay,E-commerce,DMart,UPI,Male
C88642,w104023,17730.53,Vizag,2026-04-26,Declined,Shopping,Amex,E-commerce,Reliance,UPI,Male
C72917,w104024,11790.54,Bengaluru,2026-04-23,Approved,Fuel,Visa,Travel,HPCL,NetBanking,Female
C63776,w104025,12629.08,Kolkata,2026-04-17,Declined,Utilities,Amex,E-commerce,IOCL,UPI,Female
C77626,w104026,6571.34,Chennai,2026-06-01,Approved,Fuel,Visa,Travel,HPCL,NetBanking,Female
C30283,w104027,9797.15,Hyderabad,2026-02-02,Declined,Groceries,Visa,Food,Amazon,UPI,Male
C37374,w104028,6312.93,Vizag,2026-06-06,Declined,Travel,MasterCard,Utilities,HPCL,UPI,Male
C59264,w104029,4016.4,Chennai,2026-06-24,Declined,Dining,MasterCard,Travel,Reliance,NetBanking,Male
C43050,w104030,13248.68,Delhi,2026-05-16,Approved,Travel,Amex,Food,DMart,UPI,Male
C15820,w104031,1820.25,Vizag,2026-04-04,Declined,Shopping,RuPay,Food,Swiggy,Credit,Female
C24618,w104032,2618.66,Pune,2026-01-30,Declined,Utilities,MasterCard,Food,DMart,UPI,Male
C35690,w104033,9613.18,Vizag,2026-06-12,Approved,Fuel,RuPay,Utilities,Zomato,NetBanking,Female
C33886,w104034,5481.29,Pune,2026-03-02,Approved,Utilities,MasterCard,Retail,HPCL,UPI,Male
C37859,w104035,366.76,Delhi,2026-02-27,Approved,Fuel,Amex,Travel,Amazon,NetBanking,Male
C91939,w104036,10698.79,Pune,2026-05-12,Approved,Fuel,RuPay,E-commerce,HPCL,NetBanking,Female
C91526,w104037,24400.84,Delhi,2026-04-10,Declined,Travel,Amex,Utilities,Reliance,UPI,Female
C92111,w104038,3248.17,Delhi,2026-02-05,Approved,Groceries,MasterCard,Food,IRCTC,NetBanking,Female
C82829,w104039,16787.46,Kolkata,2026-03-08,Declined,Groceries,RuPay,Utilities,Zomato,UPI,Female
C91700,w104040,23755.54,Chennai,2026-02-17,Declined,Shopping,RuPay,Retail,Amazon,NetBanking,Female
C97567,w104041,2855.37,Bengaluru,2026-01-17,Declined,Groceries,MasterCard,Food,Amazon,UPI,Male
C52544,w104042,5858.2,Bengaluru,2026-04-06,Approved,Dining,Visa,Food,IRCTC,UPI,Male
C79807,w104043,15708.55,Kolkata,2026-05-31,Approved,Fuel,Amex,Food,Amazon,NetBanking,Male
C20630,w104044,19751.47,Kolkata,2026-01-16,Declined,Travel,Amex,Utilities,DMart,NetBanking,Female
C78712,w104045,7055.44,Vizag,2026-06-13,Declined,Groceries,RuPay,Utilities,Zomato,NetBanking,Male
C59506,w104046,12237.44,Vizag,2026-02-22,Approved,Shopping,Amex,Travel,Swiggy,Credit,Male
C12533,w104047,20474.08,Delhi,2026-04-05,Declined,Travel,RuPay,Utilities,Swiggy,Credit,Male
C41697,w104048,18940.53,Bengaluru,2026-03-02,Declined,Dining,RuPay,Food,Amazon,UPI,Female
C21489,w104049,3739.78,Vizag,2026-06-25,Approved,Groceries,Amex,Food,IRCTC,NetBanking,Female
C84760,w104050,4493.28,Mumbai,2026-03-09,Approved,Shopping,Visa,Fuel,HPCL,NetBanking,Female
C13152,w104051,9868.41,Vizag,2026-05-05,Declined,Shopping,RuPay,Fuel,Zomato,NetBanking,Male
C75732,w104052,20468.66,Delhi,2026-03-28,Declined,Dining,MasterCard,Retail,Amazon,UPI,Male
C34342,w104053,6305.58,Hyderabad,2026-01-18,Approved,Dining,Visa,Food,Swiggy,UPI,Female
C97473,w104054,14921.38,Mumbai,2026-04-22,Declined,Groceries,MasterCard,Retail,DMart,NetBanking,Female
C49658,w104055,20013.77,Pune,2026-04-05,Declined,Travel,MasterCard,Utilities,IOCL,NetBanking,Female
C60252,w104056,10386.52,Pune,2026-02-03,Approved,Travel,RuPay,Fuel,DMart,Credit,Female
C47628,w104057,2259.0,Mumbai,2026-06-20,Declined,Travel,MasterCard,Retail,Swiggy,UPI,Male
C50102,w104058,10732.92,Pune,2026-06-16,Declined,Fuel,RuPay,Fuel,Zomato,Credit,Female
C29977,w104059,5793.5,Mumbai,2026-03-05,Declined,Travel,Amex,Utilities,Reliance,UPI,Female
C16225,w104060,6324.05,Bengaluru,2026-02-10,Approved,Dining,MasterCard,E-commerce,DMart,Credit,Male
C65228,w104061,13214.63,Bengaluru,2026-02-25,Declined,Utilities,Amex,Travel,Swiggy,UPI,Male
C84716,w104062,15082.29,Vizag,2026-01-20,Approved,Fuel,Amex,Travel,IRCTC,NetBanking,Female
C48056,w104063,5108.51,Vizag,2026-01-14,Declined,Utilities,MasterCard,Retail,Swiggy,Credit,Male
C52679,w104064,8039.43,Pune,2026-01-27,Declined,Shopping,Amex,Retail,Swiggy,Credit,Female
C63295,w104065,679.68,Mumbai,2026-05-05,Declined,Dining,RuPay,Food,IOCL,UPI,Female
C29499,w104066,19277.19,Pune,2026-04-18,Approved,Travel,RuPay,Food,Swiggy,UPI,Male
C61477,w104067,6113.43,Hyderabad,2026-02-01,Approved,Travel,Amex,Retail,DMart,Credit,Female
C61460,w104068,18248.14,Delhi,2026-06-27,Approved,Travel,Visa,Food,Swiggy,Credit,Male
C42116,w104069,13393.41,Pune,2026-02-24,Approved,Travel,MasterCard,Food,HPCL,NetBanking,Male
C70200,w104070,6899.34,Vizag,2026-05-28,Approved,Groceries,MasterCard,Travel,Zomato,NetBanking,Female
C64116,w104071,14853.39,Pune,2026-05-20,Declined,Travel,MasterCard,Food,Reliance,UPI,Male
C60517,w104072,12207.9,Kolkata,2026-01-02,Approved,Utilities,Visa,E-commerce,IRCTC,Credit,Male
C63805,w104073,5580.19,Kolkata,2026-04-19,Approved,Groceries,RuPay,Food,Swiggy,Credit,Male
C10825,w104074,13793.1,Kolkata,2026-01-27,Declined,Shopping,RuPay,Food,DMart,NetBanking,Female
C87746,w104075,15533.88,Hyderabad,2026-03-07,Declined,Dining,MasterCard,Retail,Swiggy,Credit,Female
C85001,w104076,3614.8,Hyderabad,2026-01-20,Approved,Shopping,MasterCard,Food,Swiggy,Credit,Female
C26675,w104077,17597.72,Kolkata,2026-01-11,Approved,Fuel,Visa,Utilities,Zomato,UPI,Female
C60716,w104078,6758.47,Hyderabad,2026-03-25,Approved,Utilities,MasterCard,Utilities,Reliance,NetBanking,Male
C38129,w104079,5146.91,Hyderabad,2026-05-06,Approved,Shopping,MasterCard,Fuel,Amazon,Credit,Female
C52009,w104080,3358.21,Delhi,2026-03-07,Declined,Shopping,MasterCard,Food,HPCL,UPI,Female
C63258,w104081,14853.25,Kolkata,2026-06-08,Approved,Dining,Visa,Fuel,Amazon,Credit,Female
C88445,w104082,12561.98,Hyderabad,2026-04-11,Approved,Travel,Amex,Travel,Zomato,Credit,Male
C84238,w104083,17706.77,Hyderabad,2026-03-07,Approved,Dining,RuPay,Retail,Reliance,UPI,Female
C91642,w104084,5032.52,Vizag,2026-05-10,Approved,Shopping,MasterCard,E-commerce,DMart,UPI,Male
C76488,w104085,3620.89,Kolkata,2026-05-14,Approved,Fuel,Amex,Utilities,Zomato,Credit,Female
C86418,w104086,21546.75,Delhi,2026-03-23,Declined,Travel,Amex,Fuel,IOCL,NetBanking,Female
C32437,w104087,4150.43,Kolkata,2026-01-13,Approved,Dining,Visa,E-commerce,IOCL,UPI,Male
C95279,w104088,4257.16,Hyderabad,2026-03-11,Declined,Fuel,Amex,Travel,Reliance,NetBanking,Male
C59628,w104089,12744.18,Bengaluru,2026-02-12,Approved,Utilities,RuPay,Utilities,Zomato,UPI,Female
C67342,w104090,2684.06,Chennai,2026-06-22,Approved,Shopping,Amex,Retail,IRCTC,UPI,Female
C28735,w104091,20817.27,Pune,2026-03-04,Declined,Travel,Amex,Utilities,DMart,UPI,Female
C72233,w104092,9505.94,Mumbai,2026-05-12,Approved,Travel,RuPay,Fuel,DMart,NetBanking,Male
C98896,w104093,16080.21,Bengaluru,2026-06-23,Declined,Utilities,MasterCard,Fuel,Zomato,UPI,Male
C82599,w104094,6959.26,Chennai,2026-01-04,Declined,Utilities,RuPay,Utilities,Reliance,UPI,Female
C15854,w104095,13396.83,Delhi,2026-03-25,Approved,Groceries,Visa,Utilities,Zomato,NetBanking,Female
C31817,w104096,20492.93,Vizag,2026-06-20,Declined,Shopping,Visa,Utilities,HPCL,NetBanking,Male
C43115,w104097,9160.91,Vizag,2026-04-03,Approved,Dining,Amex,Fuel,Amazon,Credit,Male
C95357,w104098,3619.25,Chennai,2026-02-28,Declined,Utilities,MasterCard,Travel,Swiggy,UPI,Male
C11374,w104099,12128.43,Chennai,2026-04-25,Declined,Fuel,Visa,Food,Zomato,Credit,Female
C51012,w104100,21944.66,Hyderabad,2026-03-09,Declined,Groceries,MasterCard,Fuel,Zomato,Credit,Male
C13352,w104101,9825.52,Delhi,2026-05-05,Declined,Fuel,MasterCard,Retail,DMart,UPI,Male
C14434,w104102,14510.07,Vizag,2026-05-24,Approved,Utilities,Visa,Food,Zomato,UPI,Female
C61925,w104103,24372.44,Kolkata,2026-05-08,Approved,Utilities,MasterCard,Food,HPCL,Credit,Female
C32425,w104104,22822.23,Mumbai,2026-02-08,Declined,Shopping,MasterCard,E-commerce,IRCTC,NetBanking,Male
C74465,w104105,21067.16,Hyderabad,2026-02-08,Declined,Dining,Amex,Food,Swiggy,UPI,Female
C64067,w104106,15622.5,Bengaluru,2026-06-20,Declined,Dining,MasterCard,Food,Amazon,UPI,Female
C75199,w104107,19981.24,Chennai,2026-02-04,Declined,Groceries,Amex,E-commerce,Zomato,Credit,Female
C84127,w104108,7215.58,Mumbai,2026-01-19,Declined,Shopping,Visa,Food,Reliance,NetBanking,Female
C76170,w104109,1829.2,Mumbai,2026-04-16,Approved,Fuel,Amex,Fuel,Zomato,Credit,Female
C98570,w104110,15259.07,Pune,2026-06-22,Approved,Fuel,Visa,Utilities,IOCL,NetBanking,Male
C11420,w104111,24737.45,Pune,2026-04-30,Approved,Groceries,Amex,Food,Amazon,Credit,Male
C81879,w104112,19219.24,Vizag,2026-06-21,Declined,Fuel,MasterCard,Retail,Swiggy,NetBanking,Female
C22943,w104113,24377.3,Vizag,2026-01-25,Declined,Utilities,MasterCard,Travel,Zomato,Credit,Female
C36971,w104114,5969.63,Pune,2026-04-20,Declined,Travel,Visa,Retail,IRCTC,NetBanking,Male
C19198,w104115,8056.13,Bengaluru,2026-02-01,Declined,Fuel,Amex,E-commerce,Reliance,UPI,Female
C41130,w104116,497.95,Vizag,2026-04-26,Approved,Groceries,Visa,Retail,Reliance,NetBanking,Male
C30937,w104117,13454.71,Chennai,2026-01-06,Declined,Utilities,Amex,Utilities,Swiggy,Credit,Male
C66050,w104118,24359.64,Hyderabad,2026-06-13,Declined,Travel,MasterCard,Travel,IRCTC,Credit,Male
C59088,w104119,6044.41,Kolkata,2026-05-23,Declined,Groceries,RuPay,Travel,HPCL,Credit,Male
C36920,w104120,13180.23,Chennai,2026-05-12,Approved,Fuel,Amex,Utilities,Amazon,NetBanking,Male
C66701,w104121,1204.71,Hyderabad,2026-04-04,Approved,Utilities,MasterCard,Food,Zomato,NetBanking,Male
C83828,w104122,3460.54,Kolkata,2026-03-06,Declined,Shopping,Amex,E-commerce,DMart,Credit,Male
C83316,w104123,13772.06,Vizag,2026-03-29,Declined,Travel,RuPay,Food,IOCL,UPI,Male
C81669,w104124,21051.33,Chennai,2026-06-11,Declined,Fuel,MasterCard,Food,DMart,NetBanking,Male
C58955,w104125,4054.68,Bengaluru,2026-04-11,Declined,Shopping,Visa,Utilities,Zomato,Credit,Male
C36600,w104126,3719.74,Chennai,2026-03-01,Declined,Groceries,MasterCard,E-commerce,DMart,UPI,Female
C89843,w104127,17825.04,Hyderabad,2026-02-02,Declined,Utilities,MasterCard,E-commerce,IRCTC,UPI,Female
C94781,w104128,5477.52,Hyderabad,2026-04-24,Declined,Utilities,Visa,Food,Reliance,UPI,Female
C97670,w104129,413.1,Hyderabad,2026-01-07,Declined,Utilities,Amex,E-commerce,HPCL,Credit,Male
C80591,w104130,21135.68,Pune,2026-05-31,Declined,Shopping,RuPay,E-commerce,Zomato,NetBanking,Female
C98756,w104131,974.4,Mumbai,2026-05-05,Approved,Groceries,RuPay,Food,IOCL,Credit,Female
C46587,w104132,6551.91,Kolkata,2026-02-26,Approved,Groceries,Visa,Fuel,HPCL,Credit,Male
C39106,w104133,16307.55,Mumbai,2026-02-14,Approved,Travel,Amex,E-commerce,Reliance,Credit,Male
C66017,w104134,769.73,Pune,2026-06-13,Approved,Travel,Amex,Food,HPCL,Credit,Male
C98151,w104135,166.66,Delhi,2026-03-23,Declined,Utilities,MasterCard,Fuel,Amazon,UPI,Female
C22419,w104136,5770.19,Bengaluru,2026-02-03,Declined,Shopping,RuPay,Travel,DMart,Credit,Female
C10640,w104137,22992.49,Chennai,2026-04-14,Declined,Utilities,MasterCard,Fuel,Reliance,NetBanking,Male
C91931,w104138,12430.83,Pune,2026-05-12,Declined,Travel,Amex,Utilities,Swiggy,UPI,Female
C42492,w104139,23261.22,Vizag,2026-03-02,Approved,Dining,MasterCard,Food,Zomato,Credit,Female
C46585,w104140,6008.25,Kolkata,2026-03-10,Declined,Travel,MasterCard,Fuel,Amazon,Credit,Female
C22865,w104141,10472.39,Bengaluru,2026-05-01,Declined,Groceries,MasterCard,E-commerce,HPCL,NetBanking,Female
C82001,w104142,3611.45,Hyderabad,2026-05-15,Approved,Shopping,RuPay,Fuel,Swiggy,UPI,Female
C74966,w104143,24833.6,Delhi,2026-04-23,Approved,Groceries,Amex,E-commerce,Reliance,UPI,Male
C21524,w104144,7806.89,Vizag,2026-01-06,Declined,Travel,Visa,Travel,Swiggy,Credit,Male
C31987,w104145,13407.85,Kolkata,2026-05-02,Declined,Fuel,MasterCard,E-commerce,Zomato,UPI,Male
C26701,w104146,22365.1,Bengaluru,2026-03-20,Declined,Dining,Visa,E-commerce,Zomato,Credit,Female
C71617,w104147,7786.67,Kolkata,2026-03-18,Approved,Utilities,Visa,Food,IOCL,NetBanking,Male
C93436,w104148,4781.87,Mumbai,2026-06-20,Declined,Dining,RuPay,Food,HPCL,NetBanking,Female
C61809,w104149,6473.55,Vizag,2026-03-21,Approved,Groceries,RuPay,Retail,Zomato,UPI,Male
C56825,w104150,2734.89,Mumbai,2026-02-27,Approved,Groceries,RuPay,Utilities,Zomato,Credit,Male
C38129,w104151,4756.48,Delhi,2026-06-19,Declined,Shopping,MasterCard,Fuel,IOCL,UPI,Male
C75769,w104152,18842.71,Hyderabad,2026-04-22,Declined,Utilities,Amex,Utilities,IRCTC,UPI,Male
C18049,w104153,12864.28,Chennai,2026-05-07,Declined,Travel,MasterCard,Travel,Swiggy,NetBanking,Female
C46855,w104154,13228.94,Delhi,2026-03-09,Declined,Shopping,MasterCard,Retail,Amazon,NetBanking,Male
C78212,w104155,583.81,Hyderabad,2026-04-28,Declined,Travel,MasterCard,Utilities,IOCL,UPI,Female
C30486,w104156,6858.59,Pune,2026-02-28,Approved,Shopping,MasterCard,E-commerce,IOCL,Credit,Male
C85029,w104157,23284.17,Delhi,2026-05-14,Approved,Travel,Amex,Travel,IOCL,NetBanking,Male
C44511,w104158,18770.45,Hyderabad,2026-01-11,Declined,Shopping,MasterCard,Utilities,IRCTC,UPI,Female
C18073,w104159,6542.12,Chennai,2026-02-15,Approved,Fuel,RuPay,Retail,HPCL,UPI,Male
C34435,w104160,4225.88,Vizag,2026-06-13,Declined,Fuel,RuPay,Food,Reliance,NetBanking,Male
C13910,w104161,8425.98,Vizag,2026-02-24,Declined,Groceries,MasterCard,Utilities,Zomato,Credit,Female
C58702,w104162,4363.91,Delhi,2026-03-28,Approved,Groceries,Visa,Retail,HPCL,Credit,Male
C92237,w104163,23094.64,Delhi,2026-05-28,Approved,Travel,Visa,Utilities,Reliance,NetBanking,Female
C58894,w104164,11394.87,Bengaluru,2026-04-25,Declined,Groceries,Amex,Utilities,HPCL,NetBanking,Female
C26492,w104165,1535.57,Kolkata,2026-03-17,Declined,Fuel,RuPay,Utilities,Reliance,UPI,Female
C89576,w104166,15592.46,Mumbai,2026-02-22,Approved,Groceries,RuPay,E-commerce,Zomato,NetBanking,Female
C45447,w104167,10783.45,Delhi,2026-03-02,Approved,Dining,MasterCard,Utilities,DMart,Credit,Female
C70812,w104168,12396.28,Vizag,2026-04-30,Declined,Fuel,Visa,Utilities,Zomato,UPI,Female
C11036,w104169,14891.75,Mumbai,2026-05-01,Declined,Utilities,Amex,Food,HPCL,NetBanking,Male
C56810,w104170,14525.54,Mumbai,2026-05-03,Approved,Fuel,MasterCard,Food,Swiggy,UPI,Male
C94719,w104171,23609.49,Delhi,2026-03-08,Declined,Dining,Amex,Food,DMart,UPI,Female
C18504,w104172,18651.67,Mumbai,2026-04-15,Declined,Fuel,RuPay,Retail,IOCL,Credit,Male
C60990,w104173,4687.22,Bengaluru,2026-04-06,Declined,Utilities,MasterCard,Utilities,Swiggy,NetBanking,Male
C73679,w104174,14488.31,Bengaluru,2026-03-17,Approved,Dining,MasterCard,Utilities,Reliance,Credit,Male
C12532,w104175,9071.12,Delhi,2026-04-23,Declined,Fuel,Visa,Utilities,Amazon,Credit,Female
C89494,w104176,20108.78,Mumbai,2026-03-20,Approved,Dining,Amex,Retail,Amazon,NetBanking,Male
C27014,w104177,24207.62,Kolkata,2026-01-28,Declined,Groceries,Amex,Food,DMart,UPI,Female
C12350,w104178,14926.41,Vizag,2026-06-24,Declined,Shopping,Visa,Food,HPCL,Credit,Male
C87571,w104179,8324.68,Kolkata,2026-05-05,Declined,Shopping,MasterCard,Utilities,DMart,Credit,Male
C64975,w104180,23472.97,Bengaluru,2026-05-13,Approved,Groceries,RuPay,Travel,IRCTC,Credit,Male
C45793,w104181,23434.84,Vizag,2026-06-06,Declined,Utilities,Visa,Fuel,HPCL,UPI,Male
C76121,w104182,4091.3,Delhi,2026-03-15,Declined,Utilities,Visa,Food,HPCL,Credit,Male
C35232,w104183,18189.8,Chennai,2026-02-14,Declined,Dining,MasterCard,Fuel,Amazon,UPI,Male
C11089,w104184,15650.1,Pune,2026-06-30,Declined,Utilities,MasterCard,E-commerce,Amazon,NetBanking,Female
C70474,w104185,6558.71,Kolkata,2026-04-30,Declined,Fuel,RuPay,Travel,Reliance,NetBanking,Female
C56857,w104186,18930.15,Pune,2026-05-17,Declined,Utilities,Visa,Utilities,IRCTC,Credit,Female
C71101,w104187,11263.87,Pune,2026-03-13,Declined,Dining,Amex,Utilities,DMart,UPI,Male
C29042,w104188,17060.52,Hyderabad,2026-05-21,Declined,Fuel,RuPay,Travel,Amazon,NetBanking,Male
C99646,w104189,4944.41,Kolkata,2026-01-25,Approved,Dining,MasterCard,Travel,Reliance,UPI,Male
C97030,w104190,17974.69,Delhi,2026-05-09,Approved,Shopping,RuPay,Fuel,DMart,UPI,Female
C12021,w104191,10542.28,Delhi,2026-04-22,Declined,Utilities,RuPay,Food,HPCL,NetBanking,Female
C47866,w104192,22605.67,Chennai,2026-04-14,Declined,Shopping,RuPay,Utilities,Amazon,Credit,Male
C56712,w104193,23452.55,Delhi,2026-03-10,Declined,Groceries,RuPay,Fuel,DMart,Credit,Female
C97586,w104194,16856.05,Bengaluru,2026-03-13,Approved,Dining,Visa,Utilities,DMart,Credit,Female
C18105,w104195,3493.84,Pune,2026-01-27,Declined,Shopping,Amex,Retail,Amazon,NetBanking,Female
C35634,w104196,4828.39,Delhi,2026-04-29,Approved,Fuel,RuPay,E-commerce,IRCTC,UPI,Male
C89736,w104197,21058.77,Kolkata,2026-06-09,Declined,Travel,MasterCard,Fuel,Swiggy,Credit,Male
C83588,w104198,7331.4,Pune,2026-03-01,Approved,Travel,RuPay,Utilities,IOCL,Credit,Male
C46686,w104199,23396.07,Chennai,2026-06-28,Declined,Fuel,Amex,Retail,Reliance,Credit,Female
C90520,w104200,3907.47,Bengaluru,2026-04-09,Approved,Groceries,MasterCard,E-commerce,IOCL,Credit,Male
C26311,w104201,22797.79,Delhi,2026-03-26,Approved,Fuel,Visa,E-commerce,DMart,Credit,Female
C69291,w104202,21989.31,Vizag,2026-02-04,Approved,Shopping,MasterCard,Fuel,Reliance,UPI,Female
C18011,w104203,22480.58,Hyderabad,2026-06-12,Declined,Dining,Amex,E-commerce,IOCL,UPI,Male
C17411,w104204,19683.77,Bengaluru,2026-02-09,Approved,Dining,MasterCard,Fuel,IRCTC,Credit,Female
C11871,w104205,22779.42,Bengaluru,2026-05-30,Approved,Utilities,Visa,E-commerce,HPCL,UPI,Male
C70125,w104206,18054.0,Bengaluru,2026-02-26,Approved,Shopping,Amex,Retail,Reliance,NetBanking,Male
C79612,w104207,11132.93,Mumbai,2026-05-21,Approved,Dining,Visa,Travel,Zomato,UPI,Female
C40416,w104208,13590.09,Delhi,2026-05-20,Declined,Shopping,RuPay,E-commerce,IRCTC,UPI,Male
C24745,w104209,22509.9,Chennai,2026-05-18,Declined,Travel,Visa,Utilities,HPCL,NetBanking,Male
C55072,w104210,20845.37,Kolkata,2026-06-16,Approved,Shopping,MasterCard,E-commerce,IRCTC,UPI,Male
C63320,w104211,22110.37,Vizag,2026-05-28,Declined,Travel,RuPay,Fuel,Reliance,Credit,Female
C84096,w104212,1053.97,Vizag,2026-05-21,Approved,Groceries,Amex,Retail,DMart,UPI,Female
C87679,w104213,7423.46,Bengaluru,2026-03-31,Approved,Groceries,MasterCard,Travel,Amazon,UPI,Male
C52013,w104214,6280.79,Pune,2026-03-07,Approved,Travel,MasterCard,Fuel,IOCL,UPI,Female
C85091,w104215,5221.43,Pune,2026-06-27,Declined,Travel,MasterCard,Fuel,Reliance,UPI,Male
C70445,w104216,13275.33,Chennai,2026-03-27,Approved,Groceries,Visa,E-commerce,DMart,Credit,Female
C19564,w104217,18928.41,Chennai,2026-02-06,Approved,Groceries,RuPay,Fuel,HPCL,NetBanking,Male
C23130,w104218,11876.56,Bengaluru,2026-03-21,Declined,Utilities,Visa,Fuel,Zomato,UPI,Male
C32413,w104219,128.26,Mumbai,2026-05-04,Approved,Travel,Amex,Food,HPCL,NetBanking,Male
C39410,w104220,23709.26,Delhi,2026-06-27,Approved,Shopping,Amex,Utilities,HPCL,Credit,Female
C40936,w104221,10589.83,Pune,2026-04-02,Declined,Dining,Amex,Utilities,IRCTC,Credit,Male
C30847,w104222,4185.53,Kolkata,2026-01-15,Declined,Travel,RuPay,Fuel,IOCL,NetBanking,Male
C94003,w104223,16811.39,Mumbai,2026-02-17,Approved,Shopping,Visa,Food,DMart,NetBanking,Female
C56866,w104224,13822.48,Vizag,2026-02-13,Declined,Travel,Amex,Food,IOCL,NetBanking,Female
C90929,w104225,5495.72,Hyderabad,2026-02-03,Approved,Fuel,Amex,Utilities,IOCL,Credit,Male
C39211,w104226,3436.45,Vizag,2026-05-29,Approved,Fuel,Visa,Utilities,Zomato,UPI,Female
C48224,w104227,14508.86,Hyderabad,2026-05-08,Declined,Shopping,RuPay,Utilities,Zomato,UPI,Female
C15618,w104228,19435.17,Pune,2026-01-28,Declined,Fuel,MasterCard,Utilities,Reliance,NetBanking,Female
C19334,w104229,24893.22,Vizag,2026-02-20,Approved,Dining,Amex,Utilities,DMart,NetBanking,Female
C25564,w104230,17290.38,Kolkata,2026-01-31,Approved,Shopping,RuPay,Travel,Amazon,UPI,Male
C81952,w104231,13234.39,Chennai,2026-03-05,Approved,Fuel,RuPay,Food,Reliance,NetBanking,Female
C52768,w104232,17713.85,Kolkata,2026-06-18,Approved,Fuel,RuPay,Food,HPCL,UPI,Male
C53369,w104233,6205.23,Vizag,2026-04-13,Declined,Fuel,RuPay,Food,Zomato,Credit,Female
C90856,w104234,172.01,Vizag,2026-04-10,Approved,Groceries,MasterCard,E-commerce,Zomato,NetBanking,Male
C35400,w104235,13327.74,Hyderabad,2026-04-08,Approved,Shopping,Visa,Food,Zomato,UPI,Male
C84285,w104236,8771.76,Delhi,2026-01-18,Declined,Travel,RuPay,E-commerce,IRCTC,NetBanking,Female
C17190,w104237,11950.01,Pune,2026-04-16,Declined,Shopping,MasterCard,Travel,Zomato,UPI,Female
C98952,w104238,12083.87,Pune,2026-02-18,Approved,Fuel,RuPay,Fuel,IRCTC,UPI,Male
C17694,w104239,5743.97,Delhi,2026-01-19,Declined,Fuel,Amex,Travel,Zomato,UPI,Female
C98904,w104240,22300.51,Pune,2026-02-19,Approved,Dining,Visa,E-commerce,HPCL,UPI,Female
C29521,w104241,8801.35,Mumbai,2026-02-06,Approved,Groceries,RuPay,Retail,Swiggy,Credit,Female
C97355,w104242,11284.28,Delhi,2026-04-12,Declined,Fuel,MasterCard,Travel,Swiggy,UPI,Male
C34368,w104243,146.97,Chennai,2026-06-12,Approved,Utilities,RuPay,Food,Reliance,Credit,Male
C69543,w104244,7729.76,Mumbai,2026-06-25,Declined,Travel,Visa,Food,Amazon,UPI,Female
C44691,w104245,2234.38,Bengaluru,2026-03-19,Approved,Utilities,Amex,Food,DMart,UPI,Male
C52961,w104246,18114.34,Pune,2026-02-27,Approved,Fuel,RuPay,Retail,Amazon,UPI,Male
C47019,w104247,1408.15,Kolkata,2026-02-11,Declined,Travel,Amex,Travel,DMart,NetBanking,Male
C79585,w104248,7817.62,Kolkata,2026-04-20,Declined,Shopping,RuPay,Fuel,Reliance,Credit,Male
C97806,w104249,16202.73,Bengaluru,2026-04-02,Declined,Shopping,MasterCard,Food,IOCL,NetBanking,Female
C50938,w104250,1829.0,Delhi,2026-01-25,Declined,Fuel,MasterCard,Travel,Amazon,UPI,Male
C51157,w104251,9703.33,Bengaluru,2026-05-25,Approved,Utilities,MasterCard,Food,Zomato,NetBanking,Female
C47326,w104252,23875.66,Kolkata,2026-05-17,Declined,Dining,Visa,Fuel,Amazon,NetBanking,Female
C39387,w104253,17496.8,Pune,2026-02-27,Approved,Groceries,Visa,Fuel,Amazon,NetBanking,Male
C47809,w104254,13276.78,Chennai,2026-05-30,Approved,Shopping,RuPay,Fuel,Swiggy,UPI,Female
C42142,w104255,21975.94,Vizag,2026-05-04,Declined,Utilities,RuPay,Travel,Zomato,UPI,Female
C50974,w104256,7455.16,Delhi,2026-01-20,Declined,Shopping,MasterCard,Fuel,Amazon,Credit,Male
C63048,w104257,22677.51,Hyderabad,2026-06-10,Approved,Shopping,MasterCard,Travel,Zomato,NetBanking,Female
C74967,w104258,17468.9,Hyderabad,2026-05-13,Approved,Fuel,Amex,Retail,Amazon,NetBanking,Male
C52096,w104259,17080.42,Bengaluru,2026-06-11,Approved,Utilities,Visa,Retail,Swiggy,Credit,Male
C28939,w104260,18585.91,Hyderabad,2026-06-23,Declined,Dining,Visa,Fuel,Amazon,Credit,Male
C74102,w104261,14530.89,Bengaluru,2026-04-15,Declined,Utilities,RuPay,E-commerce,IRCTC,UPI,Female
C36162,w104262,15017.85,Hyderabad,2026-06-15,Declined,Travel,MasterCard,Fuel,Zomato,NetBanking,Male
C82623,w104263,6155.38,Chennai,2026-06-13,Approved,Fuel,Visa,Fuel,HPCL,Credit,Male
C59894,w104264,20820.17,Hyderabad,2026-06-03,Declined,Dining,MasterCard,Utilities,Amazon,NetBanking,Male
C48936,w104265,17179.79,Delhi,2026-01-01,Declined,Fuel,Amex,E-commerce,Reliance,UPI,Male
C61248,w104266,16316.79,Kolkata,2026-01-26,Declined,Fuel,RuPay,Fuel,DMart,Credit,Female
C44408,w104267,24041.79,Pune,2026-02-27,Declined,Fuel,Visa,Utilities,HPCL,Credit,Male
C28544,w104268,2357.54,Hyderabad,2026-06-16,Declined,Travel,Visa,Food,IOCL,Credit,Male
C36981,w104269,15274.6,Chennai,2026-05-03,Declined,Dining,RuPay,Food,HPCL,NetBanking,Female
C37648,w104270,5155.43,Vizag,2026-03-07,Approved,Fuel,Visa,Food,Zomato,UPI,Male
C10894,w104271,10696.57,Vizag,2026-01-23,Declined,Fuel,Amex,Fuel,Reliance,Credit,Male
C80148,w104272,6934.2,Bengaluru,2026-05-14,Approved,Shopping,MasterCard,Travel,Reliance,UPI,Female
C73161,w104273,24019.8,Mumbai,2026-03-26,Approved,Dining,Amex,Retail,HPCL,UPI,Female
C42462,w104274,14605.78,Hyderabad,2026-02-25,Declined,Shopping,RuPay,Retail,Zomato,NetBanking,Female
C34041,w104275,12111.59,Mumbai,2026-02-24,Approved,Dining,Amex,Travel,IRCTC,Credit,Female
C21240,w104276,21074.53,Kolkata,2026-05-13,Declined,Fuel,Amex,Retail,Amazon,UPI,Female
C78616,w104277,13925.64,Pune,2026-03-21,Approved,Dining,Amex,Travel,Reliance,NetBanking,Female
C49007,w104278,20749.77,Vizag,2026-01-17,Approved,Utilities,Amex,E-commerce,IOCL,NetBanking,Male
C23647,w104279,14951.86,Hyderabad,2026-05-23,Approved,Utilities,Visa,Food,HPCL,NetBanking,Male
C65384,w104280,5097.22,Vizag,2026-05-17,Approved,Dining,RuPay,Utilities,Amazon,Credit,Male
C57198,w104281,13864.35,Mumbai,2026-05-01,Declined,Utilities,Visa,Utilities,DMart,NetBanking,Female
C83449,w104282,16461.76,Pune,2026-02-16,Approved,Shopping,Visa,E-commerce,HPCL,UPI,Male
C94101,w104283,7469.34,Mumbai,2026-02-20,Declined,Fuel,Amex,Fuel,Reliance,Credit,Female
C45318,w104284,16759.37,Bengaluru,2026-05-10,Approved,Shopping,Amex,Retail,Swiggy,NetBanking,Female
C47616,w104285,12455.22,Kolkata,2026-05-03,Declined,Travel,RuPay,Travel,IOCL,NetBanking,Male
C83379,w104286,2937.73,Pune,2026-03-08,Declined,Fuel,MasterCard,Travel,DMart,Credit,Female
C54390,w104287,12667.22,Hyderabad,2026-03-02,Approved,Shopping,Amex,Utilities,HPCL,UPI,Male
C30185,w104288,8063.52,Mumbai,2026-04-11,Approved,Utilities,MasterCard,Retail,Zomato,Credit,Male
C71527,w104289,8577.62,Chennai,2026-06-22,Approved,Shopping,Amex,Food,Reliance,Credit,Female
C58767,w104290,14101.19,Mumbai,2026-03-21,Declined,Groceries,Visa,Travel,Reliance,NetBanking,Male
C16728,w104291,22698.19,Chennai,2026-03-27,Approved,Fuel,RuPay,Utilities,IRCTC,UPI,Female
C52591,w104292,12359.85,Kolkata,2026-04-01,Declined,Utilities,Amex,Travel,Zomato,Credit,Male
C30525,w104293,18156.09,Vizag,2026-06-20,Declined,Fuel,Visa,Travel,Reliance,UPI,Female
C68451,w104294,12700.52,Delhi,2026-04-22,Declined,Utilities,RuPay,Fuel,IRCTC,Credit,Male
C62578,w104295,11270.57,Mumbai,2026-02-02,Declined,Groceries,MasterCard,Travel,IRCTC,UPI,Female
C70347,w104296,22827.29,Delhi,2026-06-12,Approved,Shopping,RuPay,E-commerce,IOCL,Credit,Male
C51342,w104297,16061.94,Hyderabad,2026-04-10,Approved,Utilities,MasterCard,E-commerce,Reliance,NetBanking,Male
C95209,w104298,12415.22,Kolkata,2026-02-13,Approved,Fuel,RuPay,Fuel,HPCL,NetBanking,Male
C18146,w104299,22983.76,Bengaluru,2026-02-12,Declined,Utilities,RuPay,Retail,Amazon,UPI,Female
C96861,w104300,16803.36,Mumbai,2026-02-18,Declined,Groceries,Visa,Utilities,Amazon,UPI,Male
C23621,w104301,21832.58,Delhi,2026-01-22,Declined,Groceries,MasterCard,E-commerce,Zomato,Credit,Female
C76167,w104302,13921.62,Pune,2026-01-15,Declined,Shopping,RuPay,Travel,Zomato,Credit,Male
C20330,w104303,3879.87,Delhi,2026-01-17,Approved,Utilities,Amex,Travel,Reliance,UPI,Male
C20695,w104304,931.0,Mumbai,2026-03-02,Approved,Groceries,MasterCard,Utilities,Zomato,UPI,Female
C78808,w104305,20564.3,Delhi,2026-06-12,Declined,Utilities,RuPay,Fuel,HPCL,Credit,Female
C88655,w104306,16697.31,Kolkata,2026-02-01,Declined,Utilities,Amex,E-commerce,IRCTC,Credit,Male
C94880,w104307,1685.9,Delhi,2026-04-11,Declined,Fuel,Visa,Food,IRCTC,NetBanking,Female
C24111,w104308,1270.59,Delhi,2026-01-08,Approved,Utilities,Amex,E-commerce,HPCL,Credit,Female
C67924,w104309,21213.68,Hyderabad,2026-02-05,Approved,Fuel,MasterCard,E-commerce,Zomato,Credit,Female
C54007,w104310,12044.12,Mumbai,2026-05-26,Approved,Groceries,RuPay,Retail,Reliance,NetBanking,Female
C55156,w104311,23329.96,Hyderabad,2026-03-10,Approved,Dining,Visa,E-commerce,IOCL,Credit,Female
C91577,w104312,9289.45,Bengaluru,2026-02-18,Approved,Dining,Amex,Fuel,Reliance,NetBanking,Male
C40639,w104313,1744.01,Mumbai,2026-01-09,Approved,Dining,MasterCard,Food,HPCL,NetBanking,Male
C22888,w104314,16447.46,Bengaluru,2026-04-10,Approved,Fuel,Visa,Fuel,Swiggy,UPI,Female
C13904,w104315,21409.08,Mumbai,2026-01-19,Declined,Groceries,Visa,Utilities,DMart,NetBanking,Male
C62935,w104316,20118.92,Delhi,2026-01-16,Declined,Groceries,RuPay,Food,DMart,UPI,Male
C72659,w104317,6736.65,Chennai,2026-02-24,Approved,Utilities,Visa,E-commerce,Amazon,NetBanking,Male
C57584,w104318,13455.81,Chennai,2026-05-04,Declined,Fuel,Amex,Utilities,Zomato,NetBanking,Female
C65116,w104319,7445.36,Bengaluru,2026-04-21,Approved,Utilities,Visa,Travel,Zomato,NetBanking,Male
C19495,w104320,330.97,Mumbai,2026-06-14,Approved,Shopping,Amex,Travel,Zomato,Credit,Male
C89649,w104321,621.86,Bengaluru,2026-06-15,Declined,Travel,RuPay,Fuel,Amazon,Credit,Female
C11882,w104322,15991.98,Kolkata,2026-04-01,Approved,Fuel,RuPay,Fuel,IOCL,NetBanking,Female
C84979,w104323,7418.73,Chennai,2026-05-11,Declined,Travel,Visa,Travel,HPCL,NetBanking,Male
C88051,w104324,17273.06,Vizag,2026-04-24,Declined,Utilities,RuPay,Utilities,IRCTC,NetBanking,Male
C10718,w104325,1254.7,Kolkata,2026-01-10,Approved,Travel,MasterCard,Utilities,DMart,Credit,Female
C38490,w104326,20533.96,Pune,2026-05-21,Approved,Utilities,RuPay,E-commerce,IOCL,NetBanking,Female
C52684,w104327,10918.51,Bengaluru,2026-04-06,Approved,Travel,RuPay,Food,IRCTC,UPI,Female
C71667,w104328,14195.2,Pune,2026-03-17,Declined,Shopping,Visa,E-commerce,IRCTC,NetBanking,Female
C42839,w104329,12187.86,Kolkata,2026-02-13,Approved,Groceries,Amex,Food,IOCL,UPI,Male
C63507,w104330,8881.16,Bengaluru,2026-03-11,Approved,Fuel,Visa,Travel,IRCTC,Credit,Male
C45747,w104331,15815.04,Mumbai,2026-04-04,Declined,Dining,RuPay,Travel,DMart,Credit,Male
C76909,w104332,3139.71,Mumbai,2026-01-23,Approved,Dining,Amex,Retail,IRCTC,UPI,Male
C72326,w104333,15816.72,Bengaluru,2026-01-13,Approved,Shopping,RuPay,Utilities,Reliance,Credit,Female
C77189,w104334,12466.4,Vizag,2026-04-13,Declined,Shopping,Amex,Fuel,IRCTC,UPI,Male
C34023,w104335,14473.42,Bengaluru,2026-05-26,Declined,Dining,Visa,Fuel,IRCTC,UPI,Male
C68575,w104336,3248.33,Delhi,2026-05-04,Approved,Travel,Visa,Travel,Swiggy,Credit,Female
C39640,w104337,16902.34,Bengaluru,2026-06-26,Approved,Travel,Visa,Retail,Swiggy,Credit,Female
C54356,w104338,19267.92,Mumbai,2026-03-11,Declined,Dining,Amex,E-commerce,Swiggy,Credit,Male
C88352,w104339,12804.31,Hyderabad,2026-06-20,Approved,Groceries,MasterCard,Utilities,Reliance,NetBanking,Male
C32300,w104340,6374.36,Mumbai,2026-06-06,Declined,Travel,Amex,Fuel,DMart,UPI,Female
C78754,w104341,10917.29,Pune,2026-03-23,Declined,Utilities,Amex,Travel,IOCL,UPI,Female
C49125,w104342,1810.9,Bengaluru,2026-04-27,Declined,Groceries,RuPay,Retail,Reliance,UPI,Male
C44561,w104343,24630.03,Bengaluru,2026-01-19,Approved,Dining,RuPay,Food,IRCTC,NetBanking,Female
C42590,w104344,11871.59,Chennai,2026-01-27,Declined,Dining,MasterCard,Fuel,Amazon,UPI,Male
C89216,w104345,13076.97,Vizag,2026-01-26,Approved,Groceries,RuPay,Food,IRCTC,Credit,Male
C57125,w104346,5774.59,Mumbai,2026-05-14,Approved,Dining,RuPay,E-commerce,IRCTC,NetBanking,Female
C23960,w104347,18238.1,Bengaluru,2026-06-25,Approved,Travel,MasterCard,Travel,IRCTC,Credit,Male
C27102,w104348,15544.95,Hyderabad,2026-03-21,Declined,Dining,MasterCard,Food,Swiggy,Credit,Female
C74607,w104349,12074.54,Delhi,2026-04-27,Approved,Groceries,RuPay,E-commerce,HPCL,Credit,Female
C73703,w104350,13452.51,Kolkata,2026-05-27,Approved,Groceries,RuPay,Fuel,IRCTC,NetBanking,Female
C19746,w104351,17812.16,Pune,2026-01-12,Approved,Groceries,MasterCard,Retail,IOCL,UPI,Male
C76467,w104352,9615.8,Kolkata,2026-01-03,Approved,Shopping,MasterCard,Utilities,IOCL,NetBanking,Female
C65869,w104353,14256.92,Chennai,2026-03-12,Approved,Fuel,RuPay,Fuel,HPCL,UPI,Male
C40740,w104354,12544.23,Hyderabad,2026-04-26,Declined,Utilities,RuPay,Utilities,Amazon,UPI,Female
C45104,w104355,21261.48,Mumbai,2026-06-26,Approved,Travel,RuPay,Travel,Swiggy,UPI,Male
C22842,w104356,22031.62,Hyderabad,2026-02-18,Declined,Fuel,Visa,Utilities,HPCL,Credit,Female
C69672,w104357,5891.97,Kolkata,2026-03-10,Declined,Groceries,RuPay,E-commerce,Reliance,NetBanking,Male
C82926,w104358,13986.71,Hyderabad,2026-06-12,Declined,Shopping,RuPay,Retail,Zomato,NetBanking,Female
C57550,w104359,12246.34,Mumbai,2026-02-24,Declined,Shopping,RuPay,Food,Reliance,Credit,Male
C56929,w104360,11397.26,Chennai,2026-01-10,Declined,Fuel,RuPay,Fuel,HPCL,UPI,Male
C66655,w104361,8775.04,Mumbai,2026-03-16,Declined,Groceries,RuPay,Travel,Amazon,UPI,Male
C60501,w104362,5709.84,Mumbai,2026-01-05,Approved,Utilities,MasterCard,Utilities,DMart,NetBanking,Male
C17558,w104363,16858.95,Delhi,2026-04-13,Declined,Dining,RuPay,Utilities,Amazon,NetBanking,Male
C74970,w104364,23831.53,Pune,2026-04-29,Approved,Fuel,RuPay,Utilities,Swiggy,Credit,Female
C10410,w104365,23319.46,Hyderabad,2026-02-05,Approved,Travel,RuPay,Retail,IRCTC,NetBanking,Male
C90785,w104366,12812.05,Delhi,2026-03-13,Approved,Groceries,Amex,Fuel,Reliance,UPI,Male
C69348,w104367,3886.41,Delhi,2026-06-23,Declined,Groceries,Visa,Utilities,HPCL,NetBanking,Female
C88337,w104368,21000.14,Vizag,2026-03-12,Declined,Shopping,RuPay,E-commerce,Zomato,UPI,Female
C25867,w104369,11927.42,Pune,2026-01-06,Approved,Travel,MasterCard,Food,HPCL,UPI,Female
C94468,w104370,1476.09,Hyderabad,2026-02-17,Declined,Dining,Visa,Utilities,IOCL,Credit,Female
C66775,w104371,18254.48,Chennai,2026-04-24,Approved,Utilities,MasterCard,Food,IOCL,NetBanking,Female
C35033,w104372,21387.93,Pune,2026-03-25,Approved,Travel,RuPay,Retail,IOCL,NetBanking,Female
C22632,w104373,19749.28,Pune,2026-03-16,Approved,Travel,MasterCard,Fuel,IOCL,UPI,Female
C42110,w104374,24770.34,Chennai,2026-03-03,Declined,Travel,Visa,Retail,IOCL,UPI,Male
C94279,w104375,11646.6,Mumbai,2026-05-05,Approved,Fuel,Amex,Food,HPCL,NetBanking,Female
C85458,w104376,8942.0,Hyderabad,2026-02-26,Approved,Travel,Amex,E-commerce,Zomato,NetBanking,Female
C94333,w104377,20786.5,Pune,2026-06-01,Approved,Utilities,MasterCard,Food,Swiggy,Credit,Male
C95080,w104378,9734.59,Kolkata,2026-04-04,Declined,Fuel,Visa,Travel,DMart,Credit,Male
C16841,w104379,11672.1,Mumbai,2026-03-24,Declined,Groceries,Amex,E-commerce,IOCL,Credit,Female
C47686,w104380,9580.53,Hyderabad,2026-04-11,Approved,Utilities,Visa,Fuel,Swiggy,NetBanking,Male
C44734,w104381,18270.45,Bengaluru,2026-03-30,Approved,Dining,RuPay,Retail,Zomato,NetBanking,Female
C64432,w104382,16045.3,Chennai,2026-02-14,Approved,Fuel,Amex,Retail,HPCL,Credit,Male
C25441,w104383,20393.75,Hyderabad,2026-02-19,Declined,Shopping,Amex,E-commerce,Swiggy,NetBanking,Female
C99123,w104384,14615.4,Kolkata,2026-03-10,Declined,Dining,RuPay,E-commerce,Reliance,Credit,Male
C90022,w104385,4262.97,Kolkata,2026-02-24,Approved,Utilities,MasterCard,Utilities,HPCL,UPI,Male
C28705,w104386,14668.34,Chennai,2026-03-02,Declined,Fuel,MasterCard,Fuel,DMart,NetBanking,Female
C54790,w104387,24377.79,Delhi,2026-01-22,Declined,Utilities,Amex,Food,DMart,NetBanking,Female
C31761,w104388,18229.16,Pune,2026-01-02,Declined,Shopping,RuPay,Retail,Reliance,UPI,Male
C45190,w104389,3402.4,Delhi,2026-05-21,Declined,Travel,Visa,E-commerce,Zomato,NetBanking,Male
C98304,w104390,22139.62,Pune,2026-05-05,Approved,Fuel,Amex,Food,Reliance,UPI,Male
C87713,w104391,10391.51,Bengaluru,2026-02-15,Approved,Fuel,Visa,Travel,DMart,NetBanking,Male
C50958,w104392,6840.17,Kolkata,2026-03-19,Approved,Shopping,Visa,Fuel,HPCL,Credit,Female
C58216,w104393,16617.25,Chennai,2026-02-26,Declined,Travel,Visa,Fuel,Zomato,NetBanking,Male
C39216,w104394,22628.38,Delhi,2026-02-08,Approved,Shopping,RuPay,Travel,Swiggy,NetBanking,Male
C55117,w104395,12084.16,Mumbai,2026-01-31,Declined,Utilities,Visa,Food,Swiggy,Credit,Male
C53591,w104396,13749.35,Bengaluru,2026-02-21,Declined,Fuel,Amex,E-commerce,HPCL,UPI,Male
C76850,w104397,7021.61,Kolkata,2026-06-17,Approved,Fuel,RuPay,Fuel,IRCTC,UPI,Female
C87907,w104398,13742.17,Mumbai,2026-01-19,Declined,Travel,Visa,Fuel,Swiggy,NetBanking,Female
C55136,w104399,1121.96,Vizag,2026-04-07,Declined,Groceries,Visa,Utilities,HPCL,Credit,Female
C70979,w104400,22105.82,Delhi,2026-03-06,Approved,Groceries,MasterCard,Retail,IOCL,Credit,Female
C85219,w104401,2674.67,Chennai,2026-03-20,Approved,Fuel,RuPay,Utilities,DMart,UPI,Female
C89290,w104402,17231.24,Vizag,2026-06-23,Declined,Shopping,Amex,Retail,DMart,UPI,Male
C74998,w104403,6056.74,Hyderabad,2026-01-03,Approved,Shopping,Visa,Fuel,Zomato,NetBanking,Female
C46213,w104404,10151.36,Pune,2026-06-07,Approved,Shopping,Visa,Food,Swiggy,NetBanking,Male
C39284,w104405,19583.18,Pune,2026-01-22,Declined,Utilities,RuPay,E-commerce,Swiggy,NetBanking,Male
C88427,w104406,16103.66,Hyderabad,2026-05-06,Approved,Fuel,Visa,Travel,Swiggy,Credit,Male
C86917,w104407,24824.03,Kolkata,2026-06-11,Declined,Travel,Amex,Food,Swiggy,NetBanking,Female
C77620,w104408,9297.12,Chennai,2026-03-12,Approved,Fuel,Visa,Fuel,HPCL,UPI,Female
C29873,w104409,2634.72,Delhi,2026-03-02,Approved,Travel,RuPay,Fuel,IOCL,NetBanking,Male
C42912,w104410,11737.1,Delhi,2026-02-03,Declined,Utilities,RuPay,Retail,HPCL,Credit,Male
C36354,w104411,20462.75,Delhi,2026-03-11,Declined,Travel,Amex,Fuel,HPCL,NetBanking,Male
C95214,w104412,12274.16,Chennai,2026-05-05,Declined,Travel,RuPay,Food,DMart,NetBanking,Male
C59400,w104413,23613.83,Mumbai,2026-03-07,Declined,Travel,Visa,Retail,Swiggy,NetBanking,Male
C53683,w104414,20462.84,Kolkata,2026-06-26,Declined,Utilities,RuPay,E-commerce,Zomato,Credit,Male
C53241,w104415,4762.24,Hyderabad,2026-01-13,Declined,Travel,Visa,Utilities,Swiggy,NetBanking,Female
C36785,w104416,2832.64,Hyderabad,2026-06-13,Approved,Fuel,Visa,Travel,HPCL,NetBanking,Male
C20848,w104417,211.97,Bengaluru,2026-04-03,Approved,Dining,Visa,Retail,IRCTC,NetBanking,Female
C80367,w104418,11799.4,Hyderabad,2026-06-13,Declined,Travel,MasterCard,Fuel,IOCL,Credit,Male
C96614,w104419,9384.77,Pune,2026-03-01,Approved,Shopping,Amex,Utilities,DMart,Credit,Female
C50312,w104420,17805.88,Chennai,2026-04-05,Declined,Shopping,MasterCard,E-commerce,Reliance,Credit,Male
C82858,w104421,18600.57,Chennai,2026-01-03,Declined,Fuel,Amex,Food,Amazon,NetBanking,Female
C35469,w104422,7398.96,Pune,2026-02-14,Approved,Shopping,Amex,Fuel,Swiggy,NetBanking,Female
C85509,w104423,9898.49,Pune,2026-06-12,Declined,Travel,Visa,Travel,Zomato,Credit,Female
C65660,w104424,24878.11,Bengaluru,2026-02-18,Approved,Utilities,MasterCard,Fuel,DMart,NetBanking,Male
C13100,w104425,4235.13,Delhi,2026-03-03,Declined,Fuel,Amex,Travel,Swiggy,Credit,Male
C75784,w104426,15710.03,Mumbai,2026-02-28,Approved,Utilities,Visa,Travel,HPCL,NetBanking,Male
C12742,w104427,22725.85,Bengaluru,2026-05-19,Approved,Fuel,RuPay,Utilities,Swiggy,Credit,Male
C54382,w104428,16924.92,Hyderabad,2026-02-19,Declined,Shopping,MasterCard,E-commerce,IRCTC,Credit,Male
C60870,w104429,12823.17,Hyderabad,2026-04-20,Approved,Travel,MasterCard,Travel,IOCL,UPI,Female
C41352,w104430,18664.81,Hyderabad,2026-04-13,Declined,Dining,RuPay,Utilities,Zomato,NetBanking,Male
C71008,w104431,3561.87,Chennai,2026-04-19,Declined,Utilities,Visa,Retail,IOCL,Credit,Male
C49283,w104432,20797.3,Kolkata,2026-05-24,Declined,Travel,Amex,Fuel,HPCL,Credit,Male
C15843,w104433,15175.91,Hyderabad,2026-02-14,Declined,Utilities,MasterCard,Utilities,Swiggy,NetBanking,Male
C79910,w104434,24633.32,Mumbai,2026-03-26,Declined,Fuel,Amex,Travel,Swiggy,Credit,Female
C45927,w104435,16914.2,Hyderabad,2026-02-19,Declined,Dining,MasterCard,Food,IRCTC,Credit,Male
C45404,w104436,7233.36,Vizag,2026-01-25,Approved,Groceries,MasterCard,Travel,Swiggy,NetBanking,Male
C69435,w104437,20752.04,Chennai,2026-01-01,Approved,Utilities,MasterCard,Food,IOCL,Credit,Female
C98324,w104438,4650.69,Vizag,2026-01-27,Approved,Fuel,RuPay,Travel,IOCL,NetBanking,Female
C23031,w104439,8959.93,Bengaluru,2026-02-11,Approved,Shopping,MasterCard,Food,Swiggy,NetBanking,Male
C53336,w104440,11959.59,Mumbai,2026-06-15,Approved,Shopping,Amex,Fuel,IOCL,NetBanking,Female
C32077,w104441,13933.56,Delhi,2026-04-26,Declined,Travel,RuPay,E-commerce,IRCTC,Credit,Male
C24054,w104442,8106.49,Bengaluru,2026-06-24,Approved,Groceries,RuPay,Travel,Reliance,NetBanking,Female
C58373,w104443,2363.13,Vizag,2026-04-03,Declined,Dining,MasterCard,Retail,Reliance,UPI,Female
C51713,w104444,7435.35,Pune,2026-03-25,Approved,Dining,RuPay,Utilities,IOCL,NetBanking,Female
C42511,w104445,17733.39,Mumbai,2026-04-18,Approved,Groceries,Visa,Food,Amazon,NetBanking,Male
C23329,w104446,21913.36,Delhi,2026-06-07,Approved,Utilities,Visa,Utilities,Swiggy,Credit,Male
C28152,w104447,20060.63,Hyderabad,2026-05-15,Declined,Utilities,Amex,E-commerce,DMart,UPI,Female
C16188,w104448,24910.19,Mumbai,2026-01-16,Approved,Utilities,MasterCard,Fuel,Zomato,Credit,Female
C50549,w104449,11465.88,Kolkata,2026-06-10,Approved,Shopping,Visa,E-commerce,Swiggy,UPI,Male
C12347,w104450,5195.34,Mumbai,2026-04-17,Declined,Groceries,Visa,E-commerce,Reliance,Credit,Female
C97138,w104451,20422.02,Mumbai,2026-05-22,Approved,Travel,MasterCard,Retail,Amazon,NetBanking,Female
C97863,w104452,12572.4,Delhi,2026-06-04,Declined,Utilities,Visa,Travel,HPCL,UPI,Female
C84430,w104453,11030.35,Pune,2026-03-18,Approved,Shopping,RuPay,Food,Amazon,Credit,Female
C35633,w104454,7167.18,Vizag,2026-04-17,Declined,Fuel,Visa,Food,HPCL,UPI,Female
C14857,w104455,3865.46,Hyderabad,2026-05-15,Approved,Utilities,Visa,Food,Amazon,Credit,Female
C19333,w104456,11608.51,Bengaluru,2026-03-27,Declined,Shopping,MasterCard,Retail,IOCL,Credit,Female
C75204,w104457,22695.88,Kolkata,2026-05-19,Declined,Utilities,Visa,Fuel,Reliance,NetBanking,Female
C40510,w104458,10502.49,Chennai,2026-06-28,Approved,Travel,RuPay,E-commerce,IRCTC,Credit,Female
C29459,w104459,10143.24,Pune,2026-03-18,Approved,Groceries,Amex,Fuel,DMart,NetBanking,Female
C99874,w104460,802.05,Vizag,2026-02-08,Declined,Groceries,Amex,Food,IRCTC,UPI,Female
C51569,w104461,14852.99,Kolkata,2026-01-08,Approved,Groceries,Visa,E-commerce,Zomato,NetBanking,Female
C51314,w104462,2959.23,Bengaluru,2026-06-18,Declined,Travel,MasterCard,Utilities,IOCL,Credit,Male
C73242,w104463,4233.54,Pune,2026-04-03,Approved,Travel,MasterCard,Fuel,IRCTC,UPI,Female
C71892,w104464,20290.87,Chennai,2026-03-07,Declined,Dining,MasterCard,Fuel,Reliance,Credit,Male
C16523,w104465,2676.7,Mumbai,2026-02-15,Declined,Travel,Amex,Travel,HPCL,Credit,Female
C50079,w104466,14687.91,Bengaluru,2026-05-12,Approved,Groceries,Amex,Food,IRCTC,Credit,Female
C26388,w104467,20149.26,Mumbai,2026-06-13,Declined,Utilities,MasterCard,Food,IRCTC,Credit,Male
C99530,w104468,6117.55,Bengaluru,2026-06-12,Approved,Travel,Amex,Fuel,IOCL,NetBanking,Female
C70583,w104469,5571.85,Mumbai,2026-03-23,Approved,Groceries,MasterCard,Fuel,Amazon,NetBanking,Female
C39252,w104470,17649.11,Chennai,2026-05-08,Declined,Fuel,RuPay,Food,Reliance,Credit,Male
C95936,w104471,6773.3,Mumbai,2026-06-02,Approved,Travel,MasterCard,Food,DMart,UPI,Female
C74424,w104472,22380.24,Hyderabad,2026-05-20,Declined,Fuel,RuPay,Utilities,IRCTC,UPI,Female
C92256,w104473,13761.26,Pune,2026-05-10,Declined,Travel,Amex,Travel,IOCL,NetBanking,Male
C98572,w104474,23040.85,Vizag,2026-04-25,Declined,Groceries,Visa,Fuel,Amazon,Credit,Male
C16873,w104475,14873.58,Chennai,2026-05-30,Approved,Shopping,RuPay,Food,DMart,NetBanking,Female
C59432,w104476,8520.74,Kolkata,2026-03-01,Approved,Dining,MasterCard,Retail,Swiggy,UPI,Female
C53346,w104477,12457.62,Bengaluru,2026-05-14,Declined,Dining,Amex,E-commerce,DMart,Credit,Male
C20121,w104478,1526.93,Pune,2026-06-25,Approved,Shopping,Visa,Utilities,IOCL,UPI,Male
C79135,w104479,19514.14,Chennai,2026-03-22,Declined,Travel,RuPay,E-commerce,IOCL,Credit,Male
C31946,w104480,17656.61,Kolkata,2026-05-28,Declined,Utilities,MasterCard,Retail,IRCTC,NetBanking,Female
C37709,w104481,13375.07,Chennai,2026-04-22,Approved,Utilities,RuPay,Utilities,Zomato,Credit,Female
C55278,w104482,10647.99,Bengaluru,2026-04-26,Approved,Groceries,RuPay,Fuel,HPCL,NetBanking,Female
C78449,w104483,10837.88,Hyderabad,2026-05-11,Declined,Groceries,Amex,Food,DMart,UPI,Male
C99803,w104484,6884.28,Kolkata,2026-05-13,Declined,Fuel,Amex,E-commerce,DMart,NetBanking,Female
C53246,w104485,14157.2,Delhi,2026-03-14,Approved,Groceries,Amex,Travel,Swiggy,Credit,Female
C40399,w104486,22232.89,Mumbai,2026-03-31,Approved,Dining,Visa,Travel,Amazon,Credit,Male
C31520,w104487,1210.6,Delhi,2026-03-02,Declined,Dining,MasterCard,Travel,Reliance,NetBanking,Male
C46429,w104488,10329.66,Vizag,2026-06-10,Declined,Utilities,RuPay,Travel,DMart,UPI,Male
C89595,w104489,9535.86,Delhi,2026-03-04,Approved,Utilities,Visa,E-commerce,IOCL,NetBanking,Male
C49217,w104490,8575.53,Hyderabad,2026-03-30,Approved,Utilities,MasterCard,Travel,Reliance,UPI,Male
C57149,w104491,19264.36,Mumbai,2026-01-29,Declined,Dining,Amex,Utilities,Amazon,Credit,Male
C82122,w104492,1773.86,Kolkata,2026-02-16,Declined,Fuel,Visa,Utilities,HPCL,Credit,Male
C75120,w104493,14642.09,Chennai,2026-02-01,Approved,Travel,Visa,Food,Amazon,NetBanking,Female
C83108,w104494,13398.07,Pune,2026-01-03,Declined,Groceries,MasterCard,Retail,IOCL,NetBanking,Male
C30262,w104495,7140.24,Kolkata,2026-01-02,Declined,Shopping,Amex,Utilities,Swiggy,Credit,Male
C24161,w104496,22422.21,Mumbai,2026-06-22,Declined,Fuel,MasterCard,Food,IOCL,Credit,Male
C38556,w104497,9333.92,Delhi,2026-05-11,Approved,Fuel,MasterCard,Utilities,Swiggy,UPI,Female
C98993,w104498,8296.99,Bengaluru,2026-04-19,Approved,Groceries,MasterCard,Retail,Reliance,NetBanking,Male
C13059,w104499,23928.14,Pune,2026-04-06,Approved,Shopping,MasterCard,Travel,IOCL,Credit,Female
C55761,w104500,4092.14,Mumbai,2026-02-28,Approved,Utilities,RuPay,Travel,Reliance,NetBanking,Female
C66162,w104501,22984.22,Delhi,2026-03-28,Declined,Shopping,MasterCard,Food,HPCL,NetBanking,Male
C72399,w104502,13509.68,Bengaluru,2026-03-27,Declined,Shopping,RuPay,Fuel,IRCTC,NetBanking,Female
C16239,w104503,5765.94,Kolkata,2026-01-03,Declined,Shopping,RuPay,Utilities,DMart,UPI,Male
C20269,w104504,21736.41,Delhi,2026-05-18,Approved,Utilities,Visa,Fuel,IRCTC,Credit,Female
C11078,w104505,893.2,Delhi,2026-01-20,Declined,Travel,Amex,E-commerce,Reliance,UPI,Female
C33544,w104506,8035.83,Bengaluru,2026-06-22,Approved,Utilities,MasterCard,Travel,Amazon,Credit,Male
C94017,w104507,14884.33,Chennai,2026-05-09,Declined,Groceries,MasterCard,Travel,Amazon,NetBanking,Male
C45009,w104508,7355.8,Pune,2026-05-05,Declined,Travel,Amex,Fuel,Amazon,UPI,Female
C18105,w104509,23977.62,Hyderabad,2026-01-07,Approved,Travel,Amex,Retail,HPCL,Credit,Male
C19811,w104510,5597.73,Bengaluru,2026-02-26,Declined,Fuel,Amex,E-commerce,Reliance,Credit,Male
C82686,w104511,18910.37,Bengaluru,2026-03-06,Declined,Dining,MasterCard,Utilities,Swiggy,NetBanking,Female
C22462,w104512,22286.32,Bengaluru,2026-05-02,Approved,Dining,MasterCard,Travel,IRCTC,NetBanking,Female
C33267,w104513,1779.35,Mumbai,2026-05-15,Approved,Groceries,RuPay,E-commerce,DMart,Credit,Female
C39540,w104514,17002.91,Mumbai,2026-03-28,Approved,Groceries,Visa,E-commerce,Zomato,Credit,Male
C14687,w104515,8406.15,Pune,2026-02-28,Approved,Dining,MasterCard,E-commerce,DMart,UPI,Male
C37078,w104516,488.3,Pune,2026-06-30,Declined,Shopping,Visa,Utilities,Swiggy,UPI,Male
C65507,w104517,9395.92,Pune,2026-05-28,Declined,Dining,Amex,Retail,Amazon,Credit,Female
C27543,w104518,1629.2,Pune,2026-05-07,Approved,Groceries,Amex,Travel,Zomato,UPI,Male
C29243,w104519,4808.61,Mumbai,2026-02-13,Declined,Utilities,RuPay,Fuel,Amazon,Credit,Male
C80367,w104520,16300.67,Kolkata,2026-05-30,Declined,Utilities,Amex,Utilities,IRCTC,UPI,Female
C68040,w104521,5288.39,Pune,2026-01-06,Approved,Utilities,RuPay,Retail,Swiggy,NetBanking,Female
C94062,w104522,5927.76,Mumbai,2026-03-04,Approved,Dining,MasterCard,Travel,Reliance,Credit,Male
C62366,w104523,4506.68,Pune,2026-05-10,Approved,Shopping,MasterCard,Utilities,Swiggy,NetBanking,Female
C26489,w104524,4504.09,Vizag,2026-04-08,Declined,Dining,MasterCard,Food,HPCL,NetBanking,Female
C67257,w104525,14245.34,Bengaluru,2026-01-11,Approved,Shopping,Visa,Utilities,DMart,UPI,Male
C26570,w104526,1729.15,Kolkata,2026-05-26,Approved,Fuel,MasterCard,Food,Amazon,UPI,Female
C58704,w104527,21578.57,Bengaluru,2026-03-20,Declined,Utilities,RuPay,Fuel,DMart,NetBanking,Male
C28837,w104528,3158.04,Mumbai,2026-03-29,Declined,Groceries,Visa,Fuel,IOCL,NetBanking,Female
C36856,w104529,19487.1,Mumbai,2026-01-27,Approved,Shopping,MasterCard,Utilities,HPCL,Credit,Male
C52800,w104530,12194.91,Kolkata,2026-03-01,Declined,Utilities,MasterCard,Food,IOCL,UPI,Male
C83266,w104531,22354.87,Chennai,2026-03-28,Approved,Travel,Visa,Food,IOCL,UPI,Female
C96347,w104532,17090.68,Bengaluru,2026-05-02,Declined,Groceries,MasterCard,Retail,HPCL,UPI,Male
C13988,w104533,2489.54,Hyderabad,2026-03-01,Approved,Dining,Visa,Utilities,HPCL,UPI,Female
C32972,w104534,1674.39,Delhi,2026-03-03,Approved,Utilities,RuPay,Travel,IRCTC,NetBanking,Male
C15847,w104535,19133.86,Mumbai,2026-05-03,Declined,Shopping,MasterCard,Travel,HPCL,Credit,Female
C12225,w104536,3143.17,Chennai,2026-06-14,Approved,Dining,Amex,Utilities,Amazon,UPI,Male
C81251,w104537,3183.67,Hyderabad,2026-06-28,Approved,Utilities,RuPay,Utilities,Amazon,NetBanking,Male
C97247,w104538,3067.1,Delhi,2026-05-28,Declined,Dining,RuPay,Fuel,Zomato,UPI,Male
C63765,w104539,11059.04,Chennai,2026-06-06,Declined,Travel,RuPay,Fuel,Swiggy,NetBanking,Female
C66394,w104540,15993.82,Kolkata,2026-05-25,Approved,Fuel,Amex,E-commerce,IRCTC,Credit,Female
C74357,w104541,19598.33,Chennai,2026-05-07,Approved,Utilities,RuPay,E-commerce,Amazon,Credit,Female
C58788,w104542,1860.51,Bengaluru,2026-05-26,Approved,Utilities,Visa,Food,HPCL,UPI,Male
C59302,w104543,3923.5,Delhi,2026-01-10,Approved,Utilities,RuPay,Travel,Zomato,NetBanking,Female
C80650,w104544,6664.6,Kolkata,2026-06-23,Declined,Travel,Amex,E-commerce,Amazon,NetBanking,Female
C73783,w104545,15227.73,Chennai,2026-03-16,Approved,Shopping,Visa,Utilities,Amazon,Credit,Male
C42866,w104546,20641.15,Bengaluru,2026-06-03,Approved,Utilities,Amex,Travel,Reliance,Credit,Male
C11317,w104547,10834.19,Pune,2026-04-03,Approved,Shopping,MasterCard,Fuel,Reliance,NetBanking,Male
C25846,w104548,5572.5,Delhi,2026-02-08,Declined,Utilities,RuPay,Food,Swiggy,UPI,Male
C93854,w104549,8350.07,Vizag,2026-03-22,Declined,Travel,MasterCard,Fuel,HPCL,NetBanking,Male
C65050,w104550,12704.23,Vizag,2026-03-09,Declined,Groceries,RuPay,E-commerce,Zomato,NetBanking,Male
C10898,w104551,8749.48,Mumbai,2026-02-09,Approved,Fuel,Visa,Food,Reliance,Credit,Male
C46177,w104552,7202.68,Vizag,2026-01-13,Approved,Shopping,Amex,E-commerce,IOCL,NetBanking,Male
C35361,w104553,3614.89,Delhi,2026-01-30,Approved,Utilities,MasterCard,Fuel,IOCL,NetBanking,Male
C62973,w104554,16004.58,Vizag,2026-05-03,Approved,Utilities,Amex,Retail,DMart,UPI,Female
C18461,w104555,11689.88,Hyderabad,2026-02-06,Declined,Fuel,Amex,Retail,Amazon,NetBanking,Male
C19921,w104556,10245.06,Chennai,2026-02-10,Declined,Shopping,Visa,Utilities,Zomato,UPI,Female
C84418,w104557,24497.04,Kolkata,2026-04-22,Approved,Fuel,Visa,E-commerce,IOCL,NetBanking,Female
C50649,w104558,22602.34,Chennai,2026-06-10,Approved,Utilities,Visa,Fuel,IOCL,NetBanking,Female
C15880,w104559,1628.88,Vizag,2026-01-20,Approved,Dining,Amex,Retail,Zomato,Credit,Male
C38694,w104560,1423.72,Chennai,2026-02-10,Declined,Utilities,RuPay,Utilities,IRCTC,UPI,Female
C45261,w104561,7408.4,Hyderabad,2026-04-04,Approved,Fuel,RuPay,Utilities,IRCTC,UPI,Male
C72566,w104562,9302.78,Pune,2026-03-27,Approved,Utilities,Amex,E-commerce,HPCL,UPI,Female
C34537,w104563,24608.77,Delhi,2026-06-26,Declined,Fuel,Visa,Retail,Amazon,NetBanking,Male
C97948,w104564,11262.49,Pune,2026-05-19,Declined,Fuel,MasterCard,Travel,IOCL,UPI,Male
C70970,w104565,23039.52,Vizag,2026-04-03,Declined,Travel,Visa,Food,Swiggy,NetBanking,Male
C63222,w104566,1577.33,Vizag,2026-06-22,Approved,Travel,MasterCard,Fuel,IRCTC,NetBanking,Female
C31213,w104567,7838.48,Mumbai,2026-06-15,Declined,Travel,MasterCard,Travel,DMart,Credit,Male
C97396,w104568,3657.45,Hyderabad,2026-03-19,Approved,Groceries,RuPay,Travel,HPCL,UPI,Female
C62952,w104569,7313.49,Pune,2026-03-21,Approved,Travel,RuPay,Travel,Swiggy,UPI,Male
C21891,w104570,6210.52,Vizag,2026-01-22,Approved,Utilities,Amex,Travel,DMart,NetBanking,Male
C95836,w104571,16580.35,Kolkata,2026-04-17,Declined,Utilities,Visa,Utilities,DMart,UPI,Female
C44663,w104572,13986.53,Chennai,2026-01-10,Approved,Fuel,RuPay,Fuel,Swiggy,NetBanking,Male
C59616,w104573,3959.53,Delhi,2026-06-19,Declined,Dining,RuPay,E-commerce,IOCL,NetBanking,Male
C47114,w104574,20648.23,Pune,2026-02-26,Approved,Dining,Amex,Retail,IOCL,NetBanking,Female
C13069,w104575,22793.72,Mumbai,2026-05-23,Approved,Dining,Visa,Food,DMart,Credit,Female
C82288,w104576,18831.84,Kolkata,2026-05-21,Declined,Travel,RuPay,Travel,IRCTC,UPI,Male
C60743,w104577,15630.83,Delhi,2026-02-09,Declined,Groceries,Visa,Fuel,IOCL,UPI,Male
C29018,w104578,15997.67,Kolkata,2026-06-27,Approved,Groceries,MasterCard,Travel,Zomato,NetBanking,Female
C82697,w104579,2787.63,Bengaluru,2026-02-26,Approved,Dining,RuPay,Travel,IOCL,Credit,Male
C30831,w104580,20430.42,Delhi,2026-03-25,Approved,Shopping,Amex,Utilities,Zomato,UPI,Male
C14326,w104581,5521.24,Chennai,2026-01-16,Approved,Dining,Visa,E-commerce,HPCL,UPI,Female
C79548,w104582,13272.03,Pune,2026-06-05,Approved,Fuel,Visa,Fuel,DMart,UPI,Female
C93457,w104583,2669.19,Bengaluru,2026-02-21,Declined,Shopping,MasterCard,Fuel,Swiggy,NetBanking,Female
C60791,w104584,12092.41,Bengaluru,2026-03-11,Approved,Dining,RuPay,Utilities,Amazon,Credit,Male
C97750,w104585,16344.88,Bengaluru,2026-05-16,Declined,Travel,MasterCard,Travel,HPCL,Credit,Male
C36171,w104586,15980.95,Delhi,2026-06-16,Approved,Shopping,Visa,Utilities,Amazon,UPI,Female
C82185,w104587,19012.22,Chennai,2026-04-13,Declined,Utilities,RuPay,Travel,Swiggy,NetBanking,Female
C73010,w104588,24062.27,Kolkata,2026-03-16,Declined,Travel,RuPay,Food,DMart,Credit,Female
C98254,w104589,3511.56,Mumbai,2026-03-24,Approved,Shopping,Amex,E-commerce,DMart,Credit,Male
C97119,w104590,19359.63,Delhi,2026-02-27,Approved,Shopping,RuPay,Food,Amazon,Credit,Female
C57738,w104591,22624.11,Pune,2026-04-01,Approved,Shopping,Amex,Retail,Reliance,NetBanking,Female
C76084,w104592,5620.04,Vizag,2026-06-09,Approved,Fuel,Visa,E-commerce,IRCTC,UPI,Female
C31263,w104593,4474.16,Bengaluru,2026-01-19,Approved,Utilities,RuPay,Travel,Swiggy,UPI,Male
C88092,w104594,6250.43,Pune,2026-04-18,Approved,Fuel,RuPay,Travel,Zomato,Credit,Female
C68868,w104595,17692.2,Chennai,2026-02-03,Approved,Groceries,Amex,Fuel,Reliance,NetBanking,Female
C14844,w104596,3657.2,Pune,2026-01-01,Approved,Dining,Amex,E-commerce,Zomato,Credit,Female
C64761,w104597,2685.15,Chennai,2026-01-01,Approved,Shopping,MasterCard,Food,Amazon,Credit,Male
C50526,w104598,14667.89,Delhi,2026-03-20,Approved,Groceries,Visa,E-commerce,DMart,NetBanking,Male
C40791,w104599,5617.54,Pune,2026-04-09,Declined,Groceries,Visa,Utilities,Swiggy,UPI,Male
C62618,w104600,972.93,Hyderabad,2026-03-01,Declined,Shopping,Visa,Retail,HPCL,NetBanking,Male
C73872,w104601,237.09,Pune,2026-05-11,Declined,Travel,Amex,Fuel,IRCTC,Credit,Female
C21086,w104602,22880.74,Hyderabad,2026-02-02,Approved,Fuel,MasterCard,E-commerce,IOCL,UPI,Female
C68314,w104603,22775.23,Pune,2026-05-16,Approved,Groceries,MasterCard,Retail,HPCL,Credit,Female
C80500,w104604,2296.42,Chennai,2026-04-11,Declined,Fuel,Visa,Fuel,Reliance,UPI,Male
C53206,w104605,15502.11,Delhi,2026-05-16,Declined,Utilities,RuPay,E-commerce,DMart,UPI,Female
C64389,w104606,10249.01,Mumbai,2026-02-09,Approved,Shopping,RuPay,Retail,IRCTC,UPI,Female
C75351,w104607,21928.63,Kolkata,2026-02-28,Declined,Groceries,RuPay,E-commerce,Swiggy,Credit,Female
C41703,w104608,11206.8,Chennai,2026-03-08,Declined,Shopping,Visa,E-commerce,Zomato,NetBanking,Female
C25815,w104609,14742.39,Vizag,2026-05-12,Approved,Dining,MasterCard,Utilities,IOCL,NetBanking,Female
C96751,w104610,12772.24,Kolkata,2026-06-05,Declined,Travel,Visa,Fuel,Zomato,Credit,Female
C40159,w104611,549.4,Chennai,2026-01-18,Approved,Groceries,RuPay,Travel,Swiggy,NetBanking,Female
C53121,w104612,18504.49,Pune,2026-04-13,Declined,Fuel,MasterCard,Food,Reliance,NetBanking,Male
C76045,w104613,18028.42,Mumbai,2026-01-02,Declined,Groceries,MasterCard,Fuel,Swiggy,NetBanking,Male
C87351,w104614,13192.22,Kolkata,2026-03-26,Approved,Travel,Visa,Fuel,IOCL,Credit,Male
C59960,w104615,22204.28,Hyderabad,2026-03-06,Approved,Dining,RuPay,Travel,IRCTC,Credit,Female
C20452,w104616,7917.08,Chennai,2026-05-23,Declined,Utilities,RuPay,Fuel,Amazon,NetBanking,Male
C94921,w104617,4118.69,Pune,2026-03-08,Declined,Groceries,MasterCard,Food,HPCL,UPI,Male
C21183,w104618,14354.72,Kolkata,2026-01-29,Approved,Utilities,Visa,Fuel,Reliance,NetBanking,Female
C45427,w104619,4033.01,Mumbai,2026-02-01,Declined,Shopping,MasterCard,Utilities,Amazon,UPI,Male
C69762,w104620,23810.0,Kolkata,2026-06-19,Approved,Groceries,RuPay,Utilities,Zomato,UPI,Female
C23809,w104621,10760.79,Kolkata,2026-06-09,Approved,Shopping,Visa,Utilities,Amazon,NetBanking,Male
C86912,w104622,4714.05,Hyderabad,2026-05-12,Approved,Shopping,RuPay,Retail,Zomato,NetBanking,Male
C11306,w104623,16437.16,Pune,2026-04-11,Declined,Travel,Amex,Retail,Reliance,NetBanking,Female
C17955,w104624,22397.48,Delhi,2026-02-20,Declined,Fuel,Visa,Utilities,Swiggy,UPI,Female
C18711,w104625,1559.22,Hyderabad,2026-03-24,Declined,Utilities,Amex,Travel,Swiggy,NetBanking,Female
C31450,w104626,6593.27,Kolkata,2026-06-25,Approved,Groceries,RuPay,Retail,Reliance,NetBanking,Female
C45790,w104627,24501.78,Chennai,2026-01-27,Declined,Shopping,RuPay,Utilities,Zomato,Credit,Female
C76067,w104628,15213.28,Kolkata,2026-02-26,Declined,Travel,MasterCard,Fuel,HPCL,NetBanking,Female
C24599,w104629,3958.04,Mumbai,2026-03-25,Declined,Utilities,Amex,Fuel,IOCL,NetBanking,Female
C18911,w104630,19934.21,Pune,2026-04-04,Approved,Fuel,RuPay,Food,Amazon,UPI,Male
C86934,w104631,19044.15,Vizag,2026-03-15,Approved,Groceries,Visa,E-commerce,HPCL,NetBanking,Male
C77856,w104632,1862.03,Vizag,2026-01-01,Declined,Travel,MasterCard,Utilities,Swiggy,Credit,Male
C94895,w104633,21654.91,Delhi,2026-05-31,Declined,Travel,RuPay,Food,Amazon,Credit,Female
C24023,w104634,16415.01,Kolkata,2026-04-06,Declined,Fuel,RuPay,Utilities,DMart,Credit,Male
C72622,w104635,12258.56,Delhi,2026-04-24,Declined,Fuel,RuPay,E-commerce,IRCTC,UPI,Male
C92785,w104636,3482.06,Pune,2026-05-28,Declined,Travel,Visa,Retail,Reliance,UPI,Female
C56778,w104637,21485.84,Bengaluru,2026-02-04,Approved,Dining,Amex,Travel,Amazon,NetBanking,Female
C78732,w104638,19001.2,Mumbai,2026-03-28,Declined,Utilities,Amex,Food,Swiggy,Credit,Female
C37574,w104639,8829.26,Mumbai,2026-02-07,Approved,Shopping,RuPay,Retail,Amazon,NetBanking,Female
C48470,w104640,17348.04,Kolkata,2026-03-08,Approved,Fuel,RuPay,Utilities,IOCL,Credit,Female
C80386,w104641,11710.39,Vizag,2026-04-24,Declined,Fuel,RuPay,Food,Amazon,NetBanking,Male
C13497,w104642,6864.48,Hyderabad,2026-06-06,Declined,Fuel,Visa,Utilities,Zomato,UPI,Male
C91279,w104643,2061.09,Delhi,2026-06-15,Approved,Travel,RuPay,Retail,Amazon,Credit,Female
C15275,w104644,13484.0,Mumbai,2026-03-29,Approved,Groceries,Visa,Fuel,Reliance,UPI,Female
C73280,w104645,4341.75,Vizag,2026-01-10,Declined,Fuel,MasterCard,Fuel,DMart,UPI,Female
C91907,w104646,13922.67,Bengaluru,2026-03-30,Approved,Fuel,Amex,Travel,Swiggy,NetBanking,Male
C23370,w104647,24007.72,Vizag,2026-04-27,Declined,Travel,RuPay,Travel,Swiggy,NetBanking,Male
C41221,w104648,13772.72,Delhi,2026-04-15,Declined,Groceries,MasterCard,Retail,Swiggy,NetBanking,Female
C46525,w104649,8140.35,Chennai,2026-06-02,Approved,Utilities,Amex,E-commerce,IRCTC,UPI,Female
C18259,w104650,15503.4,Kolkata,2026-01-04,Declined,Groceries,Visa,Utilities,Amazon,UPI,Male
C41136,w104651,24846.68,Hyderabad,2026-04-03,Approved,Shopping,Amex,Utilities,IOCL,NetBanking,Male
C31723,w104652,19567.6,Kolkata,2026-02-28,Declined,Dining,MasterCard,Utilities,Reliance,Credit,Female
C32215,w104653,2954.24,Kolkata,2026-02-08,Approved,Utilities,Amex,Food,IOCL,UPI,Female
C43179,w104654,15334.07,Bengaluru,2026-03-04,Declined,Groceries,RuPay,Food,HPCL,UPI,Male
C57973,w104655,4248.82,Pune,2026-05-12,Approved,Dining,Amex,E-commerce,HPCL,UPI,Female
C17608,w104656,11678.34,Kolkata,2026-03-26,Declined,Dining,MasterCard,Travel,IOCL,Credit,Male
C61000,w104657,3366.06,Vizag,2026-06-16,Approved,Dining,Amex,E-commerce,Zomato,NetBanking,Female
C87865,w104658,19861.35,Pune,2026-04-03,Declined,Dining,MasterCard,Retail,Amazon,NetBanking,Male
C80772,w104659,22970.59,Chennai,2026-04-20,Declined,Dining,Visa,Travel,IRCTC,NetBanking,Male
C12957,w104660,2196.86,Hyderabad,2026-05-07,Approved,Shopping,Amex,Travel,Swiggy,NetBanking,Male
C34480,w104661,1881.25,Delhi,2026-01-14,Approved,Shopping,Visa,Fuel,Reliance,Credit,Male
C45248,w104662,4428.83,Mumbai,2026-06-15,Declined,Shopping,Visa,Retail,IOCL,Credit,Female
C36901,w104663,16761.87,Delhi,2026-05-26,Declined,Shopping,RuPay,Food,HPCL,Credit,Female
C44585,w104664,16886.97,Hyderabad,2026-05-16,Approved,Shopping,RuPay,E-commerce,IRCTC,Credit,Male
C67445,w104665,16206.57,Mumbai,2026-01-28,Declined,Dining,RuPay,E-commerce,IRCTC,Credit,Female
C43408,w104666,18258.81,Kolkata,2026-06-22,Approved,Shopping,MasterCard,E-commerce,Reliance,NetBanking,Female
C30225,w104667,12197.37,Vizag,2026-06-23,Declined,Shopping,Visa,Fuel,Zomato,Credit,Male
C21616,w104668,15433.43,Hyderabad,2026-06-12,Approved,Travel,MasterCard,Fuel,Amazon,UPI,Male
C62991,w104669,14949.77,Kolkata,2026-01-12,Declined,Shopping,Visa,Food,IOCL,Credit,Female
C31919,w104670,2319.73,Mumbai,2026-06-01,Declined,Shopping,RuPay,Travel,Reliance,UPI,Female
C95748,w104671,12410.04,Hyderabad,2026-04-30,Declined,Dining,Visa,Utilities,HPCL,Credit,Female
C77458,w104672,9370.3,Bengaluru,2026-03-20,Declined,Utilities,RuPay,E-commerce,Reliance,Credit,Female
C27212,w104673,14049.99,Kolkata,2026-04-13,Declined,Utilities,RuPay,E-commerce,Reliance,Credit,Female
C91720,w104674,9226.53,Bengaluru,2026-04-09,Declined,Groceries,Visa,Food,IRCTC,NetBanking,Male
C35073,w104675,837.53,Delhi,2026-02-09,Declined,Shopping,Amex,Retail,IOCL,UPI,Male
C94726,w104676,17221.63,Kolkata,2026-03-10,Declined,Groceries,MasterCard,Utilities,DMart,UPI,Male
C99445,w104677,22630.99,Chennai,2026-05-13,Declined,Fuel,Visa,Travel,IOCL,NetBanking,Male
C26121,w104678,17746.62,Pune,2026-06-15,Declined,Fuel,Amex,E-commerce,Swiggy,UPI,Male
C82555,w104679,23904.49,Chennai,2026-01-30,Approved,Groceries,RuPay,Utilities,DMart,UPI,Female
C94570,w104680,16644.59,Hyderabad,2026-01-14,Approved,Fuel,RuPay,Utilities,Amazon,UPI,Female
C37010,w104681,9915.56,Bengaluru,2026-02-06,Declined,Groceries,MasterCard,E-commerce,IOCL,Credit,Female
C54155,w104682,24768.68,Vizag,2026-03-06,Declined,Fuel,MasterCard,Food,HPCL,NetBanking,Female
C13029,w104683,1821.97,Vizag,2026-04-16,Approved,Dining,MasterCard,Utilities,HPCL,NetBanking,Male
C49856,w104684,6265.18,Pune,2026-05-18,Approved,Fuel,MasterCard,Retail,Amazon,NetBanking,Female
C37129,w104685,2813.39,Bengaluru,2026-05-01,Declined,Dining,Visa,E-commerce,HPCL,NetBanking,Male
C51374,w104686,13658.15,Pune,2026-01-09,Approved,Groceries,Visa,Utilities,DMart,UPI,Male
C87022,w104687,19513.38,Bengaluru,2026-03-08,Declined,Dining,Amex,Food,IRCTC,NetBanking,Male
C65579,w104688,12823.41,Chennai,2026-04-14,Declined,Dining,RuPay,E-commerce,DMart,NetBanking,Male
C10834,w104689,13862.21,Pune,2026-01-23,Declined,Travel,Visa,E-commerce,Swiggy,Credit,Female
C20446,w104690,4042.19,Vizag,2026-03-17,Approved,Travel,MasterCard,Retail,DMart,Credit,Male
C97301,w104691,1088.56,Delhi,2026-02-21,Approved,Groceries,Amex,Food,Amazon,UPI,Female
C34598,w104692,22031.8,Kolkata,2026-03-09,Declined,Travel,Amex,Food,IOCL,NetBanking,Male
C63126,w104693,481.97,Mumbai,2026-06-17,Approved,Travel,RuPay,Travel,DMart,Credit,Male
C98515,w104694,11879.24,Mumbai,2026-06-08,Approved,Travel,MasterCard,Retail,DMart,NetBanking,Female
C11117,w104695,13418.16,Hyderabad,2026-01-13,Declined,Travel,Amex,Retail,Zomato,Credit,Male
C74098,w104696,11893.5,Mumbai,2026-02-14,Approved,Utilities,Amex,Utilities,Reliance,UPI,Female
C21527,w104697,14403.9,Delhi,2026-06-25,Approved,Groceries,MasterCard,Travel,Swiggy,Credit,Male
C22513,w104698,22504.55,Mumbai,2026-04-12,Declined,Shopping,RuPay,Fuel,Zomato,NetBanking,Female
C56835,w104699,6139.19,Delhi,2026-06-14,Approved,Utilities,Visa,Food,HPCL,NetBanking,Female
C26596,w104700,19820.98,Pune,2026-02-20,Approved,Fuel,Amex,Travel,IOCL,NetBanking,Female
C14335,w104701,1975.03,Hyderabad,2026-03-13,Declined,Utilities,Visa,Travel,IRCTC,UPI,Female
C11440,w104702,6347.58,Vizag,2026-01-03,Approved,Shopping,Amex,Retail,Reliance,Credit,Male
C56263,w104703,7642.24,Mumbai,2026-03-27,Approved,Dining,MasterCard,Utilities,IOCL,UPI,Male
C51713,w104704,14520.72,Delhi,2026-06-18,Approved,Shopping,RuPay,Utilities,Reliance,Credit,Male
C47034,w104705,935.77,Kolkata,2026-06-01,Declined,Travel,MasterCard,Retail,Amazon,NetBanking,Female
C39215,w104706,1914.29,Bengaluru,2026-01-30,Approved,Fuel,Visa,E-commerce,IRCTC,NetBanking,Female
C15721,w104707,10935.05,Hyderabad,2026-03-07,Declined,Dining,MasterCard,Retail,DMart,Credit,Male
C64674,w104708,19545.99,Pune,2026-01-07,Declined,Travel,MasterCard,Fuel,Reliance,NetBanking,Female
C97774,w104709,22878.17,Bengaluru,2026-05-05,Approved,Travel,Visa,Fuel,DMart,UPI,Female
C55494,w104710,8925.33,Hyderabad,2026-02-04,Approved,Utilities,MasterCard,Fuel,Swiggy,NetBanking,Male
C94474,w104711,9647.24,Bengaluru,2026-03-23,Approved,Travel,Visa,Travel,Swiggy,UPI,Male
C54015,w104712,6054.58,Hyderabad,2026-03-24,Approved,Shopping,MasterCard,Fuel,DMart,UPI,Female
C59638,w104713,2244.84,Delhi,2026-05-31,Declined,Groceries,RuPay,Utilities,IOCL,Credit,Female
C50331,w104714,8046.7,Mumbai,2026-05-13,Declined,Groceries,RuPay,Retail,IOCL,UPI,Male
C19095,w104715,9274.33,Vizag,2026-02-09,Declined,Groceries,Amex,Utilities,Amazon,Credit,Male
C32790,w104716,6180.72,Mumbai,2026-01-16,Approved,Groceries,Visa,Travel,DMart,Credit,Female
C36517,w104717,9780.06,Bengaluru,2026-02-26,Declined,Fuel,Visa,Retail,IRCTC,Credit,Male
C96026,w104718,19576.25,Kolkata,2026-06-29,Approved,Travel,MasterCard,Fuel,Swiggy,NetBanking,Female
C30810,w104719,21605.74,Hyderabad,2026-03-15,Approved,Shopping,MasterCard,Retail,Amazon,NetBanking,Female
C87557,w104720,7846.6,Delhi,2026-04-12,Approved,Dining,RuPay,Retail,IRCTC,UPI,Male
C19261,w104721,23162.6,Hyderabad,2026-03-23,Declined,Travel,RuPay,Fuel,Amazon,Credit,Male
C77684,w104722,24262.73,Pune,2026-03-20,Declined,Shopping,Amex,E-commerce,Amazon,NetBanking,Female
C69329,w104723,16193.14,Chennai,2026-02-01,Declined,Groceries,Amex,Utilities,DMart,NetBanking,Female
C43285,w104724,874.58,Bengaluru,2026-04-25,Declined,Dining,Amex,Food,Zomato,Credit,Male
C37834,w104725,3248.73,Hyderabad,2026-06-24,Declined,Fuel,MasterCard,Food,Zomato,UPI,Male
C58668,w104726,19249.66,Hyderabad,2026-05-03,Approved,Travel,RuPay,Fuel,Amazon,UPI,Male
C33273,w104727,22511.87,Bengaluru,2026-05-15,Declined,Shopping,Visa,Utilities,HPCL,Credit,Female
C44566,w104728,14019.83,Chennai,2026-01-23,Approved,Utilities,RuPay,Fuel,Zomato,UPI,Male
C31302,w104729,5388.91,Chennai,2026-01-25,Declined,Shopping,RuPay,Retail,HPCL,NetBanking,Male
C72664,w104730,3106.03,Delhi,2026-06-03,Declined,Utilities,MasterCard,Retail,Swiggy,NetBanking,Male
C75144,w104731,11088.68,Bengaluru,2026-01-02,Approved,Fuel,RuPay,Fuel,Amazon,UPI,Male
C40404,w104732,1796.42,Chennai,2026-01-07,Declined,Groceries,RuPay,Food,Swiggy,UPI,Male
C82491,w104733,18225.52,Delhi,2026-05-10,Declined,Travel,Visa,Food,Zomato,Credit,Female
C65963,w104734,22874.05,Delhi,2026-02-25,Declined,Shopping,Amex,Retail,IOCL,Credit,Male
C33365,w104735,9503.22,Pune,2026-03-09,Approved,Dining,Visa,Travel,DMart,UPI,Male
C18694,w104736,7954.18,Hyderabad,2026-05-08,Approved,Fuel,RuPay,Travel,DMart,Credit,Male
C58653,w104737,650.36,Pune,2026-04-14,Declined,Dining,Visa,Food,IOCL,Credit,Female
C69119,w104738,11748.09,Chennai,2026-03-12,Approved,Dining,RuPay,Fuel,DMart,NetBanking,Female
C98880,w104739,4319.98,Vizag,2026-06-12,Declined,Dining,MasterCard,Food,Reliance,UPI,Female
C80018,w104740,11319.9,Hyderabad,2026-02-23,Approved,Fuel,Visa,Travel,HPCL,NetBanking,Male
C29740,w104741,7659.06,Chennai,2026-06-03,Declined,Utilities,MasterCard,Fuel,DMart,UPI,Male
C37006,w104742,3125.84,Chennai,2026-05-09,Declined,Groceries,Visa,Travel,Zomato,NetBanking,Female
C28790,w104743,2515.11,Kolkata,2026-01-26,Approved,Travel,RuPay,Food,DMart,Credit,Male
C84739,w104744,6496.52,Pune,2026-06-17,Declined,Travel,MasterCard,Food,DMart,UPI,Male
C27654,w104745,21285.65,Hyderabad,2026-03-21,Declined,Travel,Visa,Fuel,IRCTC,Credit,Female
C98489,w104746,17485.95,Chennai,2026-06-09,Approved,Dining,Visa,Travel,IOCL,UPI,Female
C11443,w104747,21777.44,Mumbai,2026-04-07,Approved,Dining,MasterCard,Utilities,IRCTC,Credit,Male
C33399,w104748,17537.0,Mumbai,2026-06-17,Approved,Utilities,RuPay,Retail,Zomato,Credit,Male
C98719,w104749,18372.83,Hyderabad,2026-01-29,Declined,Shopping,Visa,Utilities,Reliance,NetBanking,Male
C21355,w104750,15637.41,Pune,2026-06-25,Declined,Fuel,RuPay,E-commerce,Zomato,Credit,Female
C40761,w104751,12368.34,Pune,2026-03-01,Declined,Utilities,RuPay,Fuel,Swiggy,Credit,Female
C71160,w104752,5667.45,Delhi,2026-04-04,Declined,Dining,MasterCard,Travel,IRCTC,NetBanking,Male
C34871,w104753,5296.22,Mumbai,2026-05-22,Approved,Travel,MasterCard,Retail,Swiggy,Credit,Female
C26967,w104754,9497.61,Pune,2026-03-13,Approved,Travel,MasterCard,Travel,Swiggy,NetBanking,Male
C71383,w104755,720.65,Chennai,2026-01-28,Declined,Dining,Visa,Food,HPCL,Credit,Male
C99088,w104756,20133.99,Bengaluru,2026-05-25,Approved,Shopping,Amex,Utilities,HPCL,Credit,Female
C77935,w104757,5297.97,Bengaluru,2026-06-19,Declined,Groceries,RuPay,Food,DMart,UPI,Male
C44371,w104758,2071.24,Kolkata,2026-02-23,Approved,Dining,Visa,Utilities,IRCTC,NetBanking,Female
C78944,w104759,5095.82,Vizag,2026-02-10,Approved,Dining,Amex,Travel,Swiggy,UPI,Male
C40361,w104760,24755.82,Pune,2026-06-27,Approved,Travel,MasterCard,Travel,Zomato,UPI,Male
C28226,w104761,17640.75,Delhi,2026-02-09,Declined,Dining,RuPay,Travel,IRCTC,NetBanking,Male
C71745,w104762,1009.11,Vizag,2026-02-18,Approved,Groceries,Visa,Fuel,Amazon,NetBanking,Male
C74891,w104763,18283.96,Vizag,2026-05-10,Approved,Fuel,Visa,Utilities,Reliance,UPI,Female
C16037,w104764,8252.64,Pune,2026-04-07,Approved,Utilities,RuPay,Food,Swiggy,Credit,Female
C60468,w104765,12717.2,Hyderabad,2026-05-25,Approved,Utilities,Amex,Retail,IRCTC,NetBanking,Male
C93438,w104766,22450.23,Delhi,2026-03-13,Declined,Shopping,Amex,E-commerce,Swiggy,UPI,Female
C29908,w104767,15107.79,Pune,2026-02-08,Approved,Fuel,MasterCard,Fuel,IOCL,Credit,Female
C39944,w104768,20708.15,Vizag,2026-01-28,Approved,Groceries,Visa,Utilities,Zomato,NetBanking,Male
C65620,w104769,6696.19,Vizag,2026-05-23,Declined,Utilities,MasterCard,Travel,HPCL,NetBanking,Female
C44346,w104770,3355.0,Vizag,2026-05-26,Declined,Utilities,RuPay,E-commerce,Zomato,NetBanking,Male
C31314,w104771,8517.62,Pune,2026-03-21,Approved,Shopping,RuPay,Food,Reliance,UPI,Male
C58678,w104772,18844.07,Pune,2026-03-13,Approved,Fuel,RuPay,Retail,Amazon,NetBanking,Female
C36848,w104773,979.5,Pune,2026-06-23,Approved,Fuel,RuPay,Food,IOCL,NetBanking,Female
C91530,w104774,16438.87,Bengaluru,2026-04-05,Approved,Shopping,MasterCard,Utilities,HPCL,UPI,Female
C21043,w104775,22356.55,Vizag,2026-03-29,Declined,Dining,Visa,E-commerce,Amazon,Credit,Male
C25236,w104776,2672.2,Delhi,2026-06-04,Declined,Utilities,RuPay,Fuel,DMart,NetBanking,Male
C27216,w104777,22325.09,Kolkata,2026-06-30,Approved,Groceries,Visa,Retail,IRCTC,UPI,Female
C75088,w104778,4886.96,Delhi,2026-03-17,Approved,Travel,Amex,E-commerce,Zomato,UPI,Female
C27240,w104779,19117.26,Pune,2026-06-20,Approved,Fuel,Visa,Utilities,IRCTC,NetBanking,Male
C11425,w104780,3367.12,Kolkata,2026-03-24,Approved,Groceries,Visa,Travel,DMart,UPI,Male
C72928,w104781,1413.38,Chennai,2026-01-28,Approved,Utilities,Visa,E-commerce,Reliance,Credit,Male
C59656,w104782,14034.48,Bengaluru,2026-04-08,Declined,Utilities,RuPay,Utilities,IOCL,UPI,Male
C81225,w104783,7513.94,Mumbai,2026-01-26,Declined,Dining,MasterCard,Travel,Reliance,UPI,Female
C33716,w104784,18870.83,Bengaluru,2026-01-19,Declined,Fuel,RuPay,Utilities,Swiggy,Credit,Male
C23226,w104785,16713.73,Vizag,2026-01-03,Approved,Fuel,Visa,Utilities,Zomato,UPI,Female
C47733,w104786,21668.59,Pune,2026-05-05,Declined,Travel,RuPay,Fuel,Zomato,Credit,Female
C75030,w104787,9223.83,Kolkata,2026-06-01,Declined,Dining,MasterCard,Utilities,DMart,NetBanking,Male
C54016,w104788,9423.09,Bengaluru,2026-02-19,Declined,Groceries,MasterCard,Food,IOCL,NetBanking,Male
C96676,w104789,23677.98,Pune,2026-02-04,Approved,Travel,RuPay,Utilities,Reliance,UPI,Female
C95589,w104790,11071.2,Chennai,2026-05-18,Declined,Dining,Amex,Retail,Reliance,UPI,Female
C44964,w104791,1764.03,Hyderabad,2026-01-13,Approved,Fuel,Visa,Fuel,HPCL,UPI,Male
C20833,w104792,13049.55,Mumbai,2026-01-27,Declined,Utilities,Amex,E-commerce,IOCL,Credit,Male
C66874,w104793,2682.46,Mumbai,2026-03-25,Declined,Utilities,MasterCard,E-commerce,Amazon,NetBanking,Male
C96219,w104794,9666.84,Vizag,2026-06-16,Approved,Utilities,Amex,Travel,IOCL,NetBanking,Female
C32365,w104795,456.96,Mumbai,2026-04-25,Approved,Utilities,Amex,Travel,Amazon,NetBanking,Male
C85046,w104796,6776.67,Kolkata,2026-01-26,Declined,Travel,Amex,Travel,HPCL,UPI,Female
C25241,w104797,19919.2,Chennai,2026-04-22,Declined,Groceries,MasterCard,E-commerce,IRCTC,Credit,Female
C56867,w104798,5732.78,Hyderabad,2026-01-28,Approved,Utilities,Visa,Retail,Swiggy,NetBanking,Male
C60138,w104799,11396.22,Hyderabad,2026-05-14,Approved,Fuel,RuPay,E-commerce,Amazon,NetBanking,Female
C25357,w104800,20495.5,Bengaluru,2026-06-24,Approved,Utilities,MasterCard,Retail,DMart,Credit,Female
C83813,w104801,7893.5,Kolkata,2026-01-10,Approved,Shopping,Amex,Fuel,Zomato,UPI,Male
C55384,w104802,14129.06,Mumbai,2026-04-18,Declined,Groceries,MasterCard,Fuel,IRCTC,NetBanking,Male
C14645,w104803,12063.0,Pune,2026-06-20,Approved,Fuel,Amex,Utilities,Zomato,UPI,Male
C31658,w104804,22381.9,Bengaluru,2026-02-09,Approved,Utilities,RuPay,E-commerce,Amazon,UPI,Female
C24820,w104805,16016.82,Bengaluru,2026-06-12,Declined,Utilities,RuPay,Utilities,HPCL,NetBanking,Female
C50912,w104806,22364.3,Bengaluru,2026-06-22,Approved,Fuel,RuPay,Fuel,IRCTC,NetBanking,Female
C92409,w104807,2895.66,Mumbai,2026-02-15,Declined,Dining,MasterCard,Travel,HPCL,UPI,Female
C17740,w104808,19576.84,Hyderabad,2026-06-20,Declined,Shopping,MasterCard,Retail,Zomato,UPI,Male
C68157,w104809,12538.51,Mumbai,2026-03-29,Declined,Shopping,RuPay,Travel,Reliance,Credit,Female
C77492,w104810,22632.78,Bengaluru,2026-05-24,Declined,Travel,Visa,E-commerce,IOCL,NetBanking,Male
C92017,w104811,11631.32,Vizag,2026-04-12,Approved,Shopping,RuPay,Travel,Swiggy,UPI,Female
C20700,w104812,21963.82,Pune,2026-06-14,Declined,Groceries,Visa,Utilities,IRCTC,UPI,Female
C99227,w104813,19679.07,Chennai,2026-03-15,Declined,Dining,RuPay,Travel,HPCL,UPI,Female
C96728,w104814,9857.81,Vizag,2026-05-18,Declined,Fuel,RuPay,Travel,HPCL,UPI,Male
C47617,w104815,802.05,Delhi,2026-02-18,Approved,Shopping,Visa,Retail,DMart,Credit,Female
C10499,w104816,19373.5,Chennai,2026-03-26,Approved,Groceries,MasterCard,Retail,Swiggy,Credit,Male
C71253,w104817,11924.45,Chennai,2026-04-23,Approved,Shopping,RuPay,Fuel,HPCL,UPI,Female
C61709,w104818,18612.61,Hyderabad,2026-03-10,Approved,Groceries,Amex,Retail,IOCL,Credit,Male
C38333,w104819,16211.53,Pune,2026-05-23,Approved,Shopping,MasterCard,Utilities,Swiggy,Credit,Male
C77501,w104820,22606.57,Bengaluru,2026-03-27,Approved,Utilities,MasterCard,Travel,HPCL,NetBanking,Male
C85944,w104821,24566.84,Kolkata,2026-04-24,Declined,Utilities,MasterCard,Retail,IRCTC,NetBanking,Female
C50916,w104822,11443.45,Chennai,2026-04-17,Declined,Travel,MasterCard,Utilities,DMart,UPI,Male
C95269,w104823,15723.83,Pune,2026-05-08,Declined,Travel,RuPay,E-commerce,Zomato,UPI,Female
C34665,w104824,13612.98,Bengaluru,2026-02-03,Approved,Dining,MasterCard,Fuel,Zomato,NetBanking,Female
C95421,w104825,17200.56,Kolkata,2026-03-19,Declined,Travel,Visa,Retail,Zomato,NetBanking,Male
C15867,w104826,4403.58,Mumbai,2026-06-14,Approved,Travel,Amex,E-commerce,HPCL,UPI,Male
C45409,w104827,20430.81,Delhi,2026-01-14,Declined,Groceries,Amex,Retail,Swiggy,UPI,Male
C79513,w104828,24844.87,Mumbai,2026-05-11,Declined,Utilities,RuPay,E-commerce,IOCL,NetBanking,Female
C30057,w104829,11724.31,Hyderabad,2026-04-08,Approved,Dining,MasterCard,Utilities,Amazon,UPI,Male
C41479,w104830,9640.86,Pune,2026-06-28,Declined,Utilities,MasterCard,Travel,Amazon,Credit,Female
C76008,w104831,11119.42,Delhi,2026-01-04,Declined,Shopping,MasterCard,E-commerce,HPCL,NetBanking,Male
C99082,w104832,19882.04,Vizag,2026-01-02,Approved,Dining,MasterCard,Retail,Amazon,UPI,Male
C89793,w104833,19970.35,Mumbai,2026-04-08,Approved,Shopping,Visa,Retail,Reliance,NetBanking,Female
C33636,w104834,4855.34,Mumbai,2026-01-22,Declined,Dining,Visa,Retail,IRCTC,NetBanking,Female
C46738,w104835,6581.38,Bengaluru,2026-05-28,Approved,Dining,MasterCard,Fuel,IOCL,UPI,Male
C11396,w104836,9534.9,Kolkata,2026-06-15,Approved,Shopping,MasterCard,Food,IRCTC,UPI,Male
C70300,w104837,8512.88,Pune,2026-04-15,Approved,Dining,Visa,Food,Reliance,UPI,Female
C99028,w104838,14496.63,Pune,2026-04-03,Declined,Utilities,RuPay,E-commerce,Amazon,NetBanking,Male
C22776,w104839,16751.51,Kolkata,2026-02-06,Approved,Fuel,MasterCard,Utilities,HPCL,Credit,Female
C20393,w104840,2336.22,Kolkata,2026-04-08,Approved,Utilities,Visa,Retail,Swiggy,NetBanking,Male
C52819,w104841,9260.2,Chennai,2026-02-05,Approved,Fuel,MasterCard,Utilities,Zomato,UPI,Female
C74359,w104842,22666.93,Vizag,2026-04-25,Declined,Travel,MasterCard,Utilities,Zomato,UPI,Female
C82227,w104843,3355.39,Vizag,2026-04-12,Declined,Utilities,MasterCard,Travel,Swiggy,NetBanking,Female
C47103,w104844,22171.02,Mumbai,2026-06-26,Approved,Dining,MasterCard,Food,IOCL,NetBanking,Female
C92985,w104845,24949.32,Chennai,2026-05-16,Declined,Travel,MasterCard,E-commerce,DMart,NetBanking,Male
C25651,w104846,4259.7,Vizag,2026-06-11,Approved,Dining,Amex,Food,HPCL,UPI,Female
C29727,w104847,7244.03,Kolkata,2026-02-16,Declined,Fuel,MasterCard,Utilities,Zomato,UPI,Female
C88741,w104848,2044.02,Pune,2026-04-02,Declined,Fuel,MasterCard,Travel,Amazon,NetBanking,Female
C17139,w104849,16470.94,Kolkata,2026-01-19,Approved,Shopping,MasterCard,Fuel,Reliance,Credit,Male
C43968,w104850,16210.16,Bengaluru,2026-01-08,Declined,Travel,MasterCard,E-commerce,Zomato,Credit,Male
C51646,w104851,4787.92,Pune,2026-03-22,Approved,Dining,Visa,E-commerce,Reliance,NetBanking,Female
C25056,w104852,3431.78,Chennai,2026-04-30,Declined,Fuel,Amex,Utilities,HPCL,NetBanking,Male
C67315,w104853,1611.4,Mumbai,2026-01-07,Approved,Travel,Visa,Utilities,IRCTC,UPI,Female
C15974,w104854,15953.36,Delhi,2026-05-16,Declined,Travel,MasterCard,Fuel,Swiggy,NetBanking,Female
C81850,w104855,4087.83,Pune,2026-02-12,Declined,Travel,RuPay,Utilities,Swiggy,UPI,Male
C99466,w104856,11795.09,Kolkata,2026-01-28,Declined,Utilities,Visa,Travel,DMart,UPI,Male
C87478,w104857,19908.49,Delhi,2026-01-11,Declined,Fuel,MasterCard,Retail,DMart,NetBanking,Male
C62735,w104858,22836.59,Hyderabad,2026-04-11,Declined,Fuel,MasterCard,Travel,IOCL,Credit,Male
C48242,w104859,13455.18,Bengaluru,2026-01-16,Approved,Shopping,Visa,Food,Zomato,NetBanking,Male
C82361,w104860,14459.91,Pune,2026-02-09,Declined,Shopping,Visa,E-commerce,Reliance,Credit,Female
C96782,w104861,2000.06,Hyderabad,2026-02-22,Approved,Utilities,MasterCard,Travel,Swiggy,Credit,Male
C19773,w104862,15908.96,Delhi,2026-04-11,Declined,Shopping,MasterCard,Fuel,Zomato,Credit,Male
C87664,w104863,22110.2,Mumbai,2026-01-30,Declined,Shopping,MasterCard,E-commerce,Amazon,NetBanking,Male
C68700,w104864,8813.86,Delhi,2026-05-02,Declined,Groceries,MasterCard,Travel,DMart,NetBanking,Female
C55896,w104865,1448.05,Kolkata,2026-06-04,Declined,Travel,RuPay,Travel,DMart,NetBanking,Female
C17353,w104866,14766.42,Hyderabad,2026-01-31,Approved,Fuel,Amex,E-commerce,IOCL,Credit,Male
C28611,w104867,5634.03,Mumbai,2026-02-17,Declined,Dining,Visa,Travel,Zomato,Credit,Male
C57049,w104868,15996.45,Delhi,2026-05-18,Approved,Dining,Visa,Travel,Amazon,Credit,Male
C76478,w104869,21288.64,Chennai,2026-06-18,Approved,Groceries,MasterCard,Retail,HPCL,Credit,Male
C54417,w104870,19720.58,Vizag,2026-03-10,Approved,Dining,Amex,Utilities,Reliance,UPI,Male
C12164,w104871,24689.23,Chennai,2026-04-21,Approved,Utilities,MasterCard,E-commerce,Amazon,Credit,Male
C76036,w104872,18486.14,Chennai,2026-04-04,Approved,Utilities,RuPay,E-commerce,IOCL,Credit,Male
C99205,w104873,24923.88,Chennai,2026-03-29,Approved,Fuel,RuPay,E-commerce,DMart,UPI,Female
C65730,w104874,20240.42,Kolkata,2026-05-02,Declined,Utilities,Visa,Utilities,Swiggy,Credit,Female
C21994,w104875,10706.58,Bengaluru,2026-05-23,Declined,Shopping,Visa,Utilities,IRCTC,UPI,Female
C39351,w104876,3258.66,Pune,2026-01-04,Approved,Travel,MasterCard,Food,IOCL,NetBanking,Female
C63675,w104877,20556.01,Mumbai,2026-03-07,Approved,Shopping,RuPay,Fuel,Amazon,NetBanking,Male
C68035,w104878,7597.66,Delhi,2026-06-10,Approved,Fuel,Amex,E-commerce,Swiggy,UPI,Female
C61157,w104879,6768.4,Bengaluru,2026-02-03,Approved,Dining,RuPay,E-commerce,Reliance,UPI,Female
C86273,w104880,16399.86,Kolkata,2026-02-25,Approved,Dining,RuPay,Retail,Reliance,UPI,Male
C30711,w104881,2609.03,Chennai,2026-05-15,Approved,Shopping,RuPay,E-commerce,IOCL,UPI,Male
C28622,w104882,18590.19,Delhi,2026-03-04,Approved,Shopping,MasterCard,E-commerce,IOCL,Credit,Female
C23804,w104883,3829.39,Chennai,2026-05-23,Approved,Utilities,Amex,Food,IOCL,NetBanking,Male
C59191,w104884,3144.86,Hyderabad,2026-01-03,Approved,Travel,RuPay,Retail,DMart,NetBanking,Female
C55172,w104885,959.71,Delhi,2026-04-20,Approved,Groceries,Visa,Fuel,IOCL,NetBanking,Male
C11857,w104886,14982.85,Kolkata,2026-06-14,Declined,Groceries,RuPay,Travel,IRCTC,Credit,Male
C56252,w104887,11511.75,Mumbai,2026-05-28,Approved,Dining,MasterCard,Retail,Zomato,Credit,Male
C11561,w104888,11515.18,Vizag,2026-02-06,Approved,Dining,MasterCard,Fuel,DMart,NetBanking,Female
C80075,w104889,8349.61,Chennai,2026-06-21,Approved,Shopping,Visa,Retail,Amazon,NetBanking,Male
C73053,w104890,9833.72,Delhi,2026-04-03,Approved,Travel,MasterCard,Travel,Reliance,NetBanking,Male
C17488,w104891,13725.08,Vizag,2026-04-19,Declined,Travel,Amex,Travel,IRCTC,Credit,Male
C93751,w104892,11226.62,Vizag,2026-06-03,Declined,Travel,Visa,Food,Reliance,NetBanking,Female
C83793,w104893,154.05,Bengaluru,2026-06-01,Approved,Shopping,Visa,E-commerce,DMart,Credit,Female
C21433,w104894,1107.5,Mumbai,2026-02-13,Approved,Groceries,MasterCard,Retail,DMart,UPI,Male
C54759,w104895,15998.72,Mumbai,2026-04-09,Declined,Dining,RuPay,Fuel,Zomato,NetBanking,Male
C98425,w104896,14138.44,Hyderabad,2026-06-30,Approved,Groceries,Visa,E-commerce,DMart,UPI,Female
C36514,w104897,10718.94,Vizag,2026-05-14,Approved,Fuel,MasterCard,Utilities,DMart,Credit,Female
C83715,w104898,18650.58,Bengaluru,2026-04-10,Declined,Utilities,Amex,Retail,IOCL,Credit,Male
C76681,w104899,707.36,Pune,2026-01-23,Declined,Fuel,Visa,Utilities,Zomato,NetBanking,Male
C72870,w104900,19799.42,Hyderabad,2026-06-11,Declined,Groceries,Visa,Retail,IRCTC,UPI,Female
C93304,w104901,7196.9,Vizag,2026-01-29,Approved,Groceries,Amex,E-commerce,IRCTC,UPI,Female
C32372,w104902,23538.03,Delhi,2026-03-15,Approved,Utilities,RuPay,Utilities,Zomato,UPI,Female
C86237,w104903,5001.01,Hyderabad,2026-01-21,Declined,Groceries,MasterCard,Travel,Amazon,NetBanking,Male
C77213,w104904,15639.43,Pune,2026-04-21,Declined,Dining,Amex,Retail,Swiggy,UPI,Female
C74854,w104905,21431.45,Chennai,2026-02-15,Declined,Shopping,Visa,Fuel,Reliance,Credit,Female
C33858,w104906,24355.79,Delhi,2026-04-03,Declined,Groceries,Visa,Food,Reliance,NetBanking,Male
C16108,w104907,19262.57,Hyderabad,2026-02-04,Approved,Utilities,Visa,Food,Reliance,UPI,Female
C97275,w104908,11041.84,Chennai,2026-03-20,Approved,Fuel,RuPay,Travel,IOCL,UPI,Male
C48333,w104909,8031.71,Bengaluru,2026-01-05,Declined,Dining,Visa,Utilities,Reliance,UPI,Male
C69999,w104910,22485.84,Delhi,2026-04-19,Declined,Utilities,RuPay,Retail,Swiggy,UPI,Female
C58576,w104911,1322.09,Bengaluru,2026-01-10,Approved,Groceries,MasterCard,E-commerce,IRCTC,UPI,Male
C78254,w104912,18644.55,Delhi,2026-04-09,Declined,Dining,Amex,Food,Amazon,UPI,Male
C20881,w104913,16424.54,Chennai,2026-03-21,Declined,Groceries,Amex,Utilities,IRCTC,NetBanking,Male
C10401,w104914,21098.84,Hyderabad,2026-04-18,Approved,Utilities,Visa,Utilities,DMart,UPI,Female
C26919,w104915,18058.96,Pune,2026-05-21,Approved,Utilities,MasterCard,Retail,Amazon,NetBanking,Male
C19147,w104916,21741.27,Chennai,2026-04-07,Approved,Travel,Visa,Food,IOCL,UPI,Female
C81192,w104917,240.78,Vizag,2026-03-28,Approved,Fuel,RuPay,E-commerce,DMart,NetBanking,Male
C61837,w104918,20169.0,Chennai,2026-05-21,Approved,Groceries,MasterCard,Retail,IRCTC,NetBanking,Male
C92926,w104919,18613.23,Mumbai,2026-02-27,Declined,Shopping,Amex,Fuel,Zomato,UPI,Female
C22261,w104920,21890.69,Delhi,2026-02-25,Approved,Shopping,MasterCard,Fuel,Reliance,NetBanking,Male
C59354,w104921,12095.27,Chennai,2026-03-16,Declined,Utilities,Amex,Utilities,Swiggy,NetBanking,Female
C82633,w104922,24000.15,Hyderabad,2026-04-08,Approved,Groceries,Amex,E-commerce,Zomato,NetBanking,Female
C52607,w104923,2200.31,Hyderabad,2026-06-20,Approved,Shopping,Visa,Travel,DMart,UPI,Male
C95389,w104924,9314.0,Vizag,2026-02-18,Approved,Utilities,MasterCard,Utilities,Zomato,Credit,Male
C35732,w104925,1393.27,Kolkata,2026-02-24,Approved,Fuel,RuPay,Utilities,Reliance,Credit,Female
C44157,w104926,976.82,Delhi,2026-06-01,Declined,Travel,Visa,Utilities,Reliance,Credit,Female
C49343,w104927,9503.31,Bengaluru,2026-03-22,Declined,Shopping,Visa,Fuel,IRCTC,NetBanking,Male
C59151,w104928,23270.83,Chennai,2026-04-12,Declined,Shopping,RuPay,Utilities,DMart,NetBanking,Female
C73713,w104929,6243.79,Mumbai,2026-01-08,Declined,Utilities,RuPay,Retail,Reliance,Credit,Male
C46491,w104930,21189.08,Chennai,2026-01-15,Approved,Fuel,Amex,Utilities,IOCL,UPI,Female
C51007,w104931,2022.61,Vizag,2026-03-28,Declined,Fuel,Visa,Utilities,Amazon,NetBanking,Female
C35181,w104932,24814.47,Chennai,2026-04-19,Approved,Utilities,Amex,Travel,HPCL,UPI,Female
C62725,w104933,10137.21,Bengaluru,2026-05-21,Approved,Dining,MasterCard,Food,IRCTC,UPI,Male
C73715,w104934,15083.78,Chennai,2026-01-24,Declined,Utilities,MasterCard,E-commerce,Zomato,UPI,Female
C77928,w104935,15608.53,Hyderabad,2026-06-01,Approved,Fuel,Amex,Travel,Zomato,Credit,Male
C96134,w104936,7524.2,Pune,2026-02-23,Declined,Shopping,MasterCard,Retail,Swiggy,NetBanking,Male
C85443,w104937,5950.86,Mumbai,2026-01-03,Declined,Fuel,Visa,Utilities,IOCL,UPI,Female
C64645,w104938,20094.17,Bengaluru,2026-02-20,Declined,Shopping,Visa,Fuel,Reliance,Credit,Male
C38277,w104939,17042.64,Mumbai,2026-04-17,Approved,Fuel,Amex,Retail,DMart,UPI,Male
C38888,w104940,9643.88,Kolkata,2026-01-01,Approved,Utilities,RuPay,Retail,Zomato,UPI,Female
C71792,w104941,14782.25,Delhi,2026-02-07,Approved,Groceries,MasterCard,Utilities,Zomato,NetBanking,Female
C43942,w104942,24883.62,Pune,2026-03-20,Declined,Dining,MasterCard,Travel,Zomato,NetBanking,Female
C56273,w104943,22500.17,Hyderabad,2026-05-07,Approved,Shopping,MasterCard,Travel,IOCL,NetBanking,Male
C92354,w104944,6025.04,Mumbai,2026-05-13,Approved,Groceries,MasterCard,Fuel,Zomato,UPI,Male
C57248,w104945,16086.22,Delhi,2026-03-22,Declined,Shopping,RuPay,Retail,DMart,NetBanking,Male
C39022,w104946,17431.81,Delhi,2026-03-20,Approved,Shopping,Amex,Retail,HPCL,UPI,Male
C23076,w104947,17367.31,Pune,2026-01-25,Declined,Dining,RuPay,Utilities,Amazon,NetBanking,Female
C84796,w104948,24465.09,Delhi,2026-05-28,Declined,Dining,Amex,Fuel,DMart,NetBanking,Female
C87728,w104949,12533.16,Delhi,2026-04-09,Approved,Travel,MasterCard,Travel,HPCL,Credit,Male
C59328,w104950,2586.39,Bengaluru,2026-04-03,Approved,Shopping,Visa,Utilities,Swiggy,Credit,Male
C77612,w104951,20481.18,Kolkata,2026-06-29,Approved,Fuel,Amex,Fuel,DMart,Credit,Male
C21973,w104952,12183.31,Hyderabad,2026-03-31,Approved,Fuel,Visa,Retail,IOCL,UPI,Male
C55759,w104953,24690.33,Pune,2026-01-06,Declined,Utilities,Amex,E-commerce,Reliance,Credit,Male
C37193,w104954,4311.02,Delhi,2026-05-24,Approved,Travel,Amex,Utilities,IOCL,NetBanking,Female
C10554,w104955,16930.26,Pune,2026-05-01,Declined,Groceries,Amex,Fuel,Zomato,Credit,Male
C84399,w104956,14990.63,Pune,2026-05-29,Declined,Groceries,Visa,Fuel,IRCTC,UPI,Male
C37814,w104957,12528.22,Mumbai,2026-03-26,Approved,Utilities,Visa,E-commerce,Amazon,Credit,Male
C77321,w104958,16545.71,Bengaluru,2026-01-29,Declined,Travel,RuPay,Utilities,Swiggy,UPI,Male
C11073,w104959,15064.97,Vizag,2026-06-08,Approved,Dining,Amex,Travel,Swiggy,Credit,Female
C98549,w104960,17428.19,Pune,2026-06-11,Approved,Fuel,Amex,Fuel,Swiggy,NetBanking,Female
C68434,w104961,23513.19,Vizag,2026-01-12,Declined,Travel,Visa,Utilities,Swiggy,Credit,Male
C24287,w104962,23128.98,Chennai,2026-03-30,Declined,Shopping,MasterCard,Utilities,Zomato,Credit,Female
C35788,w104963,4769.3,Bengaluru,2026-01-14,Declined,Utilities,Visa,Retail,IOCL,UPI,Male
C75906,w104964,21148.05,Hyderabad,2026-04-09,Approved,Dining,Visa,Retail,DMart,NetBanking,Female
C94831,w104965,24545.85,Chennai,2026-05-16,Approved,Travel,RuPay,Utilities,Zomato,NetBanking,Male
C25092,w104966,17959.03,Bengaluru,2026-05-22,Declined,Travel,RuPay,Travel,DMart,Credit,Female
C85026,w104967,15122.26,Bengaluru,2026-02-21,Approved,Travel,RuPay,Food,HPCL,UPI,Female
C79299,w104968,10597.88,Chennai,2026-02-03,Approved,Groceries,MasterCard,E-commerce,HPCL,NetBanking,Female
C60403,w104969,3949.45,Pune,2026-04-20,Declined,Travel,RuPay,Travel,Reliance,NetBanking,Male
C88914,w104970,3240.28,Mumbai,2026-06-19,Approved,Travel,RuPay,Retail,IOCL,NetBanking,Female
C67166,w104971,19205.0,Delhi,2026-01-09,Approved,Groceries,MasterCard,Food,Swiggy,Credit,Female
C29433,w104972,21109.5,Kolkata,2026-04-09,Declined,Utilities,Visa,Travel,IRCTC,NetBanking,Male
C98759,w104973,10567.0,Chennai,2026-06-14,Approved,Utilities,Amex,Travel,HPCL,Credit,Male
C94631,w104974,464.06,Chennai,2026-05-10,Declined,Groceries,RuPay,Fuel,Swiggy,Credit,Female
C31645,w104975,13646.26,Mumbai,2026-01-19,Approved,Dining,Visa,Travel,Zomato,Credit,Male
C95794,w104976,8142.09,Chennai,2026-03-22,Declined,Dining,RuPay,Fuel,HPCL,NetBanking,Female
C56222,w104977,15531.31,Chennai,2026-05-02,Declined,Dining,MasterCard,Utilities,Zomato,UPI,Male
C24063,w104978,21482.5,Hyderabad,2026-03-30,Approved,Fuel,Visa,Retail,HPCL,UPI,Female
C60145,w104979,1052.82,Hyderabad,2026-02-20,Approved,Travel,Amex,Utilities,Zomato,UPI,Female
C93795,w104980,22703.35,Kolkata,2026-04-14,Declined,Fuel,MasterCard,Food,Swiggy,UPI,Female
C70867,w104981,12920.49,Kolkata,2026-01-06,Approved,Groceries,MasterCard,Fuel,Swiggy,Credit,Male
C24084,w104982,1879.73,Kolkata,2026-01-23,Declined,Groceries,Visa,Food,DMart,UPI,Female
C87734,w104983,21600.69,Hyderabad,2026-02-12,Approved,Travel,Visa,Food,Zomato,NetBanking,Male
C54952,w104984,24826.81,Delhi,2026-03-06,Declined,Travel,Visa,Fuel,IOCL,Credit,Female
C62049,w104985,14560.54,Vizag,2026-05-12,Declined,Fuel,RuPay,Utilities,HPCL,UPI,Male
C35796,w104986,24541.4,Pune,2026-04-05,Declined,Dining,Visa,Retail,IRCTC,Credit,Male
C58087,w104987,3244.08,Mumbai,2026-01-01,Declined,Groceries,Amex,Food,Swiggy,Credit,Female
C29900,w104988,4921.39,Delhi,2026-03-04,Declined,Shopping,MasterCard,Travel,HPCL,Credit,Male
C74268,w104989,13415.84,Vizag,2026-03-24,Declined,Groceries,RuPay,Utilities,HPCL,NetBanking,Female
C33639,w104990,6361.33,Delhi,2026-05-03,Declined,Groceries,Amex,Fuel,DMart,UPI,Male
C13818,w104991,1361.13,Delhi,2026-06-16,Declined,Shopping,RuPay,Retail,IRCTC,Credit,Female
C25620,w104992,22904.97,Chennai,2026-04-18,Approved,Utilities,Amex,Travel,IOCL,Credit,Female
C40600,w104993,19565.85,Pune,2026-06-23,Declined,Shopping,Amex,Utilities,Swiggy,NetBanking,Female
C77233,w104994,575.55,Bengaluru,2026-02-20,Approved,Travel,Amex,Retail,IOCL,Credit,Male
C91866,w104995,22922.63,Bengaluru,2026-06-07,Approved,Fuel,RuPay,Utilities,Zomato,NetBanking,Female
C36171,w104996,11556.01,Hyderabad,2026-04-23,Declined,Travel,Visa,Travel,Zomato,NetBanking,Female
C33086,w104997,12622.08,Mumbai,2026-06-18,Approved,Groceries,Amex,E-commerce,Amazon,NetBanking,Male
C56844,w104998,21844.3,Delhi,2026-05-10,Approved,Utilities,Visa,Retail,Swiggy,NetBanking,Female
C88343,w104999,2328.24,Bengaluru,2026-03-21,Declined,Groceries,Visa,Fuel,IRCTC,NetBanking,Male
