transaction_id,transaction_date,customer_id,city,merchant_category,payment_mode,amount
TXN000001,2026-05-01,CUST81946,Mumbai,Travel,Credit Card,48222.26
TXN000002,2026-05-28,CUST45523,Bengaluru,Fashion,Credit Card,59568.75
TXN000003,2026-04-17,CUST94523,Mumbai,Grocery,Debit Card,51636.52
TXN000004,2026-06-30,CUST39235,Nagpur,Fuel,Debit Card,70321.0
TXN000005,2026-01-18,CUST54435,Hyderabad,Fashion,Debit Card,22737.63
TXN000006,2026-04-22,CUST72764,Kolkata,Utilities,NetBanking,65800.64
TXN000007,2026-05-31,CUST54445, Chennai ,Healthcare,NetBanking,40153.58
TXN000008,2026-06-08,CUST82759,Delhi,Grocery,UPI,47011.42
TXN000009,2026-05-09,CUST99785,Kolkata,Fashion,Credit Card,77044.3
TXN000010,2026-05-02,CUST82126,Indore,Electronics,Debit Card,13230.36
TXN000011,2026-04-30,CUST93618, Chennai ,Fashion,UPI,65856.17
TXN000012,2026-04-12,CUST80635,vijayawada,Fuel,Debit Card,45251.07
TXN000013,2026-04-23,CUST13637,Pune,Fuel,UPI,68190.69
TXN000014,2026-06-10,CUST35209,Jaipur,Fashion,Credit Card,20555.86
TXN000015,2026-04-29,CUST45208,COIMBATORE,Healthcare,Wallet,49286.62
TXN000016,2026-05-13,CUST76249,Chennai,Restaurants,NetBanking,36060.49
TXN000017,2026-01-27,CUST96980,Indore,Grocery,NetBanking,70516.19
TXN000018,2026-05-08,CUST35286,Vijayawada,Travel,Wallet,67620.94
TXN000019,2026-04-13,CUST63208,Hyderabad,Healthcare,Debit Card,62990.07
TXN000020,2026-04-26,CUST65987,Indore,Healthcare,NetBanking,17767.38
TXN000021,2026-02-04,CUST17395,Nagpur,Grocery,UPI,26738.37
TXN000022,2026-01-14,CUST65394,DELHI,Healthcare,Credit Card,34250.55
TXN000023,2026-06-03,CUST38665,Bengaluru,Electronics,NetBanking,6398.45
TXN000024,2026-04-04,CUST93491,Jaipur,Restaurants,Debit Card,82324.69
TXN000025,2026-06-21,CUST68451,Mumbai,Healthcare,Wallet,54085.66
TXN000026,2026-03-01,CUST42150,Visakhapatnam,Healthcare,Credit Card,1485.03
TXN000027,2026-04-09,CUST68081,hyderabad,Electronics,Credit Card,18168.91
TXN000028,2026-01-24,CUST62264,Vijayawada,Grocery,Wallet,61973.9
TXN000029,2026-05-18,CUST36049,Jaipur,Electronics,UPI,68612.86
TXN000030,2026-04-12,CUST51691,Lucknow,Electronics,Wallet,48284.83
TXN000031,2026-04-05,CUST76199,MUMBAI,Fashion,UPI,57724.66
TXN000032,2026-03-20,CUST58901,Jaipur,Restaurants,Debit Card,78541.4
TXN000033,2026-01-14,CUST22420,Bengaluru,Fuel,Debit Card,50665.37
TXN000034,2026-04-01,CUST12778,Delhi,Fuel,Wallet,30198.82
TXN000035,2026-01-28,CUST89735,Hyderabad,Grocery,Wallet,67830.85
TXN000036,2026-02-11,CUST50444,CHENNAI,Utilities,Credit Card,44502.85
TXN000037,2026-02-03,CUST42473,Hyderabad,Restaurants,NetBanking,56021.67
TXN000038,2026-04-15,CUST11398,Kolkata,Fashion,UPI,66209.61
TXN000039,2026-03-19,CUST53141,Jaipur,Electronics,UPI,65435.37
TXN000040,2026-01-25,CUST48356,Hyderabad,Utilities,NetBanking,7260.78
TXN000041,2026-02-19,CUST58730,Coimbatore,Healthcare,NetBanking,30894.17
TXN000042,2026-02-24,CUST57062,Delhi,Restaurants,Credit Card,14812.03
TXN000043,2026-05-12,CUST60941,Coimbatore,Travel,Credit Card,84994.76
TXN000044,2026-05-30,CUST58707,lucknow,Restaurants,Wallet,55896.36
TXN000045,2026-02-24,CUST40366,chennai,Travel,UPI,3490.89
TXN000046,2026-06-07,CUST48621,Kolkata,Travel,UPI,22253.64
TXN000047,2026-04-02,CUST95400,Delhi,Healthcare,UPI,21144.33
TXN000048,2026-05-26,CUST57043,Coimbatore,Restaurants,UPI,33076.61
TXN000049,2026-03-11,CUST39882,JAIPUR,Travel,Debit Card,74036.44
TXN000050,2026-03-22,CUST59556, Hyderabad ,Restaurants,NetBanking,3861.49
TXN000051,2026-05-28,CUST89875,Bengaluru,Electronics,NetBanking,30410.86
TXN000052,2026-06-07,CUST66264, Vijayawada ,Grocery,Debit Card,14672.16
TXN000053,2026-05-09,CUST59486,Chennai,Electronics,Wallet,64989.45
TXN000054,2026-05-22,CUST98114,Vijayawada,Fuel,Wallet,80999.57
TXN000055,2026-01-03,CUST10454, Jaipur ,Grocery,Credit Card,58963.0
TXN000056,2026-02-15,CUST17872, Lucknow ,Utilities,UPI,20999.23
TXN000057,2026-02-22,CUST23811,Jaipur,Healthcare,UPI,16424.29
TXN000058,2026-05-25,CUST56923,Indore,Grocery,Debit Card,36112.2
TXN000059,2026-03-13,CUST50808,Nagpur,Utilities,NetBanking,80850.61
TXN000060,2026-03-12,CUST59408,Visakhapatnam,Electronics,NetBanking,59903.97
TXN000061,2026-06-02,CUST72254,Mumbai,Fashion,Debit Card,23762.78
TXN000062,2026-01-23,CUST66631, Delhi ,Fashion,Debit Card,52400.46
TXN000063,2026-04-05,CUST83096,Vijayawada,Healthcare,Credit Card,58458.55
TXN000064,2026-03-07,CUST57226,Delhi,Electronics,Wallet,35625.24
TXN000065,2026-06-29,CUST52427,Delhi,Healthcare,Credit Card,80899.33
TXN000066,2026-03-19,CUST82801, Bengaluru ,Utilities,NetBanking,67363.7
TXN000067,2026-05-06,CUST77503,Bengaluru,Utilities,NetBanking,5292.28
TXN000068,2026-02-01,CUST82230,Coimbatore,Utilities,NetBanking,26576.12
TXN000069,2026-06-06,CUST99451,PUNE,Fashion,Debit Card,34565.27
TXN000070,2026-04-24,CUST80494,visakhapatnam,Grocery,Credit Card,84008.49
TXN000071,2026-04-06,CUST42563,kolkata,Fashion,Debit Card,30120.18
TXN000072,2026-01-09,CUST20067,COIMBATORE,Utilities,UPI,9572.31
TXN000073,2026-05-08,CUST73811,Visakhapatnam,Healthcare,Credit Card,50606.67
TXN000074,2026-05-25,CUST78973,Indore,Grocery,NetBanking,4104.32
TXN000075,2026-02-03,CUST55922,Coimbatore,Grocery,Wallet,22363.15
TXN000076,2026-01-01,CUST39707,Coimbatore,Electronics,Debit Card,44054.45
TXN000077,2026-04-18,CUST27586, Hyderabad ,Travel,UPI,61677.5
TXN000078,2026-01-21,CUST66175,Nagpur,Electronics,Credit Card,1509.03
TXN000079,2026-06-24,CUST88641, Pune ,Travel,Credit Card,77307.24
TXN000080,2026-04-12,CUST10304,Mumbai,Electronics,UPI,70866.67
TXN000081,2026-03-01,CUST53865,Delhi,Electronics,Wallet,41294.38
TXN000082,2026-01-04,CUST36583, Vijayawada ,Utilities,NetBanking,4796.09
TXN000083,2026-02-26,CUST78903, Jaipur ,Restaurants,NetBanking,1420.57
TXN000084,2026-05-18,CUST83819,Visakhapatnam,Grocery,Debit Card,64422.57
TXN000085,2026-06-20,CUST35475, Chennai ,Grocery,Debit Card,68699.31
TXN000086,2026-02-16,CUST25880,Kolkata,Fuel,UPI,68094.79
TXN000087,2026-06-07,CUST33309,Indore,Travel,Credit Card,15121.97
TXN000088,2026-06-05,CUST96786,Bengaluru,Electronics,Credit Card,37855.41
TXN000089,2026-02-09,CUST49444,Lucknow,Healthcare,Wallet,11276.66
TXN000090,2026-02-20,CUST78981,Indore,Electronics,Debit Card,81459.05
TXN000091,2026-05-30,CUST40159,delhi,Travel,NetBanking,842.84
TXN000092,2026-04-09,CUST74455,Vijayawada,Utilities,Debit Card,17458.71
TXN000093,2026-03-19,CUST80282, Coimbatore ,Travel,Debit Card,22736.18
TXN000094,2026-05-26,CUST54263,Delhi,Utilities,UPI,34927.88
TXN000095,2026-05-09,CUST43613,Visakhapatnam,Grocery,NetBanking,81577.91
TXN000096,2026-03-19,CUST53023,Indore,Healthcare,Wallet,72575.29
TXN000097,2026-06-06,CUST44295,Hyderabad,Healthcare,Wallet,69117.31
TXN000098,2026-01-06,CUST58822,Hyderabad,Grocery,Credit Card,23287.2
TXN000099,2026-05-20,CUST91053, Visakhapatnam ,Electronics,UPI,9362.79
TXN000100,2026-06-30,CUST31573,Bengaluru,Fuel,Wallet,9733.5
TXN000101,2026-02-23,CUST45268,Hyderabad,Fuel,Credit Card,9735.04
TXN000102,2026-05-13,CUST67154,Kolkata,Healthcare,Wallet,29619.09
TXN000103,2026-03-17,CUST76699,bengaluru,Electronics,NetBanking,39852.76
TXN000104,2026-05-06,CUST81124,Indore,Healthcare,NetBanking,79940.66
TXN000105,2026-05-01,CUST22280,Hyderabad,Utilities,Wallet,63973.89
TXN000106,2026-03-24,CUST56268,Visakhapatnam,Travel,Wallet,20773.09
TXN000107,2026-01-08,CUST26976,Delhi,Travel,UPI,20165.66
TXN000108,2026-01-17,CUST92240,VISAKHAPATNAM,Fashion,NetBanking,24457.96
TXN000109,2026-05-11,CUST67359,Jaipur,Electronics,NetBanking,56235.46
TXN000110,2026-04-03,CUST73284,Pune,Fashion,UPI,15954.81
TXN000111,2026-03-27,CUST37858,Hyderabad,Fuel,UPI,15344.23
TXN000112,2026-04-25,CUST81519,Jaipur,Travel,Debit Card,25451.88
TXN000113,2026-01-23,CUST68720,Coimbatore,Electronics,Wallet,80258.35
TXN000114,2026-05-02,CUST36594,Visakhapatnam,Healthcare,NetBanking,19328.56
TXN000115,2026-05-11,CUST35385,Hyderabad,Travel,Wallet,44733.49
TXN000116,2026-02-09,CUST18800,Hyderabad,Restaurants,UPI,18659.42
TXN000117,2026-03-16,CUST84333,Kolkata,Grocery,Debit Card,65516.1
TXN000118,2026-05-10,CUST90283,jaipur,Fashion,UPI,45747.28
TXN000119,2026-02-17,CUST44911,Coimbatore,Grocery,NetBanking,52414.44
TXN000120,2026-06-29,CUST14046,Lucknow,Restaurants,UPI,24354.33
TXN000121,2026-01-25,CUST57623,Coimbatore,Travel,Credit Card,55955.56
TXN000122,2026-06-19,CUST73589,Jaipur,Utilities,Debit Card,53288.99
TXN000123,2026-01-14,CUST86356,Pune,Electronics,Credit Card,71638.91
TXN000124,2026-04-14,CUST16918, Chennai ,Travel,Debit Card,47371.76
TXN000125,2026-01-09,CUST17163, Jaipur ,Restaurants,UPI,38552.99
TXN000126,2026-02-26,CUST28187,nagpur,Travel,Debit Card,51827.07
TXN000127,2026-04-05,CUST23665,pune,Fashion,UPI,50063.84
TXN000128,2026-02-08,CUST59818,Nagpur,Restaurants,NetBanking,36330.32
TXN000129,2026-04-26,CUST54357,Pune,Healthcare,Wallet,41475.82
TXN000130,2026-06-02,CUST30029,Indore,Electronics,UPI,83904.25
TXN000131,2026-02-05,CUST73196, Pune ,Utilities,UPI,47726.89
TXN000132,2026-03-24,CUST84665,Mumbai,Healthcare,Wallet,54062.0
TXN000133,2026-01-05,CUST86655,Vijayawada,Fashion,Credit Card,58230.52
TXN000134,2026-03-01,CUST85078,Mumbai,Electronics,Wallet,24381.81
TXN000135,2026-05-15,CUST12128,pune,Fuel,NetBanking,18671.02
TXN000136,2026-04-14,CUST83364, Coimbatore ,Utilities,Debit Card,16137.36
TXN000137,2026-01-24,CUST15352,Indore,Grocery,NetBanking,38853.04
TXN000138,2026-04-17,CUST54767,Delhi,Fashion,Debit Card,61483.18
TXN000139,2026-03-20,CUST74400,Hyderabad,Fuel,UPI,3802.21
TXN000140,2026-03-17,CUST43904,jaipur,Grocery,NetBanking,53257.05
TXN000141,2026-05-18,CUST47085, Bengaluru ,Fuel,NetBanking,13505.59
TXN000142,2026-01-27,CUST10370, Chennai ,Travel,Credit Card,11125.23
TXN000143,2026-03-15,CUST49020,hyderabad,Utilities,NetBanking,11710.75
TXN000144,2026-01-24,CUST54613,Indore,Fuel,Wallet,43707.74
TXN000145,2026-01-10,CUST85232,Bengaluru,Grocery,Wallet,13830.68
TXN000146,2026-05-16,CUST39142,Delhi,Grocery,NetBanking,40844.38
TXN000147,2026-02-07,CUST38201,Chennai,Grocery,Wallet,21832.21
TXN000148,2026-03-02,CUST17132,delhi,Fashion,Credit Card,20271.85
TXN000149,2026-06-25,CUST47080,Kolkata,Utilities,Wallet,22595.92
TXN000150,2026-03-22,CUST88349,Kolkata,Restaurants,Debit Card,56603.54
TXN000151,2026-04-21,CUST59244,Delhi,Restaurants,UPI,43934.03
TXN000152,2026-01-17,CUST15768,Kolkata,Restaurants,NetBanking,21562.51
TXN000153,2026-01-11,CUST62906,INDORE,Fashion,Credit Card,52648.95
TXN000154,2026-05-28,CUST46176,Hyderabad,Utilities,Debit Card,16286.16
TXN000155,2026-04-14,CUST57168,Pune,Travel,NetBanking,31452.54
TXN000156,2026-03-30,CUST47529, Lucknow ,Restaurants,Debit Card,12166.02
TXN000157,2026-04-02,CUST65691,Mumbai,Electronics,Credit Card,68131.6
TXN000158,2026-06-26,CUST35634,Nagpur,Restaurants,Debit Card,46249.42
TXN000159,2026-04-22,CUST39760,NAGPUR,Travel,Wallet,73019.7
TXN000160,2026-04-21,CUST15598,Chennai,Fuel,Debit Card,20174.91
TXN000161,2026-03-01,CUST15132,jaipur,Travel,UPI,21188.97
TXN000162,2026-04-17,CUST34569,Vijayawada,Travel,NetBanking,39893.75
TXN000163,2026-05-19,CUST64056,Pune,Travel,NetBanking,49091.08
TXN000164,2026-05-06,CUST38317,Delhi,Grocery,NetBanking,67005.29
TXN000165,2026-03-06,CUST94689,Bengaluru,Fuel,Debit Card,6862.45
TXN000166,2026-05-28,CUST40903,Hyderabad,Travel,NetBanking,80973.06
TXN000167,2026-03-18,CUST22260, Pune ,Fuel,Wallet,48001.61
TXN000168,2026-02-21,CUST75467,Pune,Fashion,Wallet,3414.68
TXN000169,2026-06-29,CUST35809,Chennai,Travel,UPI,40012.76
TXN000170,2026-03-01,CUST48162,delhi,Healthcare,UPI,4303.14
TXN000171,2026-06-14,CUST98202,Visakhapatnam,Electronics,Credit Card,23290.45
TXN000172,2026-02-09,CUST95762, Indore ,Electronics,UPI,13675.08
TXN000173,2026-04-17,CUST56331,Coimbatore,Fashion,Credit Card,48537.18
TXN000174,2026-01-21,CUST29583,Chennai,Fuel,NetBanking,34435.73
TXN000175,2026-02-06,CUST79284,Indore,Electronics,Wallet,7126.0
TXN000176,2026-06-29,CUST48309,Hyderabad,Healthcare,Credit Card,74516.31
TXN000177,2026-03-12,CUST28009,bengaluru,Fuel,UPI,52294.61
TXN000178,2026-01-01,CUST66932,Kolkata,Restaurants,Wallet,32670.15
TXN000179,2026-05-15,CUST55990,Chennai,Healthcare,UPI,42200.41
TXN000180,2026-04-19,CUST38642,Kolkata,Fuel,Debit Card,8398.84
TXN000181,2026-03-28,CUST91217,Hyderabad,Restaurants,Credit Card,71350.26
TXN000182,2026-06-21,CUST33665,Mumbai,Fuel,NetBanking,54924.08
TXN000183,2026-02-20,CUST22498,indore,Fuel,Credit Card,29483.58
TXN000184,2026-06-25,CUST70562, Hyderabad ,Travel,Wallet,56870.81
TXN000185,2026-01-10,CUST97134, Mumbai ,Travel,NetBanking,28791.12
TXN000186,2026-03-10,CUST34165,Vijayawada,Restaurants,Debit Card,24543.4
TXN000187,2026-05-21,CUST24379,Delhi,Grocery,Debit Card,33922.5
TXN000188,2026-03-06,CUST50276,Kolkata,Healthcare,UPI,82410.61
TXN000189,2026-03-14,CUST56850, Nagpur ,Fashion,Debit Card,1815.96
TXN000190,2026-04-10,CUST94101,Vijayawada,Fashion,Credit Card,66777.62
TXN000191,2026-05-28,CUST82695,Lucknow,Restaurants,Wallet,32838.12
TXN000192,2026-04-20,CUST25739, Pune ,Healthcare,NetBanking,60869.01
TXN000193,2026-04-21,CUST58181, Hyderabad ,Travel,Credit Card,57689.04
TXN000194,2026-03-23,CUST62158,Chennai,Restaurants,Debit Card,65126.93
TXN000195,2026-06-22,CUST95057,Lucknow,Electronics,NetBanking,22229.67
TXN000196,2026-06-02,CUST22703,Indore,Grocery,NetBanking,12175.27
TXN000197,2026-01-16,CUST31049, Pune ,Electronics,Wallet,21003.58
TXN000198,2026-04-29,CUST78258,Lucknow,Grocery,NetBanking,22732.18
TXN000199,2026-03-27,CUST56862,Delhi,Electronics,UPI,66119.56
TXN000200,2026-02-15,CUST51491,CHENNAI,Fashion,UPI,81990.97
TXN000201,2026-03-31,CUST48228,lucknow,Electronics,Credit Card,53699.59
TXN000202,2026-04-25,CUST88385,MUMBAI,Restaurants,Wallet,71567.79
TXN000203,2026-06-29,CUST69802,Nagpur,Fashion,Debit Card,78803.95
TXN000204,2026-06-17,CUST31959,Delhi,Utilities,UPI,30118.04
TXN000205,2026-01-12,CUST24304,Pune,Travel,UPI,56549.01
TXN000206,2026-02-04,CUST70904,Kolkata,Healthcare,UPI,47612.75
TXN000207,2026-05-30,CUST87228,Pune,Restaurants,Credit Card,8636.89
TXN000208,2026-01-04,CUST80998, Kolkata ,Grocery,NetBanking,2732.97
TXN000209,2026-06-08,CUST84205, Hyderabad ,Restaurants,NetBanking,2941.69
TXN000210,2026-04-07,CUST67603,Jaipur,Electronics,Debit Card,40611.93
TXN000211,2026-01-31,CUST54903,Chennai,Restaurants,Wallet,30972.69
TXN000212,2026-05-17,CUST83194, Mumbai ,Electronics,Wallet,48301.16
TXN000213,2026-01-01,CUST85866,Mumbai,Fuel,Wallet,458.74
TXN000214,2026-01-30,CUST13530,Chennai,Utilities,Credit Card,16519.62
TXN000215,2026-06-07,CUST68065, Coimbatore ,Fuel,Wallet,83853.52
TXN000216,2026-01-06,CUST48423,Indore,Electronics,NetBanking,80246.16
TXN000217,2026-02-26,CUST89732, Visakhapatnam ,Fashion,UPI,2744.57
TXN000218,2026-04-14,CUST40206,lucknow,Utilities,NetBanking,63144.38
TXN000219,2026-01-21,CUST19624,indore,Healthcare,NetBanking,52049.17
TXN000220,2026-06-01,CUST85290,Chennai,Electronics,Wallet,63358.2
TXN000221,2026-04-24,CUST96724,Visakhapatnam,Grocery,UPI,71053.31
TXN000222,2026-06-02,CUST46369,Vijayawada,Healthcare,NetBanking,56072.05
TXN000223,2026-01-26,CUST43620,Delhi,Travel,Debit Card,46412.2
TXN000224,2026-03-09,CUST30907,Chennai,Travel,UPI,18987.17
TXN000225,2026-06-19,CUST16616,Vijayawada,Grocery,Debit Card,42783.01
TXN000226,2026-06-18,CUST34018,Nagpur,Fuel,Wallet,78793.43
TXN000227,2026-03-25,CUST57245,Bengaluru,Grocery,UPI,70480.62
TXN000228,2026-01-30,CUST58134,Visakhapatnam,Electronics,NetBanking,1413.41
TXN000229,2026-03-30,CUST47607,Bengaluru,Fashion,Debit Card,62275.61
TXN000230,2026-06-10,CUST67048,Indore,Travel,Credit Card,35844.37
TXN000231,2026-03-07,CUST97838,indore,Healthcare,UPI,7881.93
TXN000232,2026-02-13,CUST31264,Chennai,Electronics,Debit Card,6192.85
TXN000233,2026-01-02,CUST18249,VISAKHAPATNAM,Electronics,Debit Card,66277.18
TXN000234,2026-03-13,CUST88772,kolkata,Healthcare,Wallet,4305.88
TXN000235,2026-01-05,CUST82815,Pune,Electronics,NetBanking,6629.84
TXN000236,2026-04-04,CUST55304,Indore,Restaurants,Credit Card,60389.02
TXN000237,2026-02-22,CUST34019,Delhi,Fashion,Credit Card,60839.23
TXN000238,2026-03-07,CUST97195,INDORE,Electronics,UPI,3301.83
TXN000239,2026-02-04,CUST14342,nagpur,Healthcare,Debit Card,61052.05
TXN000240,2026-01-11,CUST88908,Mumbai,Utilities,UPI,20439.93
TXN000241,2026-06-25,CUST79444,chennai,Fuel,UPI,36845.63
TXN000242,2026-02-06,CUST65956,Indore,Fuel,Credit Card,39621.52
TXN000243,2026-01-02,CUST42520,Chennai,Healthcare,Debit Card,43109.96
TXN000244,2026-02-18,CUST83858, Bengaluru ,Fashion,Wallet,44906.23
TXN000245,2026-02-19,CUST19941,Hyderabad,Healthcare,Wallet,59540.87
TXN000246,2026-04-03,CUST61745,Delhi,Fashion,Credit Card,82650.87
TXN000247,2026-05-06,CUST93924,Chennai,Fashion,UPI,64527.47
TXN000248,2026-05-07,CUST76252, Pune ,Restaurants,UPI,70468.47
TXN000249,2026-06-04,CUST51963,CHENNAI,Grocery,Debit Card,25195.39
TXN000250,2026-05-28,CUST69501,Hyderabad,Fashion,NetBanking,63845.82
TXN000251,2026-03-26,CUST67824,Lucknow,Utilities,Debit Card,78914.18
TXN000252,2026-06-15,CUST74863,Nagpur,Travel,Credit Card,71373.07
TXN000253,2026-06-13,CUST58939,PUNE,Fuel,UPI,15326.86
TXN000254,2026-02-06,CUST17230,vijayawada,Travel,NetBanking,74806.63
TXN000255,2026-06-30,CUST28292,Pune,Grocery,UPI,43780.29
TXN000256,2026-04-06,CUST14907,hyderabad,Utilities,UPI,10588.78
TXN000257,2026-06-21,CUST29189,Hyderabad,Electronics,NetBanking,80225.1
TXN000258,2026-03-23,CUST19033,nagpur,Restaurants,NetBanking,17053.82
TXN000259,2026-01-03,CUST59800,Hyderabad,Grocery,Wallet,81562.45
TXN000260,2026-04-02,CUST21792,CHENNAI,Grocery,Debit Card,2697.05
TXN000261,2026-03-01,CUST31618, Bengaluru ,Fuel,Debit Card,83327.44
TXN000262,2026-06-16,CUST78719,Delhi,Fuel,Debit Card,11001.45
TXN000263,2026-06-13,CUST56123,Nagpur,Fuel,UPI,66004.34
TXN000264,2026-01-28,CUST52353,Vijayawada,Restaurants,UPI,3491.86
TXN000265,2026-02-08,CUST93144,HYDERABAD,Restaurants,Credit Card,36271.04
TXN000266,2026-04-04,CUST99184,Hyderabad,Restaurants,NetBanking,75945.21
TXN000267,2026-02-12,CUST22723,Hyderabad,Fuel,NetBanking,56345.35
TXN000268,2026-02-03,CUST36461,Jaipur,Electronics,Credit Card,82993.66
TXN000269,2026-03-12,CUST94411,CHENNAI,Fuel,Credit Card,80106.03
TXN000270,2026-01-28,CUST79884,Bengaluru,Utilities,NetBanking,60791.08
TXN000271,2026-04-23,CUST56868,Pune,Fuel,Debit Card,1796.52
TXN000272,2026-02-23,CUST46513, Visakhapatnam ,Fashion,Debit Card,73579.14
TXN000273,2026-05-23,CUST91831,COIMBATORE,Restaurants,Wallet,77951.08
TXN000274,2026-02-07,CUST27781,bengaluru,Travel,NetBanking,18093.24
TXN000275,2026-03-02,CUST87521,Lucknow,Electronics,UPI,37560.95
TXN000276,2026-04-29,CUST98773, Hyderabad ,Restaurants,Debit Card,37044.18
TXN000277,2026-05-05,CUST22012,visakhapatnam,Travel,Debit Card,30517.65
TXN000278,2026-03-09,CUST89571,Visakhapatnam,Grocery,NetBanking,1110.82
TXN000279,2026-02-28,CUST28800,Delhi,Fashion,Wallet,58076.6
TXN000280,2026-06-15,CUST48048,Jaipur,Travel,UPI,29399.39
TXN000281,2026-05-19,CUST77278,Coimbatore,Travel,UPI,45929.7
TXN000282,2026-06-19,CUST57929, Lucknow ,Utilities,Debit Card,12035.64
TXN000283,2026-06-20,CUST11756,VIJAYAWADA,Utilities,Wallet,82900.73
TXN000284,2026-06-09,CUST33065,Coimbatore,Utilities,Wallet,41856.11
TXN000285,2026-05-19,CUST68367,Visakhapatnam,Electronics,UPI,14500.49
TXN000286,2026-06-14,CUST61905,KOLKATA,Grocery,UPI,29403.07
TXN000287,2026-01-01,CUST85844,nagpur,Fuel,NetBanking,654.81
TXN000288,2026-06-16,CUST83101,Pune,Electronics,Credit Card,14534.34
TXN000289,2026-02-23,CUST47321,Hyderabad,Healthcare,UPI,25819.6
TXN000290,2026-06-14,CUST15390,Nagpur,Healthcare,Credit Card,36833.37
TXN000291,2026-02-15,CUST66255,Lucknow,Fashion,UPI,44084.48
TXN000292,2026-06-30,CUST25093,Mumbai,Travel,Credit Card,45348.23
TXN000293,2026-06-18,CUST70078,mumbai,Restaurants,NetBanking,75817.59
TXN000294,2026-02-05,CUST44473,Coimbatore,Fashion,Wallet,59065.95
TXN000295,2026-06-10,CUST39241,Visakhapatnam,Utilities,UPI,48754.83
TXN000296,2026-01-13,CUST24312,Mumbai,Utilities,NetBanking,14573.77
TXN000297,2026-04-03,CUST39765,Visakhapatnam,Travel,Credit Card,27146.87
TXN000298,2026-04-09,CUST93552,Coimbatore,Grocery,Wallet,20371.27
TXN000299,2026-04-25,CUST96438,NAGPUR,Fuel,Credit Card,62735.87
TXN000300,2026-01-26,CUST44774,HYDERABAD,Healthcare,Credit Card,76221.92
TXN000301,2026-01-09,CUST72554,Bengaluru,Restaurants,NetBanking,3158.05
TXN000302,2026-04-21,CUST85280,Visakhapatnam,Fashion,Wallet,38570.9
TXN000303,2026-05-07,CUST90268,HYDERABAD,Electronics,Wallet,65196.73
TXN000304,2026-01-04,CUST56259,Indore,Restaurants,UPI,46042.58
TXN000305,2026-05-22,CUST85067,Jaipur,Grocery,NetBanking,13626.81
TXN000306,2026-06-30,CUST32063,Nagpur,Fashion,Wallet,83962.18
TXN000307,2026-01-17,CUST58335,HYDERABAD,Electronics,Debit Card,43161.07
TXN000308,2026-04-11,CUST89536,Delhi,Travel,Wallet,2598.28
TXN000309,2026-03-31,CUST76114,Indore,Electronics,Wallet,66238.14
TXN000310,2026-01-05,CUST92456,Nagpur,Fuel,NetBanking,4328.87
TXN000311,2026-01-31,CUST85903,vijayawada,Restaurants,Wallet,71088.34
TXN000312,2026-01-23,CUST68906,Jaipur,Healthcare,Credit Card,63724.27
TXN000313,2026-04-02,CUST90948,coimbatore,Fuel,Wallet,61462.24
TXN000314,2026-03-07,CUST81694,Hyderabad,Healthcare,NetBanking,53617.89
TXN000315,2026-02-09,CUST67006,bengaluru,Grocery,Debit Card,12694.52
TXN000316,2026-04-05,CUST92732, Coimbatore ,Fashion,Credit Card,52901.27
TXN000317,2026-03-20,CUST16793,Nagpur,Restaurants,Credit Card,31923.33
TXN000318,2026-03-04,CUST79974,KOLKATA,Electronics,Credit Card,248.03
TXN000319,2026-02-21,CUST39741,jaipur,Fuel,Debit Card,7149.57
TXN000320,2026-06-26,CUST77903,vijayawada,Utilities,Credit Card,61708.71
TXN000321,2026-04-23,CUST42922,Delhi,Utilities,Wallet,48606.26
TXN000322,2026-04-05,CUST94676,nagpur,Grocery,Credit Card,32582.72
TXN000323,2026-03-01,CUST54783,BENGALURU,Travel,Credit Card,71938.81
TXN000324,2026-01-31,CUST85997,Lucknow,Healthcare,NetBanking,68046.38
TXN000325,2026-02-14,CUST91529,pune,Restaurants,UPI,51351.37
TXN000326,2026-02-10,CUST82388,CHENNAI,Restaurants,UPI,84956.68
TXN000327,2026-01-19,CUST74619,Visakhapatnam,Fuel,Wallet,10991.57
TXN000328,2026-05-31,CUST58442,vijayawada,Restaurants,Credit Card,78304.25
TXN000329,2026-01-29,CUST78142,Jaipur,Fuel,Wallet,25489.85
TXN000330,2026-03-19,CUST63103,Lucknow,Utilities,NetBanking,2461.55
TXN000331,2026-04-12,CUST22624,Lucknow,Restaurants,UPI,34945.97
TXN000332,2026-04-13,CUST53914,pune,Travel,Wallet,58872.01
TXN000333,2026-04-06,CUST26139,Chennai,Fuel,UPI,35547.63
TXN000334,2026-06-20,CUST12781,Hyderabad,Electronics,Credit Card,23168.5
TXN000335,2026-06-25,CUST67083, Pune ,Grocery,UPI,82880.79
TXN000336,2026-03-10,CUST28635,JAIPUR,Grocery,Wallet,52578.63
TXN000337,2026-02-03,CUST10707,Coimbatore,Restaurants,UPI,65461.12
TXN000338,2026-05-06,CUST24106,Mumbai,Fuel,Debit Card,30643.51
TXN000339,2026-01-23,CUST12960,mumbai,Restaurants,Wallet,25033.4
TXN000340,2026-04-16,CUST78043,Indore,Utilities,UPI,68770.13
TXN000341,2026-06-20,CUST38727,BENGALURU,Fuel,NetBanking,12077.07
TXN000342,2026-02-21,CUST47605,Pune,Fashion,Debit Card,53454.29
TXN000343,2026-01-11,CUST71003,Bengaluru,Healthcare,Debit Card,14380.15
TXN000344,2026-05-20,CUST70008, Coimbatore ,Electronics,UPI,76412.62
TXN000345,2026-04-21,CUST45457,Kolkata,Fuel,Wallet,64812.35
TXN000346,2026-03-29,CUST84546,bengaluru,Utilities,Credit Card,70999.29
TXN000347,2026-03-27,CUST97342,Nagpur,Fuel,Debit Card,72685.31
TXN000348,2026-03-18,CUST86746,Hyderabad,Healthcare,Credit Card,20560.66
TXN000349,2026-04-19,CUST70388,Nagpur,Utilities,Credit Card,65595.95
TXN000350,2026-04-13,CUST42853,Indore,Grocery,Debit Card,11497.5
TXN000351,2026-06-16,CUST97356,Chennai,Restaurants,UPI,6771.63
TXN000352,2026-04-28,CUST83728, Nagpur ,Restaurants,NetBanking,29680.49
TXN000353,2026-05-12,CUST42880,Visakhapatnam,Restaurants,Wallet,11346.18
TXN000354,2026-02-06,CUST34354,Vijayawada,Travel,Debit Card,77007.31
TXN000355,2026-05-01,CUST89037,Lucknow,Healthcare,NetBanking,12561.17
TXN000356,2026-01-31,CUST76264,Pune,Restaurants,Debit Card,63321.61
TXN000357,2026-01-18,CUST80033,Kolkata,Healthcare,NetBanking,7439.2
TXN000358,2026-01-03,CUST51786,PUNE,Utilities,Debit Card,77374.24
TXN000359,2026-01-02,CUST89678,Indore,Utilities,Credit Card,28069.06
TXN000360,2026-01-21,CUST15752,Indore,Utilities,Credit Card,11030.14
TXN000361,2026-02-20,CUST74768,Pune,Electronics,NetBanking,32734.95
TXN000362,2026-06-20,CUST68424,Vijayawada,Utilities,Wallet,46574.33
TXN000363,2026-04-22,CUST85382,Bengaluru,Fuel,Debit Card,37433.79
TXN000364,2026-06-04,CUST73064,Indore,Travel,UPI,75555.54
TXN000365,2026-03-20,CUST93922,Nagpur,Fuel,Wallet,80414.55
TXN000366,2026-04-06,CUST25302, Vijayawada ,Grocery,NetBanking,44897.77
TXN000367,2026-04-27,CUST81999,Mumbai,Travel,Wallet,17124.47
TXN000368,2026-02-19,CUST90045,Kolkata,Fuel,Debit Card,29963.61
TXN000369,2026-01-08,CUST94654,Pune,Healthcare,Wallet,67031.7
TXN000370,2026-06-01,CUST18684,Jaipur,Restaurants,Wallet,63197.65
TXN000371,2026-01-25,CUST14124,Indore,Electronics,Wallet,37916.56
TXN000372,2026-05-13,CUST59201,Hyderabad,Electronics,NetBanking,74843.07
TXN000373,2026-05-30,CUST14303,Vijayawada,Restaurants,Wallet,16167.77
TXN000374,2026-03-18,CUST21066,Bengaluru,Utilities,Debit Card,15300.44
TXN000375,2026-05-18,CUST63600,LUCKNOW,Fuel,NetBanking,46165.73
TXN000376,2026-04-22,CUST40137,Hyderabad,Electronics,Credit Card,31629.34
TXN000377,2026-06-14,CUST10618,Kolkata,Utilities,NetBanking,64325.33
TXN000378,2026-02-04,CUST96504,VISAKHAPATNAM,Electronics,NetBanking,24897.26
TXN000379,2026-01-27,CUST90210,Vijayawada,Healthcare,Credit Card,8492.26
TXN000380,2026-01-29,CUST25281,Nagpur,Fuel,NetBanking,28013.41
TXN000381,2026-05-11,CUST87343,MUMBAI,Utilities,Credit Card,18682.85
TXN000382,2026-03-05,CUST61640,Delhi,Fuel,Debit Card,20922.28
TXN000383,2026-06-23,CUST29757,Vijayawada,Fashion,NetBanking,4896.28
TXN000384,2026-04-09,CUST58640,Delhi,Electronics,Wallet,64862.21
TXN000385,2026-01-08,CUST24958,Kolkata,Fuel,Credit Card,5110.28
TXN000386,2026-05-13,CUST57998,jaipur,Electronics,UPI,63636.1
TXN000387,2026-04-07,CUST63847,Vijayawada,Fashion,UPI,32011.94
TXN000388,2026-02-12,CUST81148,Delhi,Restaurants,Debit Card,53578.9
TXN000389,2026-05-29,CUST54717,Delhi,Utilities,UPI,70818.65
TXN000390,2026-04-18,CUST10209,Bengaluru,Electronics,UPI,82369.58
TXN000391,2026-03-09,CUST45157,Coimbatore,Restaurants,NetBanking,12504.24
TXN000392,2026-04-04,CUST37649,Kolkata,Restaurants,Wallet,16347.22
TXN000393,2026-06-11,CUST70233,Mumbai,Fuel,UPI,19768.39
TXN000394,2026-03-28,CUST24189,Coimbatore,Utilities,NetBanking,55803.16
TXN000395,2026-05-05,CUST47027,indore,Fashion,Credit Card,27346.85
TXN000396,2026-06-12,CUST56117,mumbai,Grocery,Debit Card,68814.05
TXN000397,2026-06-01,CUST82421,delhi,Restaurants,UPI,5135.44
TXN000398,2026-03-30,CUST93235,Pune,Travel,Debit Card,49875.72
TXN000399,2026-06-04,CUST30943,Coimbatore,Fashion,NetBanking,78086.16
TXN000400,2026-06-21,CUST14964,indore,Utilities,Wallet,24276.29
TXN000401,2026-01-20,CUST28178,Hyderabad,Healthcare,Credit Card,61545.66
TXN000402,2026-01-25,CUST48367,lucknow,Grocery,NetBanking,19232.26
TXN000403,2026-05-20,CUST42289,Visakhapatnam,Electronics,Credit Card,22256.49
TXN000404,2026-01-20,CUST14068,Nagpur,Travel,NetBanking,48650.42
TXN000405,2026-02-18,CUST58727, Mumbai ,Fuel,Debit Card,13932.83
TXN000406,2026-01-13,CUST97927,Indore,Restaurants,Credit Card,65035.62
TXN000407,2026-02-12,CUST92115,Indore,Fashion,Wallet,26970.19
TXN000408,2026-03-20,CUST83482, Kolkata ,Fashion,Wallet,74236.15
TXN000409,2026-05-18,CUST10158,PUNE,Healthcare,Debit Card,39230.82
TXN000410,2026-04-05,CUST43419,Visakhapatnam,Fuel,Debit Card,9125.17
TXN000411,2026-05-02,CUST13494, Bengaluru ,Fuel,Debit Card,21738.37
TXN000412,2026-02-09,CUST63651,Kolkata,Travel,UPI,30167.98
TXN000413,2026-02-12,CUST82320,mumbai,Healthcare,Wallet,73286.88
TXN000414,2026-05-14,CUST58706, Kolkata ,Healthcare,Credit Card,16185.33
TXN000415,2026-04-12,CUST65695,Jaipur,Grocery,UPI,12770.14
TXN000416,2026-02-21,CUST72310,Chennai,Electronics,UPI,14711.16
TXN000417,2026-05-26,CUST28099,Chennai,Travel,Credit Card,17300.04
TXN000418,2026-02-27,CUST31726,Mumbai,Utilities,UPI,41183.19
TXN000419,2026-01-01,CUST47677,Pune,Travel,Wallet,81306.97
TXN000420,2026-05-02,CUST19409,Coimbatore,Grocery,Credit Card,81403.42
TXN000421,2026-01-27,CUST85942,Jaipur,Fuel,NetBanking,69369.66
TXN000422,2026-05-07,CUST22399,Coimbatore,Fashion,Credit Card,11006.97
TXN000423,2026-01-08,CUST39821,Nagpur,Restaurants,Debit Card,26664.22
TXN000424,2026-03-07,CUST81292,Hyderabad,Electronics,UPI,82559.52
TXN000425,2026-06-14,CUST89890,Lucknow,Restaurants,Credit Card,34734.43
TXN000426,2026-03-08,CUST83846,Nagpur,Utilities,UPI,10710.37
TXN000427,2026-01-06,CUST22591,visakhapatnam,Fashion,NetBanking,48486.86
TXN000428,2026-01-09,CUST93693,indore,Restaurants,Debit Card,13439.33
TXN000429,2026-06-25,CUST47556,Chennai,Fuel,Credit Card,4924.13
TXN000430,2026-02-18,CUST29931,Pune,Travel,Wallet,66843.03
TXN000431,2026-06-02,CUST48433,chennai,Grocery,Wallet,39062.32
TXN000432,2026-04-18,CUST53793,Jaipur,Fuel,Credit Card,50808.35
TXN000433,2026-05-24,CUST11938,Coimbatore,Travel,Debit Card,54493.63
TXN000434,2026-03-10,CUST42251,Lucknow,Electronics,UPI,69586.78
TXN000435,2026-03-01,CUST53664,Kolkata,Restaurants,Debit Card,56782.04
TXN000436,2026-04-11,CUST23847,bengaluru,Healthcare,Debit Card,171.52
TXN000437,2026-02-02,CUST41310, Pune ,Healthcare,Credit Card,55527.35
TXN000438,2026-01-03,CUST48610,CHENNAI,Grocery,Credit Card,29929.88
TXN000439,2026-05-30,CUST79624,Vijayawada,Restaurants,Credit Card,46227.37
TXN000440,2026-01-16,CUST28319,Vijayawada,Fashion,Debit Card,40044.32
TXN000441,2026-04-21,CUST36344,Indore,Travel,Credit Card,30422.04
TXN000442,2026-06-28,CUST44541,chennai,Travel,Debit Card,70497.04
TXN000443,2026-04-27,CUST46653,HYDERABAD,Restaurants,Debit Card,55488.43
TXN000444,2026-04-11,CUST78575,Pune,Restaurants,NetBanking,51164.76
TXN000445,2026-05-10,CUST54466,Hyderabad,Fuel,NetBanking,16876.88
TXN000446,2026-01-01,CUST35066,Lucknow,Electronics,Debit Card,4679.43
TXN000447,2026-02-26,CUST22553,KOLKATA,Healthcare,Credit Card,19974.8
TXN000448,2026-06-02,CUST12296,Hyderabad,Fashion,Credit Card,50255.64
TXN000449,2026-03-15,CUST57970,BENGALURU,Healthcare,Credit Card,37152.98
TXN000450,2026-05-17,CUST20349,chennai,Healthcare,UPI,64517.93
TXN000451,2026-03-03,CUST93583,Coimbatore,Grocery,Wallet,14130.98
TXN000452,2026-02-20,CUST43175,COIMBATORE,Fashion,UPI,19695.71
TXN000453,2026-06-19,CUST14996,Lucknow,Fuel,NetBanking,9449.81
TXN000454,2026-01-11,CUST57201,Hyderabad,Electronics,Credit Card,9210.83
TXN000455,2026-02-18,CUST31778,lucknow,Electronics,Credit Card,60516.6
TXN000456,2026-03-22,CUST60310,Coimbatore,Fuel,Debit Card,10329.02
TXN000457,2026-05-17,CUST65650, Pune ,Fashion,Debit Card,65778.14
TXN000458,2026-04-25,CUST79984,Pune,Electronics,Wallet,21363.48
TXN000459,2026-06-14,CUST99267,Chennai,Utilities,NetBanking,30502.32
TXN000460,2026-06-03,CUST92385,pune,Electronics,Credit Card,11978.05
TXN000461,2026-03-10,CUST26700,Mumbai,Grocery,NetBanking,50941.56
TXN000462,2026-02-23,CUST28705,CHENNAI,Fashion,NetBanking,64754.21
TXN000463,2026-06-03,CUST67559,Pune,Utilities,Debit Card,61869.77
TXN000464,2026-05-04,CUST17892,Indore,Healthcare,Debit Card,72970.11
TXN000465,2026-03-21,CUST24571,Visakhapatnam,Grocery,Debit Card,18791.1
TXN000466,2026-02-05,CUST95297,kolkata,Electronics,Debit Card,54391.76
TXN000467,2026-01-06,CUST34892,Indore,Fuel,UPI,23315.71
TXN000468,2026-05-30,CUST53197,Hyderabad,Fashion,Credit Card,46355.06
TXN000469,2026-06-26,CUST88162,Vijayawada,Fashion,Wallet,35526.22
TXN000470,2026-01-20,CUST46801,Mumbai,Fuel,NetBanking,2086.64
TXN000471,2026-03-01,CUST51539,Indore,Utilities,NetBanking,11805.23
TXN000472,2026-03-18,CUST18444, Visakhapatnam ,Healthcare,NetBanking,11095.54
TXN000473,2026-06-02,CUST84848,Bengaluru,Electronics,Credit Card,38008.48
TXN000474,2026-01-12,CUST72972,Mumbai,Restaurants,Wallet,73293.57
TXN000475,2026-06-16,CUST22365,Indore,Utilities,Credit Card,6332.71
TXN000476,2026-04-08,CUST89225,Visakhapatnam,Electronics,NetBanking,49285.45
TXN000477,2026-02-07,CUST19642,Chennai,Electronics,Wallet,11692.82
TXN000478,2026-02-12,CUST88152,Indore,Utilities,UPI,72168.71
TXN000479,2026-01-01,CUST82887,Pune,Healthcare,Debit Card,26241.36
TXN000480,2026-01-31,CUST88080,LUCKNOW,Fuel,UPI,16824.12
TXN000481,2026-05-23,CUST87767,Hyderabad,Fuel,NetBanking,39079.71
TXN000482,2026-03-05,CUST16375,Jaipur,Fashion,Credit Card,40504.8
TXN000483,2026-06-03,CUST57555,Nagpur,Utilities,UPI,66012.39
TXN000484,2026-06-11,CUST50659,DELHI,Healthcare,NetBanking,17781.68
TXN000485,2026-01-19,CUST79338,chennai,Healthcare,Debit Card,71591.6
TXN000486,2026-03-19,CUST31871,Indore,Electronics,Credit Card,61583.76
TXN000487,2026-02-06,CUST27895,nagpur,Utilities,Credit Card,64556.04
TXN000488,2026-06-15,CUST38500,CHENNAI,Restaurants,Debit Card,22309.94
TXN000489,2026-01-09,CUST39111,JAIPUR,Grocery,Debit Card,30047.27
TXN000490,2026-03-27,CUST76294, Indore ,Restaurants,UPI,63714.61
TXN000491,2026-02-22,CUST83848,Visakhapatnam,Travel,NetBanking,12391.36
TXN000492,2026-02-19,CUST53198,chennai,Grocery,Wallet,82460.13
TXN000493,2026-04-25,CUST44638,Nagpur,Fuel,Wallet,13598.6
TXN000494,2026-04-08,CUST99422,Coimbatore,Fashion,Credit Card,71835.31
TXN000495,2026-06-23,CUST62494,Lucknow,Travel,Wallet,81889.28
TXN000496,2026-02-12,CUST62175,Delhi,Grocery,UPI,62179.77
TXN000497,2026-02-16,CUST21116, Kolkata ,Grocery,NetBanking,48703.15
TXN000498,2026-04-21,CUST76552, Indore ,Grocery,Credit Card,42771.71
TXN000499,2026-04-01,CUST23601,coimbatore,Fuel,UPI,20299.42
TXN000500,2026-05-04,CUST84957, Visakhapatnam ,Travel,UPI,71886.27
TXN000501,2026-02-11,CUST84692,Coimbatore,Utilities,UPI,7959.17
TXN000502,2026-03-31,CUST99449,Jaipur,Grocery,UPI,17023.12
TXN000503,2026-03-28,CUST86962,Vijayawada,Travel,NetBanking,47995.14
TXN000504,2026-02-10,CUST94964,Indore,Travel,Credit Card,57475.92
TXN000505,2026-03-16,CUST18313,jaipur,Electronics,Credit Card,80351.46
TXN000506,2026-03-23,CUST87660,Indore,Travel,Debit Card,42248.78
TXN000507,2026-02-23,CUST87858,vijayawada,Travel,Debit Card,38893.8
TXN000508,2026-02-26,CUST79395,Jaipur,Fashion,Wallet,71821.52
TXN000509,2026-03-15,CUST98375,Coimbatore,Restaurants,UPI,15505.16
TXN000510,2026-03-27,CUST49223,NAGPUR,Utilities,UPI,20690.14
TXN000511,2026-05-02,CUST84273,Bengaluru,Restaurants,UPI,52478.52
TXN000512,2026-01-24,CUST44276,Bengaluru,Fashion,Wallet,61863.89
TXN000513,2026-04-16,CUST71497,Nagpur,Grocery,Wallet,29691.5
TXN000514,2026-01-16,CUST20950,Chennai,Fashion,Credit Card,15307.0
TXN000515,2026-03-16,CUST84139,Delhi,Electronics,NetBanking,53720.23
TXN000516,2026-06-19,CUST21830,Pune,Restaurants,Debit Card,42740.88
TXN000517,2026-01-13,CUST40396,Mumbai,Fuel,UPI,34882.75
TXN000518,2026-01-29,CUST11517,Mumbai,Electronics,NetBanking,52153.25
TXN000519,2026-01-21,CUST73935,Jaipur,Fashion,UPI,17673.47
TXN000520,2026-06-15,CUST83434,Mumbai,Utilities,UPI,77393.98
TXN000521,2026-06-26,CUST62076, Delhi ,Grocery,Credit Card,34761.52
TXN000522,2026-05-21,CUST81882,Indore,Travel,Credit Card,69825.45
TXN000523,2026-03-07,CUST91437,mumbai,Travel,Credit Card,77360.56
TXN000524,2026-06-05,CUST62626,Delhi,Fashion,Wallet,72303.75
TXN000525,2026-05-01,CUST93978,Jaipur,Electronics,UPI,30911.93
TXN000526,2026-05-15,CUST45755,Nagpur,Travel,NetBanking,68785.95
TXN000527,2026-05-12,CUST18983,Vijayawada,Restaurants,NetBanking,66193.97
TXN000528,2026-02-09,CUST20608,Nagpur,Restaurants,Debit Card,76219.95
TXN000529,2026-01-21,CUST63300,delhi,Travel,Wallet,41283.23
TXN000530,2026-06-16,CUST45962, Lucknow ,Travel,Debit Card,12503.12
TXN000531,2026-01-04,CUST35579,Nagpur,Fuel,Credit Card,51603.03
TXN000532,2026-04-26,CUST81536,Indore,Utilities,Wallet,39615.2
TXN000533,2026-05-16,CUST69243,Delhi,Fashion,NetBanking,10063.97
TXN000534,2026-06-11,CUST36132,Lucknow,Grocery,NetBanking,27725.9
TXN000535,2026-06-07,CUST54659,Kolkata,Fashion,Credit Card,35831.14
TXN000536,2026-02-23,CUST53227,Lucknow,Travel,Credit Card,44775.69
TXN000537,2026-06-12,CUST98271,coimbatore,Fuel,NetBanking,83916.54
TXN000538,2026-05-02,CUST78379,Coimbatore,Fuel,Credit Card,12556.7
TXN000539,2026-06-04,CUST83641,VISAKHAPATNAM,Restaurants,Wallet,18133.14
TXN000540,2026-05-06,CUST40256,Kolkata,Electronics,Debit Card,35598.95
TXN000541,2026-04-23,CUST75707,Lucknow,Restaurants,NetBanking,59930.01
TXN000542,2026-04-15,CUST73210,Visakhapatnam,Restaurants,UPI,40169.56
TXN000543,2026-03-05,CUST84008,Jaipur,Travel,Credit Card,73387.79
TXN000544,2026-01-11,CUST14273,Indore,Healthcare,Credit Card,6909.8
TXN000545,2026-01-06,CUST51945,Kolkata,Restaurants,Wallet,30504.88
TXN000546,2026-05-16,CUST18916,Mumbai,Restaurants,UPI,29635.07
TXN000547,2026-01-08,CUST93787,Visakhapatnam,Travel,Credit Card,23358.7
TXN000548,2026-05-23,CUST41816,lucknow,Fashion,Credit Card,47363.13
TXN000549,2026-03-25,CUST68817,Mumbai,Utilities,UPI,76613.16
TXN000550,2026-02-11,CUST26604,Lucknow,Healthcare,UPI,7219.67
TXN000551,2026-01-20,CUST47884,Coimbatore,Electronics,Debit Card,74921.81
TXN000552,2026-03-18,CUST92234,Coimbatore,Fashion,Debit Card,45551.84
TXN000553,2026-04-03,CUST30404,Visakhapatnam,Electronics,NetBanking,49056.21
TXN000554,2026-05-30,CUST77744,Jaipur,Utilities,Credit Card,5826.86
TXN000555,2026-06-10,CUST27017,Lucknow,Travel,NetBanking,32624.4
TXN000556,2026-05-03,CUST97416,delhi,Fashion,NetBanking,14497.0
TXN000557,2026-02-03,CUST75497,Indore,Travel,Credit Card,13704.02
TXN000558,2026-04-11,CUST16535, Pune ,Restaurants,UPI,30323.08
TXN000559,2026-03-13,CUST15808,Visakhapatnam,Fuel,UPI,38126.72
TXN000560,2026-01-01,CUST97284,HYDERABAD,Travel,NetBanking,76283.93
TXN000561,2026-06-05,CUST94411,Mumbai,Fuel,NetBanking,43209.75
TXN000562,2026-05-04,CUST51000,Hyderabad,Utilities,UPI,25507.33
TXN000563,2026-03-03,CUST27739,Lucknow,Fuel,UPI,8531.48
TXN000564,2026-05-20,CUST96544,Nagpur,Utilities,NetBanking,6990.32
TXN000565,2026-04-03,CUST16181,Nagpur,Utilities,NetBanking,10319.92
TXN000566,2026-03-31,CUST81050,Hyderabad,Utilities,NetBanking,74257.01
TXN000567,2026-06-27,CUST57746,Coimbatore,Electronics,Debit Card,81346.88
TXN000568,2026-02-23,CUST50296,Pune,Utilities,UPI,40041.05
TXN000569,2026-02-15,CUST83987,Coimbatore,Grocery,Credit Card,35867.12
TXN000570,2026-06-19,CUST14466,CHENNAI,Grocery,NetBanking,19648.57
TXN000571,2026-04-28,CUST39875, Mumbai ,Travel,Debit Card,77717.13
TXN000572,2026-01-07,CUST82585,Kolkata,Travel,Credit Card,47929.09
TXN000573,2026-02-08,CUST47764,Chennai,Fashion,Debit Card,44649.29
TXN000574,2026-06-09,CUST39951,Vijayawada,Fuel,Debit Card,10016.17
TXN000575,2026-01-02,CUST69455,Nagpur,Travel,Wallet,68206.93
TXN000576,2026-04-26,CUST43334, Delhi ,Restaurants,UPI,35454.54
TXN000577,2026-02-19,CUST19835,Nagpur,Fuel,Debit Card,73070.26
TXN000578,2026-04-28,CUST79399,HYDERABAD,Fuel,UPI,28748.5
TXN000579,2026-02-16,CUST89587,Pune,Fashion,Credit Card,7444.95
TXN000580,2026-04-18,CUST14953,Visakhapatnam,Travel,UPI,69594.7
TXN000581,2026-01-07,CUST55479,Kolkata,Travel,UPI,47526.18
TXN000582,2026-04-02,CUST71078,Visakhapatnam,Healthcare,Debit Card,82178.15
TXN000583,2026-03-10,CUST82897,Visakhapatnam,Grocery,Debit Card,58698.02
TXN000584,2026-05-27,CUST89476,Bengaluru,Utilities,NetBanking,69979.93
TXN000585,2026-06-24,CUST62186,Delhi,Restaurants,Wallet,69632.85
TXN000586,2026-06-15,CUST19797,Pune,Electronics,UPI,65466.12
TXN000587,2026-05-21,CUST89336,Indore,Fashion,Credit Card,55602.91
TXN000588,2026-04-07,CUST43870,Delhi,Electronics,Credit Card,25023.65
TXN000589,2026-02-23,CUST14053,KOLKATA,Fuel,UPI,32447.2
TXN000590,2026-05-14,CUST63669,NAGPUR,Utilities,Wallet,21881.03
TXN000591,2026-01-08,CUST18903,JAIPUR,Electronics,UPI,62514.0
TXN000592,2026-01-16,CUST64600,Visakhapatnam,Utilities,Debit Card,35828.91
TXN000593,2026-02-04,CUST73097,Lucknow,Grocery,NetBanking,31241.25
TXN000594,2026-01-05,CUST73588,Hyderabad,Fuel,Debit Card,77008.46
TXN000595,2026-02-09,CUST60119,JAIPUR,Fuel,Credit Card,11904.28
TXN000596,2026-04-28,CUST77256,Vijayawada,Electronics,UPI,66066.31
TXN000597,2026-05-19,CUST34778,pune,Grocery,UPI,72271.67
TXN000598,2026-04-30,CUST84368,Pune,Grocery,Debit Card,66957.47
TXN000599,2026-06-06,CUST96541,Nagpur,Fashion,Credit Card,30155.07
TXN000600,2026-04-30,CUST89719,JAIPUR,Fashion,Wallet,33182.52
TXN000601,2026-01-05,CUST81058,Indore,Electronics,Wallet,66371.37
TXN000602,2026-03-28,CUST81243,Jaipur,Restaurants,Wallet,33779.74
TXN000603,2026-01-20,CUST23069,Delhi,Utilities,UPI,33478.0
TXN000604,2026-04-30,CUST91265,Coimbatore,Electronics,Debit Card,38362.79
TXN000605,2026-04-28,CUST53543,delhi,Travel,Credit Card,10726.19
TXN000606,2026-06-21,CUST98072,Lucknow,Electronics,Debit Card,71783.39
TXN000607,2026-05-12,CUST35946, Hyderabad ,Travel,Credit Card,43072.13
TXN000608,2026-05-10,CUST82082,Chennai,Restaurants,Debit Card,69886.29
TXN000609,2026-04-19,CUST86132,Vijayawada,Restaurants,UPI,20057.96
TXN000610,2026-02-17,CUST18350,Bengaluru,Grocery,NetBanking,45624.79
TXN000611,2026-05-13,CUST90299,Coimbatore,Healthcare,Wallet,57389.67
TXN000612,2026-04-23,CUST23376, Pune ,Grocery,NetBanking,62863.79
TXN000613,2026-01-31,CUST86665,coimbatore,Healthcare,Debit Card,64059.68
TXN000614,2026-02-18,CUST96461,indore,Restaurants,Credit Card,5281.86
TXN000615,2026-05-05,CUST60610,DELHI,Electronics,Wallet,67657.68
TXN000616,2026-05-27,CUST68431,Mumbai,Healthcare,Credit Card,42397.66
TXN000617,2026-06-22,CUST10261,VISAKHAPATNAM,Travel,Debit Card,83363.81
TXN000618,2026-04-21,CUST69090,Bengaluru,Electronics,Wallet,55099.11
TXN000619,2026-04-26,CUST93947,Visakhapatnam,Restaurants,Credit Card,56643.49
TXN000620,2026-05-24,CUST45781,Kolkata,Travel,Credit Card,12940.62
TXN000621,2026-06-01,CUST30468,Pune,Fashion,NetBanking,2538.75
TXN000622,2026-03-06,CUST25051,Jaipur,Utilities,Debit Card,39513.63
TXN000623,2026-02-26,CUST49401,Pune,Electronics,Debit Card,55291.59
TXN000624,2026-01-31,CUST62391, Mumbai ,Utilities,NetBanking,57838.23
TXN000625,2026-02-01,CUST32633,Jaipur,Grocery,UPI,28513.6
TXN000626,2026-05-28,CUST94054,Pune,Healthcare,Debit Card,3222.55
TXN000627,2026-06-20,CUST77925,jaipur,Restaurants,Wallet,72784.16
TXN000628,2026-04-29,CUST46347,Indore,Fuel,UPI,65466.81
TXN000629,2026-03-12,CUST68132,Hyderabad,Fashion,Credit Card,62580.34
TXN000630,2026-05-15,CUST32949,Nagpur,Restaurants,NetBanking,15699.85
TXN000631,2026-03-21,CUST72796,Pune,Fuel,Credit Card,72044.51
TXN000632,2026-06-24,CUST31414,Kolkata,Electronics,UPI,2579.89
TXN000633,2026-05-07,CUST30994,Kolkata,Healthcare,Debit Card,26177.5
TXN000634,2026-03-23,CUST26612,INDORE,Fashion,Debit Card,14826.0
TXN000635,2026-06-11,CUST41932,Nagpur,Electronics,Debit Card,60336.3
TXN000636,2026-02-10,CUST66106,Pune,Grocery,Debit Card,40987.78
TXN000637,2026-01-19,CUST16149,kolkata,Fuel,Credit Card,30040.59
TXN000638,2026-05-07,CUST69671,Nagpur,Fashion,UPI,73019.0
TXN000639,2026-05-16,CUST55909,Indore,Healthcare,NetBanking,55005.79
TXN000640,2026-05-06,CUST80862,Coimbatore,Travel,Debit Card,8283.66
TXN000641,2026-06-22,CUST87262,Delhi,Healthcare,Credit Card,10227.36
TXN000642,2026-02-06,CUST95768,Bengaluru,Grocery,UPI,23630.6
TXN000643,2026-01-31,CUST54927,Jaipur,Restaurants,Wallet,33070.27
TXN000644,2026-03-05,CUST84782,coimbatore,Travel,Credit Card,6392.42
TXN000645,2026-04-05,CUST18054,HYDERABAD,Utilities,NetBanking,44885.73
TXN000646,2026-02-16,CUST49509,COIMBATORE,Healthcare,Debit Card,18128.56
TXN000647,2026-01-17,CUST17662,DELHI,Fuel,Wallet,54601.07
TXN000648,2026-04-18,CUST64265,Visakhapatnam,Restaurants,Wallet,47165.63
TXN000649,2026-06-16,CUST41247,vijayawada,Healthcare,UPI,78711.51
TXN000650,2026-03-25,CUST47792,visakhapatnam,Utilities,UPI,14988.48
TXN000651,2026-05-29,CUST49163, Vijayawada ,Utilities,UPI,3193.5
TXN000652,2026-01-15,CUST81686,Coimbatore,Fuel,Debit Card,27215.94
TXN000653,2026-05-03,CUST36031,Delhi,Healthcare,Debit Card,82881.69
TXN000654,2026-05-01,CUST65780,Kolkata,Travel,UPI,1834.77
TXN000655,2026-03-08,CUST57901,Pune,Travel,Credit Card,14114.39
TXN000656,2026-04-23,CUST71944,COIMBATORE,Electronics,NetBanking,39299.59
TXN000657,2026-01-02,CUST38625, Nagpur ,Grocery,NetBanking,24728.86
TXN000658,2026-01-04,CUST26488,Bengaluru,Electronics,UPI,63816.54
TXN000659,2026-06-22,CUST99912,Lucknow,Travel,NetBanking,29716.66
TXN000660,2026-03-09,CUST11614,pune,Restaurants,Credit Card,28820.02
TXN000661,2026-02-28,CUST54561,JAIPUR,Utilities,NetBanking,58243.3
TXN000662,2026-04-10,CUST24463,Coimbatore,Restaurants,Credit Card,9379.14
TXN000663,2026-02-20,CUST93688,Mumbai,Travel,Wallet,49562.01
TXN000664,2026-03-09,CUST41554,NAGPUR,Travel,UPI,42693.65
TXN000665,2026-03-25,CUST49856,Delhi,Electronics,Debit Card,4597.9
TXN000666,2026-06-04,CUST83820,Lucknow,Travel,Wallet,48456.04
TXN000667,2026-04-10,CUST18189,Visakhapatnam,Healthcare,Debit Card,80854.89
TXN000668,2026-03-04,CUST87871,Indore,Utilities,UPI,24636.99
TXN000669,2026-03-11,CUST76857,Visakhapatnam,Fashion,Debit Card,79210.07
TXN000670,2026-06-25,CUST51833,Jaipur,Fashion,NetBanking,27576.48
TXN000671,2026-05-16,CUST43565, Indore ,Utilities,UPI,44915.65
TXN000672,2026-06-30,CUST43635,Nagpur,Grocery,UPI,33110.52
TXN000673,2026-04-19,CUST13414,mumbai,Utilities,Wallet,22348.06
TXN000674,2026-02-19,CUST92122,Vijayawada,Travel,UPI,70390.71
TXN000675,2026-05-02,CUST14032,delhi,Utilities,UPI,12874.13
TXN000676,2026-05-06,CUST13145,Visakhapatnam,Restaurants,Credit Card,9424.56
TXN000677,2026-01-11,CUST84117,Visakhapatnam,Grocery,Credit Card,23843.75
TXN000678,2026-01-25,CUST42780,Visakhapatnam,Utilities,Debit Card,65397.29
TXN000679,2026-05-08,CUST38969,Chennai,Restaurants,Debit Card,68649.96
TXN000680,2026-01-06,CUST84065,Kolkata,Travel,Wallet,29520.79
TXN000681,2026-05-04,CUST51278,Chennai,Electronics,Debit Card,50783.57
TXN000682,2026-05-10,CUST21749,Lucknow,Grocery,UPI,14656.73
TXN000683,2026-05-09,CUST66908,kolkata,Travel,NetBanking,11011.31
TXN000684,2026-04-12,CUST37550,Nagpur,Fashion,Debit Card,60004.2
TXN000685,2026-05-30,CUST27255,delhi,Fashion,UPI,60129.64
TXN000686,2026-05-14,CUST48163,Pune,Grocery,Debit Card,78279.18
TXN000687,2026-05-30,CUST47180,Hyderabad,Fashion,UPI,79347.77
TXN000688,2026-06-05,CUST82767,Nagpur,Restaurants,NetBanking,30915.37
TXN000689,2026-01-07,CUST38584,Mumbai,Grocery,UPI,61538.56
TXN000690,2026-06-14,CUST21359,Mumbai,Restaurants,UPI,32117.46
TXN000691,2026-05-22,CUST94559,Jaipur,Utilities,Credit Card,67124.07
TXN000692,2026-06-21,CUST98634,Pune,Healthcare,Debit Card,1366.12
TXN000693,2026-01-19,CUST41834,Bengaluru,Fashion,NetBanking,11988.74
TXN000694,2026-01-08,CUST42648,Hyderabad,Healthcare,UPI,82174.27
TXN000695,2026-01-01,CUST26235,lucknow,Healthcare,Debit Card,58936.13
TXN000696,2026-03-16,CUST14714, Mumbai ,Fuel,Debit Card,4137.8
TXN000697,2026-04-28,CUST19085,Jaipur,Restaurants,NetBanking,11964.47
TXN000698,2026-02-14,CUST13501,nagpur,Healthcare,NetBanking,17965.67
TXN000699,2026-06-27,CUST46124,visakhapatnam,Restaurants,UPI,84403.79
TXN000700,2026-06-20,CUST58237,VISAKHAPATNAM,Grocery,Wallet,62350.6
TXN000701,2026-06-29,CUST59982, Mumbai ,Utilities,Debit Card,53500.04
TXN000702,2026-06-08,CUST14824,Pune,Electronics,Credit Card,80031.98
TXN000703,2026-05-04,CUST66289,bengaluru,Grocery,Credit Card,66823.3
TXN000704,2026-02-09,CUST50498, Indore ,Travel,UPI,43406.37
TXN000705,2026-03-10,CUST83607, Indore ,Fuel,Credit Card,23452.92
TXN000706,2026-04-21,CUST51722,Bengaluru,Travel,UPI,33454.89
TXN000707,2026-01-25,CUST85445,indore,Electronics,NetBanking,50863.64
TXN000708,2026-02-15,CUST84640,Bengaluru,Electronics,Debit Card,40928.6
TXN000709,2026-05-11,CUST63220,Vijayawada,Grocery,Debit Card,62360.86
TXN000710,2026-04-19,CUST35297,BENGALURU,Travel,Credit Card,74511.16
TXN000711,2026-01-06,CUST27158,Mumbai,Electronics,Debit Card,67664.1
TXN000712,2026-06-16,CUST69456,Vijayawada,Fuel,NetBanking,17536.02
TXN000713,2026-06-09,CUST91427,Mumbai,Grocery,Credit Card,75640.31
TXN000714,2026-01-03,CUST94242,Coimbatore,Restaurants,Debit Card,66013.29
TXN000715,2026-03-25,CUST64839,MUMBAI,Fuel,NetBanking,69388.28
TXN000716,2026-03-26,CUST24633,Hyderabad,Electronics,NetBanking,36802.7
TXN000717,2026-06-26,CUST92391,Coimbatore,Grocery,UPI,12839.76
TXN000718,2026-05-24,CUST21365,Vijayawada,Fashion,Credit Card,65334.88
TXN000719,2026-02-01,CUST50750,delhi,Travel,Debit Card,66322.53
TXN000720,2026-02-09,CUST87862,hyderabad,Fashion,Debit Card,16946.98
TXN000721,2026-04-07,CUST95465, Jaipur ,Healthcare,NetBanking,18980.6
TXN000722,2026-06-05,CUST14418,mumbai,Fashion,Credit Card,53387.47
TXN000723,2026-03-19,CUST85995,chennai,Fashion,UPI,78188.96
TXN000724,2026-01-21,CUST39594,Kolkata,Fuel,Credit Card,21154.98
TXN000725,2026-04-08,CUST27188,Visakhapatnam,Electronics,UPI,54884.92
TXN000726,2026-02-09,CUST46969,Vijayawada,Electronics,UPI,34707.69
TXN000727,2026-01-29,CUST75299,Jaipur,Fuel,Debit Card,27123.35
TXN000728,2026-01-28,CUST59013,Kolkata,Utilities,UPI,26585.03
TXN000729,2026-06-14,CUST72499,Chennai,Fuel,UPI,32913.48
TXN000730,2026-04-10,CUST46359,Nagpur,Healthcare,Wallet,55161.2
TXN000731,2026-02-27,CUST48694,nagpur,Restaurants,Debit Card,48170.7
TXN000732,2026-06-24,CUST21936,Vijayawada,Healthcare,NetBanking,57115.34
TXN000733,2026-01-20,CUST44395,Chennai,Electronics,NetBanking,79480.29
TXN000734,2026-05-21,CUST10028,KOLKATA,Fuel,UPI,28993.22
TXN000735,2026-04-29,CUST77881,Visakhapatnam,Fashion,NetBanking,26614.74
TXN000736,2026-01-13,CUST98648,Coimbatore,Restaurants,NetBanking,54087.96
TXN000737,2026-04-11,CUST65422, Lucknow ,Fuel,Debit Card,45342.86
TXN000738,2026-02-26,CUST13215,lucknow,Utilities,Credit Card,2556.6
TXN000739,2026-01-24,CUST86767,Coimbatore,Fuel,Wallet,48877.67
TXN000740,2026-06-04,CUST81645,Delhi,Healthcare,Wallet,3645.79
TXN000741,2026-05-21,CUST45597,Coimbatore,Restaurants,Debit Card,39784.51
TXN000742,2026-06-05,CUST16178,pune,Healthcare,Credit Card,68469.91
TXN000743,2026-04-02,CUST91530,Pune,Fuel,Credit Card,57059.92
TXN000744,2026-03-29,CUST45274,Visakhapatnam,Utilities,Wallet,18562.92
TXN000745,2026-01-12,CUST15678,Vijayawada,Electronics,UPI,15253.09
TXN000746,2026-04-03,CUST88562,Indore,Restaurants,UPI,72080.05
TXN000747,2026-04-09,CUST39743,vijayawada,Utilities,Wallet,10966.7
TXN000748,2026-05-16,CUST34011,Visakhapatnam,Travel,NetBanking,33302.98
TXN000749,2026-04-30,CUST80517,Coimbatore,Fashion,Credit Card,49788.87
TXN000750,2026-04-12,CUST15358,Vijayawada,Grocery,Wallet,53636.0
TXN000751,2026-04-11,CUST94948,Lucknow,Fuel,Wallet,22375.4
TXN000752,2026-03-27,CUST72844,Lucknow,Fuel,Wallet,17577.57
TXN000753,2026-05-21,CUST67325,Pune,Utilities,UPI,75018.74
TXN000754,2026-01-05,CUST97996, Indore ,Electronics,UPI,49176.97
TXN000755,2026-03-21,CUST27967,CHENNAI,Electronics,NetBanking,45821.02
TXN000756,2026-04-27,CUST55796,Nagpur,Travel,UPI,82227.66
TXN000757,2026-06-12,CUST88651,NAGPUR,Utilities,Wallet,71842.09
TXN000758,2026-01-31,CUST30638,Vijayawada,Fashion,Credit Card,28173.56
TXN000759,2026-01-10,CUST73592,Delhi,Fashion,Debit Card,16981.87
TXN000760,2026-03-29,CUST88938,Jaipur,Electronics,Wallet,24864.91
TXN000761,2026-05-28,CUST71000,LUCKNOW,Healthcare,Debit Card,83055.25
TXN000762,2026-02-27,CUST27546,Lucknow,Healthcare,UPI,10273.6
TXN000763,2026-06-20,CUST82898,Bengaluru,Grocery,UPI,27743.11
TXN000764,2026-02-09,CUST36074,LUCKNOW,Healthcare,NetBanking,83711.12
TXN000765,2026-05-18,CUST87179,Chennai,Fashion,NetBanking,46630.65
TXN000766,2026-04-06,CUST44316, Jaipur ,Travel,Credit Card,80435.35
TXN000767,2026-03-22,CUST94233,Hyderabad,Electronics,Debit Card,51275.6
TXN000768,2026-06-26,CUST81131,Vijayawada,Utilities,Credit Card,24655.69
TXN000769,2026-05-05,CUST76863,Visakhapatnam,Electronics,Wallet,60725.99
TXN000770,2026-02-05,CUST42744,Coimbatore,Healthcare,Debit Card,48345.13
TXN000771,2026-05-07,CUST19735,Nagpur,Restaurants,NetBanking,2818.15
TXN000772,2026-06-01,CUST51287,mumbai,Fuel,Credit Card,44229.56
TXN000773,2026-04-27,CUST60010,Vijayawada,Fashion,UPI,82526.32
TXN000774,2026-02-22,CUST35467,Visakhapatnam,Travel,Wallet,70989.48
TXN000775,2026-05-22,CUST52307,Pune,Healthcare,UPI,14818.74
TXN000776,2026-02-22,CUST14545,Hyderabad,Electronics,NetBanking,50127.27
TXN000777,2026-02-27,CUST20443,Kolkata,Healthcare,Debit Card,58666.63
TXN000778,2026-02-24,CUST49448,Lucknow,Travel,UPI,83121.21
TXN000779,2026-05-17,CUST85427,Visakhapatnam,Utilities,NetBanking,36415.82
TXN000780,2026-02-18,CUST98063,Mumbai,Fuel,UPI,41879.95
TXN000781,2026-05-18,CUST69656,HYDERABAD,Travel,Credit Card,1987.8
TXN000782,2026-06-02,CUST39970,Kolkata,Fashion,Wallet,15954.88
TXN000783,2026-06-08,CUST32277,Nagpur,Travel,UPI,57682.54
TXN000784,2026-06-15,CUST32141,Indore,Electronics,Wallet,46074.14
TXN000785,2026-03-28,CUST13782,Bengaluru,Travel,Wallet,51844.5
TXN000786,2026-06-22,CUST30053,KOLKATA,Restaurants,Wallet,23214.33
TXN000787,2026-05-07,CUST45249,Pune,Grocery,Credit Card,2961.1
TXN000788,2026-01-05,CUST65535, Nagpur ,Grocery,Wallet,13980.83
TXN000789,2026-01-13,CUST80005,Bengaluru,Restaurants,Credit Card,23932.72
TXN000790,2026-05-07,CUST58973,Mumbai,Grocery,Wallet,79761.57
TXN000791,2026-05-24,CUST98461,DELHI,Travel,Debit Card,10142.01
TXN000792,2026-04-02,CUST65884,Delhi,Fuel,Debit Card,63612.46
TXN000793,2026-01-12,CUST91143, Pune ,Grocery,Credit Card,30537.07
TXN000794,2026-05-23,CUST27433,Kolkata,Utilities,UPI,79505.87
TXN000795,2026-02-13,CUST36525,Vijayawada,Healthcare,NetBanking,67155.93
TXN000796,2026-03-25,CUST41221,delhi,Electronics,Wallet,31686.61
TXN000797,2026-02-01,CUST51541,Chennai,Grocery,Credit Card,282.65
TXN000798,2026-04-27,CUST13779,Jaipur,Electronics,UPI,78769.65
TXN000799,2026-06-09,CUST81521,Mumbai,Restaurants,UPI,16128.38
TXN000800,2026-02-17,CUST68679,VISAKHAPATNAM,Travel,Wallet,25919.3
TXN000801,2026-01-08,CUST21666,Vijayawada,Fuel,NetBanking,78066.75
TXN000802,2026-04-07,CUST87257,Vijayawada,Grocery,Debit Card,36702.82
TXN000803,2026-01-01,CUST72106,Kolkata,Fuel,NetBanking,34931.05
TXN000804,2026-02-23,CUST75840,Nagpur,Restaurants,Credit Card,53478.17
TXN000805,2026-04-02,CUST69434,Kolkata,Restaurants,Credit Card,13859.39
TXN000806,2026-02-18,CUST92380,Lucknow,Fuel,Debit Card,68661.93
TXN000807,2026-02-24,CUST57692,Delhi,Utilities,UPI,11839.42
TXN000808,2026-03-16,CUST41498,Vijayawada,Fashion,Debit Card,11424.88
TXN000809,2026-01-12,CUST65793,Chennai,Fashion,Credit Card,13559.26
TXN000810,2026-01-26,CUST26649,Kolkata,Fuel,Debit Card,39117.72
TXN000811,2026-05-04,CUST60006,Nagpur,Fashion,Wallet,11797.42
TXN000812,2026-03-04,CUST35009,Bengaluru,Fuel,NetBanking,81131.11
TXN000813,2026-03-26,CUST82241,hyderabad,Electronics,Wallet,74281.67
TXN000814,2026-05-19,CUST48404,Chennai,Fuel,Wallet,76747.41
TXN000815,2026-03-07,CUST56389,Chennai,Restaurants,NetBanking,45031.43
TXN000816,2026-03-07,CUST93486,Kolkata,Grocery,Credit Card,37963.83
TXN000817,2026-04-17,CUST38560, Mumbai ,Fuel,Credit Card,73394.14
TXN000818,2026-03-26,CUST15392,vijayawada,Grocery,NetBanking,24600.65
TXN000819,2026-05-18,CUST62023,Nagpur,Restaurants,UPI,73081.21
TXN000820,2026-06-05,CUST36421,Pune,Grocery,Debit Card,52446.93
TXN000821,2026-03-07,CUST43461,Indore,Fashion,Wallet,19502.74
TXN000822,2026-01-27,CUST79688, Jaipur ,Grocery,Wallet,18271.07
TXN000823,2026-01-27,CUST61602,Hyderabad,Electronics,UPI,5698.74
TXN000824,2026-04-14,CUST16198,Lucknow,Electronics,Wallet,4286.37
TXN000825,2026-06-09,CUST35589,mumbai,Travel,Credit Card,63058.49
TXN000826,2026-01-01,CUST11263,chennai,Restaurants,Credit Card,57895.78
TXN000827,2026-04-26,CUST87369,Vijayawada,Fashion,Debit Card,41448.8
TXN000828,2026-06-30,CUST98996,Visakhapatnam,Restaurants,Credit Card,22984.11
TXN000829,2026-04-28,CUST87496,PUNE,Travel,UPI,57339.99
TXN000830,2026-03-05,CUST92357,Hyderabad,Restaurants,Wallet,40948.04
TXN000831,2026-03-04,CUST67849,Jaipur,Utilities,UPI,8420.85
TXN000832,2026-06-16,CUST92726,Delhi,Utilities,NetBanking,61460.3
TXN000833,2026-05-30,CUST10458, Coimbatore ,Healthcare,UPI,62499.95
TXN000834,2026-01-31,CUST84342, Indore ,Electronics,Wallet,63653.51
TXN000835,2026-03-03,CUST41537,Vijayawada,Utilities,Wallet,71740.65
TXN000836,2026-01-03,CUST29123,Chennai,Grocery,Debit Card,11219.81
TXN000837,2026-06-26,CUST27848,INDORE,Healthcare,Debit Card,66942.35
TXN000838,2026-02-28,CUST70021,Jaipur,Utilities,Wallet,22014.04
TXN000839,2026-04-02,CUST36095,KOLKATA,Fuel,Debit Card,15562.73
TXN000840,2026-06-13,CUST25717,Pune,Fashion,Debit Card,51125.51
TXN000841,2026-05-25,CUST55672,NAGPUR,Fuel,Wallet,4126.32
TXN000842,2026-06-29,CUST23555,Hyderabad,Electronics,Wallet,62777.81
TXN000843,2026-02-22,CUST12899,Kolkata,Restaurants,Wallet,77236.02
TXN000844,2026-04-18,CUST20440,Vijayawada,Fashion,Credit Card,80773.53
TXN000845,2026-03-13,CUST30640,NAGPUR,Restaurants,Credit Card,4173.63
TXN000846,2026-05-05,CUST69061, Lucknow ,Electronics,NetBanking,26765.19
TXN000847,2026-02-11,CUST80580,JAIPUR,Grocery,UPI,39421.82
TXN000848,2026-05-31,CUST39672,bengaluru,Fuel,NetBanking,53410.72
TXN000849,2026-04-14,CUST26538,lucknow,Grocery,Credit Card,11537.0
TXN000850,2026-05-18,CUST43999, Pune ,Grocery,Credit Card,33983.98
TXN000851,2026-02-26,CUST82306,Hyderabad,Fashion,UPI,23706.55
TXN000852,2026-05-14,CUST31922,Coimbatore,Grocery,Credit Card,63762.84
TXN000853,2026-01-14,CUST17969,LUCKNOW,Fashion,UPI,45901.03
TXN000854,2026-01-27,CUST49804,Bengaluru,Healthcare,UPI,68051.93
TXN000855,2026-06-12,CUST99386,Jaipur,Fuel,Wallet,77913.21
TXN000856,2026-04-21,CUST16137,Indore,Restaurants,Wallet,9540.18
TXN000857,2026-06-29,CUST27367,Kolkata,Travel,Wallet,1892.1
TXN000858,2026-04-06,CUST90478,Kolkata,Fashion,NetBanking,59047.01
TXN000859,2026-02-06,CUST52550,Lucknow,Fashion,Wallet,80681.46
TXN000860,2026-01-14,CUST92523,Pune,Restaurants,Debit Card,31890.7
TXN000861,2026-03-12,CUST88922,jaipur,Electronics,Debit Card,79841.23
TXN000862,2026-05-13,CUST11871,Hyderabad,Restaurants,UPI,75544.75
TXN000863,2026-05-05,CUST10917,coimbatore,Fashion,Credit Card,58378.34
TXN000864,2026-04-24,CUST55753,LUCKNOW,Fuel,UPI,16291.52
TXN000865,2026-05-16,CUST50866,Visakhapatnam,Healthcare,Wallet,78241.58
TXN000866,2026-02-18,CUST90333,Visakhapatnam,Fuel,Wallet,49518.34
TXN000867,2026-05-25,CUST41869, Kolkata ,Electronics,Wallet,19362.96
TXN000868,2026-06-27,CUST32978,HYDERABAD,Restaurants,UPI,47070.72
TXN000869,2026-05-02,CUST12734,Delhi,Grocery,Wallet,16047.39
TXN000870,2026-02-03,CUST10310,Kolkata,Electronics,NetBanking,71572.07
TXN000871,2026-05-10,CUST32022,HYDERABAD,Restaurants,Debit Card,47963.3
TXN000872,2026-01-13,CUST90686,VIJAYAWADA,Fashion,Credit Card,27371.22
TXN000873,2026-06-01,CUST64499,mumbai,Travel,Debit Card,71903.95
TXN000874,2026-01-01,CUST37855,Bengaluru,Grocery,Wallet,34694.0
TXN000875,2026-06-07,CUST98353, Nagpur ,Travel,Credit Card,47988.29
TXN000876,2026-01-18,CUST42877,Jaipur,Travel,Wallet,44850.13
TXN000877,2026-05-05,CUST24522,Kolkata,Electronics,UPI,3426.86
TXN000878,2026-05-17,CUST58867,Mumbai,Grocery,UPI,1418.32
TXN000879,2026-03-10,CUST77018,BENGALURU,Healthcare,Wallet,83503.6
TXN000880,2026-06-15,CUST72354,Chennai,Utilities,UPI,68664.13
TXN000881,2026-02-02,CUST95935,Coimbatore,Grocery,Wallet,78322.8
TXN000882,2026-01-28,CUST87585, Lucknow ,Healthcare,Wallet,35076.01
TXN000883,2026-04-22,CUST48720,Visakhapatnam,Electronics,Debit Card,44015.49
TXN000884,2026-04-21,CUST95941,Indore,Fuel,Wallet,23674.62
TXN000885,2026-02-04,CUST36267,Lucknow,Utilities,Wallet,23235.71
TXN000886,2026-01-11,CUST59834,VISAKHAPATNAM,Fashion,NetBanking,28018.48
TXN000887,2026-05-24,CUST73890, Chennai ,Travel,Credit Card,50001.72
TXN000888,2026-03-06,CUST82756,Mumbai,Grocery,Debit Card,245.57
TXN000889,2026-04-21,CUST25797,Coimbatore,Fuel,NetBanking,49187.9
TXN000890,2026-01-27,CUST27212,HYDERABAD,Healthcare,Credit Card,55474.57
TXN000891,2026-01-31,CUST98803,hyderabad,Grocery,Debit Card,61147.59
TXN000892,2026-06-25,CUST84398,Vijayawada,Healthcare,NetBanking,9967.93
TXN000893,2026-05-17,CUST30157,Delhi,Fuel,Debit Card,42747.98
TXN000894,2026-06-03,CUST32121,Jaipur,Electronics,UPI,41714.84
TXN000895,2026-01-17,CUST61363,Pune,Travel,Debit Card,72003.56
TXN000896,2026-01-16,CUST39485,Vijayawada,Grocery,NetBanking,84126.69
TXN000897,2026-03-21,CUST37174, Kolkata ,Electronics,Debit Card,35047.36
TXN000898,2026-01-20,CUST41685,Kolkata,Healthcare,Wallet,57362.15
TXN000899,2026-05-13,CUST35831,Visakhapatnam,Grocery,Wallet,53364.21
TXN000900,2026-04-11,CUST89007,Vijayawada,Electronics,Credit Card,36709.97
TXN000901,2026-03-26,CUST82150,Hyderabad,Travel,NetBanking,1885.04
TXN000902,2026-01-25,CUST62737,Nagpur,Travel,UPI,9019.04
TXN000903,2026-01-28,CUST15531,Delhi,Grocery,Debit Card,55063.84
TXN000904,2026-03-29,CUST76022,Coimbatore,Restaurants,NetBanking,42831.02
TXN000905,2026-05-03,CUST18683,MUMBAI,Fashion,Debit Card,53805.8
TXN000906,2026-04-18,CUST73737,Delhi,Restaurants,Wallet,15432.33
TXN000907,2026-05-12,CUST74575,Nagpur,Travel,Credit Card,59212.96
TXN000908,2026-04-15,CUST44896,pune,Fuel,Debit Card,40451.59
TXN000909,2026-06-28,CUST72430,Delhi,Utilities,NetBanking,47312.06
TXN000910,2026-01-29,CUST85734,pune,Restaurants,Wallet,19716.9
TXN000911,2026-05-30,CUST11651,Bengaluru,Fashion,Credit Card,68441.95
TXN000912,2026-03-31,CUST63295,hyderabad,Healthcare,Wallet,58817.22
TXN000913,2026-04-09,CUST22591,Nagpur,Healthcare,Credit Card,70626.84
TXN000914,2026-06-28,CUST50588,Coimbatore,Restaurants,Credit Card,32841.26
TXN000915,2026-06-25,CUST18071,Delhi,Travel,UPI,68864.11
TXN000916,2026-05-31,CUST59506,Vijayawada,Grocery,Wallet,65995.25
TXN000917,2026-05-04,CUST34921,VIJAYAWADA,Travel,Credit Card,84591.21
TXN000918,2026-01-17,CUST72710,Coimbatore,Healthcare,Credit Card,6615.37
TXN000919,2026-02-21,CUST88163, Hyderabad ,Restaurants,Credit Card,44125.92
TXN000920,2026-05-17,CUST52033,Hyderabad,Grocery,Wallet,82977.64
TXN000921,2026-06-09,CUST94255,Coimbatore,Utilities,NetBanking,4744.63
TXN000922,2026-01-17,CUST58397,Jaipur,Grocery,Debit Card,78040.44
TXN000923,2026-05-09,CUST40776,Delhi,Travel,NetBanking,6284.55
TXN000924,2026-01-11,CUST83028,Coimbatore,Healthcare,Credit Card,56093.17
TXN000925,2026-01-20,CUST41834, Lucknow ,Fashion,Credit Card,16545.5
TXN000926,2026-06-25,CUST60596,Nagpur,Fuel,Wallet,49625.86
TXN000927,2026-01-30,CUST27822,coimbatore,Utilities,NetBanking,63988.84
TXN000928,2026-02-25,CUST82710,Delhi,Travel,UPI,22351.31
TXN000929,2026-06-07,CUST18862,BENGALURU,Electronics,UPI,53479.34
TXN000930,2026-01-26,CUST27946,LUCKNOW,Fuel,Credit Card,41741.93
TXN000931,2026-03-23,CUST66557,Nagpur,Fuel,NetBanking,64944.26
TXN000932,2026-03-08,CUST47965, Delhi ,Fashion,NetBanking,78908.37
TXN000933,2026-06-11,CUST68745,Bengaluru,Travel,Credit Card,83984.91
TXN000934,2026-05-01,CUST24066,Kolkata,Utilities,Debit Card,15008.33
TXN000935,2026-03-16,CUST93953,Kolkata,Fashion,Credit Card,68277.96
TXN000936,2026-05-21,CUST34338,Bengaluru,Restaurants,Wallet,52395.72
TXN000937,2026-01-15,CUST87222,Mumbai,Utilities,Wallet,6636.83
TXN000938,2026-06-13,CUST18289,MUMBAI,Travel,Debit Card,401.99
TXN000939,2026-01-09,CUST28318,Coimbatore,Fashion,UPI,75449.87
TXN000940,2026-03-08,CUST35283,Jaipur,Electronics,Debit Card,49236.97
TXN000941,2026-04-18,CUST45666,Hyderabad,Restaurants,Debit Card,24217.86
TXN000942,2026-01-16,CUST56522,Jaipur,Fuel,Credit Card,37881.81
TXN000943,2026-04-04,CUST34361,Lucknow,Fuel,UPI,29989.5
TXN000944,2026-06-30,CUST61319,Coimbatore,Restaurants,NetBanking,79709.41
TXN000945,2026-04-07,CUST89297,DELHI,Travel,Wallet,9383.82
TXN000946,2026-05-20,CUST97765, Delhi ,Electronics,Credit Card,53705.44
TXN000947,2026-04-22,CUST47888,vijayawada,Travel,NetBanking,4361.45
TXN000948,2026-01-30,CUST97232,Mumbai,Travel,Credit Card,16529.46
TXN000949,2026-05-23,CUST74491,Vijayawada,Healthcare,Wallet,36908.99
TXN000950,2026-03-30,CUST64597,Mumbai,Travel,UPI,44585.01
TXN000951,2026-04-27,CUST24317,Coimbatore,Fashion,NetBanking,38520.56
TXN000952,2026-01-07,CUST42651,Jaipur,Electronics,Credit Card,16258.81
TXN000953,2026-06-29,CUST88204,Coimbatore,Electronics,UPI,68880.13
TXN000954,2026-03-23,CUST58625,Chennai,Fuel,NetBanking,47683.4
TXN000955,2026-04-03,CUST66476,Indore,Healthcare,Debit Card,59528.79
TXN000956,2026-01-20,CUST31881,Pune,Grocery,Wallet,39614.45
TXN000957,2026-01-01,CUST13878,Delhi,Travel,NetBanking,52380.56
TXN000958,2026-01-18,CUST73902,PUNE,Grocery,Credit Card,30151.6
TXN000959,2026-04-09,CUST77427,Mumbai,Restaurants,Credit Card,54171.86
TXN000960,2026-02-12,CUST63851,Pune,Fashion,Wallet,84780.25
TXN000961,2026-05-23,CUST81139, Mumbai ,Utilities,Credit Card,13656.22
TXN000962,2026-04-05,CUST97465,Indore,Fashion,Debit Card,72574.15
TXN000963,2026-02-06,CUST71546,Mumbai,Fashion,Debit Card,73975.99
TXN000964,2026-02-19,CUST16053,Kolkata,Fashion,NetBanking,27611.16
TXN000965,2026-06-04,CUST38234,Kolkata,Restaurants,Wallet,50930.85
TXN000966,2026-02-10,CUST34466,vijayawada,Utilities,NetBanking,26667.39
TXN000967,2026-02-17,CUST13137,mumbai,Healthcare,UPI,43962.56
TXN000968,2026-04-08,CUST31580, Indore ,Grocery,NetBanking,75248.77
TXN000969,2026-06-12,CUST46935,Indore,Utilities,Credit Card,76055.61
TXN000970,2026-01-24,CUST99564,coimbatore,Electronics,Wallet,54846.92
TXN000971,2026-05-30,CUST95562,Vijayawada,Travel,Debit Card,82040.71
TXN000972,2026-06-05,CUST47750,Visakhapatnam,Restaurants,UPI,36503.22
TXN000973,2026-01-01,CUST11183,COIMBATORE,Restaurants,Debit Card,28607.23
TXN000974,2026-03-22,CUST24200,Coimbatore,Fuel,Debit Card,55195.0
TXN000975,2026-05-10,CUST66828,Delhi,Utilities,UPI,61029.93
TXN000976,2026-06-30,CUST47981,Hyderabad,Fuel,Debit Card,74651.83
TXN000977,2026-03-05,CUST18841,Indore,Travel,Wallet,12311.36
TXN000978,2026-06-20,CUST66124,Bengaluru,Healthcare,Credit Card,54519.4
TXN000979,2026-02-24,CUST92055,DELHI,Healthcare,Debit Card,68654.72
TXN000980,2026-06-23,CUST95056,Coimbatore,Fashion,NetBanking,13918.9
TXN000981,2026-03-25,CUST19462,Visakhapatnam,Restaurants,Wallet,30291.49
TXN000982,2026-03-02,CUST95114,Hyderabad,Electronics,NetBanking,30733.86
TXN000983,2026-05-18,CUST58965,visakhapatnam,Grocery,Debit Card,39236.52
TXN000984,2026-05-02,CUST19600,Chennai,Fashion,Debit Card,84360.13
TXN000985,2026-02-27,CUST91647,Vijayawada,Utilities,Debit Card,53247.27
TXN000986,2026-06-27,CUST26604,Visakhapatnam,Utilities,Credit Card,64845.35
TXN000987,2026-06-12,CUST25574,Coimbatore,Healthcare,Credit Card,29685.29
TXN000988,2026-05-26,CUST32685,Vijayawada,Fashion,UPI,60422.79
TXN000989,2026-05-23,CUST68672,bengaluru,Fashion,Wallet,67474.78
TXN000990,2026-06-16,CUST59445,Jaipur,Restaurants,Wallet,74000.84
TXN000991,2026-05-19,CUST77683,Nagpur,Fashion,Credit Card,389.76
TXN000992,2026-01-03,CUST49569,COIMBATORE,Fuel,UPI,24667.51
TXN000993,2026-04-07,CUST59256,Hyderabad,Travel,Wallet,21506.99
TXN000994,2026-06-07,CUST80245,Delhi,Grocery,UPI,3944.51
TXN000995,2026-01-05,CUST74645,Delhi,Fashion,UPI,18739.1
TXN000996,2026-06-22,CUST73617,Lucknow,Grocery,Credit Card,76742.19
TXN000997,2026-06-15,CUST31811,Hyderabad,Grocery,Debit Card,7864.36
TXN000998,2026-04-14,CUST61208,Pune,Grocery,Debit Card,67936.49
TXN000999,2026-01-20,CUST57228,Mumbai,Healthcare,NetBanking,69847.2
TXN001000,2026-01-17,CUST66885,Lucknow,Electronics,Wallet,48607.15
TXN001001,2026-01-14,CUST12972, Lucknow ,Electronics,Wallet,40066.86
TXN001002,2026-04-22,CUST44574,Visakhapatnam,Utilities,Credit Card,22366.62
TXN001003,2026-02-15,CUST10416, Indore ,Grocery,Debit Card,53854.66
TXN001004,2026-05-25,CUST50488,Pune,Restaurants,Credit Card,66427.89
TXN001005,2026-03-02,CUST24151, Vijayawada ,Grocery,UPI,52177.93
TXN001006,2026-02-11,CUST18383,Nagpur,Fuel,UPI,21601.25
TXN001007,2026-04-25,CUST35882,Delhi,Utilities,NetBanking,75750.32
TXN001008,2026-04-09,CUST30797,Vijayawada,Fashion,UPI,16387.1
TXN001009,2026-05-26,CUST17730,Nagpur,Fashion,UPI,27746.95
TXN001010,2026-04-26,CUST18106,Lucknow,Travel,UPI,78959.5
TXN001011,2026-03-10,CUST39775,Hyderabad,Fashion,UPI,82093.61
TXN001012,2026-01-31,CUST14365,Coimbatore,Healthcare,Debit Card,82490.72
TXN001013,2026-06-04,CUST95512,chennai,Restaurants,Wallet,2996.27
TXN001014,2026-03-09,CUST52391,Vijayawada,Electronics,NetBanking,49960.89
TXN001015,2026-06-19,CUST85028,Delhi,Grocery,Debit Card,2561.53
TXN001016,2026-01-07,CUST16759,COIMBATORE,Travel,UPI,37055.58
TXN001017,2026-03-08,CUST22663, Visakhapatnam ,Electronics,NetBanking,17558.84
TXN001018,2026-01-05,CUST44642,Visakhapatnam,Utilities,Debit Card,74183.4
TXN001019,2026-03-31,CUST61818,Kolkata,Fuel,NetBanking,29509.96
TXN001020,2026-05-24,CUST17799,Indore,Fashion,Wallet,2387.49
TXN001021,2026-03-30,CUST60505,Coimbatore,Grocery,Debit Card,771.18
TXN001022,2026-04-26,CUST51374, Bengaluru ,Grocery,Debit Card,7795.96
TXN001023,2026-01-12,CUST59322,Lucknow,Electronics,Debit Card,73600.96
TXN001024,2026-03-26,CUST65350,JAIPUR,Fuel,Credit Card,65707.4
TXN001025,2026-05-14,CUST40883,VIJAYAWADA,Fashion,UPI,15799.99
TXN001026,2026-05-19,CUST97915,Kolkata,Restaurants,UPI,35866.42
TXN001027,2026-01-30,CUST49710,Pune,Healthcare,NetBanking,53904.5
TXN001028,2026-04-05,CUST38300,Hyderabad,Electronics,Wallet,72031.34
TXN001029,2026-03-10,CUST62033,Chennai,Grocery,Debit Card,65232.74
TXN001030,2026-01-26,CUST81043, Chennai ,Grocery,NetBanking,63902.54
TXN001031,2026-03-26,CUST76899,Delhi,Grocery,UPI,55228.9
TXN001032,2026-06-05,CUST34991,BENGALURU,Utilities,Debit Card,54077.57
TXN001033,2026-03-24,CUST79306,Kolkata,Travel,Credit Card,55328.06
TXN001034,2026-03-07,CUST49290, Vijayawada ,Travel,Credit Card,79403.59
TXN001035,2026-05-20,CUST17326,Jaipur,Utilities,Wallet,65277.66
TXN001036,2026-03-11,CUST79442,visakhapatnam,Grocery,UPI,28158.01
TXN001037,2026-05-09,CUST59939, Jaipur ,Travel,NetBanking,8317.38
TXN001038,2026-01-03,CUST63206,VIJAYAWADA,Electronics,Wallet,19777.5
TXN001039,2026-04-28,CUST61934,Mumbai,Restaurants,Wallet,20997.22
TXN001040,2026-05-23,CUST95935,LUCKNOW,Grocery,Debit Card,48937.29
TXN001041,2026-05-21,CUST15755,kolkata,Fashion,Credit Card,38967.26
TXN001042,2026-03-21,CUST55518,VIJAYAWADA,Travel,UPI,14451.84
TXN001043,2026-03-16,CUST20195,PUNE,Fashion,UPI,11267.68
TXN001044,2026-06-15,CUST29618,Pune,Restaurants,Debit Card,71341.03
TXN001045,2026-01-26,CUST36015,Nagpur,Restaurants,Debit Card,75963.58
TXN001046,2026-04-03,CUST10435,Pune,Fuel,UPI,54969.97
TXN001047,2026-02-09,CUST90490,Vijayawada,Utilities,Debit Card,39357.9
TXN001048,2026-01-08,CUST69228,Vijayawada,Fuel,NetBanking,43041.11
TXN001049,2026-03-21,CUST43634,Bengaluru,Travel,Credit Card,20220.59
TXN001050,2026-04-02,CUST11535,Visakhapatnam,Electronics,NetBanking,53726.3
TXN001051,2026-05-03,CUST37121,coimbatore,Restaurants,Debit Card,9821.48
TXN001052,2026-05-30,CUST88457,Chennai,Fuel,UPI,44752.8
TXN001053,2026-06-09,CUST87934,Vijayawada,Travel,Wallet,41245.85
TXN001054,2026-04-18,CUST54629,Indore,Utilities,Debit Card,66608.43
TXN001055,2026-06-05,CUST84170,Delhi,Fashion,NetBanking,53340.07
TXN001056,2026-03-31,CUST26545,Mumbai,Electronics,UPI,48408.51
TXN001057,2026-06-23,CUST84931,Jaipur,Grocery,NetBanking,74517.68
TXN001058,2026-05-17,CUST22498,Jaipur,Fashion,Wallet,35294.42
TXN001059,2026-01-14,CUST37961,Indore,Restaurants,Credit Card,57436.97
TXN001060,2026-05-20,CUST75727,Indore,Fashion,Debit Card,22855.15
TXN001061,2026-05-12,CUST70724,Pune,Electronics,UPI,55579.96
TXN001062,2026-05-05,CUST68990,NAGPUR,Fashion,UPI,79531.0
TXN001063,2026-05-24,CUST21312,Visakhapatnam,Healthcare,Wallet,74618.58
TXN001064,2026-06-10,CUST10327,Delhi,Travel,Credit Card,77666.21
TXN001065,2026-02-06,CUST93783,Kolkata,Healthcare,Debit Card,8179.17
TXN001066,2026-05-18,CUST82542, Bengaluru ,Restaurants,UPI,53237.6
TXN001067,2026-02-13,CUST83259,Nagpur,Fashion,Credit Card,73046.79
TXN001068,2026-01-22,CUST48076,Vijayawada,Fuel,UPI,72631.48
TXN001069,2026-01-25,CUST82254,Chennai,Fuel,Wallet,46712.33
TXN001070,2026-04-08,CUST52262,Hyderabad,Fashion,Wallet,13548.81
TXN001071,2026-01-07,CUST81983,MUMBAI,Restaurants,UPI,11667.19
TXN001072,2026-02-23,CUST77204,Pune,Electronics,Wallet,75667.81
TXN001073,2026-04-15,CUST75669,INDORE,Fashion,Debit Card,76892.9
TXN001074,2026-01-19,CUST73492,Delhi,Grocery,Wallet,54438.36
TXN001075,2026-05-29,CUST75788, Coimbatore ,Fuel,Debit Card,17781.98
TXN001076,2026-04-05,CUST77495,Bengaluru,Utilities,Wallet,6666.17
TXN001077,2026-03-19,CUST77514,Indore,Grocery,NetBanking,69973.73
TXN001078,2026-03-21,CUST43251,Indore,Utilities,Wallet,81756.31
TXN001079,2026-04-21,CUST43982,Bengaluru,Fuel,Debit Card,40565.02
TXN001080,2026-01-09,CUST27966,Coimbatore,Healthcare,Wallet,58604.1
TXN001081,2026-03-26,CUST31705,MUMBAI,Fashion,UPI,83060.55
TXN001082,2026-06-23,CUST12672,CHENNAI,Fashion,UPI,78025.8
TXN001083,2026-03-10,CUST96341,Vijayawada,Restaurants,Wallet,13395.75
TXN001084,2026-02-08,CUST13231,Bengaluru,Grocery,Credit Card,19532.25
TXN001085,2026-05-05,CUST94799,Pune,Grocery,UPI,10256.42
TXN001086,2026-03-29,CUST41960,Nagpur,Fuel,NetBanking,49587.27
TXN001087,2026-06-04,CUST21649,Bengaluru,Utilities,Wallet,21927.2
TXN001088,2026-06-30,CUST81260,Bengaluru,Healthcare,Wallet,22079.21
TXN001089,2026-01-02,CUST29723,nagpur,Grocery,Wallet,80359.77
TXN001090,2026-04-10,CUST58379,jaipur,Travel,UPI,530.22
TXN001091,2026-06-18,CUST33333, Delhi ,Grocery,NetBanking,25017.7
TXN001092,2026-05-02,CUST10910,hyderabad,Grocery,Wallet,19345.51
TXN001093,2026-02-05,CUST57007,Hyderabad,Electronics,Debit Card,54729.91
TXN001094,2026-05-17,CUST87577,Delhi,Electronics,UPI,76235.97
TXN001095,2026-04-02,CUST71343,Delhi,Restaurants,UPI,48047.67
TXN001096,2026-04-21,CUST34040,Lucknow,Fashion,UPI,36971.81
TXN001097,2026-01-11,CUST14520,Vijayawada,Restaurants,NetBanking,24712.47
TXN001098,2026-04-02,CUST81748,pune,Restaurants,UPI,77888.6
TXN001099,2026-06-25,CUST51041, Coimbatore ,Electronics,UPI,31570.87
TXN001100,2026-04-12,CUST26932,Indore,Restaurants,NetBanking,13510.01
TXN001101,2026-02-03,CUST84923,bengaluru,Utilities,Debit Card,33084.56
TXN001102,2026-04-28,CUST82162,visakhapatnam,Fashion,NetBanking,67948.35
TXN001103,2026-05-26,CUST17449,visakhapatnam,Fuel,Debit Card,47445.87
TXN001104,2026-02-12,CUST16880, Bengaluru ,Restaurants,UPI,60547.93
TXN001105,2026-03-19,CUST63896,Lucknow,Grocery,Wallet,35081.61
TXN001106,2026-01-28,CUST32678,Hyderabad,Restaurants,UPI,61003.47
TXN001107,2026-03-18,CUST72588,Vijayawada,Travel,NetBanking,62926.57
TXN001108,2026-06-27,CUST60441,Chennai,Fuel,NetBanking,57650.18
TXN001109,2026-02-15,CUST91886,MUMBAI,Grocery,Credit Card,62549.5
TXN001110,2026-05-26,CUST41160,COIMBATORE,Utilities,Debit Card,37283.47
TXN001111,2026-03-15,CUST78610, Chennai ,Grocery,NetBanking,66023.1
TXN001112,2026-03-08,CUST73221,Kolkata,Grocery,Credit Card,61297.37
TXN001113,2026-03-08,CUST53340,Kolkata,Travel,Credit Card,15096.57
TXN001114,2026-03-21,CUST56002,Vijayawada,Fuel,Debit Card,332.17
TXN001115,2026-01-20,CUST45869,Delhi,Electronics,Credit Card,52669.46
TXN001116,2026-03-29,CUST85037,kolkata,Utilities,Debit Card,70934.6
TXN001117,2026-06-25,CUST79909, Lucknow ,Grocery,Debit Card,30798.63
TXN001118,2026-03-11,CUST38766,Coimbatore,Grocery,Debit Card,12250.29
TXN001119,2026-03-20,CUST27185,Delhi,Travel,NetBanking,44473.85
TXN001120,2026-04-05,CUST56353, Kolkata ,Utilities,NetBanking,75476.85
TXN001121,2026-04-08,CUST52531, Lucknow ,Electronics,Credit Card,38420.58
TXN001122,2026-06-17,CUST93500,lucknow,Electronics,Wallet,68848.99
TXN001123,2026-03-14,CUST22642,Mumbai,Healthcare,NetBanking,48635.09
TXN001124,2026-04-27,CUST50688,Jaipur,Travel,NetBanking,6698.93
TXN001125,2026-03-11,CUST61651,Lucknow,Fashion,Debit Card,9446.25
TXN001126,2026-05-23,CUST12385,Delhi,Restaurants,UPI,34732.9
TXN001127,2026-03-14,CUST90769,mumbai,Fashion,Debit Card,17965.4
TXN001128,2026-01-28,CUST91929,PUNE,Healthcare,NetBanking,38998.53
TXN001129,2026-03-13,CUST90971,Indore,Grocery,UPI,62061.79
TXN001130,2026-03-28,CUST56306,VISAKHAPATNAM,Fashion,Debit Card,59851.65
TXN001131,2026-03-31,CUST59196,lucknow,Utilities,NetBanking,63418.67
TXN001132,2026-01-22,CUST54214, Vijayawada ,Travel,UPI,24051.65
TXN001133,2026-06-13,CUST12735,Delhi,Utilities,Wallet,80209.9
TXN001134,2026-01-20,CUST84503,Visakhapatnam,Travel,NetBanking,81725.31
TXN001135,2026-06-23,CUST15604,Coimbatore,Utilities,Credit Card,26582.3
TXN001136,2026-05-28,CUST28003,kolkata,Healthcare,Wallet,62823.5
TXN001137,2026-04-30,CUST32291, Coimbatore ,Utilities,NetBanking,22709.78
TXN001138,2026-03-13,CUST47809,delhi,Travel,Wallet,13697.9
TXN001139,2026-03-16,CUST24878,Pune,Restaurants,Wallet,1063.69
TXN001140,2026-06-23,CUST54737, Visakhapatnam ,Healthcare,UPI,78818.62
TXN001141,2026-06-06,CUST78668,Delhi,Grocery,Wallet,52337.16
TXN001142,2026-03-26,CUST13505,Chennai,Electronics,UPI,16725.25
TXN001143,2026-03-24,CUST96906,coimbatore,Fashion,NetBanking,67321.53
TXN001144,2026-03-15,CUST31011,Lucknow,Healthcare,NetBanking,67404.01
TXN001145,2026-06-05,CUST98916, Coimbatore ,Travel,UPI,44619.88
TXN001146,2026-01-05,CUST80615,Lucknow,Utilities,UPI,5418.52
TXN001147,2026-04-12,CUST18758,Indore,Restaurants,NetBanking,43463.8
TXN001148,2026-06-19,CUST84377,chennai,Travel,Debit Card,76460.2
TXN001149,2026-04-17,CUST31862,mumbai,Healthcare,Debit Card,21905.78
TXN001150,2026-05-13,CUST34023,JAIPUR,Grocery,UPI,46801.17
TXN001151,2026-03-31,CUST89059,KOLKATA,Grocery,Credit Card,35405.72
TXN001152,2026-06-30,CUST26883,Hyderabad,Travel,Debit Card,60093.35
TXN001153,2026-01-11,CUST28776,Lucknow,Utilities,NetBanking,47907.87
TXN001154,2026-03-01,CUST98192,Hyderabad,Grocery,Wallet,64234.31
TXN001155,2026-02-23,CUST67551,Jaipur,Fashion,NetBanking,20088.89
TXN001156,2026-05-13,CUST38742,Mumbai,Travel,Wallet,26676.96
TXN001157,2026-01-26,CUST56033,Visakhapatnam,Restaurants,Credit Card,1644.79
TXN001158,2026-05-30,CUST35993,Indore,Fuel,NetBanking,10287.62
TXN001159,2026-02-24,CUST19003,Vijayawada,Healthcare,Wallet,8806.76
TXN001160,2026-01-31,CUST21673,Pune,Travel,Wallet,50479.19
TXN001161,2026-03-13,CUST72840,VIJAYAWADA,Grocery,Debit Card,14734.1
TXN001162,2026-04-03,CUST53968,Vijayawada,Fuel,Wallet,56338.3
TXN001163,2026-02-06,CUST98779,Hyderabad,Grocery,NetBanking,79303.51
TXN001164,2026-05-15,CUST43433,Chennai,Travel,UPI,38995.17
TXN001165,2026-05-23,CUST67508,Delhi,Travel,NetBanking,61992.4
TXN001166,2026-01-14,CUST92098,Mumbai,Fashion,Credit Card,59990.87
TXN001167,2026-04-09,CUST92007,Coimbatore,Fashion,NetBanking,53972.15
TXN001168,2026-06-18,CUST81453,Bengaluru,Healthcare,Wallet,74546.54
TXN001169,2026-03-26,CUST77064,MUMBAI,Utilities,UPI,79817.76
TXN001170,2026-05-09,CUST72256,Bengaluru,Travel,Wallet,53838.6
TXN001171,2026-01-27,CUST41571,Lucknow,Travel,NetBanking,12926.01
TXN001172,2026-05-11,CUST94215,Visakhapatnam,Restaurants,NetBanking,4932.6
TXN001173,2026-03-08,CUST79965,Mumbai,Grocery,Credit Card,13249.22
TXN001174,2026-03-03,CUST97565,Mumbai,Travel,Debit Card,29047.63
TXN001175,2026-01-29,CUST50818,Bengaluru,Healthcare,Wallet,35015.06
TXN001176,2026-03-07,CUST99670,Delhi,Fuel,Debit Card,72094.0
TXN001177,2026-06-02,CUST59119,Delhi,Travel,Credit Card,57189.21
TXN001178,2026-02-17,CUST83074,Indore,Restaurants,Debit Card,63753.17
TXN001179,2026-03-17,CUST83117,Mumbai,Fashion,NetBanking,69605.7
TXN001180,2026-01-22,CUST34859,bengaluru,Electronics,NetBanking,46722.03
TXN001181,2026-05-16,CUST23097,Indore,Travel,NetBanking,17899.28
TXN001182,2026-06-16,CUST39840,Mumbai,Grocery,NetBanking,6822.78
TXN001183,2026-06-12,CUST80146,LUCKNOW,Fuel,UPI,34793.64
TXN001184,2026-04-25,CUST48082,Lucknow,Electronics,Debit Card,10981.96
TXN001185,2026-02-22,CUST83284,VISAKHAPATNAM,Electronics,UPI,64616.6
TXN001186,2026-03-23,CUST26488,Indore,Restaurants,UPI,44993.94
TXN001187,2026-01-02,CUST58978,Indore,Restaurants,Credit Card,48865.49
TXN001188,2026-02-06,CUST39387,COIMBATORE,Restaurants,UPI,31711.86
TXN001189,2026-04-17,CUST25473,HYDERABAD,Healthcare,NetBanking,9931.51
TXN001190,2026-04-28,CUST17898,Vijayawada,Travel,NetBanking,79730.04
TXN001191,2026-01-09,CUST71030,nagpur,Utilities,Wallet,58696.28
TXN001192,2026-05-06,CUST58496,Visakhapatnam,Healthcare,UPI,74954.08
TXN001193,2026-03-30,CUST64395,Lucknow,Grocery,UPI,78251.72
TXN001194,2026-01-13,CUST69353, Jaipur ,Electronics,Credit Card,64225.82
TXN001195,2026-06-23,CUST72788,kolkata,Fashion,UPI,73223.71
TXN001196,2026-02-24,CUST42569,jaipur,Restaurants,Wallet,22196.13
TXN001197,2026-04-05,CUST47033,LUCKNOW,Healthcare,Credit Card,20598.96
TXN001198,2026-05-09,CUST66242, Nagpur ,Fuel,Wallet,32646.09
TXN001199,2026-06-09,CUST43992, Coimbatore ,Fuel,UPI,55750.49
TXN001200,2026-03-04,CUST14130,Kolkata,Restaurants,NetBanking,4425.42
TXN001201,2026-03-21,CUST22150,Vijayawada,Healthcare,UPI,74973.4
TXN001202,2026-05-21,CUST78126,coimbatore,Electronics,Debit Card,65615.14
TXN001203,2026-06-30,CUST15623,Vijayawada,Fashion,Debit Card,28690.78
TXN001204,2026-04-05,CUST98412,Indore,Electronics,UPI,25707.48
TXN001205,2026-05-21,CUST31986,Delhi,Restaurants,Credit Card,76976.4
TXN001206,2026-03-31,CUST46966,Hyderabad,Fashion,Wallet,6972.64
TXN001207,2026-01-03,CUST93906,Visakhapatnam,Travel,UPI,53212.57
TXN001208,2026-02-18,CUST58404,Lucknow,Travel,Debit Card,32501.01
TXN001209,2026-06-15,CUST66566,Bengaluru,Fuel,Credit Card,9565.07
TXN001210,2026-03-21,CUST21859,MUMBAI,Fashion,NetBanking,47611.37
TXN001211,2026-04-10,CUST41214,Bengaluru,Fuel,NetBanking,12089.13
TXN001212,2026-02-13,CUST22953,CHENNAI,Travel,NetBanking,37807.25
TXN001213,2026-03-28,CUST85819,Pune,Restaurants,Wallet,51937.75
TXN001214,2026-04-10,CUST64009,VIJAYAWADA,Grocery,UPI,22330.18
TXN001215,2026-06-29,CUST75204,Mumbai,Travel,Wallet,67122.32
TXN001216,2026-05-09,CUST21012,Coimbatore,Fashion,NetBanking,8351.02
TXN001217,2026-01-04,CUST50993,Visakhapatnam,Electronics,Debit Card,76557.56
TXN001218,2026-02-27,CUST50063,Hyderabad,Healthcare,Debit Card,79755.98
TXN001219,2026-03-06,CUST53534,Bengaluru,Fuel,NetBanking,36359.3
TXN001220,2026-01-24,CUST84841,Coimbatore,Utilities,Wallet,23684.45
TXN001221,2026-06-27,CUST84934,Nagpur,Healthcare,NetBanking,19097.59
TXN001222,2026-03-10,CUST98551, Lucknow ,Travel,NetBanking,66241.36
TXN001223,2026-04-05,CUST85690,Lucknow,Grocery,Debit Card,27866.24
TXN001224,2026-02-15,CUST70604,Pune,Utilities,NetBanking,58984.85
TXN001225,2026-01-28,CUST57965,Pune,Travel,Debit Card,29903.97
TXN001226,2026-04-12,CUST28511,Pune,Utilities,NetBanking,62667.28
TXN001227,2026-05-01,CUST16548,COIMBATORE,Fuel,UPI,667.3
TXN001228,2026-01-08,CUST31855,Lucknow,Grocery,UPI,79944.54
TXN001229,2026-03-27,CUST98333,Chennai,Grocery,UPI,8039.44
TXN001230,2026-06-02,CUST76088,Vijayawada,Utilities,Credit Card,29088.3
TXN001231,2026-02-04,CUST64512,Vijayawada,Electronics,Wallet,16750.0
TXN001232,2026-04-09,CUST81854,Indore,Utilities,Credit Card,12336.13
TXN001233,2026-03-07,CUST17495,delhi,Electronics,Wallet,43893.86
TXN001234,2026-05-01,CUST72723,COIMBATORE,Fashion,UPI,10576.68
TXN001235,2026-03-28,CUST10009,Coimbatore,Healthcare,NetBanking,54227.1
TXN001236,2026-05-15,CUST55032,Chennai,Fuel,Debit Card,60328.8
TXN001237,2026-05-15,CUST79256,Chennai,Fuel,Debit Card,30558.49
TXN001238,2026-04-12,CUST26969,Hyderabad,Healthcare,NetBanking,84133.95
TXN001239,2026-05-24,CUST10377, Chennai ,Grocery,Credit Card,36626.14
TXN001240,2026-01-31,CUST26820,Hyderabad,Restaurants,Credit Card,30544.13
TXN001241,2026-06-18,CUST99248, Bengaluru ,Restaurants,UPI,51196.54
TXN001242,2026-01-21,CUST21788,indore,Grocery,Credit Card,64152.54
TXN001243,2026-02-17,CUST61883,Chennai,Electronics,Wallet,76683.38
TXN001244,2026-05-03,CUST28857,Kolkata,Utilities,Credit Card,33792.19
TXN001245,2026-03-12,CUST30878, Lucknow ,Electronics,Credit Card,29907.57
TXN001246,2026-06-18,CUST29760,Pune,Travel,UPI,28220.42
TXN001247,2026-05-12,CUST69078,Kolkata,Electronics,Debit Card,54739.68
TXN001248,2026-03-26,CUST40382,Bengaluru,Restaurants,UPI,29502.38
TXN001249,2026-06-17,CUST14640,Nagpur,Utilities,Credit Card,5853.27
TXN001250,2026-02-07,CUST56462,Lucknow,Fashion,Credit Card,59818.12
TXN001251,2026-01-27,CUST56436,Coimbatore,Fuel,Credit Card,32596.13
TXN001252,2026-02-20,CUST73889,Nagpur,Grocery,Debit Card,16128.82
TXN001253,2026-06-11,CUST54195,Kolkata,Grocery,Credit Card,56846.27
TXN001254,2026-03-15,CUST29750,Delhi,Fuel,Wallet,6301.9
TXN001255,2026-02-17,CUST37546,Pune,Electronics,Credit Card,72457.33
TXN001256,2026-06-17,CUST20861,indore,Grocery,Credit Card,22640.14
TXN001257,2026-04-24,CUST72024,Kolkata,Fashion,Debit Card,37226.88
TXN001258,2026-03-19,CUST75415,Nagpur,Utilities,NetBanking,10229.19
TXN001259,2026-02-18,CUST17441,Chennai,Utilities,Wallet,75473.96
TXN001260,2026-02-28,CUST88373,Hyderabad,Electronics,Wallet,77786.95
TXN001261,2026-03-21,CUST44997,Pune,Fuel,UPI,31055.67
TXN001262,2026-03-21,CUST16121,Coimbatore,Utilities,NetBanking,38010.51
TXN001263,2026-01-02,CUST91145,Vijayawada,Healthcare,UPI,64445.17
TXN001264,2026-06-24,CUST85952,Nagpur,Utilities,UPI,84381.15
TXN001265,2026-01-17,CUST49979, Jaipur ,Travel,Debit Card,38844.99
TXN001266,2026-03-03,CUST21709,Coimbatore,Restaurants,Credit Card,15590.86
TXN001267,2026-04-17,CUST61056,Pune,Restaurants,Debit Card,44029.55
TXN001268,2026-05-23,CUST31907,Jaipur,Travel,UPI,80676.61
TXN001269,2026-04-22,CUST97010,Nagpur,Restaurants,Credit Card,3181.26
TXN001270,2026-03-24,CUST64921,Delhi,Electronics,Debit Card,59834.62
TXN001271,2026-01-07,CUST59585,Indore,Restaurants,Wallet,56727.56
TXN001272,2026-03-18,CUST26593,Visakhapatnam,Grocery,Wallet,14602.8
TXN001273,2026-03-26,CUST12038,Jaipur,Restaurants,Wallet,64152.55
TXN001274,2026-05-17,CUST79429,Coimbatore,Fuel,Wallet,36179.02
TXN001275,2026-02-22,CUST59136,Lucknow,Fuel,UPI,10487.94
TXN001276,2026-02-22,CUST91642,Delhi,Travel,UPI,44287.03
TXN001277,2026-02-07,CUST28688,DELHI,Travel,Debit Card,64991.3
TXN001278,2026-02-10,CUST42088, Vijayawada ,Restaurants,UPI,8068.7
TXN001279,2026-01-23,CUST65039,bengaluru,Travel,Debit Card,27937.61
TXN001280,2026-04-06,CUST37741,Kolkata,Fashion,UPI,55020.37
TXN001281,2026-04-22,CUST38472,CHENNAI,Healthcare,NetBanking,75244.75
TXN001282,2026-01-13,CUST92335,Coimbatore,Fashion,NetBanking,11831.31
TXN001283,2026-04-20,CUST38158,Lucknow,Electronics,Credit Card,25848.95
TXN001284,2026-06-23,CUST47087,coimbatore,Travel,NetBanking,20810.97
TXN001285,2026-04-17,CUST65738,Chennai,Healthcare,UPI,20743.53
TXN001286,2026-06-11,CUST27055,Vijayawada,Fuel,Debit Card,53285.29
TXN001287,2026-01-27,CUST44180,Bengaluru,Electronics,UPI,80534.6
TXN001288,2026-03-25,CUST79164,Nagpur,Electronics,Wallet,62606.87
TXN001289,2026-01-17,CUST98293,Bengaluru,Electronics,Credit Card,48366.46
TXN001290,2026-06-10,CUST59885,Nagpur,Utilities,NetBanking,61763.97
TXN001291,2026-01-20,CUST25820,Hyderabad,Utilities,UPI,31111.31
TXN001292,2026-02-28,CUST45445,Lucknow,Travel,Debit Card,4086.0
TXN001293,2026-03-06,CUST13863,Visakhapatnam,Healthcare,Wallet,53563.57
TXN001294,2026-05-11,CUST89430,Lucknow,Restaurants,Credit Card,27625.3
TXN001295,2026-02-16,CUST89447, Hyderabad ,Grocery,Debit Card,53024.57
TXN001296,2026-04-01,CUST42138,Bengaluru,Grocery,Credit Card,80708.47
TXN001297,2026-04-25,CUST15374,Delhi,Travel,Credit Card,48298.3
TXN001298,2026-03-21,CUST93964, Bengaluru ,Electronics,UPI,3318.13
TXN001299,2026-06-16,CUST36531,Jaipur,Electronics,Wallet,56437.72
TXN001300,2026-05-28,CUST54140,Hyderabad,Electronics,Wallet,5241.4
TXN001301,2026-04-04,CUST76052,DELHI,Electronics,Wallet,49698.4
TXN001302,2026-01-22,CUST70444,Jaipur,Fuel,NetBanking,71371.35
TXN001303,2026-03-12,CUST67537,Indore,Restaurants,NetBanking,314.86
TXN001304,2026-06-13,CUST99030,Bengaluru,Electronics,Debit Card,6837.4
TXN001305,2026-03-06,CUST16102,Kolkata,Healthcare,Credit Card,23644.7
TXN001306,2026-02-20,CUST70764,Jaipur,Restaurants,Credit Card,203.75
TXN001307,2026-04-24,CUST58345,Pune,Electronics,Debit Card,17598.77
TXN001308,2026-06-02,CUST86959,Lucknow,Utilities,Wallet,24711.24
TXN001309,2026-06-08,CUST91558,Indore,Restaurants,Debit Card,55139.68
TXN001310,2026-04-12,CUST32198,visakhapatnam,Fashion,Wallet,18591.24
TXN001311,2026-04-14,CUST50103,Delhi,Grocery,Credit Card,27026.66
TXN001312,2026-05-07,CUST82139, Kolkata ,Electronics,NetBanking,14990.08
TXN001313,2026-03-11,CUST30545,Indore,Healthcare,UPI,11170.75
TXN001314,2026-06-02,CUST50165,Mumbai,Travel,UPI,76626.9
TXN001315,2026-02-06,CUST50179,nagpur,Grocery,NetBanking,75690.58
TXN001316,2026-02-07,CUST98579,Lucknow,Electronics,NetBanking,76065.17
TXN001317,2026-05-08,CUST76991,Delhi,Restaurants,UPI,76699.1
TXN001318,2026-02-15,CUST15264, Lucknow ,Travel,Credit Card,49675.96
TXN001319,2026-01-04,CUST19502,KOLKATA,Restaurants,Wallet,82754.54
TXN001320,2026-03-30,CUST54907,Jaipur,Utilities,Debit Card,77046.65
TXN001321,2026-06-19,CUST83573,jaipur,Electronics,NetBanking,37613.01
TXN001322,2026-03-26,CUST22255,Indore,Fuel,Credit Card,33994.78
TXN001323,2026-01-20,CUST92280,Kolkata,Utilities,Wallet,62313.21
TXN001324,2026-01-03,CUST59848,Visakhapatnam,Travel,Credit Card,60342.1
TXN001325,2026-03-20,CUST51474,Lucknow,Grocery,Debit Card,53797.19
TXN001326,2026-05-18,CUST92595,Pune,Fashion,UPI,19505.04
TXN001327,2026-05-26,CUST36776,Nagpur,Fuel,Wallet,42436.86
TXN001328,2026-02-23,CUST17723,Nagpur,Travel,NetBanking,23050.3
TXN001329,2026-03-22,CUST95631,Nagpur,Grocery,NetBanking,35722.85
TXN001330,2026-04-10,CUST64985,Coimbatore,Travel,NetBanking,47474.51
TXN001331,2026-01-12,CUST54927,Chennai,Grocery,Debit Card,60542.24
TXN001332,2026-05-30,CUST38436,Indore,Healthcare,Credit Card,32467.37
TXN001333,2026-06-11,CUST39532,Mumbai,Healthcare,Wallet,17984.34
TXN001334,2026-03-16,CUST16093,hyderabad,Utilities,Wallet,26375.02
TXN001335,2026-03-23,CUST23655,Pune,Travel,Credit Card,68377.77
TXN001336,2026-02-11,CUST65434,chennai,Grocery,NetBanking,58909.21
TXN001337,2026-06-24,CUST88300,Jaipur,Travel,Debit Card,35779.83
TXN001338,2026-03-20,CUST74499,Delhi,Restaurants,Credit Card,1642.62
TXN001339,2026-03-29,CUST33424,Delhi,Travel,Wallet,58340.98
TXN001340,2026-05-22,CUST94335, Jaipur ,Restaurants,Wallet,59316.76
TXN001341,2026-05-23,CUST75944,delhi,Travel,NetBanking,81935.81
TXN001342,2026-03-03,CUST64412,Kolkata,Grocery,Debit Card,67597.63
TXN001343,2026-02-16,CUST38882,Jaipur,Electronics,UPI,48996.37
TXN001344,2026-05-04,CUST48799,Nagpur,Electronics,Debit Card,20501.63
TXN001345,2026-04-19,CUST71674, Hyderabad ,Grocery,Wallet,32828.58
TXN001346,2026-01-27,CUST46113,Vijayawada,Fashion,Credit Card,49805.37
TXN001347,2026-06-02,CUST24286,Coimbatore,Utilities,NetBanking,45242.38
TXN001348,2026-06-04,CUST66173, Chennai ,Travel,NetBanking,6206.48
TXN001349,2026-04-19,CUST22474,Indore,Healthcare,Credit Card,77162.19
TXN001350,2026-02-18,CUST24191,INDORE,Restaurants,NetBanking,41700.02
TXN001351,2026-01-10,CUST92935, Jaipur ,Fashion,NetBanking,15732.54
TXN001352,2026-02-06,CUST51619,Coimbatore,Healthcare,UPI,46320.1
TXN001353,2026-04-25,CUST89503,Bengaluru,Healthcare,Debit Card,27637.31
TXN001354,2026-02-15,CUST34259,kolkata,Healthcare,UPI,48316.12
TXN001355,2026-05-07,CUST76421,Kolkata,Healthcare,Credit Card,29921.16
TXN001356,2026-03-31,CUST49718,LUCKNOW,Grocery,Credit Card,42546.52
TXN001357,2026-03-12,CUST72635, Vijayawada ,Fashion,NetBanking,25111.1
TXN001358,2026-04-06,CUST57094,chennai,Fashion,Credit Card,186.29
TXN001359,2026-01-23,CUST36081,Indore,Restaurants,NetBanking,13415.83
TXN001360,2026-06-26,CUST77310,Mumbai,Healthcare,Wallet,79595.07
TXN001361,2026-03-21,CUST11113, Delhi ,Grocery,UPI,66431.23
TXN001362,2026-02-13,CUST52220,Coimbatore,Fashion,Debit Card,77091.64
TXN001363,2026-03-16,CUST77215,Indore,Grocery,NetBanking,66209.44
TXN001364,2026-01-09,CUST41193,Nagpur,Electronics,Credit Card,11568.45
TXN001365,2026-06-28,CUST52244,VIJAYAWADA,Travel,Credit Card,60837.59
TXN001366,2026-06-23,CUST72174, Visakhapatnam ,Travel,Wallet,11546.79
TXN001367,2026-02-01,CUST76838,Mumbai,Fashion,UPI,46763.26
TXN001368,2026-06-18,CUST31833,chennai,Fuel,Wallet,27874.04
TXN001369,2026-04-08,CUST22424,Bengaluru,Electronics,Debit Card,6127.81
TXN001370,2026-02-13,CUST38167,jaipur,Healthcare,UPI,78804.61
TXN001371,2026-02-15,CUST77943,Delhi,Restaurants,UPI,55690.02
TXN001372,2026-06-28,CUST54159, Delhi ,Fashion,Debit Card,55592.29
TXN001373,2026-04-26,CUST89309,Delhi,Grocery,Credit Card,23540.65
TXN001374,2026-01-28,CUST20918,Mumbai,Healthcare,UPI,16156.85
TXN001375,2026-02-04,CUST62519,Chennai,Fuel,Credit Card,18401.73
TXN001376,2026-05-16,CUST58571,bengaluru,Fashion,Wallet,47123.21
TXN001377,2026-06-23,CUST99780,LUCKNOW,Restaurants,Credit Card,47759.56
TXN001378,2026-02-13,CUST12981,Hyderabad,Travel,NetBanking,34938.69
TXN001379,2026-02-20,CUST26156,Coimbatore,Utilities,Wallet,36008.76
TXN001380,2026-01-17,CUST90352,Mumbai,Healthcare,Wallet,50929.34
TXN001381,2026-01-10,CUST35100, Bengaluru ,Utilities,NetBanking,18680.06
TXN001382,2026-03-08,CUST49930,kolkata,Fuel,Credit Card,10296.18
TXN001383,2026-02-19,CUST44106,Coimbatore,Fashion,NetBanking,3901.43
TXN001384,2026-05-30,CUST97617,Bengaluru,Fashion,Debit Card,13016.68
TXN001385,2026-05-11,CUST11646,Kolkata,Travel,Debit Card,82396.32
TXN001386,2026-02-05,CUST86463,Vijayawada,Utilities,Debit Card,81967.9
TXN001387,2026-01-18,CUST96374,Bengaluru,Fuel,Debit Card,50042.21
TXN001388,2026-02-08,CUST27926,Nagpur,Utilities,Wallet,66646.91
TXN001389,2026-02-27,CUST92084,HYDERABAD,Healthcare,UPI,39411.03
TXN001390,2026-01-30,CUST14730,Kolkata,Utilities,Debit Card,36862.38
TXN001391,2026-03-28,CUST99768,Nagpur,Travel,UPI,35905.76
TXN001392,2026-01-01,CUST55831,Mumbai,Restaurants,NetBanking,7687.55
TXN001393,2026-01-14,CUST82830,MUMBAI,Grocery,Debit Card,77373.33
TXN001394,2026-01-19,CUST28267,Bengaluru,Utilities,Credit Card,31575.43
TXN001395,2026-01-22,CUST72580,Coimbatore,Electronics,Debit Card,73791.29
TXN001396,2026-02-15,CUST93946,Lucknow,Grocery,UPI,82690.93
TXN001397,2026-02-21,CUST12963,Lucknow,Restaurants,Credit Card,3989.93
TXN001398,2026-01-16,CUST63186,hyderabad,Healthcare,Wallet,1812.51
TXN001399,2026-05-05,CUST71142,Indore,Healthcare,Debit Card,4382.23
TXN001400,2026-06-03,CUST95274,Mumbai,Healthcare,NetBanking,69096.72
TXN001401,2026-06-16,CUST26563,Mumbai,Electronics,Credit Card,44330.56
TXN001402,2026-01-27,CUST15058,Indore,Electronics,Wallet,38491.56
TXN001403,2026-01-05,CUST95942,kolkata,Travel,Wallet,68831.16
TXN001404,2026-01-31,CUST17154,Jaipur,Fashion,Debit Card,14546.91
TXN001405,2026-04-30,CUST46542,Kolkata,Fashion,Debit Card,6787.42
TXN001406,2026-05-07,CUST31016,Nagpur,Fuel,UPI,21794.6
TXN001407,2026-04-03,CUST51561,Nagpur,Electronics,Debit Card,59263.77
TXN001408,2026-05-03,CUST90034,Visakhapatnam,Grocery,UPI,44629.35
TXN001409,2026-06-18,CUST71701,Pune,Fashion,Debit Card,31559.06
TXN001410,2026-05-08,CUST59894,Vijayawada,Healthcare,Credit Card,23061.49
TXN001411,2026-05-10,CUST93060,Delhi,Grocery,Credit Card,52251.39
TXN001412,2026-03-09,CUST29187,Nagpur,Restaurants,Debit Card,29228.47
TXN001413,2026-02-04,CUST58459,Vijayawada,Electronics,Wallet,24980.73
TXN001414,2026-01-29,CUST79605,Nagpur,Healthcare,Debit Card,21698.28
TXN001415,2026-05-21,CUST46768,Hyderabad,Healthcare,NetBanking,1210.46
TXN001416,2026-02-11,CUST85693,Hyderabad,Travel,Credit Card,60805.13
TXN001417,2026-01-11,CUST30260,Coimbatore,Utilities,NetBanking,15369.04
TXN001418,2026-02-03,CUST19022,Bengaluru,Fuel,NetBanking,21876.98
TXN001419,2026-01-10,CUST16236, Lucknow ,Grocery,UPI,59772.97
TXN001420,2026-02-23,CUST75446,Indore,Travel,Debit Card,20726.99
TXN001421,2026-05-19,CUST39552,Mumbai,Restaurants,Debit Card,57505.02
TXN001422,2026-03-09,CUST94838,visakhapatnam,Restaurants,NetBanking,21926.76
TXN001423,2026-05-26,CUST25089,COIMBATORE,Utilities,Debit Card,41349.78
TXN001424,2026-01-15,CUST19868,Mumbai,Restaurants,Wallet,27532.66
TXN001425,2026-04-01,CUST63028,Mumbai,Fuel,NetBanking,60900.48
TXN001426,2026-04-12,CUST74075, Coimbatore ,Healthcare,Debit Card,62169.83
TXN001427,2026-03-29,CUST19847,Kolkata,Restaurants,UPI,67490.01
TXN001428,2026-04-23,CUST19126,Coimbatore,Electronics,Credit Card,52251.86
TXN001429,2026-04-03,CUST32129,Bengaluru,Utilities,UPI,20729.74
TXN001430,2026-02-16,CUST30716, Chennai ,Restaurants,UPI,2928.75
TXN001431,2026-06-12,CUST29965,Bengaluru,Restaurants,Wallet,18467.74
TXN001432,2026-01-28,CUST30763,Visakhapatnam,Utilities,Credit Card,4052.04
TXN001433,2026-04-10,CUST64185,Lucknow,Healthcare,Credit Card,45593.94
TXN001434,2026-04-02,CUST26490,Mumbai,Fuel,UPI,4667.57
TXN001435,2026-03-20,CUST83045,Visakhapatnam,Utilities,Credit Card,4545.84
TXN001436,2026-06-02,CUST87645,Indore,Healthcare,UPI,66293.56
TXN001437,2026-05-30,CUST84846,Lucknow,Fashion,Debit Card,5520.9
TXN001438,2026-05-18,CUST10207, Coimbatore ,Fuel,UPI,4385.14
TXN001439,2026-03-03,CUST90064,jaipur,Restaurants,NetBanking,16845.72
TXN001440,2026-01-17,CUST96499,Indore,Travel,UPI,32397.6
TXN001441,2026-06-20,CUST98574, Kolkata ,Grocery,NetBanking,67483.07
TXN001442,2026-05-07,CUST43618,Coimbatore,Fuel,Credit Card,41838.05
TXN001443,2026-01-08,CUST38596,Visakhapatnam,Electronics,NetBanking,17382.09
TXN001444,2026-03-08,CUST62201,vijayawada,Utilities,Debit Card,57418.37
TXN001445,2026-04-21,CUST55121,Vijayawada,Healthcare,Credit Card,37370.22
TXN001446,2026-01-12,CUST35315,Coimbatore,Healthcare,UPI,14239.91
TXN001447,2026-01-12,CUST27110,Jaipur,Fuel,Wallet,24924.22
TXN001448,2026-02-02,CUST22039,Pune,Travel,Credit Card,75911.47
TXN001449,2026-02-07,CUST85409,Vijayawada,Fuel,Credit Card,43905.99
TXN001450,2026-05-22,CUST10147,PUNE,Restaurants,NetBanking,63795.94
TXN001451,2026-01-22,CUST81053, Mumbai ,Electronics,Wallet,12510.81
TXN001452,2026-01-06,CUST28996,Visakhapatnam,Travel,Debit Card,5896.71
TXN001453,2026-03-01,CUST31236,Pune,Healthcare,NetBanking,76803.07
TXN001454,2026-06-19,CUST88473,Delhi,Fashion,Wallet,76272.97
TXN001455,2026-03-01,CUST80068,Indore,Electronics,Wallet,51314.19
TXN001456,2026-06-25,CUST22920,Mumbai,Fuel,Credit Card,22037.19
TXN001457,2026-05-21,CUST17963, Nagpur ,Electronics,NetBanking,54991.58
TXN001458,2026-04-08,CUST16110,CHENNAI,Electronics,Debit Card,16597.78
TXN001459,2026-04-22,CUST15309,CHENNAI,Electronics,NetBanking,7046.19
TXN001460,2026-06-19,CUST40908,VISAKHAPATNAM,Electronics,Credit Card,1272.96
TXN001461,2026-06-11,CUST69766,VISAKHAPATNAM,Healthcare,NetBanking,5351.61
TXN001462,2026-06-19,CUST67826,kolkata,Restaurants,UPI,6521.53
TXN001463,2026-03-21,CUST73455,Indore,Fashion,UPI,35384.83
TXN001464,2026-04-21,CUST33202,Nagpur,Grocery,NetBanking,20734.26
TXN001465,2026-02-21,CUST78588,Hyderabad,Electronics,Credit Card,27164.68
TXN001466,2026-03-24,CUST48032, Visakhapatnam ,Restaurants,NetBanking,7223.63
TXN001467,2026-04-04,CUST75510,Visakhapatnam,Electronics,Wallet,44860.73
TXN001468,2026-02-11,CUST45007, Pune ,Grocery,NetBanking,6382.33
TXN001469,2026-03-18,CUST21898,Nagpur,Travel,Wallet,22841.64
TXN001470,2026-01-17,CUST79222,Visakhapatnam,Electronics,Wallet,33972.9
TXN001471,2026-04-18,CUST80986,Visakhapatnam,Fuel,Credit Card,2089.24
TXN001472,2026-04-10,CUST13833,VIJAYAWADA,Grocery,Debit Card,6160.56
TXN001473,2026-03-06,CUST16907,Kolkata,Restaurants,UPI,6092.62
TXN001474,2026-01-18,CUST45274,Vijayawada,Travel,UPI,34612.9
TXN001475,2026-03-26,CUST55513,Delhi,Restaurants,Wallet,71783.87
TXN001476,2026-04-30,CUST21811,coimbatore,Electronics,Credit Card,15895.09
TXN001477,2026-06-28,CUST25923,Jaipur,Utilities,Debit Card,24468.26
TXN001478,2026-03-20,CUST53297,Mumbai,Restaurants,Debit Card,2192.61
TXN001479,2026-06-15,CUST13092,Delhi,Travel,Credit Card,16925.59
TXN001480,2026-02-15,CUST22132,Nagpur,Travel,Debit Card,22468.2
TXN001481,2026-03-09,CUST63037,Lucknow,Electronics,Wallet,60723.97
TXN001482,2026-02-05,CUST76517,Nagpur,Electronics,Wallet,622.66
TXN001483,2026-04-29,CUST10447,Lucknow,Healthcare,NetBanking,79639.97
TXN001484,2026-02-08,CUST98942,PUNE,Fashion,Debit Card,58367.41
TXN001485,2026-02-28,CUST48707,Coimbatore,Utilities,NetBanking,52250.55
TXN001486,2026-01-28,CUST19719,Coimbatore,Healthcare,NetBanking,26656.47
TXN001487,2026-03-17,CUST86231, Lucknow ,Fuel,NetBanking,12756.46
TXN001488,2026-05-15,CUST26442,Nagpur,Travel,Debit Card,35453.33
TXN001489,2026-04-16,CUST48527,Hyderabad,Travel,UPI,5308.57
TXN001490,2026-04-01,CUST32233,Chennai,Healthcare,UPI,54802.2
TXN001491,2026-01-27,CUST86905,Mumbai,Restaurants,Wallet,17107.41
TXN001492,2026-02-07,CUST45991,Jaipur,Electronics,Wallet,52338.37
TXN001493,2026-03-04,CUST44140,Vijayawada,Travel,Wallet,73519.89
TXN001494,2026-05-31,CUST10436,Delhi,Utilities,UPI,1141.8
TXN001495,2026-06-01,CUST17755,PUNE,Electronics,Credit Card,38325.75
TXN001496,2026-05-30,CUST64619,Pune,Utilities,NetBanking,44469.25
TXN001497,2026-03-21,CUST47022,Visakhapatnam,Fashion,Debit Card,55450.2
TXN001498,2026-03-16,CUST44862,Chennai,Fuel,Debit Card,66001.86
TXN001499,2026-04-16,CUST14109,Vijayawada,Grocery,Debit Card,46635.76
TXN001500,2026-02-16,CUST94033,Vijayawada,Healthcare,Credit Card,37670.51
TXN001501,2026-02-07,CUST50833,Coimbatore,Healthcare,NetBanking,31098.26
TXN001502,2026-02-27,CUST82354,HYDERABAD,Travel,Debit Card,18943.42
TXN001503,2026-05-05,CUST46809,Hyderabad,Restaurants,NetBanking,74379.72
TXN001504,2026-04-14,CUST72792,Lucknow,Travel,Wallet,47332.77
TXN001505,2026-01-14,CUST62889,Bengaluru,Restaurants,NetBanking,35749.32
TXN001506,2026-02-05,CUST74869,Jaipur,Healthcare,Debit Card,69769.97
TXN001507,2026-02-06,CUST24078,Jaipur,Healthcare,Debit Card,16072.32
TXN001508,2026-04-18,CUST55332,Pune,Fuel,UPI,69714.48
TXN001509,2026-06-18,CUST17236,Mumbai,Electronics,Debit Card,19789.52
TXN001510,2026-04-08,CUST46161,Bengaluru,Fashion,UPI,67925.96
TXN001511,2026-06-23,CUST21509,indore,Fashion,Debit Card,21376.41
TXN001512,2026-01-09,CUST53020,Nagpur,Grocery,UPI,8176.09
TXN001513,2026-05-13,CUST71903,Mumbai,Electronics,UPI,73640.9
TXN001514,2026-01-02,CUST68456,Mumbai,Electronics,Debit Card,10377.9
TXN001515,2026-06-13,CUST29322,Coimbatore,Fuel,NetBanking,55240.36
TXN001516,2026-02-23,CUST52520,pune,Fashion,Wallet,9741.38
TXN001517,2026-03-19,CUST68166,Nagpur,Restaurants,Wallet,83280.72
TXN001518,2026-03-24,CUST32571,Jaipur,Electronics,NetBanking,5483.69
TXN001519,2026-01-11,CUST54622,Visakhapatnam,Utilities,NetBanking,79518.77
TXN001520,2026-01-01,CUST93648,Hyderabad,Restaurants,Credit Card,32765.26
TXN001521,2026-03-14,CUST74434,Indore,Grocery,Credit Card,48613.37
TXN001522,2026-05-27,CUST28410,Lucknow,Travel,NetBanking,44248.85
TXN001523,2026-05-28,CUST39102,Visakhapatnam,Healthcare,Credit Card,78467.92
TXN001524,2026-01-29,CUST33233,Indore,Grocery,UPI,51405.03
TXN001525,2026-06-03,CUST27060,Kolkata,Utilities,Credit Card,25478.73
TXN001526,2026-04-24,CUST27748,INDORE,Fuel,Credit Card,66587.22
TXN001527,2026-02-03,CUST24917,Nagpur,Fashion,Credit Card,13932.13
TXN001528,2026-01-19,CUST81344,Pune,Fashion,Wallet,43039.64
TXN001529,2026-01-22,CUST48850,Delhi,Fuel,Wallet,69384.5
TXN001530,2026-01-31,CUST37035, Visakhapatnam ,Fuel,UPI,24826.45
TXN001531,2026-02-25,CUST41578,Chennai,Fuel,Debit Card,51036.0
TXN001532,2026-06-09,CUST10756, Delhi ,Utilities,Wallet,84498.29
TXN001533,2026-03-08,CUST89366,Hyderabad,Fashion,Credit Card,42823.03
TXN001534,2026-03-19,CUST43693, Nagpur ,Fashion,NetBanking,67072.74
TXN001535,2026-02-11,CUST30757,Kolkata,Fuel,Credit Card,34063.76
TXN001536,2026-06-16,CUST89835,Lucknow,Travel,Wallet,20283.7
TXN001537,2026-03-21,CUST14320,Vijayawada,Grocery,Credit Card,2335.57
TXN001538,2026-01-28,CUST15172,COIMBATORE,Healthcare,NetBanking,22732.6
TXN001539,2026-05-26,CUST70875,Chennai,Electronics,Wallet,722.73
TXN001540,2026-03-10,CUST73563,Pune,Travel,UPI,19333.26
TXN001541,2026-06-17,CUST42428,Bengaluru,Restaurants,Credit Card,67373.74
TXN001542,2026-03-01,CUST84762,Hyderabad,Grocery,UPI,3679.25
TXN001543,2026-02-09,CUST13545,Visakhapatnam,Travel,Credit Card,62305.39
TXN001544,2026-04-23,CUST14729,Bengaluru,Utilities,Debit Card,59838.53
TXN001545,2026-03-16,CUST39292,Delhi,Utilities,Wallet,29414.75
TXN001546,2026-06-21,CUST50099,Chennai,Electronics,Credit Card,71502.44
TXN001547,2026-03-25,CUST50742,Nagpur,Healthcare,UPI,7230.6
TXN001548,2026-06-11,CUST16101,Pune,Fuel,UPI,9648.6
TXN001549,2026-04-09,CUST82220,Indore,Restaurants,NetBanking,18857.47
TXN001550,2026-01-26,CUST37440,vijayawada,Healthcare,NetBanking,11265.65
TXN001551,2026-04-20,CUST93273,Chennai,Utilities,UPI,19790.88
TXN001552,2026-03-11,CUST24213,Coimbatore,Grocery,Credit Card,51143.13
TXN001553,2026-05-23,CUST17834,Hyderabad,Grocery,Debit Card,44002.92
TXN001554,2026-06-28,CUST34851,Jaipur,Electronics,Debit Card,68335.02
TXN001555,2026-04-13,CUST33828,Vijayawada,Restaurants,Credit Card,76296.79
TXN001556,2026-04-09,CUST98078,Kolkata,Healthcare,Wallet,47344.31
TXN001557,2026-03-12,CUST60110,Jaipur,Restaurants,Debit Card,63120.68
TXN001558,2026-03-30,CUST22895,Lucknow,Fashion,NetBanking,46178.03
TXN001559,2026-06-22,CUST56009,Coimbatore,Utilities,Credit Card,25957.81
TXN001560,2026-04-30,CUST32962,Vijayawada,Healthcare,Debit Card,84367.72
TXN001561,2026-01-31,CUST49081,Nagpur,Utilities,Credit Card,78731.63
TXN001562,2026-02-26,CUST80715,mumbai,Electronics,Debit Card,30782.3
TXN001563,2026-06-07,CUST50868,Hyderabad,Restaurants,Credit Card,12876.39
TXN001564,2026-05-29,CUST50992,Indore,Utilities,UPI,9026.63
TXN001565,2026-04-13,CUST54308,bengaluru,Healthcare,Wallet,62926.71
TXN001566,2026-05-16,CUST36518,Jaipur,Travel,Wallet,47659.11
TXN001567,2026-04-03,CUST87521,Lucknow,Utilities,Wallet,17491.69
TXN001568,2026-01-25,CUST91481,Pune,Healthcare,UPI,82901.04
TXN001569,2026-02-14,CUST97584,Vijayawada,Fashion,Wallet,73734.13
TXN001570,2026-02-09,CUST22625,Mumbai,Electronics,UPI,79011.73
TXN001571,2026-05-27,CUST74443,Vijayawada,Fuel,NetBanking,42696.1
TXN001572,2026-06-09,CUST20737,kolkata,Utilities,UPI,50329.54
TXN001573,2026-04-16,CUST94930,Visakhapatnam,Utilities,UPI,25343.77
TXN001574,2026-01-25,CUST17778,Vijayawada,Healthcare,UPI,76286.3
TXN001575,2026-04-02,CUST38099,Visakhapatnam,Electronics,UPI,71716.49
TXN001576,2026-02-20,CUST44722,Bengaluru,Fashion,NetBanking,23077.87
TXN001577,2026-04-20,CUST20060,Bengaluru,Healthcare,Credit Card,8299.15
TXN001578,2026-03-13,CUST54781,Bengaluru,Fuel,Wallet,42844.57
TXN001579,2026-04-08,CUST42075,Coimbatore,Fashion,UPI,43872.39
TXN001580,2026-06-21,CUST34389,Bengaluru,Fuel,NetBanking,199.25
TXN001581,2026-05-07,CUST91765,mumbai,Grocery,Debit Card,8103.98
TXN001582,2026-01-29,CUST75842,Indore,Electronics,Credit Card,76266.55
TXN001583,2026-03-30,CUST26052,Kolkata,Utilities,Credit Card,69038.28
TXN001584,2026-04-13,CUST23286,indore,Fashion,Wallet,28903.23
TXN001585,2026-06-01,CUST47093,Bengaluru,Fashion,NetBanking,14682.72
TXN001586,2026-06-26,CUST39795,Indore,Electronics,NetBanking,30509.32
TXN001587,2026-03-06,CUST90272,Visakhapatnam,Fuel,Wallet,83199.32
TXN001588,2026-05-06,CUST71510,Lucknow,Utilities,Wallet,12899.7
TXN001589,2026-01-25,CUST10363,Hyderabad,Electronics,Credit Card,15043.54
TXN001590,2026-04-30,CUST56666,Kolkata,Fashion,Wallet,42382.62
TXN001591,2026-06-25,CUST85499,Vijayawada,Healthcare,NetBanking,46984.98
TXN001592,2026-05-19,CUST36481,Indore,Fuel,UPI,75835.75
TXN001593,2026-03-17,CUST86505,Delhi,Fashion,Wallet,54677.45
TXN001594,2026-06-18,CUST64322,Delhi,Grocery,NetBanking,75397.85
TXN001595,2026-04-30,CUST16912, Kolkata ,Healthcare,Wallet,67611.43
TXN001596,2026-04-26,CUST35192,vijayawada,Fuel,NetBanking,5672.45
TXN001597,2026-03-06,CUST23427,visakhapatnam,Travel,Wallet,27490.63
TXN001598,2026-06-25,CUST14352,Jaipur,Fuel,NetBanking,41168.12
TXN001599,2026-04-03,CUST80520,Visakhapatnam,Fashion,Wallet,4391.55
TXN001600,2026-02-07,CUST60536,Chennai,Fashion,Wallet,71252.54
TXN001601,2026-04-17,CUST60613,Hyderabad,Restaurants,Wallet,1486.12
TXN001602,2026-05-03,CUST61952,Hyderabad,Fuel,Debit Card,19258.22
TXN001603,2026-05-27,CUST65678,Hyderabad,Electronics,Debit Card,8381.93
TXN001604,2026-02-28,CUST14613,indore,Travel,NetBanking,18974.63
TXN001605,2026-06-18,CUST84201, Indore ,Grocery,Wallet,46731.32
TXN001606,2026-01-03,CUST41305,Jaipur,Fuel,NetBanking,55883.48
TXN001607,2026-06-08,CUST47705,Jaipur,Grocery,UPI,44557.24
TXN001608,2026-03-22,CUST78614,Visakhapatnam,Utilities,UPI,42874.78
TXN001609,2026-06-28,CUST63170,hyderabad,Healthcare,Debit Card,77799.86
TXN001610,2026-02-19,CUST31430,Vijayawada,Restaurants,UPI,76422.1
TXN001611,2026-03-09,CUST42255,Lucknow,Utilities,Debit Card,45214.27
TXN001612,2026-03-19,CUST62658,KOLKATA,Healthcare,Credit Card,74489.62
TXN001613,2026-06-02,CUST12454,visakhapatnam,Healthcare,NetBanking,32941.65
TXN001614,2026-04-11,CUST60363,Bengaluru,Grocery,NetBanking,42562.5
TXN001615,2026-05-05,CUST62695,Nagpur,Utilities,Debit Card,12346.95
TXN001616,2026-04-28,CUST98916,INDORE,Healthcare,UPI,16051.19
TXN001617,2026-01-21,CUST70389,Pune,Utilities,Credit Card,6836.71
TXN001618,2026-05-02,CUST28593,BENGALURU,Grocery,Wallet,32832.41
TXN001619,2026-05-10,CUST89827,Nagpur,Electronics,NetBanking,68816.64
TXN001620,2026-06-27,CUST98007,Vijayawada,Healthcare,Wallet,51244.65
TXN001621,2026-02-26,CUST62392,Vijayawada,Fashion,UPI,79228.76
TXN001622,2026-05-07,CUST33275,Chennai,Fuel,Credit Card,20744.59
TXN001623,2026-02-02,CUST41426,Bengaluru,Healthcare,Wallet,50770.7
TXN001624,2026-03-08,CUST41201,Visakhapatnam,Travel,Debit Card,18589.64
TXN001625,2026-06-03,CUST61474,Kolkata,Travel,Wallet,3836.53
TXN001626,2026-06-03,CUST43293,Hyderabad,Fashion,NetBanking,84006.85
TXN001627,2026-02-24,CUST37294,Pune,Fuel,Credit Card,37036.28
TXN001628,2026-06-24,CUST30327,Visakhapatnam,Fashion,UPI,33048.16
TXN001629,2026-06-09,CUST47762,Nagpur,Utilities,UPI,20059.03
TXN001630,2026-04-25,CUST39863,Coimbatore,Healthcare,Credit Card,22080.64
TXN001631,2026-01-02,CUST74064,Nagpur,Fashion,Wallet,36505.22
TXN001632,2026-05-14,CUST96995,Jaipur,Travel,Wallet,33423.72
TXN001633,2026-01-21,CUST97636,Jaipur,Electronics,UPI,68799.43
TXN001634,2026-06-27,CUST39967,Visakhapatnam,Utilities,Credit Card,34233.22
TXN001635,2026-01-04,CUST33597,Vijayawada,Grocery,Debit Card,71033.64
TXN001636,2026-04-25,CUST39166,Kolkata,Electronics,Debit Card,81974.15
TXN001637,2026-06-05,CUST42507,Coimbatore,Fashion,Credit Card,75540.67
TXN001638,2026-02-14,CUST17213,Visakhapatnam,Utilities,NetBanking,36588.54
TXN001639,2026-05-10,CUST89119,Delhi,Fashion,NetBanking,53494.78
TXN001640,2026-02-26,CUST84726,Hyderabad,Utilities,UPI,66397.57
TXN001641,2026-04-16,CUST78170,Coimbatore,Fashion,Credit Card,63651.45
TXN001642,2026-01-02,CUST32043,MUMBAI,Healthcare,UPI,18810.64
TXN001643,2026-03-22,CUST77948,Delhi,Grocery,Wallet,4288.97
TXN001644,2026-05-01,CUST33849, Coimbatore ,Electronics,Wallet,3436.59
TXN001645,2026-05-15,CUST77859,Mumbai,Fuel,Debit Card,65996.01
TXN001646,2026-03-14,CUST86931,bengaluru,Restaurants,UPI,79805.27
TXN001647,2026-01-09,CUST31228,Pune,Restaurants,Wallet,29085.62
TXN001648,2026-01-03,CUST93252,Lucknow,Fuel,Wallet,70183.26
TXN001649,2026-05-17,CUST44336,Coimbatore,Grocery,UPI,63083.7
TXN001650,2026-03-06,CUST61180,HYDERABAD,Travel,UPI,5769.06
TXN001651,2026-06-27,CUST68488,Hyderabad,Fashion,Debit Card,7470.37
TXN001652,2026-05-24,CUST27227,Pune,Healthcare,Credit Card,6127.94
TXN001653,2026-06-15,CUST97401,Kolkata,Restaurants,NetBanking,3986.24
TXN001654,2026-03-14,CUST39224,Jaipur,Utilities,UPI,81792.71
TXN001655,2026-05-01,CUST27950, Pune ,Fuel,NetBanking,58056.24
TXN001656,2026-04-29,CUST93816,CHENNAI,Fuel,NetBanking,40381.6
TXN001657,2026-06-20,CUST37218,Indore,Fashion,NetBanking,80844.26
TXN001658,2026-06-22,CUST48721,delhi,Healthcare,Wallet,48253.05
TXN001659,2026-01-13,CUST38282,Vijayawada,Travel,UPI,77227.68
TXN001660,2026-06-19,CUST51062,Kolkata,Electronics,Credit Card,8837.65
TXN001661,2026-04-24,CUST57727,Lucknow,Travel,UPI,2356.63
TXN001662,2026-01-31,CUST53371,Coimbatore,Utilities,Wallet,30179.22
TXN001663,2026-03-18,CUST81300,Delhi,Restaurants,NetBanking,3127.15
TXN001664,2026-06-20,CUST56782,Jaipur,Electronics,Wallet,6523.96
TXN001665,2026-02-18,CUST18996,Hyderabad,Travel,NetBanking,59361.03
TXN001666,2026-03-24,CUST95169,INDORE,Fashion,UPI,29132.09
TXN001667,2026-06-10,CUST46408,Chennai,Electronics,Wallet,3068.65
TXN001668,2026-05-16,CUST70880,Pune,Travel,Wallet,45670.65
TXN001669,2026-05-10,CUST44687, Nagpur ,Utilities,Credit Card,11021.66
TXN001670,2026-01-03,CUST59590,Chennai,Grocery,NetBanking,17916.25
TXN001671,2026-01-09,CUST39950,DELHI,Electronics,Debit Card,8211.78
TXN001672,2026-01-20,CUST37403,Delhi,Fashion,Credit Card,25181.37
TXN001673,2026-01-07,CUST21594,Bengaluru,Fashion,Wallet,14654.14
TXN001674,2026-03-04,CUST86418,Mumbai,Healthcare,Credit Card,4350.0
TXN001675,2026-05-18,CUST90838,Kolkata,Restaurants,UPI,60112.82
TXN001676,2026-04-29,CUST25353,Mumbai,Grocery,Wallet,75909.62
TXN001677,2026-05-02,CUST66385,Indore,Fashion,NetBanking,67176.5
TXN001678,2026-03-23,CUST22512,Delhi,Electronics,NetBanking,73058.5
TXN001679,2026-03-05,CUST55029, Kolkata ,Fuel,UPI,24405.39
TXN001680,2026-04-07,CUST80609,Coimbatore,Utilities,NetBanking,12928.86
TXN001681,2026-02-25,CUST20307,Kolkata,Utilities,UPI,35999.99
TXN001682,2026-05-30,CUST74529, Indore ,Electronics,Credit Card,1642.82
TXN001683,2026-06-04,CUST67750,Delhi,Travel,Wallet,70282.44
TXN001684,2026-03-03,CUST67017,Lucknow,Travel,UPI,80867.63
TXN001685,2026-04-08,CUST21358,Chennai,Restaurants,Debit Card,46788.16
TXN001686,2026-02-02,CUST63440,Pune,Fuel,Debit Card,23215.36
TXN001687,2026-04-20,CUST34341,VISAKHAPATNAM,Grocery,NetBanking,58406.28
TXN001688,2026-01-24,CUST61770,Nagpur,Fashion,Credit Card,52058.03
TXN001689,2026-01-06,CUST56447, Hyderabad ,Travel,UPI,55579.95
TXN001690,2026-04-10,CUST74724,Indore,Fashion,Credit Card,14993.83
TXN001691,2026-04-14,CUST28314,Delhi,Grocery,Wallet,12909.63
TXN001692,2026-04-04,CUST32403,Lucknow,Travel,NetBanking,46453.2
TXN001693,2026-03-25,CUST95571,Visakhapatnam,Travel,Credit Card,78488.8
TXN001694,2026-06-06,CUST86449, Chennai ,Travel,Credit Card,8529.16
TXN001695,2026-03-18,CUST96216,Hyderabad,Grocery,Wallet,3463.13
TXN001696,2026-03-07,CUST93460,Nagpur,Fashion,Credit Card,17652.43
TXN001697,2026-04-05,CUST96214,Delhi,Fashion,Credit Card,1059.52
TXN001698,2026-05-11,CUST65856,Indore,Fuel,Debit Card,67894.31
TXN001699,2026-03-28,CUST99055,Visakhapatnam,Electronics,UPI,30338.87
TXN001700,2026-02-27,CUST64729,Pune,Utilities,Credit Card,54626.1
TXN001701,2026-06-27,CUST44590,Visakhapatnam,Healthcare,Debit Card,50707.51
TXN001702,2026-05-23,CUST78021,Pune,Restaurants,UPI,4569.27
TXN001703,2026-06-28,CUST83882, Jaipur ,Travel,UPI,64735.38
TXN001704,2026-03-27,CUST92037,Jaipur,Fuel,Wallet,82620.17
TXN001705,2026-01-16,CUST18515,mumbai,Electronics,Debit Card,27228.16
TXN001706,2026-01-16,CUST77996,Coimbatore,Travel,Debit Card,19567.49
TXN001707,2026-01-07,CUST52944,Indore,Grocery,Credit Card,64357.74
TXN001708,2026-02-18,CUST72252,Lucknow,Travel,Credit Card,37982.84
TXN001709,2026-05-14,CUST26705,Delhi,Healthcare,UPI,42331.45
TXN001710,2026-05-01,CUST62820,coimbatore,Healthcare,Credit Card,51589.41
TXN001711,2026-01-28,CUST30862,Jaipur,Fuel,Credit Card,40741.46
TXN001712,2026-05-11,CUST26346,Delhi,Fashion,Wallet,66894.98
TXN001713,2026-06-02,CUST38692, Bengaluru ,Restaurants,Debit Card,14694.1
TXN001714,2026-03-27,CUST46416,Vijayawada,Healthcare,Wallet,58056.26
TXN001715,2026-01-21,CUST87556, Bengaluru ,Healthcare,NetBanking,44660.74
TXN001716,2026-02-04,CUST92156,Lucknow,Utilities,Credit Card,37742.27
TXN001717,2026-03-18,CUST18344,Vijayawada,Fashion,Wallet,62660.04
TXN001718,2026-03-23,CUST41166,Nagpur,Electronics,UPI,26940.88
TXN001719,2026-04-17,CUST27094,Indore,Fuel,Credit Card,4274.56
TXN001720,2026-04-07,CUST66300,Indore,Utilities,Debit Card,82248.83
TXN001721,2026-05-14,CUST29423,Hyderabad,Grocery,Credit Card,66167.58
TXN001722,2026-05-17,CUST86222,nagpur,Restaurants,NetBanking,57519.97
TXN001723,2026-06-11,CUST86730,Visakhapatnam,Restaurants,UPI,9272.83
TXN001724,2026-06-05,CUST20977,Hyderabad,Travel,Credit Card,31679.27
TXN001725,2026-02-11,CUST43010,Pune,Grocery,NetBanking,70876.49
TXN001726,2026-06-26,CUST28434,Chennai,Healthcare,Wallet,44536.99
TXN001727,2026-03-11,CUST34005,lucknow,Travel,Debit Card,7434.88
TXN001728,2026-04-22,CUST22891,Mumbai,Grocery,Credit Card,20258.43
TXN001729,2026-04-14,CUST15807,Jaipur,Fashion,NetBanking,10664.33
TXN001730,2026-06-29,CUST53977,vijayawada,Fuel,Debit Card,1144.82
TXN001731,2026-02-16,CUST48593,Chennai,Healthcare,NetBanking,48756.6
TXN001732,2026-03-18,CUST86914,Visakhapatnam,Utilities,NetBanking,82668.54
TXN001733,2026-01-02,CUST42248,Pune,Fashion,Debit Card,26075.52
TXN001734,2026-04-03,CUST29954,kolkata,Grocery,Wallet,84579.31
TXN001735,2026-06-02,CUST53334,Delhi,Travel,Wallet,62970.65
TXN001736,2026-03-23,CUST82846,Mumbai,Fuel,NetBanking,40028.63
TXN001737,2026-05-21,CUST53081,Chennai,Fuel,Wallet,83629.38
TXN001738,2026-03-12,CUST54487,Mumbai,Fuel,Credit Card,2058.2
TXN001739,2026-05-03,CUST22303,Visakhapatnam,Utilities,Debit Card,26008.71
TXN001740,2026-04-22,CUST56777,Nagpur,Fashion,Credit Card,21419.49
TXN001741,2026-03-01,CUST69168,Delhi,Utilities,Wallet,48735.14
TXN001742,2026-01-18,CUST78172,Coimbatore,Fashion,Debit Card,42710.35
TXN001743,2026-01-25,CUST63150,Nagpur,Utilities,NetBanking,5803.56
TXN001744,2026-02-13,CUST64849,delhi,Utilities,NetBanking,28702.31
TXN001745,2026-01-09,CUST66114,Mumbai,Restaurants,UPI,15410.55
TXN001746,2026-01-24,CUST89832,Mumbai,Electronics,Wallet,2842.32
TXN001747,2026-06-19,CUST76128,CHENNAI,Utilities,Debit Card,52772.02
TXN001748,2026-03-04,CUST79119,Visakhapatnam,Healthcare,Debit Card,58028.37
TXN001749,2026-02-04,CUST80961,Kolkata,Electronics,Credit Card,53290.75
TXN001750,2026-06-23,CUST53158,Pune,Restaurants,Credit Card,53819.8
TXN001751,2026-03-25,CUST54998,Delhi,Fuel,Credit Card,78265.33
TXN001752,2026-06-05,CUST51577,jaipur,Fashion,Wallet,60821.91
TXN001753,2026-01-23,CUST96814, Hyderabad ,Restaurants,NetBanking,58231.67
TXN001754,2026-05-04,CUST83363,Visakhapatnam,Restaurants,UPI,57997.09
TXN001755,2026-03-10,CUST56715,Indore,Fashion,UPI,26078.1
TXN001756,2026-01-05,CUST15544,Hyderabad,Fashion,Wallet,68089.78
TXN001757,2026-03-13,CUST57093,Bengaluru,Fashion,Wallet,53620.98
TXN001758,2026-03-03,CUST33087,VISAKHAPATNAM,Fuel,UPI,576.11
TXN001759,2026-06-11,CUST54545,Visakhapatnam,Grocery,Credit Card,83226.1
TXN001760,2026-06-14,CUST26672,Chennai,Grocery,UPI,44433.0
TXN001761,2026-02-16,CUST80147,Visakhapatnam,Travel,NetBanking,17499.9
TXN001762,2026-02-12,CUST76667,Chennai,Utilities,NetBanking,35720.85
TXN001763,2026-04-12,CUST36342,Delhi,Electronics,Wallet,22273.94
TXN001764,2026-06-23,CUST81061,mumbai,Healthcare,Debit Card,27798.33
TXN001765,2026-02-19,CUST38551,Hyderabad,Restaurants,Wallet,49294.63
TXN001766,2026-05-24,CUST15084,Chennai,Utilities,Wallet,68105.52
TXN001767,2026-04-13,CUST58169,Bengaluru,Utilities,Wallet,66953.72
TXN001768,2026-02-23,CUST38144, Chennai ,Fuel,Debit Card,35979.66
TXN001769,2026-01-24,CUST86250, Nagpur ,Electronics,Debit Card,41657.92
TXN001770,2026-04-16,CUST91056,Kolkata,Travel,Debit Card,32767.96
TXN001771,2026-05-15,CUST21722,Mumbai,Healthcare,Credit Card,4220.34
TXN001772,2026-04-05,CUST50332,Hyderabad,Fashion,UPI,24546.94
TXN001773,2026-03-21,CUST56683,Mumbai,Healthcare,UPI,62307.22
TXN001774,2026-05-10,CUST65346,Bengaluru,Utilities,UPI,77671.38
TXN001775,2026-03-10,CUST35574,Hyderabad,Travel,Wallet,22404.64
TXN001776,2026-04-23,CUST67698,Nagpur,Utilities,UPI,71805.27
TXN001777,2026-02-27,CUST91943,Kolkata,Electronics,Credit Card,45637.66
TXN001778,2026-06-23,CUST68892,Kolkata,Electronics,UPI,60783.68
TXN001779,2026-01-12,CUST59217,visakhapatnam,Electronics,UPI,37459.02
TXN001780,2026-04-27,CUST44630,Indore,Grocery,Credit Card,29353.22
TXN001781,2026-06-05,CUST81321,Hyderabad,Restaurants,Wallet,74174.19
TXN001782,2026-02-25,CUST22918,Jaipur,Fuel,Credit Card,21025.6
TXN001783,2026-04-11,CUST16180,Pune,Fuel,Debit Card,6442.84
TXN001784,2026-06-22,CUST26554,jaipur,Electronics,Wallet,52660.35
TXN001785,2026-02-08,CUST94881,Mumbai,Electronics,UPI,6046.6
TXN001786,2026-02-10,CUST85116,jaipur,Fuel,NetBanking,19538.33
TXN001787,2026-04-08,CUST83056,Hyderabad,Travel,Credit Card,10153.39
TXN001788,2026-01-26,CUST10804,Nagpur,Travel,Credit Card,77784.74
TXN001789,2026-04-11,CUST33139,Lucknow,Travel,NetBanking,73096.27
TXN001790,2026-04-19,CUST93157,Visakhapatnam,Healthcare,Credit Card,21489.58
TXN001791,2026-04-12,CUST23956,Bengaluru,Restaurants,Credit Card,81695.93
TXN001792,2026-01-19,CUST86954,Chennai,Grocery,Credit Card,79488.33
TXN001793,2026-01-02,CUST95226,Indore,Utilities,UPI,25489.38
TXN001794,2026-03-12,CUST62323,jaipur,Utilities,Debit Card,66354.09
TXN001795,2026-02-27,CUST38955,Pune,Grocery,NetBanking,40685.3
TXN001796,2026-01-27,CUST30914,Chennai,Fashion,UPI,58340.71
TXN001797,2026-04-28,CUST45767,Mumbai,Fuel,Debit Card,23831.9
TXN001798,2026-01-12,CUST70336,delhi,Electronics,NetBanking,44661.69
TXN001799,2026-06-22,CUST33811,PUNE,Healthcare,Wallet,76932.55
TXN001800,2026-04-10,CUST96808,Delhi,Electronics,Wallet,42301.1
TXN001801,2026-06-25,CUST42891,HYDERABAD,Utilities,NetBanking,14347.53
TXN001802,2026-03-05,CUST99245,Nagpur,Grocery,Credit Card,27862.02
TXN001803,2026-01-04,CUST35136,Coimbatore,Restaurants,Credit Card,29134.23
TXN001804,2026-05-21,CUST46520,Hyderabad,Fashion,UPI,36033.04
TXN001805,2026-01-23,CUST52542,Hyderabad,Fashion,UPI,6321.14
TXN001806,2026-04-21,CUST80704,Mumbai,Fashion,Credit Card,16390.45
TXN001807,2026-03-20,CUST33561,mumbai,Fashion,Wallet,1863.61
TXN001808,2026-06-04,CUST37435,JAIPUR,Grocery,Debit Card,39852.06
TXN001809,2026-05-12,CUST60438,Delhi,Fashion,NetBanking,40068.11
TXN001810,2026-02-10,CUST72184,Jaipur,Electronics,Debit Card,66167.57
TXN001811,2026-03-14,CUST21571,Bengaluru,Utilities,Debit Card,16205.68
TXN001812,2026-04-24,CUST60797,Pune,Utilities,Wallet,80236.51
TXN001813,2026-01-22,CUST90085,Delhi,Restaurants,Credit Card,29715.52
TXN001814,2026-03-23,CUST57141,Lucknow,Fashion,Credit Card,72182.99
TXN001815,2026-02-02,CUST24792, Visakhapatnam ,Healthcare,Wallet,32804.08
TXN001816,2026-05-09,CUST90586,Nagpur,Electronics,Wallet,43280.54
TXN001817,2026-04-04,CUST22048,DELHI,Fashion,Debit Card,77505.75
TXN001818,2026-05-09,CUST36748,Mumbai,Healthcare,Credit Card,72797.76
TXN001819,2026-04-20,CUST34033,MUMBAI,Fuel,Wallet,40800.4
TXN001820,2026-02-26,CUST33947,Mumbai,Electronics,UPI,57143.14
TXN001821,2026-04-09,CUST33519,Mumbai,Healthcare,NetBanking,28247.73
TXN001822,2026-01-24,CUST46995,Visakhapatnam,Fuel,Wallet,64486.78
TXN001823,2026-06-22,CUST12967,pune,Fuel,Credit Card,62722.19
TXN001824,2026-04-14,CUST14911,Kolkata,Fashion,Wallet,42592.41
TXN001825,2026-02-25,CUST44289,Jaipur,Utilities,NetBanking,71127.35
TXN001826,2026-05-16,CUST33971,JAIPUR,Travel,Credit Card,64006.08
TXN001827,2026-01-21,CUST19424, Pune ,Travel,Debit Card,63517.13
TXN001828,2026-01-27,CUST14760,vijayawada,Fuel,Credit Card,42283.04
TXN001829,2026-03-27,CUST27011,Chennai,Grocery,UPI,28771.7
TXN001830,2026-05-13,CUST70177,mumbai,Fashion,Debit Card,8521.88
TXN001831,2026-02-14,CUST83209,Visakhapatnam,Grocery,Wallet,55729.99
TXN001832,2026-01-30,CUST18128,Jaipur,Grocery,UPI,40206.5
TXN001833,2026-05-11,CUST20832,Nagpur,Fuel,UPI,48924.13
TXN001834,2026-02-05,CUST88406,DELHI,Fashion,UPI,32579.77
TXN001835,2026-04-27,CUST18460,Coimbatore,Travel,UPI,1868.58
TXN001836,2026-01-21,CUST22514,DELHI,Fashion,Credit Card,9196.07
TXN001837,2026-01-27,CUST69939, Visakhapatnam ,Utilities,Debit Card,9457.63
TXN001838,2026-04-24,CUST25470,Visakhapatnam,Fuel,Wallet,14830.24
TXN001839,2026-03-18,CUST22811,chennai,Fuel,Wallet,29028.51
TXN001840,2026-01-23,CUST36599,Pune,Fuel,NetBanking,37681.05
TXN001841,2026-06-10,CUST65627,BENGALURU,Travel,NetBanking,10579.41
TXN001842,2026-01-07,CUST12460,BENGALURU,Utilities,Debit Card,27154.38
TXN001843,2026-02-27,CUST94963,Indore,Fashion,Debit Card,41383.23
TXN001844,2026-04-22,CUST80634, Delhi ,Fuel,Debit Card,40960.61
TXN001845,2026-04-11,CUST43026,Indore,Fuel,Credit Card,57431.73
TXN001846,2026-05-09,CUST42229,Pune,Utilities,Credit Card,43905.0
TXN001847,2026-06-26,CUST65803,Indore,Fuel,Credit Card,59263.6
TXN001848,2026-03-08,CUST16030,Bengaluru,Fuel,Credit Card,19982.82
TXN001849,2026-05-09,CUST23834,Kolkata,Utilities,UPI,6913.89
TXN001850,2026-01-27,CUST78448,KOLKATA,Electronics,NetBanking,49344.58
TXN001851,2026-05-28,CUST83011,Delhi,Travel,UPI,49026.69
TXN001852,2026-03-15,CUST83302, Mumbai ,Fuel,Wallet,22092.63
TXN001853,2026-05-25,CUST81579,coimbatore,Healthcare,UPI,40285.45
TXN001854,2026-01-28,CUST44087, Jaipur ,Fuel,NetBanking,71871.48
TXN001855,2026-04-15,CUST43618,Mumbai,Utilities,Wallet,8375.69
TXN001856,2026-06-14,CUST42558,Bengaluru,Healthcare,Debit Card,36498.52
TXN001857,2026-01-30,CUST12691,mumbai,Fuel,Wallet,3411.33
TXN001858,2026-01-22,CUST22127,Bengaluru,Restaurants,NetBanking,34303.49
TXN001859,2026-04-08,CUST43838,Kolkata,Travel,Wallet,63614.25
TXN001860,2026-02-25,CUST99121,JAIPUR,Fashion,NetBanking,58574.35
TXN001861,2026-02-13,CUST48293,Mumbai,Healthcare,Debit Card,50805.68
TXN001862,2026-01-12,CUST73960,Visakhapatnam,Fashion,Credit Card,69819.13
TXN001863,2026-04-28,CUST63989,Pune,Fashion,Debit Card,53530.07
TXN001864,2026-01-18,CUST49156,Kolkata,Grocery,NetBanking,18460.29
TXN001865,2026-05-29,CUST21928,Mumbai,Fuel,Debit Card,20887.47
TXN001866,2026-04-24,CUST40422,Vijayawada,Grocery,Debit Card,24341.84
TXN001867,2026-02-01,CUST19551,Kolkata,Healthcare,Debit Card,79847.55
TXN001868,2026-04-05,CUST58498,Chennai,Fuel,NetBanking,65798.52
TXN001869,2026-05-27,CUST93460,Bengaluru,Fuel,Debit Card,30553.37
TXN001870,2026-02-17,CUST41303, Bengaluru ,Utilities,Credit Card,28689.09
TXN001871,2026-04-25,CUST84555,MUMBAI,Healthcare,Debit Card,1002.98
TXN001872,2026-06-28,CUST25897, Visakhapatnam ,Fuel,NetBanking,42016.02
TXN001873,2026-01-13,CUST37456,Bengaluru,Utilities,UPI,58699.73
TXN001874,2026-03-10,CUST87542,Nagpur,Fuel,Credit Card,16996.08
TXN001875,2026-04-22,CUST31440,PUNE,Restaurants,Wallet,48663.68
TXN001876,2026-06-27,CUST16186,DELHI,Healthcare,Debit Card,54224.33
TXN001877,2026-06-30,CUST17060,Pune,Fashion,UPI,26197.71
TXN001878,2026-03-05,CUST98825,Mumbai,Electronics,UPI,40850.03
TXN001879,2026-02-27,CUST72518,PUNE,Grocery,Wallet,11967.85
TXN001880,2026-01-28,CUST18318,Coimbatore,Travel,UPI,38883.85
TXN001881,2026-05-26,CUST21838,Delhi,Fuel,NetBanking,76705.34
TXN001882,2026-05-30,CUST38988,Coimbatore,Healthcare,Wallet,46301.59
TXN001883,2026-01-29,CUST49652,Chennai,Healthcare,Wallet,57107.49
TXN001884,2026-06-13,CUST42422,Mumbai,Travel,NetBanking,1274.47
TXN001885,2026-06-04,CUST53756,pune,Electronics,Wallet,16733.13
TXN001886,2026-02-09,CUST23469,Delhi,Grocery,NetBanking,66427.01
TXN001887,2026-02-09,CUST29293,Visakhapatnam,Fuel,Credit Card,49061.3
TXN001888,2026-04-04,CUST60684,Bengaluru,Travel,Credit Card,26005.56
TXN001889,2026-05-09,CUST19619,Mumbai,Grocery,UPI,71762.86
TXN001890,2026-02-09,CUST48376,Nagpur,Travel,Credit Card,25163.28
TXN001891,2026-04-12,CUST84541,Pune,Travel,Debit Card,81460.2
TXN001892,2026-05-19,CUST91252,coimbatore,Utilities,Wallet,24163.76
TXN001893,2026-04-20,CUST55279,Delhi,Restaurants,UPI,33738.78
TXN001894,2026-01-07,CUST64060,Visakhapatnam,Travel,Debit Card,34391.72
TXN001895,2026-04-01,CUST52257,Pune,Grocery,NetBanking,2640.52
TXN001896,2026-02-16,CUST29077,Chennai,Fuel,Debit Card,33565.67
TXN001897,2026-04-19,CUST80318,Vijayawada,Grocery,Wallet,33843.63
TXN001898,2026-04-03,CUST61612,Kolkata,Electronics,Credit Card,45844.04
TXN001899,2026-02-15,CUST24893,Lucknow,Grocery,Credit Card,81882.03
TXN001900,2026-06-30,CUST33869,Delhi,Fuel,NetBanking,20368.79
TXN001901,2026-06-11,CUST69082,Nagpur,Fashion,Debit Card,44352.02
TXN001902,2026-05-12,CUST50150,Indore,Electronics,Credit Card,68782.12
TXN001903,2026-01-08,CUST43991,Pune,Fashion,Credit Card,13498.51
TXN001904,2026-02-24,CUST15010,MUMBAI,Utilities,Credit Card,4661.79
TXN001905,2026-04-07,CUST80666,Indore,Utilities,NetBanking,30418.33
TXN001906,2026-02-06,CUST38684,Indore,Fashion,UPI,15594.77
TXN001907,2026-03-22,CUST33947,vijayawada,Electronics,Wallet,80367.96
TXN001908,2026-04-11,CUST63742,Vijayawada,Utilities,Wallet,38632.11
TXN001909,2026-03-29,CUST32168,chennai,Electronics,UPI,49377.25
TXN001910,2026-03-30,CUST45084,Nagpur,Travel,Credit Card,20624.09
TXN001911,2026-02-17,CUST33543,Coimbatore,Fashion,Wallet,17707.68
TXN001912,2026-02-05,CUST24880, Pune ,Travel,Credit Card,51893.59
TXN001913,2026-02-09,CUST18710,Chennai,Fashion,Wallet,80802.15
TXN001914,2026-04-01,CUST60311,Jaipur,Travel,NetBanking,51797.2
TXN001915,2026-04-01,CUST74320,jaipur,Grocery,UPI,13671.17
TXN001916,2026-04-05,CUST39916, Mumbai ,Grocery,Debit Card,42039.69
TXN001917,2026-04-29,CUST62069,Jaipur,Grocery,Debit Card,5337.2
TXN001918,2026-06-20,CUST27086, Chennai ,Grocery,Wallet,17592.21
TXN001919,2026-06-20,CUST83264,nagpur,Utilities,Credit Card,23779.64
TXN001920,2026-04-28,CUST56753,Delhi,Utilities,Debit Card,16241.77
TXN001921,2026-01-26,CUST39719,Hyderabad,Electronics,Wallet,11550.38
TXN001922,2026-06-14,CUST22093,Hyderabad,Fuel,Debit Card,34079.97
TXN001923,2026-04-14,CUST86147,Bengaluru,Electronics,Wallet,50143.81
TXN001924,2026-03-06,CUST18109, Bengaluru ,Fuel,UPI,50240.9
TXN001925,2026-02-14,CUST68271,indore,Travel,Credit Card,21981.65
TXN001926,2026-06-07,CUST97210,Delhi,Utilities,Debit Card,47796.11
TXN001927,2026-04-06,CUST16960,Lucknow,Fashion,Wallet,59112.91
TXN001928,2026-03-12,CUST18617,Pune,Restaurants,Debit Card,60110.53
TXN001929,2026-05-31,CUST39206,Chennai,Grocery,Wallet,8206.57
TXN001930,2026-05-29,CUST75948,bengaluru,Electronics,Debit Card,26993.9
TXN001931,2026-06-03,CUST69514,Vijayawada,Fuel,UPI,7147.81
TXN001932,2026-02-16,CUST97064, Kolkata ,Electronics,Debit Card,48175.84
TXN001933,2026-03-06,CUST26665,Chennai,Grocery,Credit Card,58262.23
TXN001934,2026-03-25,CUST92444,Visakhapatnam,Healthcare,NetBanking,26099.27
TXN001935,2026-05-21,CUST16878, Kolkata ,Healthcare,Debit Card,80514.85
TXN001936,2026-05-21,CUST52549,Hyderabad,Restaurants,UPI,20849.96
TXN001937,2026-02-28,CUST94363,Kolkata,Healthcare,Debit Card,76476.88
TXN001938,2026-01-16,CUST52098,kolkata,Fuel,NetBanking,18274.47
TXN001939,2026-06-19,CUST85886,Chennai,Grocery,UPI,1880.62
TXN001940,2026-06-30,CUST41254,JAIPUR,Restaurants,NetBanking,10894.9
TXN001941,2026-06-12,CUST59934,Indore,Healthcare,Credit Card,222.63
TXN001942,2026-02-01,CUST17094,LUCKNOW,Fashion,Debit Card,48308.0
TXN001943,2026-01-03,CUST19194,Nagpur,Grocery,UPI,26427.01
TXN001944,2026-06-16,CUST98399,Pune,Restaurants,NetBanking,84670.44
TXN001945,2026-01-05,CUST72377,MUMBAI,Utilities,UPI,40747.76
TXN001946,2026-03-18,CUST70347,Nagpur,Electronics,Credit Card,4919.61
TXN001947,2026-06-15,CUST19583,Bengaluru,Utilities,Credit Card,29912.41
TXN001948,2026-05-04,CUST11076,Kolkata,Healthcare,NetBanking,65191.14
TXN001949,2026-04-04,CUST26324, Kolkata ,Fuel,Wallet,66694.07
TXN001950,2026-03-07,CUST50343, Vijayawada ,Fashion,Wallet,21973.82
TXN001951,2026-04-05,CUST10122,Mumbai,Fashion,Wallet,79500.44
TXN001952,2026-05-30,CUST28370,Pune,Electronics,UPI,16803.21
TXN001953,2026-04-26,CUST70566, Nagpur ,Restaurants,Credit Card,59190.76
TXN001954,2026-01-25,CUST44952,Lucknow,Travel,Credit Card,15503.1
TXN001955,2026-01-21,CUST59523,Jaipur,Utilities,NetBanking,9914.47
TXN001956,2026-04-29,CUST60003,Pune,Utilities,NetBanking,6207.4
TXN001957,2026-06-28,CUST32284,Jaipur,Fashion,Wallet,20981.6
TXN001958,2026-05-31,CUST71893,Lucknow,Electronics,Wallet,50708.31
TXN001959,2026-03-05,CUST51771,Bengaluru,Fashion,Credit Card,40664.67
TXN001960,2026-01-28,CUST66472,VIJAYAWADA,Healthcare,Credit Card,81566.12
TXN001961,2026-06-27,CUST24372,Vijayawada,Restaurants,Debit Card,48284.43
TXN001962,2026-03-10,CUST76601,Mumbai,Healthcare,Debit Card,52608.55
TXN001963,2026-06-12,CUST97278, Kolkata ,Fuel,UPI,67098.5
TXN001964,2026-05-19,CUST63517,Pune,Healthcare,UPI,20390.47
TXN001965,2026-05-11,CUST11888,chennai,Healthcare,Wallet,73917.42
TXN001966,2026-02-24,CUST25900,Hyderabad,Travel,Debit Card,45533.1
TXN001967,2026-04-15,CUST93685,PUNE,Restaurants,Credit Card,63523.54
TXN001968,2026-04-24,CUST26240,Jaipur,Utilities,NetBanking,8424.3
TXN001969,2026-02-26,CUST21167,Delhi,Restaurants,UPI,19943.18
TXN001970,2026-03-17,CUST72381, Jaipur ,Restaurants,UPI,17855.4
TXN001971,2026-02-08,CUST80174,Hyderabad,Restaurants,NetBanking,81252.32
TXN001972,2026-05-12,CUST37433,Vijayawada,Grocery,Credit Card,67872.12
TXN001973,2026-02-17,CUST17197, Kolkata ,Fuel,Credit Card,24223.18
TXN001974,2026-04-06,CUST41786, Pune ,Utilities,Wallet,77980.25
TXN001975,2026-04-24,CUST32031,kolkata,Utilities,UPI,3597.87
TXN001976,2026-04-30,CUST97582,DELHI,Restaurants,NetBanking,48431.82
TXN001977,2026-03-03,CUST73309,Visakhapatnam,Fashion,Debit Card,3907.5
TXN001978,2026-05-26,CUST23155,CHENNAI,Restaurants,Credit Card,72082.01
TXN001979,2026-04-17,CUST53233,Nagpur,Travel,Credit Card,63571.72
TXN001980,2026-03-12,CUST53524,Chennai,Restaurants,NetBanking,40014.86
TXN001981,2026-01-15,CUST71248,Bengaluru,Grocery,Wallet,63710.91
TXN001982,2026-02-13,CUST27414,Visakhapatnam,Utilities,UPI,33047.76
TXN001983,2026-04-14,CUST40876,Kolkata,Healthcare,Debit Card,56677.31
TXN001984,2026-03-29,CUST85967,Indore,Healthcare,NetBanking,57220.35
TXN001985,2026-06-01,CUST55478,Coimbatore,Healthcare,Wallet,42992.96
TXN001986,2026-06-09,CUST60657,Lucknow,Fuel,Debit Card,17636.49
TXN001987,2026-05-06,CUST17099,Delhi,Travel,Credit Card,40620.96
TXN001988,2026-01-27,CUST27130,Jaipur,Restaurants,Credit Card,9856.29
TXN001989,2026-06-12,CUST21073,Nagpur,Travel,Debit Card,51464.75
TXN001990,2026-04-20,CUST75889,Pune,Fashion,UPI,53365.68
TXN001991,2026-02-26,CUST71938, Kolkata ,Grocery,Credit Card,24507.34
TXN001992,2026-06-03,CUST37179,Coimbatore,Healthcare,Debit Card,41889.89
TXN001993,2026-05-29,CUST11036,INDORE,Travel,NetBanking,5819.24
TXN001994,2026-06-06,CUST15413,Pune,Grocery,Credit Card,36630.05
TXN001995,2026-05-28,CUST98468, Delhi ,Grocery,Credit Card,62868.94
TXN001996,2026-05-25,CUST47854,Indore,Utilities,UPI,7225.11
TXN001997,2026-02-01,CUST42190,Pune,Fashion,NetBanking,47587.56
TXN001998,2026-01-06,CUST99805,Indore,Travel,Credit Card,25120.89
TXN001999,2026-01-20,CUST15338, Hyderabad ,Fashion,Credit Card,84920.05
TXN002000,2026-03-20,CUST77993,Vijayawada,Grocery,Credit Card,80312.0
TXN002001,2026-01-06,CUST45870, Coimbatore ,Grocery,Debit Card,83228.11
TXN002002,2026-02-16,CUST55566,Jaipur,Fashion,UPI,57907.95
TXN002003,2026-06-18,CUST65959,INDORE,Restaurants,UPI,59301.18
TXN002004,2026-01-10,CUST89918,Indore,Travel,Debit Card,79081.31
TXN002005,2026-05-03,CUST51661,mumbai,Utilities,UPI,16539.97
TXN002006,2026-03-08,CUST69296,Chennai,Grocery,Debit Card,76472.82
TXN002007,2026-01-25,CUST47129,Visakhapatnam,Electronics,Debit Card,48890.6
TXN002008,2026-03-05,CUST46668,CHENNAI,Electronics,Wallet,17099.82
TXN002009,2026-04-12,CUST51937,Kolkata,Restaurants,Debit Card,61712.31
TXN002010,2026-04-24,CUST78101, Lucknow ,Electronics,Debit Card,4554.87
TXN002011,2026-02-08,CUST92383,Chennai,Restaurants,Credit Card,12234.96
TXN002012,2026-03-11,CUST14603,HYDERABAD,Healthcare,Credit Card,43440.17
TXN002013,2026-02-23,CUST97575,Mumbai,Fuel,UPI,29068.54
TXN002014,2026-06-20,CUST86013, Lucknow ,Restaurants,Debit Card,15694.07
TXN002015,2026-02-18,CUST55569,Lucknow,Electronics,Credit Card,37632.27
TXN002016,2026-03-11,CUST49714,Delhi,Grocery,Wallet,445.73
TXN002017,2026-01-23,CUST25853,PUNE,Fashion,Credit Card,82197.54
TXN002018,2026-06-13,CUST82042,MUMBAI,Utilities,Debit Card,50852.57
TXN002019,2026-06-05,CUST85205,Bengaluru,Fuel,Credit Card,73280.36
TXN002020,2026-01-14,CUST14866,Nagpur,Fuel,Wallet,16685.75
TXN002021,2026-02-27,CUST33808,Pune,Grocery,NetBanking,73088.8
TXN002022,2026-05-02,CUST20537,Indore,Restaurants,Debit Card,52213.32
TXN002023,2026-02-05,CUST57603,Lucknow,Restaurants,Debit Card,39398.57
TXN002024,2026-03-03,CUST50178,Pune,Utilities,Wallet,53797.97
TXN002025,2026-05-04,CUST14881,Chennai,Electronics,UPI,84182.0
TXN002026,2026-04-26,CUST27183,Pune,Utilities,Debit Card,20949.93
TXN002027,2026-02-15,CUST49768,jaipur,Healthcare,Debit Card,19724.0
TXN002028,2026-06-11,CUST25778,Hyderabad,Utilities,UPI,56363.87
TXN002029,2026-05-25,CUST23535,Hyderabad,Electronics,UPI,11142.87
TXN002030,2026-06-18,CUST81421,Hyderabad,Travel,UPI,81987.29
TXN002031,2026-05-08,CUST55222,Kolkata,Fuel,Debit Card,70753.52
TXN002032,2026-05-28,CUST15859,mumbai,Fuel,NetBanking,7925.16
TXN002033,2026-06-22,CUST85618,Jaipur,Fashion,Debit Card,71167.67
TXN002034,2026-06-08,CUST60906,Vijayawada,Fashion,Wallet,12706.65
TXN002035,2026-02-26,CUST87199,Visakhapatnam,Utilities,UPI,69504.98
TXN002036,2026-06-30,CUST36002,KOLKATA,Electronics,UPI,51902.74
TXN002037,2026-01-08,CUST88156,Lucknow,Restaurants,NetBanking,80726.4
TXN002038,2026-04-21,CUST93312,LUCKNOW,Grocery,Debit Card,77167.24
TXN002039,2026-03-29,CUST89032,Pune,Utilities,UPI,26885.27
TXN002040,2026-04-28,CUST56570,JAIPUR,Fuel,Wallet,76635.76
TXN002041,2026-05-19,CUST32024,Pune,Fuel,UPI,37349.56
TXN002042,2026-04-10,CUST27983,Mumbai,Fuel,NetBanking,30304.47
TXN002043,2026-02-03,CUST63450,Indore,Grocery,NetBanking,50051.46
TXN002044,2026-04-13,CUST15109,Indore,Restaurants,Credit Card,36727.9
TXN002045,2026-03-21,CUST25446,Nagpur,Healthcare,Credit Card,24275.54
TXN002046,2026-05-14,CUST22340, Indore ,Electronics,Debit Card,28890.69
TXN002047,2026-02-02,CUST12954,Mumbai,Grocery,Wallet,73588.7
TXN002048,2026-01-20,CUST33529,Hyderabad,Fuel,UPI,44205.71
TXN002049,2026-05-21,CUST15691,Visakhapatnam,Grocery,Wallet,33541.36
TXN002050,2026-01-04,CUST76688,Jaipur,Utilities,NetBanking,77654.83
TXN002051,2026-06-23,CUST73762,Lucknow,Utilities,Credit Card,61237.56
TXN002052,2026-03-04,CUST65449,Bengaluru,Grocery,NetBanking,69982.41
TXN002053,2026-02-14,CUST12869, Vijayawada ,Fuel,Credit Card,67262.06
TXN002054,2026-05-09,CUST97227,Coimbatore,Electronics,Debit Card,69244.6
TXN002055,2026-03-16,CUST75081,Pune,Fashion,NetBanking,46566.57
TXN002056,2026-03-23,CUST83146,Kolkata,Restaurants,Debit Card,75478.66
TXN002057,2026-01-16,CUST30748,Chennai,Travel,Wallet,59192.57
TXN002058,2026-05-23,CUST55128,Nagpur,Grocery,Credit Card,84095.71
TXN002059,2026-02-18,CUST16992,Visakhapatnam,Utilities,NetBanking,16234.89
TXN002060,2026-03-20,CUST85361,Lucknow,Utilities,Wallet,76468.01
TXN002061,2026-06-12,CUST36242,Indore,Electronics,Debit Card,9234.16
TXN002062,2026-02-02,CUST30319,Kolkata,Utilities,Debit Card,53187.08
TXN002063,2026-03-12,CUST46113,Mumbai,Grocery,Wallet,60230.43
TXN002064,2026-02-22,CUST27399,Coimbatore,Travel,UPI,35327.45
TXN002065,2026-01-15,CUST27470,vijayawada,Grocery,NetBanking,50159.73
TXN002066,2026-03-26,CUST18159,Bengaluru,Electronics,UPI,23728.37
TXN002067,2026-06-30,CUST56061,Jaipur,Travel,Wallet,17184.16
TXN002068,2026-02-04,CUST72754,Visakhapatnam,Healthcare,NetBanking,74214.02
TXN002069,2026-02-20,CUST40548,Visakhapatnam,Travel,UPI,25790.61
TXN002070,2026-06-04,CUST57179, Lucknow ,Healthcare,UPI,45767.42
TXN002071,2026-05-16,CUST58154,delhi,Healthcare,NetBanking,3109.77
TXN002072,2026-01-26,CUST62000,Jaipur,Electronics,Debit Card,19589.66
TXN002073,2026-02-15,CUST99163,Jaipur,Electronics,Debit Card,74318.55
TXN002074,2026-02-23,CUST71452,Hyderabad,Utilities,UPI,1118.07
TXN002075,2026-02-10,CUST87220,Jaipur,Fuel,Credit Card,26898.81
TXN002076,2026-04-16,CUST65713,Nagpur,Electronics,Debit Card,80785.47
TXN002077,2026-03-05,CUST45474,nagpur,Utilities,Credit Card,81259.74
TXN002078,2026-05-24,CUST65887,Hyderabad,Travel,Debit Card,35055.98
TXN002079,2026-06-26,CUST84215,Pune,Restaurants,NetBanking,18004.91
TXN002080,2026-01-12,CUST29266,Vijayawada,Grocery,Wallet,23213.14
TXN002081,2026-06-02,CUST36573,Kolkata,Fashion,UPI,34500.6
TXN002082,2026-05-02,CUST32264,Nagpur,Healthcare,Credit Card,66300.15
TXN002083,2026-02-10,CUST18502,chennai,Travel,UPI,2599.52
TXN002084,2026-04-08,CUST10738,Visakhapatnam,Fashion,Debit Card,41040.78
TXN002085,2026-04-24,CUST39034,Jaipur,Utilities,UPI,58125.39
TXN002086,2026-06-14,CUST84873,Mumbai,Travel,Wallet,83050.57
TXN002087,2026-05-14,CUST19178,Nagpur,Restaurants,UPI,35145.88
TXN002088,2026-05-02,CUST69825,Chennai,Grocery,Debit Card,34236.38
TXN002089,2026-05-06,CUST53006,Pune,Grocery,Debit Card,21624.28
TXN002090,2026-01-11,CUST68771,Pune,Electronics,Credit Card,35643.17
TXN002091,2026-06-19,CUST21842,Hyderabad,Utilities,NetBanking,6039.56
TXN002092,2026-02-09,CUST89666,Bengaluru,Electronics,NetBanking,3281.41
TXN002093,2026-05-26,CUST99074,Pune,Travel,Credit Card,24334.79
TXN002094,2026-04-08,CUST24232,Indore,Utilities,Wallet,78268.05
TXN002095,2026-02-19,CUST86776,Kolkata,Travel,UPI,52653.72
TXN002096,2026-01-26,CUST62430,visakhapatnam,Travel,Debit Card,1919.02
TXN002097,2026-02-28,CUST53686,KOLKATA,Restaurants,NetBanking,22984.26
TXN002098,2026-02-05,CUST15584,pune,Fuel,Wallet,36387.43
TXN002099,2026-06-17,CUST17344,Bengaluru,Fashion,Wallet,23763.73
TXN002100,2026-05-14,CUST81172,Chennai,Utilities,NetBanking,41914.88
TXN002101,2026-01-15,CUST72137,Vijayawada,Fuel,Wallet,281.42
TXN002102,2026-02-27,CUST86126,PUNE,Fashion,Wallet,55199.56
TXN002103,2026-01-20,CUST31827,Pune,Electronics,Debit Card,82319.68
TXN002104,2026-02-22,CUST16810,Indore,Travel,NetBanking,51494.41
TXN002105,2026-06-30,CUST97459,Coimbatore,Fashion,NetBanking,9327.2
TXN002106,2026-01-16,CUST37706,Vijayawada,Fuel,Wallet,10469.53
TXN002107,2026-03-20,CUST85132,JAIPUR,Fuel,UPI,76925.7
TXN002108,2026-03-02,CUST30197, Visakhapatnam ,Utilities,Debit Card,20542.39
TXN002109,2026-04-10,CUST91486,KOLKATA,Travel,NetBanking,56235.09
TXN002110,2026-01-17,CUST43591,coimbatore,Utilities,UPI,80383.93
TXN002111,2026-04-10,CUST44403,Bengaluru,Fashion,Wallet,3670.2
TXN002112,2026-03-08,CUST35380,Vijayawada,Electronics,Wallet,30820.42
TXN002113,2026-05-07,CUST93434,Bengaluru,Fashion,NetBanking,14167.63
TXN002114,2026-05-31,CUST35085,Indore,Restaurants,UPI,39127.41
TXN002115,2026-01-31,CUST11797,Indore,Fuel,Debit Card,13700.31
TXN002116,2026-06-12,CUST79212,Chennai,Grocery,NetBanking,79298.1
TXN002117,2026-01-16,CUST52852,Visakhapatnam,Fuel,Wallet,63595.61
TXN002118,2026-04-10,CUST85696,Indore,Healthcare,Wallet,31512.67
TXN002119,2026-03-13,CUST24488,Chennai,Grocery,Credit Card,23822.21
TXN002120,2026-01-13,CUST82193,Kolkata,Utilities,UPI,78795.89
TXN002121,2026-01-25,CUST58180,Chennai,Utilities,Wallet,40683.4
TXN002122,2026-06-01,CUST48787,Kolkata,Fashion,Wallet,35530.8
TXN002123,2026-06-12,CUST29443, Pune ,Utilities,UPI,2326.58
TXN002124,2026-03-27,CUST68516,Visakhapatnam,Fuel,UPI,35360.83
TXN002125,2026-04-07,CUST64818,Mumbai,Fuel,UPI,84156.22
TXN002126,2026-03-23,CUST48080,Kolkata,Travel,Debit Card,42664.99
TXN002127,2026-06-02,CUST70698,Nagpur,Electronics,Debit Card,42377.42
TXN002128,2026-02-08,CUST48532,Bengaluru,Fuel,UPI,68762.62
TXN002129,2026-03-02,CUST55557,Nagpur,Restaurants,UPI,40958.16
TXN002130,2026-04-15,CUST28197,Coimbatore,Fashion,UPI,41504.02
TXN002131,2026-06-16,CUST27083,coimbatore,Fuel,Wallet,15572.35
TXN002132,2026-03-25,CUST74141,Jaipur,Fashion,UPI,51126.74
TXN002133,2026-03-20,CUST80095,Kolkata,Healthcare,NetBanking,14069.17
TXN002134,2026-06-05,CUST53803,VIJAYAWADA,Travel,UPI,54107.79
TXN002135,2026-03-06,CUST32437, Kolkata ,Fashion,Wallet,63421.96
TXN002136,2026-05-27,CUST99386,Lucknow,Utilities,NetBanking,40308.37
TXN002137,2026-05-09,CUST93334,kolkata,Fashion,UPI,39368.62
TXN002138,2026-05-30,CUST68577,Visakhapatnam,Fashion,UPI,29550.93
TXN002139,2026-02-25,CUST40445,Vijayawada,Restaurants,UPI,4676.88
TXN002140,2026-01-25,CUST89958,JAIPUR,Utilities,Credit Card,76107.03
TXN002141,2026-05-26,CUST48736,Chennai,Travel,Wallet,62928.96
TXN002142,2026-03-30,CUST38458,Indore,Healthcare,Debit Card,47713.25
TXN002143,2026-02-07,CUST92779,Nagpur,Fuel,Credit Card,63500.43
TXN002144,2026-05-13,CUST89169,Jaipur,Fashion,NetBanking,13632.95
TXN002145,2026-05-30,CUST74597,Chennai,Restaurants,Credit Card,55439.55
TXN002146,2026-05-11,CUST88410,Indore,Travel,Credit Card,40054.77
TXN002147,2026-04-14,CUST90187,Kolkata,Grocery,NetBanking,6958.9
TXN002148,2026-06-14,CUST35470, Chennai ,Travel,Debit Card,81996.31
TXN002149,2026-05-23,CUST83590,Indore,Grocery,NetBanking,66362.42
TXN002150,2026-06-16,CUST59732,Mumbai,Grocery,Credit Card,56126.55
TXN002151,2026-06-02,CUST79859,Kolkata,Utilities,NetBanking,69733.18
TXN002152,2026-05-03,CUST44624,Chennai,Grocery,UPI,84093.69
TXN002153,2026-06-28,CUST10052,Visakhapatnam,Restaurants,Credit Card,46637.72
TXN002154,2026-06-05,CUST83683,Kolkata,Travel,Credit Card,47735.71
TXN002155,2026-03-22,CUST58339,Bengaluru,Grocery,NetBanking,74360.71
TXN002156,2026-04-06,CUST71722,Coimbatore,Restaurants,Debit Card,54197.24
TXN002157,2026-01-09,CUST51807,bengaluru,Healthcare,Credit Card,73819.38
TXN002158,2026-03-13,CUST58937,Kolkata,Grocery,NetBanking,62713.04
TXN002159,2026-04-11,CUST57341,Jaipur,Travel,NetBanking,67169.75
TXN002160,2026-02-02,CUST29181,Bengaluru,Fuel,Credit Card,6026.47
TXN002161,2026-02-02,CUST28521,nagpur,Restaurants,Wallet,53019.95
TXN002162,2026-05-26,CUST57986,Chennai,Healthcare,Credit Card,67948.17
TXN002163,2026-03-10,CUST57276,Pune,Utilities,Credit Card,37300.51
TXN002164,2026-02-08,CUST99130,Hyderabad,Utilities,NetBanking,63815.61
TXN002165,2026-05-12,CUST95300,JAIPUR,Grocery,Debit Card,30292.73
TXN002166,2026-01-31,CUST49544,jaipur,Restaurants,Credit Card,57581.18
TXN002167,2026-01-07,CUST84236,Coimbatore,Restaurants,NetBanking,77305.45
TXN002168,2026-01-11,CUST79990,Bengaluru,Healthcare,Debit Card,47300.5
TXN002169,2026-03-10,CUST30918,Bengaluru,Electronics,Credit Card,7170.6
TXN002170,2026-03-06,CUST13093,Visakhapatnam,Fashion,Credit Card,43651.69
TXN002171,2026-04-21,CUST96322,Lucknow,Fashion,NetBanking,19965.89
TXN002172,2026-06-24,CUST55405, Coimbatore ,Fuel,Credit Card,24714.78
TXN002173,2026-02-22,CUST15747, Mumbai ,Utilities,Wallet,10651.55
TXN002174,2026-05-08,CUST53027,Mumbai,Utilities,NetBanking,8574.2
TXN002175,2026-02-23,CUST91188,Delhi,Fuel,UPI,61294.0
TXN002176,2026-05-23,CUST10526,Hyderabad,Restaurants,Debit Card,62248.13
TXN002177,2026-04-20,CUST34254,Visakhapatnam,Fuel,Debit Card,72192.67
TXN002178,2026-02-05,CUST55261,Mumbai,Electronics,Credit Card,29122.2
TXN002179,2026-04-07,CUST97126,Coimbatore,Healthcare,UPI,21792.24
TXN002180,2026-06-06,CUST78574,Delhi,Grocery,Credit Card,83167.8
TXN002181,2026-01-16,CUST28169,NAGPUR,Travel,Wallet,63164.78
TXN002182,2026-02-28,CUST58457,Vijayawada,Fashion,Debit Card,17963.74
TXN002183,2026-01-19,CUST81128,nagpur,Grocery,Debit Card,57411.66
TXN002184,2026-04-29,CUST40458,Pune,Restaurants,Debit Card,44419.38
TXN002185,2026-01-18,CUST17579,Visakhapatnam,Healthcare,Credit Card,80684.26
TXN002186,2026-01-14,CUST11288,Nagpur,Fashion,UPI,11125.62
TXN002187,2026-01-19,CUST25205,delhi,Travel,Wallet,10926.67
TXN002188,2026-03-02,CUST99889,Coimbatore,Fashion,Wallet,20339.18
TXN002189,2026-01-25,CUST74943,Hyderabad,Electronics,UPI,40881.97
TXN002190,2026-02-19,CUST83256,Visakhapatnam,Restaurants,Credit Card,62414.17
TXN002191,2026-06-11,CUST63853,Pune,Electronics,NetBanking,66132.43
TXN002192,2026-03-16,CUST92125,Jaipur,Electronics,NetBanking,57447.78
TXN002193,2026-02-07,CUST39694,Pune,Healthcare,Credit Card,56387.09
TXN002194,2026-05-18,CUST97535,Coimbatore,Healthcare,Wallet,18038.34
TXN002195,2026-02-26,CUST14526,Indore,Travel,UPI,33795.76
TXN002196,2026-06-18,CUST71773,Coimbatore,Utilities,UPI,33542.39
TXN002197,2026-03-26,CUST20979,Coimbatore,Healthcare,Debit Card,53494.46
TXN002198,2026-04-05,CUST13024,hyderabad,Fashion,Credit Card,51921.0
TXN002199,2026-01-21,CUST24522,Kolkata,Fashion,NetBanking,29436.43
TXN002200,2026-04-29,CUST67193,jaipur,Healthcare,Credit Card,2924.69
TXN002201,2026-04-14,CUST76453,Vijayawada,Electronics,Credit Card,21439.81
TXN002202,2026-05-23,CUST18273, Chennai ,Fuel,Credit Card,27267.9
TXN002203,2026-05-24,CUST33018, Coimbatore ,Utilities,NetBanking,6362.88
TXN002204,2026-06-25,CUST15624,Kolkata,Healthcare,UPI,21906.51
TXN002205,2026-03-05,CUST78454,Bengaluru,Grocery,Debit Card,67315.6
TXN002206,2026-01-15,CUST47218,Delhi,Grocery,Credit Card,16787.1
TXN002207,2026-01-05,CUST46609,pune,Healthcare,NetBanking,17905.81
TXN002208,2026-04-18,CUST88336, Hyderabad ,Restaurants,Credit Card,32133.22
TXN002209,2026-05-28,CUST54557,Mumbai,Fashion,Debit Card,37401.63
TXN002210,2026-01-16,CUST48488,Coimbatore,Restaurants,Debit Card,38702.88
TXN002211,2026-02-09,CUST43158,Visakhapatnam,Grocery,Debit Card,49666.57
TXN002212,2026-01-11,CUST31503,Pune,Healthcare,Wallet,27732.98
TXN002213,2026-06-27,CUST82007, Kolkata ,Electronics,Debit Card,48663.9
TXN002214,2026-04-04,CUST44558,Jaipur,Fuel,Credit Card,79060.86
TXN002215,2026-04-10,CUST16696,Coimbatore,Grocery,Wallet,11968.9
TXN002216,2026-05-10,CUST98468,Mumbai,Fashion,Credit Card,34903.42
TXN002217,2026-06-29,CUST75025,Coimbatore,Restaurants,Wallet,64386.86
TXN002218,2026-05-24,CUST44225,Lucknow,Restaurants,Debit Card,34057.91
TXN002219,2026-05-05,CUST91490,Bengaluru,Restaurants,Wallet,23682.05
TXN002220,2026-06-06,CUST46509,Pune,Healthcare,UPI,20388.6
TXN002221,2026-05-27,CUST45398,Chennai,Fuel,Debit Card,51819.87
TXN002222,2026-02-06,CUST52790,PUNE,Utilities,Wallet,12232.31
TXN002223,2026-02-22,CUST53108,Visakhapatnam,Fashion,Debit Card,19343.86
TXN002224,2026-02-14,CUST76248,Coimbatore,Fuel,UPI,50590.21
TXN002225,2026-01-01,CUST27795,Mumbai,Travel,Wallet,6272.83
TXN002226,2026-01-25,CUST98798,Mumbai,Fashion,Debit Card,70563.53
TXN002227,2026-05-01,CUST67950,Nagpur,Restaurants,Wallet,32911.78
TXN002228,2026-04-04,CUST49736,Hyderabad,Healthcare,Debit Card,13951.81
TXN002229,2026-05-21,CUST39986,Coimbatore,Fashion,UPI,63254.34
TXN002230,2026-01-17,CUST78415, Mumbai ,Grocery,Wallet,42053.77
TXN002231,2026-04-16,CUST81799, Delhi ,Electronics,UPI,13062.56
TXN002232,2026-04-15,CUST86454,pune,Utilities,NetBanking,56979.03
TXN002233,2026-05-02,CUST96910,Hyderabad,Grocery,UPI,19351.17
TXN002234,2026-06-16,CUST99089, Visakhapatnam ,Fashion,Wallet,83171.07
TXN002235,2026-05-20,CUST53646,mumbai,Grocery,Debit Card,51389.15
TXN002236,2026-02-04,CUST52339,VISAKHAPATNAM,Electronics,Debit Card,63852.15
TXN002237,2026-02-21,CUST11625, Lucknow ,Travel,NetBanking,72141.9
TXN002238,2026-06-08,CUST14764,Nagpur,Healthcare,Debit Card,19607.0
TXN002239,2026-05-06,CUST35932,Kolkata,Utilities,Credit Card,47705.01
TXN002240,2026-03-28,CUST26282,Indore,Electronics,Wallet,75803.43
TXN002241,2026-04-24,CUST98962,delhi,Healthcare,Credit Card,80482.18
TXN002242,2026-04-26,CUST42086,VIJAYAWADA,Healthcare,Wallet,78575.21
TXN002243,2026-03-17,CUST93113,Visakhapatnam,Electronics,UPI,17054.88
TXN002244,2026-05-20,CUST10186,chennai,Healthcare,Credit Card,13013.54
TXN002245,2026-04-17,CUST57983,visakhapatnam,Utilities,Credit Card,84639.11
TXN002246,2026-02-08,CUST89369,HYDERABAD,Fashion,Credit Card,25737.77
TXN002247,2026-05-09,CUST93615,Mumbai,Electronics,UPI,57211.25
TXN002248,2026-04-28,CUST67939,Chennai,Fuel,NetBanking,73235.08
TXN002249,2026-02-19,CUST83640, Chennai ,Healthcare,Wallet,33179.94
TXN002250,2026-04-25,CUST88799,Indore,Healthcare,NetBanking,76465.65
TXN002251,2026-05-05,CUST38963,PUNE,Electronics,Wallet,83484.4
TXN002252,2026-03-31,CUST83501, Indore ,Healthcare,NetBanking,34313.22
TXN002253,2026-04-04,CUST31790,visakhapatnam,Restaurants,NetBanking,44718.94
TXN002254,2026-03-08,CUST69542,VISAKHAPATNAM,Restaurants,UPI,23262.69
TXN002255,2026-06-30,CUST62622, Bengaluru ,Fuel,Debit Card,32104.6
TXN002256,2026-04-13,CUST28834,Lucknow,Travel,Wallet,9283.35
TXN002257,2026-01-12,CUST79510,Hyderabad,Grocery,NetBanking,14823.75
TXN002258,2026-05-26,CUST61548,Chennai,Fuel,Debit Card,44285.66
TXN002259,2026-04-05,CUST37322,Lucknow,Travel,Debit Card,57955.51
TXN002260,2026-03-30,CUST45853, Bengaluru ,Utilities,Credit Card,26104.53
TXN002261,2026-01-05,CUST34566,Visakhapatnam,Travel,Debit Card,4286.71
TXN002262,2026-05-26,CUST49781,Indore,Fashion,Credit Card,60929.69
TXN002263,2026-06-03,CUST96909, Jaipur ,Travel,UPI,74136.68
TXN002264,2026-02-15,CUST40080,Hyderabad,Healthcare,Wallet,75543.43
TXN002265,2026-05-07,CUST58805,Vijayawada,Utilities,Credit Card,68825.28
TXN002266,2026-01-13,CUST28215,Kolkata,Fashion,NetBanking,36975.82
TXN002267,2026-01-14,CUST40672,kolkata,Fashion,Wallet,49088.06
TXN002268,2026-01-20,CUST33489,Hyderabad,Healthcare,Credit Card,73989.25
TXN002269,2026-05-08,CUST29733,Nagpur,Fuel,Debit Card,25676.53
TXN002270,2026-01-24,CUST61596,COIMBATORE,Fashion,Debit Card,19554.27
TXN002271,2026-05-19,CUST30928,Bengaluru,Grocery,Credit Card,23069.93
TXN002272,2026-02-18,CUST30419,Jaipur,Healthcare,UPI,80743.16
TXN002273,2026-05-22,CUST26733,Nagpur,Fuel,Wallet,77788.71
TXN002274,2026-05-07,CUST93148,Vijayawada,Fuel,UPI,69727.29
TXN002275,2026-05-06,CUST33748, Indore ,Healthcare,Credit Card,57736.19
TXN002276,2026-06-28,CUST15593,Jaipur,Restaurants,Debit Card,56370.31
TXN002277,2026-06-01,CUST69446,Kolkata,Fuel,Credit Card,62913.7
TXN002278,2026-06-22,CUST63874, Hyderabad ,Fashion,Wallet,19860.77
TXN002279,2026-03-25,CUST93055,Bengaluru,Utilities,Wallet,829.19
TXN002280,2026-01-18,CUST72509,Nagpur,Restaurants,UPI,39148.55
TXN002281,2026-02-01,CUST68016,Mumbai,Healthcare,NetBanking,65542.61
TXN002282,2026-04-19,CUST67384,HYDERABAD,Utilities,Credit Card,49719.15
TXN002283,2026-06-30,CUST61391, Vijayawada ,Travel,NetBanking,65870.36
TXN002284,2026-06-16,CUST43627,LUCKNOW,Travel,NetBanking,65945.97
TXN002285,2026-06-16,CUST86479,hyderabad,Fashion,Debit Card,17577.64
TXN002286,2026-02-18,CUST41208,Bengaluru,Utilities,Credit Card,75145.29
TXN002287,2026-01-02,CUST17974,Chennai,Healthcare,UPI,28832.19
TXN002288,2026-01-03,CUST33907,Indore,Restaurants,Debit Card,81737.44
TXN002289,2026-06-09,CUST57911,LUCKNOW,Fashion,Debit Card,8024.59
TXN002290,2026-05-14,CUST61012,HYDERABAD,Grocery,NetBanking,20474.59
TXN002291,2026-01-10,CUST57511,INDORE,Restaurants,Wallet,27232.76
TXN002292,2026-06-26,CUST90652,Bengaluru,Fuel,Wallet,63927.65
TXN002293,2026-05-29,CUST74492,Pune,Fashion,NetBanking,53644.16
TXN002294,2026-03-13,CUST76939,Coimbatore,Fuel,Wallet,63973.02
TXN002295,2026-03-14,CUST45411,Indore,Electronics,Debit Card,81089.15
TXN002296,2026-03-07,CUST75260,delhi,Fuel,Debit Card,72993.99
TXN002297,2026-01-18,CUST41818,Nagpur,Restaurants,Wallet,79318.32
TXN002298,2026-02-12,CUST10926,Nagpur,Fuel,Wallet,5312.15
TXN002299,2026-05-14,CUST96843,Indore,Travel,UPI,11304.12
TXN002300,2026-02-08,CUST93623,Lucknow,Fuel,UPI,73547.26
TXN002301,2026-05-19,CUST23637,Indore,Utilities,Wallet,25560.44
TXN002302,2026-03-29,CUST41762,Nagpur,Travel,UPI,80451.74
TXN002303,2026-02-11,CUST93197,Delhi,Fuel,UPI,9911.5
TXN002304,2026-03-25,CUST97911,Hyderabad,Restaurants,Wallet,6660.56
TXN002305,2026-01-11,CUST43526,Delhi,Fashion,Wallet,1318.22
TXN002306,2026-06-15,CUST20778,Lucknow,Healthcare,Wallet,12584.34
TXN002307,2026-03-09,CUST69873, Indore ,Electronics,NetBanking,35243.35
TXN002308,2026-03-12,CUST43226, Coimbatore ,Travel,Credit Card,82601.46
TXN002309,2026-06-09,CUST53891,Delhi,Fashion,Credit Card,46782.77
TXN002310,2026-01-15,CUST11362,delhi,Grocery,UPI,14248.08
TXN002311,2026-06-09,CUST24476,Mumbai,Healthcare,UPI,60900.64
TXN002312,2026-05-30,CUST76266,indore,Travel,NetBanking,17958.12
TXN002313,2026-05-07,CUST16018,Nagpur,Healthcare,NetBanking,29669.97
TXN002314,2026-06-28,CUST64385,Mumbai,Fashion,Debit Card,60073.91
TXN002315,2026-02-23,CUST70371, Indore ,Fashion,UPI,36896.03
TXN002316,2026-03-12,CUST77889,Delhi,Restaurants,Wallet,35769.86
TXN002317,2026-03-11,CUST98767,Coimbatore,Utilities,Wallet,37045.81
TXN002318,2026-03-19,CUST90423, Chennai ,Grocery,Debit Card,16280.09
TXN002319,2026-04-05,CUST80524,Delhi,Fashion,NetBanking,26535.71
TXN002320,2026-04-22,CUST25493,Visakhapatnam,Utilities,Debit Card,56601.28
TXN002321,2026-02-12,CUST91183,Kolkata,Travel,UPI,6596.88
TXN002322,2026-03-12,CUST14661,Hyderabad,Utilities,Credit Card,33395.49
TXN002323,2026-03-08,CUST69395,Delhi,Fashion,UPI,10438.33
TXN002324,2026-01-26,CUST51660,DELHI,Grocery,Credit Card,66406.44
TXN002325,2026-06-30,CUST64223,Pune,Healthcare,NetBanking,69985.52
TXN002326,2026-06-02,CUST34235,Vijayawada,Travel,UPI,50550.32
TXN002327,2026-05-18,CUST74811,Kolkata,Fuel,Debit Card,67824.8
TXN002328,2026-06-18,CUST42218,Chennai,Travel,Wallet,34787.77
TXN002329,2026-01-20,CUST19025,Jaipur,Electronics,UPI,53962.23
TXN002330,2026-05-29,CUST91227,Hyderabad,Fashion,NetBanking,41035.16
TXN002331,2026-02-28,CUST90676,Indore,Fuel,Wallet,40683.3
TXN002332,2026-05-02,CUST36843,Jaipur,Electronics,Wallet,36042.64
TXN002333,2026-01-21,CUST55907,Vijayawada,Grocery,Debit Card,35328.14
TXN002334,2026-06-20,CUST12984,NAGPUR,Restaurants,NetBanking,65309.19
TXN002335,2026-04-23,CUST12910,Lucknow,Utilities,NetBanking,53292.94
TXN002336,2026-04-28,CUST80589,HYDERABAD,Electronics,Wallet,21039.71
TXN002337,2026-03-04,CUST90847,Visakhapatnam,Fashion,Credit Card,64153.5
TXN002338,2026-01-31,CUST92600,MUMBAI,Fuel,Credit Card,4700.92
TXN002339,2026-04-15,CUST27188,Vijayawada,Restaurants,UPI,34273.36
TXN002340,2026-03-17,CUST45513,Nagpur,Grocery,Credit Card,70606.06
TXN002341,2026-01-08,CUST82699,Bengaluru,Restaurants,Wallet,70269.03
TXN002342,2026-04-28,CUST63143,Pune,Utilities,Credit Card,59243.85
TXN002343,2026-03-26,CUST93305,Hyderabad,Utilities,UPI,71842.73
TXN002344,2026-02-23,CUST91928,Nagpur,Fuel,Debit Card,39861.8
TXN002345,2026-06-22,CUST59568,indore,Electronics,NetBanking,72944.08
TXN002346,2026-02-04,CUST18141,Pune,Restaurants,UPI,80867.24
TXN002347,2026-02-16,CUST91667,Visakhapatnam,Healthcare,Credit Card,13897.01
TXN002348,2026-04-15,CUST44037,Bengaluru,Electronics,Credit Card,7736.42
TXN002349,2026-03-03,CUST47006,Delhi,Restaurants,UPI,77610.25
TXN002350,2026-03-06,CUST40563,bengaluru,Grocery,UPI,27670.27
TXN002351,2026-06-15,CUST15154,MUMBAI,Healthcare,NetBanking,22008.13
TXN002352,2026-05-12,CUST24748,Mumbai,Electronics,NetBanking,65814.05
TXN002353,2026-03-25,CUST91289,Indore,Restaurants,NetBanking,46406.5
TXN002354,2026-01-16,CUST88916,Indore,Electronics,NetBanking,40840.15
TXN002355,2026-06-04,CUST57484,Hyderabad,Travel,Debit Card,1517.55
TXN002356,2026-01-26,CUST75084,Pune,Fuel,Wallet,46396.18
TXN002357,2026-05-08,CUST61734,Delhi,Fashion,Credit Card,15218.38
TXN002358,2026-05-09,CUST25739, Delhi ,Grocery,NetBanking,52548.66
TXN002359,2026-03-08,CUST59368,Mumbai,Utilities,Wallet,34489.09
TXN002360,2026-06-25,CUST68125,Hyderabad,Utilities,NetBanking,46940.1
TXN002361,2026-02-05,CUST95358,Pune,Electronics,UPI,20863.73
TXN002362,2026-03-17,CUST49715,Vijayawada,Utilities,Debit Card,5899.36
TXN002363,2026-06-15,CUST60349,Hyderabad,Fuel,Credit Card,58984.72
TXN002364,2026-03-08,CUST73683,Mumbai,Fuel,UPI,77437.63
TXN002365,2026-06-22,CUST15716,Nagpur,Grocery,Wallet,49719.14
TXN002366,2026-02-16,CUST80597,Visakhapatnam,Healthcare,UPI,44402.6
TXN002367,2026-06-28,CUST88751,Indore,Fuel,Debit Card,32244.53
TXN002368,2026-03-11,CUST19114,Coimbatore,Grocery,UPI,55153.94
TXN002369,2026-01-12,CUST76767,JAIPUR,Healthcare,Debit Card,7762.14
TXN002370,2026-04-29,CUST27026,INDORE,Healthcare,Wallet,40968.76
TXN002371,2026-03-10,CUST73691, Hyderabad ,Grocery,Credit Card,14270.04
TXN002372,2026-06-09,CUST84197, Coimbatore ,Fuel,Wallet,45168.68
TXN002373,2026-06-08,CUST38959,JAIPUR,Travel,NetBanking,4017.86
TXN002374,2026-02-25,CUST33159,Pune,Utilities,Wallet,57954.54
TXN002375,2026-01-14,CUST55338,Jaipur,Fashion,Credit Card,65621.25
TXN002376,2026-03-31,CUST44319,Lucknow,Fashion,Wallet,65869.09
TXN002377,2026-05-05,CUST51824,Vijayawada,Fuel,Wallet,72553.65
TXN002378,2026-03-07,CUST76432,Chennai,Fuel,UPI,17276.97
TXN002379,2026-06-14,CUST73069,Vijayawada,Fuel,Debit Card,72025.16
TXN002380,2026-05-29,CUST93145,mumbai,Fuel,NetBanking,7928.35
TXN002381,2026-05-14,CUST71933,Indore,Fuel,NetBanking,8521.63
TXN002382,2026-02-28,CUST95442,MUMBAI,Grocery,UPI,10484.38
TXN002383,2026-02-16,CUST24936,Vijayawada,Restaurants,Debit Card,63590.88
TXN002384,2026-05-10,CUST28194,Bengaluru,Grocery,Credit Card,18393.5
TXN002385,2026-04-15,CUST75531,Jaipur,Healthcare,UPI,62158.34
TXN002386,2026-05-08,CUST97199,Coimbatore,Travel,NetBanking,21189.92
TXN002387,2026-05-25,CUST68693,Lucknow,Fuel,NetBanking,837.56
TXN002388,2026-04-27,CUST29941,Indore,Restaurants,Debit Card,57942.42
TXN002389,2026-02-09,CUST62727,Pune,Fuel,Debit Card,1727.68
TXN002390,2026-01-08,CUST17464,Pune,Fuel,UPI,58147.96
TXN002391,2026-02-21,CUST19210,Bengaluru,Fuel,NetBanking,66868.36
TXN002392,2026-04-26,CUST24963,Chennai,Restaurants,Wallet,70928.87
TXN002393,2026-06-11,CUST57690,mumbai,Utilities,Credit Card,40202.35
TXN002394,2026-04-23,CUST79741,Hyderabad,Travel,Debit Card,69820.06
TXN002395,2026-02-04,CUST59002,delhi,Healthcare,Credit Card,16895.27
TXN002396,2026-04-16,CUST48602,Visakhapatnam,Restaurants,Debit Card,13983.78
TXN002397,2026-02-19,CUST91318,Visakhapatnam,Fuel,NetBanking,44371.48
TXN002398,2026-06-21,CUST88312,Mumbai,Travel,Wallet,20306.21
TXN002399,2026-05-22,CUST55293,Delhi,Fashion,Credit Card,79593.11
TXN002400,2026-01-18,CUST18420,COIMBATORE,Fashion,Credit Card,74994.67
TXN002401,2026-03-17,CUST87868,Indore,Utilities,Debit Card,67362.7
TXN002402,2026-02-04,CUST58037,Coimbatore,Grocery,NetBanking,81094.35
TXN002403,2026-02-06,CUST93968,JAIPUR,Travel,UPI,54227.84
TXN002404,2026-02-22,CUST25535,DELHI,Fashion,NetBanking,5454.05
TXN002405,2026-01-26,CUST75425,Coimbatore,Fuel,Debit Card,74590.94
TXN002406,2026-03-05,CUST53681, Coimbatore ,Grocery,UPI,54813.82
TXN002407,2026-05-25,CUST31788,Visakhapatnam,Grocery,Debit Card,75642.44
TXN002408,2026-05-17,CUST21818,Bengaluru,Travel,Wallet,15406.94
TXN002409,2026-04-30,CUST82940,Mumbai,Grocery,Wallet,5655.66
TXN002410,2026-04-21,CUST99067,Coimbatore,Fuel,UPI,37743.8
TXN002411,2026-03-04,CUST92616,VISAKHAPATNAM,Fashion,UPI,33595.29
TXN002412,2026-01-22,CUST11477,Mumbai,Fuel,Credit Card,68022.78
TXN002413,2026-05-26,CUST68002,Delhi,Fuel,NetBanking,31861.27
TXN002414,2026-02-09,CUST78470, Coimbatore ,Travel,Wallet,76104.24
TXN002415,2026-01-07,CUST14032,Vijayawada,Grocery,UPI,80509.65
TXN002416,2026-04-14,CUST51972,Hyderabad,Travel,Wallet,71379.11
TXN002417,2026-04-22,CUST33748,Bengaluru,Electronics,Credit Card,7889.78
TXN002418,2026-04-07,CUST60251,Lucknow,Travel,Debit Card,68301.22
TXN002419,2026-06-05,CUST43824,Kolkata,Fuel,UPI,64779.14
TXN002420,2026-03-02,CUST64759,Indore,Healthcare,Debit Card,58717.27
TXN002421,2026-03-15,CUST20435, Vijayawada ,Electronics,Debit Card,24215.4
TXN002422,2026-03-29,CUST22597,Jaipur,Utilities,Credit Card,43883.37
TXN002423,2026-04-28,CUST56404, Vijayawada ,Electronics,NetBanking,60993.1
TXN002424,2026-02-04,CUST67596,lucknow,Fuel,Wallet,38386.17
TXN002425,2026-06-20,CUST93369,kolkata,Restaurants,Debit Card,28424.83
TXN002426,2026-03-25,CUST20941,Lucknow,Fashion,Wallet,61639.84
TXN002427,2026-01-12,CUST44089,Delhi,Restaurants,Credit Card,69035.3
TXN002428,2026-06-21,CUST94745,VISAKHAPATNAM,Grocery,NetBanking,84172.11
TXN002429,2026-02-25,CUST19120,jaipur,Grocery,Wallet,9140.51
TXN002430,2026-06-06,CUST26573,VIJAYAWADA,Restaurants,Credit Card,19313.58
TXN002431,2026-01-20,CUST79028,Delhi,Electronics,NetBanking,18355.99
TXN002432,2026-01-01,CUST26826,Lucknow,Travel,Wallet,59444.14
TXN002433,2026-03-31,CUST13578, Indore ,Fashion,Wallet,28703.83
TXN002434,2026-06-12,CUST63805,Jaipur,Travel,NetBanking,36229.58
TXN002435,2026-02-15,CUST43025,Chennai,Fuel,Wallet,80718.05
TXN002436,2026-04-03,CUST68403,CHENNAI,Electronics,NetBanking,40827.39
TXN002437,2026-05-25,CUST66863,visakhapatnam,Electronics,Credit Card,49657.19
TXN002438,2026-02-23,CUST10797,Vijayawada,Healthcare,UPI,22942.06
TXN002439,2026-03-12,CUST13550,Lucknow,Grocery,UPI,76999.55
TXN002440,2026-02-21,CUST37758,COIMBATORE,Healthcare,NetBanking,1160.15
TXN002441,2026-01-15,CUST69844, Lucknow ,Travel,Wallet,33499.66
TXN002442,2026-01-05,CUST83689,Delhi,Healthcare,Wallet,21379.56
TXN002443,2026-04-27,CUST12030,Jaipur,Grocery,Credit Card,32125.49
TXN002444,2026-05-30,CUST84497,Chennai,Restaurants,Credit Card,77377.57
TXN002445,2026-05-17,CUST51785,Bengaluru,Fashion,UPI,61732.9
TXN002446,2026-03-25,CUST87149,Nagpur,Fashion,Credit Card,52771.53
TXN002447,2026-06-28,CUST70659,VISAKHAPATNAM,Healthcare,Debit Card,29565.61
TXN002448,2026-02-01,CUST31111,Mumbai,Fuel,Credit Card,16346.66
TXN002449,2026-01-22,CUST25355,Visakhapatnam,Healthcare,Credit Card,25785.45
TXN002450,2026-04-01,CUST33169,Bengaluru,Travel,NetBanking,49433.25
TXN002451,2026-06-16,CUST14279,CHENNAI,Restaurants,Wallet,19456.99
TXN002452,2026-02-27,CUST54955,Bengaluru,Restaurants,UPI,15700.45
TXN002453,2026-05-28,CUST29835,LUCKNOW,Healthcare,Credit Card,71500.45
TXN002454,2026-01-16,CUST16891,Hyderabad,Utilities,NetBanking,28051.38
TXN002455,2026-05-02,CUST76023,Hyderabad,Fuel,Debit Card,29656.27
TXN002456,2026-03-23,CUST77847,Chennai,Restaurants,Credit Card,74644.48
TXN002457,2026-04-25,CUST81869,Bengaluru,Restaurants,UPI,46310.4
TXN002458,2026-03-25,CUST63897,Bengaluru,Grocery,UPI,62256.65
TXN002459,2026-02-21,CUST60940, Jaipur ,Fuel,Wallet,74022.61
TXN002460,2026-05-05,CUST94524,Indore,Fashion,UPI,34419.44
TXN002461,2026-03-15,CUST61038,lucknow,Fuel,Debit Card,58839.09
TXN002462,2026-01-06,CUST45816,Bengaluru,Electronics,UPI,59920.29
TXN002463,2026-04-26,CUST78632,Indore,Restaurants,Wallet,33145.08
TXN002464,2026-02-25,CUST66739,Pune,Fashion,NetBanking,29814.96
TXN002465,2026-01-10,CUST90845,Delhi,Fashion,Wallet,9095.69
TXN002466,2026-02-15,CUST13910,delhi,Electronics,NetBanking,25550.42
TXN002467,2026-05-16,CUST81367,Chennai,Restaurants,Credit Card,33233.89
TXN002468,2026-06-29,CUST68852,Kolkata,Utilities,UPI,5106.3
TXN002469,2026-01-08,CUST74292,BENGALURU,Grocery,Wallet,78457.58
TXN002470,2026-03-30,CUST38996,Mumbai,Utilities,NetBanking,47804.61
TXN002471,2026-01-17,CUST80566,Hyderabad,Restaurants,Wallet,60205.49
TXN002472,2026-01-09,CUST94789,Visakhapatnam,Fuel,UPI,33006.19
TXN002473,2026-03-04,CUST40837,Kolkata,Utilities,Credit Card,73436.96
TXN002474,2026-06-13,CUST98057,Lucknow,Restaurants,NetBanking,62580.8
TXN002475,2026-02-13,CUST42922,Delhi,Grocery,NetBanking,68022.4
TXN002476,2026-02-01,CUST26261,Hyderabad,Fuel,Wallet,61483.71
TXN002477,2026-05-18,CUST24052,Indore,Utilities,Credit Card,47580.04
TXN002478,2026-03-05,CUST61043,Jaipur,Restaurants,Credit Card,64004.51
TXN002479,2026-01-30,CUST40497,Bengaluru,Grocery,UPI,51553.13
TXN002480,2026-06-17,CUST44654,Chennai,Restaurants,NetBanking,4868.1
TXN002481,2026-06-25,CUST91524,Chennai,Utilities,UPI,50624.13
TXN002482,2026-01-21,CUST52498,Kolkata,Restaurants,Debit Card,14572.97
TXN002483,2026-02-06,CUST91478,Lucknow,Electronics,Wallet,35503.7
TXN002484,2026-01-10,CUST89729,MUMBAI,Travel,Wallet,60882.5
TXN002485,2026-03-13,CUST56437,Bengaluru,Restaurants,Wallet,32206.07
TXN002486,2026-05-22,CUST74755,Nagpur,Utilities,Credit Card,84613.51
TXN002487,2026-03-31,CUST62194,Hyderabad,Travel,Credit Card,33223.53
TXN002488,2026-06-22,CUST91471, Vijayawada ,Healthcare,Wallet,4242.64
TXN002489,2026-05-21,CUST64640, Bengaluru ,Fuel,Credit Card,54164.09
TXN002490,2026-03-12,CUST55445,Delhi,Restaurants,UPI,47923.16
TXN002491,2026-02-06,CUST31033,Visakhapatnam,Electronics,Wallet,19561.33
TXN002492,2026-05-07,CUST85777,Vijayawada,Grocery,UPI,7634.36
TXN002493,2026-02-02,CUST84262,DELHI,Grocery,NetBanking,44020.99
TXN002494,2026-04-01,CUST13443,Nagpur,Travel,UPI,63316.36
TXN002495,2026-02-19,CUST23184,Kolkata,Utilities,NetBanking,42418.99
TXN002496,2026-04-15,CUST82443,Mumbai,Grocery,Wallet,35045.88
TXN002497,2026-05-19,CUST93467, Pune ,Fuel,Debit Card,17109.18
TXN002498,2026-04-17,CUST48500,VISAKHAPATNAM,Grocery,Credit Card,46457.33
TXN002499,2026-04-24,CUST97137,Visakhapatnam,Travel,UPI,45961.03
TXN002500,2026-05-30,CUST72189,Hyderabad,Grocery,UPI,71733.02
TXN002501,2026-04-05,CUST75342,Indore,Utilities,NetBanking,31754.91
TXN002502,2026-04-14,CUST87813,Kolkata,Healthcare,UPI,72679.89
TXN002503,2026-03-05,CUST89150,jaipur,Healthcare,Credit Card,20148.39
TXN002504,2026-05-22,CUST93011,Kolkata,Healthcare,NetBanking,26135.46
TXN002505,2026-02-16,CUST13302,Pune,Restaurants,Debit Card,32849.07
TXN002506,2026-05-29,CUST87394,Mumbai,Electronics,Debit Card,3950.46
TXN002507,2026-03-29,CUST22093,lucknow,Electronics,Debit Card,2646.39
TXN002508,2026-04-08,CUST75048,Coimbatore,Healthcare,Credit Card,78060.17
TXN002509,2026-02-28,CUST13426,jaipur,Travel,NetBanking,618.68
TXN002510,2026-06-02,CUST57098,Lucknow,Grocery,NetBanking,41438.49
TXN002511,2026-05-30,CUST10970,Chennai,Grocery,UPI,58245.93
TXN002512,2026-06-24,CUST29070, Chennai ,Healthcare,Wallet,19336.86
TXN002513,2026-04-14,CUST31920,Lucknow,Restaurants,NetBanking,59382.93
TXN002514,2026-05-16,CUST15868,delhi,Grocery,Credit Card,3910.96
TXN002515,2026-03-31,CUST38776,lucknow,Healthcare,NetBanking,73390.89
TXN002516,2026-01-27,CUST82225, Delhi ,Fashion,NetBanking,31343.25
TXN002517,2026-06-04,CUST48356,Vijayawada,Utilities,Wallet,48065.11
TXN002518,2026-01-28,CUST41270,Lucknow,Fuel,Debit Card,74400.2
TXN002519,2026-02-12,CUST46475,Visakhapatnam,Fashion,Credit Card,58486.89
TXN002520,2026-05-27,CUST25267,Kolkata,Restaurants,NetBanking,50050.21
TXN002521,2026-01-10,CUST34891,Hyderabad,Fuel,Debit Card,35709.73
TXN002522,2026-02-19,CUST78099,Bengaluru,Fuel,Credit Card,84212.92
TXN002523,2026-04-28,CUST75747,visakhapatnam,Healthcare,NetBanking,39930.17
TXN002524,2026-04-04,CUST51318,Visakhapatnam,Fashion,Credit Card,21014.76
TXN002525,2026-03-14,CUST34195,Indore,Electronics,UPI,61643.55
TXN002526,2026-02-27,CUST56361,KOLKATA,Utilities,Credit Card,42079.35
TXN002527,2026-02-04,CUST41653,Jaipur,Grocery,Debit Card,50912.09
TXN002528,2026-06-17,CUST30171,Lucknow,Grocery,Debit Card,9363.47
TXN002529,2026-05-13,CUST54030,Jaipur,Healthcare,Credit Card,27273.93
TXN002530,2026-06-30,CUST47857,Visakhapatnam,Utilities,Debit Card,39453.28
TXN002531,2026-02-27,CUST76389,Nagpur,Electronics,Debit Card,84332.54
TXN002532,2026-05-18,CUST36247,Delhi,Utilities,Debit Card,51784.83
TXN002533,2026-03-15,CUST68224, Delhi ,Restaurants,NetBanking,67977.91
TXN002534,2026-06-11,CUST57952,Pune,Healthcare,Credit Card,69432.27
TXN002535,2026-03-05,CUST11082,chennai,Fashion,Debit Card,16877.69
TXN002536,2026-01-08,CUST94650,Jaipur,Fashion,NetBanking,4403.67
TXN002537,2026-06-26,CUST39199,bengaluru,Fuel,Debit Card,31991.75
TXN002538,2026-01-19,CUST30381,chennai,Fashion,NetBanking,57048.5
TXN002539,2026-06-27,CUST41249,Delhi,Restaurants,Credit Card,50130.44
TXN002540,2026-06-03,CUST24314, Indore ,Restaurants,Credit Card,12361.53
TXN002541,2026-06-06,CUST77116, Visakhapatnam ,Restaurants,NetBanking,14721.16
TXN002542,2026-04-16,CUST84658,Hyderabad,Restaurants,Wallet,47278.97
TXN002543,2026-03-10,CUST78442,VIJAYAWADA,Fuel,Wallet,3990.01
TXN002544,2026-04-06,CUST62463,jaipur,Fuel,NetBanking,59218.36
TXN002545,2026-06-26,CUST77685,Kolkata,Healthcare,Wallet,66318.75
TXN002546,2026-05-31,CUST37727,Pune,Restaurants,Wallet,62255.07
TXN002547,2026-02-11,CUST33665,Indore,Grocery,NetBanking,51038.75
TXN002548,2026-05-06,CUST78561,Bengaluru,Travel,NetBanking,59449.06
TXN002549,2026-05-08,CUST96233,Visakhapatnam,Restaurants,Credit Card,48741.43
TXN002550,2026-01-23,CUST48921,hyderabad,Restaurants,NetBanking,1503.97
TXN002551,2026-06-24,CUST61458,Coimbatore,Utilities,NetBanking,55408.81
TXN002552,2026-05-17,CUST13484,Coimbatore,Electronics,NetBanking,31118.34
TXN002553,2026-03-07,CUST90391,Indore,Grocery,NetBanking,66324.7
TXN002554,2026-03-21,CUST96573, Pune ,Travel,NetBanking,12297.06
TXN002555,2026-02-28,CUST47053,Nagpur,Travel,UPI,59916.64
TXN002556,2026-06-19,CUST14788,Jaipur,Fashion,UPI,65573.29
TXN002557,2026-01-05,CUST21091,JAIPUR,Utilities,Wallet,10397.89
TXN002558,2026-06-23,CUST54143,VIJAYAWADA,Utilities,Credit Card,20576.32
TXN002559,2026-01-31,CUST47407,KOLKATA,Restaurants,UPI,26289.01
TXN002560,2026-04-26,CUST26160,Chennai,Electronics,UPI,79232.53
TXN002561,2026-05-30,CUST87753, Lucknow ,Fashion,NetBanking,64428.44
TXN002562,2026-06-23,CUST90930,Visakhapatnam,Fashion,NetBanking,67402.58
TXN002563,2026-01-05,CUST74765,Coimbatore,Electronics,Credit Card,10783.13
TXN002564,2026-03-25,CUST19250, Vijayawada ,Fashion,Debit Card,39950.23
TXN002565,2026-03-23,CUST15381,Chennai,Travel,Debit Card,9052.77
TXN002566,2026-03-31,CUST67931, Lucknow ,Healthcare,Debit Card,41709.02
TXN002567,2026-03-11,CUST88320,MUMBAI,Fuel,Wallet,36038.2
TXN002568,2026-01-15,CUST54741,Nagpur,Restaurants,UPI,31786.49
TXN002569,2026-04-01,CUST99493,Visakhapatnam,Healthcare,Credit Card,68904.13
TXN002570,2026-01-10,CUST61206,Jaipur,Electronics,Wallet,43257.89
TXN002571,2026-04-12,CUST52738,BENGALURU,Fuel,Wallet,31856.49
TXN002572,2026-01-29,CUST41492,Delhi,Restaurants,Credit Card,44849.25
TXN002573,2026-04-09,CUST55583,Delhi,Fashion,Wallet,77335.89
TXN002574,2026-03-24,CUST16606,Delhi,Fashion,Debit Card,53050.05
TXN002575,2026-03-10,CUST32390,Lucknow,Fuel,Credit Card,9953.52
TXN002576,2026-04-29,CUST48481, Delhi ,Travel,NetBanking,9738.05
TXN002577,2026-03-15,CUST95652,Mumbai,Restaurants,Credit Card,69723.08
TXN002578,2026-04-23,CUST37190,Pune,Restaurants,NetBanking,47837.15
TXN002579,2026-01-16,CUST76614,vijayawada,Fashion,Wallet,5488.49
TXN002580,2026-03-11,CUST73946,PUNE,Fashion,Credit Card,25393.88
TXN002581,2026-03-17,CUST31087,Indore,Restaurants,UPI,64399.56
TXN002582,2026-02-02,CUST27433,PUNE,Travel,Debit Card,36500.48
TXN002583,2026-01-30,CUST14800,Vijayawada,Fuel,Wallet,65709.1
TXN002584,2026-04-30,CUST90821,INDORE,Fashion,Wallet,84364.44
TXN002585,2026-03-02,CUST16694,Mumbai,Fuel,NetBanking,42407.1
TXN002586,2026-01-07,CUST39906,Visakhapatnam,Restaurants,Debit Card,48071.65
TXN002587,2026-02-16,CUST13034,Bengaluru,Electronics,Debit Card,6591.07
TXN002588,2026-05-08,CUST95351,BENGALURU,Utilities,Credit Card,2037.22
TXN002589,2026-03-25,CUST71728,Kolkata,Electronics,NetBanking,73417.38
TXN002590,2026-01-25,CUST85568,Coimbatore,Restaurants,NetBanking,61231.07
TXN002591,2026-01-21,CUST53853,Nagpur,Travel,Debit Card,53174.1
TXN002592,2026-05-20,CUST72542,VISAKHAPATNAM,Utilities,Credit Card,54616.37
TXN002593,2026-02-01,CUST68533, Indore ,Fashion,UPI,43189.12
TXN002594,2026-06-26,CUST22853,Hyderabad,Utilities,NetBanking,56833.32
TXN002595,2026-03-23,CUST94645,Vijayawada,Fashion,Credit Card,49899.05
TXN002596,2026-06-08,CUST60945,NAGPUR,Fuel,NetBanking,60196.27
TXN002597,2026-01-03,CUST86587,Lucknow,Grocery,Credit Card,45203.63
TXN002598,2026-01-22,CUST84667, Pune ,Healthcare,UPI,5295.94
TXN002599,2026-02-24,CUST80303, Lucknow ,Travel,Debit Card,26923.75
TXN002600,2026-06-02,CUST29300,Coimbatore,Grocery,Debit Card,74550.2
TXN002601,2026-06-20,CUST92174,Mumbai,Travel,UPI,57011.91
TXN002602,2026-01-10,CUST13291,Hyderabad,Travel,Debit Card,69763.67
TXN002603,2026-02-09,CUST54907, Visakhapatnam ,Restaurants,UPI,57638.45
TXN002604,2026-02-03,CUST91057,Visakhapatnam,Fashion,Credit Card,61236.94
TXN002605,2026-06-09,CUST35750,Bengaluru,Utilities,Wallet,9046.78
TXN002606,2026-03-01,CUST32737,Mumbai,Healthcare,UPI,7248.03
TXN002607,2026-01-14,CUST93652,Delhi,Electronics,Debit Card,9314.11
TXN002608,2026-06-28,CUST85775,Bengaluru,Electronics,UPI,60631.31
TXN002609,2026-06-07,CUST34078, Mumbai ,Fuel,Debit Card,4579.22
TXN002610,2026-04-03,CUST66919,coimbatore,Electronics,NetBanking,59455.99
TXN002611,2026-03-08,CUST86054,Pune,Fashion,Wallet,81795.96
TXN002612,2026-03-11,CUST33288,Pune,Restaurants,Wallet,44057.01
TXN002613,2026-03-10,CUST82554,Indore,Utilities,Wallet,7774.88
TXN002614,2026-05-03,CUST51549,chennai,Fuel,Wallet,69881.06
TXN002615,2026-03-06,CUST91546,Delhi,Fashion,Wallet,56793.02
TXN002616,2026-06-14,CUST18195,Delhi,Healthcare,Debit Card,56147.66
TXN002617,2026-06-01,CUST99396,Nagpur,Fuel,Debit Card,72177.82
TXN002618,2026-01-29,CUST51622,lucknow,Healthcare,UPI,51882.75
TXN002619,2026-03-29,CUST65923,Pune,Fashion,Debit Card,23181.89
TXN002620,2026-04-08,CUST19520,Bengaluru,Electronics,UPI,78929.6
TXN002621,2026-06-28,CUST24186,Chennai,Restaurants,Debit Card,45500.58
TXN002622,2026-06-10,CUST54933, Coimbatore ,Electronics,UPI,75080.52
TXN002623,2026-03-30,CUST17737,COIMBATORE,Electronics,Debit Card,62561.04
TXN002624,2026-01-25,CUST62414,Kolkata,Fashion,Debit Card,22437.75
TXN002625,2026-05-21,CUST74120,Kolkata,Fashion,NetBanking,19051.74
TXN002626,2026-06-25,CUST14107,Mumbai,Restaurants,UPI,36762.39
TXN002627,2026-05-25,CUST40963, Jaipur ,Travel,UPI,7152.91
TXN002628,2026-02-21,CUST99671,Visakhapatnam,Grocery,UPI,2836.7
TXN002629,2026-04-28,CUST48922,Chennai,Grocery,Debit Card,63715.98
TXN002630,2026-05-15,CUST52413,jaipur,Fuel,Debit Card,34814.48
TXN002631,2026-05-23,CUST52408,Jaipur,Utilities,Wallet,45322.74
TXN002632,2026-01-25,CUST71029,Indore,Grocery,Debit Card,67399.97
TXN002633,2026-01-01,CUST68515,JAIPUR,Utilities,Debit Card,32545.48
TXN002634,2026-03-15,CUST87130,Jaipur,Fashion,Credit Card,19823.95
TXN002635,2026-02-24,CUST10294,Jaipur,Restaurants,Wallet,62750.68
TXN002636,2026-02-12,CUST10528,Lucknow,Utilities,Debit Card,64426.61
TXN002637,2026-03-23,CUST84844,Jaipur,Electronics,Debit Card,31844.61
TXN002638,2026-06-07,CUST91044,Mumbai,Fashion,NetBanking,39691.95
TXN002639,2026-01-21,CUST65727,Delhi,Utilities,Wallet,8432.48
TXN002640,2026-06-15,CUST48560,Coimbatore,Grocery,UPI,76171.21
TXN002641,2026-03-07,CUST77653,delhi,Travel,UPI,34365.93
TXN002642,2026-02-08,CUST54542,Mumbai,Electronics,Credit Card,32078.06
TXN002643,2026-03-30,CUST11463,Visakhapatnam,Grocery,NetBanking,39822.13
TXN002644,2026-03-27,CUST65085,indore,Travel,Wallet,11397.36
TXN002645,2026-03-14,CUST10938,Pune,Fuel,Debit Card,1939.29
TXN002646,2026-01-04,CUST85796,Kolkata,Utilities,Credit Card,44705.69
TXN002647,2026-04-24,CUST29972,Visakhapatnam,Grocery,Credit Card,46738.71
TXN002648,2026-04-03,CUST29808,Visakhapatnam,Electronics,Debit Card,34366.9
TXN002649,2026-04-01,CUST21148,coimbatore,Restaurants,Wallet,32337.83
TXN002650,2026-04-30,CUST22482,LUCKNOW,Travel,UPI,65108.61
TXN002651,2026-06-20,CUST68841,Lucknow,Electronics,Credit Card,22158.78
TXN002652,2026-05-11,CUST70929,Hyderabad,Travel,Debit Card,73524.77
TXN002653,2026-01-25,CUST21355,Kolkata,Fashion,NetBanking,77552.13
TXN002654,2026-02-14,CUST35621,Chennai,Restaurants,NetBanking,72018.84
TXN002655,2026-01-24,CUST92799,Hyderabad,Electronics,Credit Card,58807.42
TXN002656,2026-01-21,CUST36924,Indore,Utilities,Debit Card,1014.96
TXN002657,2026-05-16,CUST74713,Visakhapatnam,Fashion,UPI,3733.51
TXN002658,2026-02-27,CUST41376,visakhapatnam,Fuel,NetBanking,16795.58
TXN002659,2026-05-05,CUST89645,nagpur,Fashion,Debit Card,18595.39
TXN002660,2026-02-21,CUST92919,Bengaluru,Electronics,UPI,37716.72
TXN002661,2026-01-15,CUST62420,Lucknow,Healthcare,Credit Card,31161.92
TXN002662,2026-04-04,CUST21936,Chennai,Grocery,NetBanking,60767.6
TXN002663,2026-03-01,CUST90871,Mumbai,Fuel,Debit Card,60971.69
TXN002664,2026-05-03,CUST19228,Chennai,Fuel,Credit Card,17043.64
TXN002665,2026-06-20,CUST12980,Nagpur,Fashion,UPI,35242.27
TXN002666,2026-05-30,CUST73597,Chennai,Restaurants,Credit Card,2447.97
TXN002667,2026-03-13,CUST49300,Vijayawada,Fuel,NetBanking,71740.39
TXN002668,2026-06-22,CUST69336, Hyderabad ,Restaurants,UPI,53247.15
TXN002669,2026-03-07,CUST31082,DELHI,Travel,Credit Card,14475.58
TXN002670,2026-02-21,CUST86535, Kolkata ,Fuel,Credit Card,14891.92
TXN002671,2026-01-16,CUST94174,Mumbai,Utilities,UPI,30392.46
TXN002672,2026-05-07,CUST43898,Chennai,Fuel,NetBanking,51297.71
TXN002673,2026-01-05,CUST31487,Indore,Healthcare,Credit Card,67711.22
TXN002674,2026-06-08,CUST78843,Indore,Fashion,Credit Card,24216.99
TXN002675,2026-01-30,CUST37379,Indore,Restaurants,Wallet,25522.28
TXN002676,2026-03-20,CUST93406,Pune,Grocery,Credit Card,16236.86
TXN002677,2026-03-16,CUST72407,vijayawada,Healthcare,Credit Card,35281.19
TXN002678,2026-05-27,CUST27265, Delhi ,Healthcare,Wallet,51651.58
TXN002679,2026-06-04,CUST63986,Chennai,Utilities,UPI,48171.64
TXN002680,2026-03-18,CUST20599,vijayawada,Grocery,Credit Card,64336.02
TXN002681,2026-04-19,CUST26364,Lucknow,Electronics,UPI,19063.13
TXN002682,2026-04-17,CUST15581,Chennai,Healthcare,UPI,46344.16
TXN002683,2026-05-15,CUST77737,NAGPUR,Electronics,Credit Card,42360.8
TXN002684,2026-05-19,CUST99986,Hyderabad,Travel,UPI,28210.15
TXN002685,2026-06-30,CUST73585,Chennai,Utilities,Credit Card,3774.52
TXN002686,2026-05-16,CUST57177,Mumbai,Healthcare,Credit Card,32292.08
TXN002687,2026-03-14,CUST43835,Mumbai,Grocery,Credit Card,54824.18
TXN002688,2026-06-16,CUST10356,Hyderabad,Fashion,UPI,7270.56
TXN002689,2026-05-31,CUST99183,Vijayawada,Utilities,NetBanking,72413.45
TXN002690,2026-01-29,CUST68510,Coimbatore,Grocery,UPI,57516.66
TXN002691,2026-05-15,CUST11259,Pune,Restaurants,Credit Card,61038.48
TXN002692,2026-04-21,CUST71054,Visakhapatnam,Utilities,Debit Card,43685.71
TXN002693,2026-02-17,CUST42100,Chennai,Grocery,Credit Card,13315.3
TXN002694,2026-01-13,CUST56884,Hyderabad,Grocery,Credit Card,55629.47
TXN002695,2026-05-14,CUST72055,Nagpur,Restaurants,UPI,55051.39
TXN002696,2026-01-17,CUST73656,Lucknow,Healthcare,UPI,24766.21
TXN002697,2026-04-23,CUST31389,Vijayawada,Utilities,NetBanking,41837.75
TXN002698,2026-03-08,CUST64189,Pune,Fashion,Credit Card,50897.96
TXN002699,2026-05-16,CUST57616,Nagpur,Utilities,Wallet,22642.31
TXN002700,2026-02-10,CUST30736,chennai,Electronics,UPI,54403.46
TXN002701,2026-01-20,CUST11657,Lucknow,Utilities,Debit Card,3475.8
TXN002702,2026-05-11,CUST17883,Nagpur,Electronics,NetBanking,12173.91
TXN002703,2026-05-21,CUST31974,Lucknow,Travel,NetBanking,61127.42
TXN002704,2026-05-29,CUST92007,jaipur,Fashion,Wallet,35720.85
TXN002705,2026-06-27,CUST36729,Nagpur,Fashion,Debit Card,82516.49
TXN002706,2026-03-06,CUST21793,Chennai,Fuel,NetBanking,63175.5
TXN002707,2026-04-27,CUST48411, Pune ,Restaurants,NetBanking,50760.57
TXN002708,2026-05-30,CUST77496,Coimbatore,Grocery,NetBanking,63809.85
TXN002709,2026-01-09,CUST84968,jaipur,Electronics,Debit Card,13783.0
TXN002710,2026-03-14,CUST38945,Indore,Healthcare,NetBanking,41487.36
TXN002711,2026-06-14,CUST37024,pune,Fashion,NetBanking,28775.72
TXN002712,2026-02-08,CUST68789,Coimbatore,Fashion,NetBanking,74312.92
TXN002713,2026-06-22,CUST20553,Lucknow,Restaurants,Debit Card,63361.18
TXN002714,2026-05-23,CUST52273,Nagpur,Travel,UPI,54877.55
TXN002715,2026-04-13,CUST99459,lucknow,Utilities,Credit Card,13177.86
TXN002716,2026-06-14,CUST96305,Visakhapatnam,Utilities,Wallet,6273.71
TXN002717,2026-03-03,CUST47250,mumbai,Travel,Wallet,40717.8
TXN002718,2026-05-07,CUST82848,Lucknow,Electronics,NetBanking,27071.12
TXN002719,2026-04-13,CUST22912,Kolkata,Restaurants,UPI,30068.45
TXN002720,2026-03-12,CUST66018,Indore,Grocery,UPI,45944.28
TXN002721,2026-03-31,CUST46835,Delhi,Healthcare,Credit Card,70491.01
TXN002722,2026-03-23,CUST22274, Coimbatore ,Grocery,UPI,44361.6
TXN002723,2026-05-20,CUST91766, Coimbatore ,Electronics,Debit Card,39714.09
TXN002724,2026-04-11,CUST93923,Lucknow,Grocery,UPI,12790.99
TXN002725,2026-03-29,CUST20343,delhi,Restaurants,Wallet,58000.7
TXN002726,2026-01-10,CUST63594, Bengaluru ,Restaurants,Credit Card,6498.29
TXN002727,2026-02-19,CUST34390,Chennai,Electronics,UPI,76984.85
TXN002728,2026-01-15,CUST85955,Hyderabad,Utilities,NetBanking,48501.58
TXN002729,2026-03-07,CUST70459,Hyderabad,Grocery,Credit Card,82534.91
TXN002730,2026-06-16,CUST78680,Coimbatore,Travel,Credit Card,42835.66
TXN002731,2026-04-09,CUST55524,Bengaluru,Restaurants,NetBanking,34546.65
TXN002732,2026-02-02,CUST98241,Indore,Travel,NetBanking,24963.82
TXN002733,2026-01-31,CUST87632,pune,Grocery,NetBanking,48175.17
TXN002734,2026-02-04,CUST35050,Delhi,Electronics,Debit Card,2891.78
TXN002735,2026-03-27,CUST35010,Nagpur,Utilities,Credit Card,82970.34
TXN002736,2026-05-19,CUST80155,Kolkata,Electronics,UPI,27140.75
TXN002737,2026-01-08,CUST82398,Pune,Grocery,Wallet,52982.1
TXN002738,2026-02-21,CUST18986,Nagpur,Travel,Debit Card,79441.07
TXN002739,2026-04-15,CUST78224, Hyderabad ,Restaurants,NetBanking,3557.78
TXN002740,2026-02-24,CUST70547, Hyderabad ,Restaurants,UPI,14012.82
TXN002741,2026-06-16,CUST24304, Pune ,Fuel,NetBanking,53723.09
TXN002742,2026-01-17,CUST78538, Coimbatore ,Fuel,Wallet,43282.7
TXN002743,2026-02-27,CUST13399,chennai,Fashion,Wallet,71534.65
TXN002744,2026-06-25,CUST66860,Pune,Fashion,Credit Card,76524.48
TXN002745,2026-04-22,CUST63596,vijayawada,Grocery,Debit Card,7921.37
TXN002746,2026-03-31,CUST26945,Hyderabad,Restaurants,NetBanking,69809.91
TXN002747,2026-02-28,CUST45740,LUCKNOW,Utilities,Credit Card,32714.57
TXN002748,2026-05-01,CUST41579,Bengaluru,Restaurants,Debit Card,24352.25
TXN002749,2026-05-10,CUST72594,Delhi,Travel,Credit Card,202.35
TXN002750,2026-03-29,CUST22537,Chennai,Fashion,Debit Card,19943.5
TXN002751,2026-04-16,CUST58312,Visakhapatnam,Restaurants,UPI,18371.04
TXN002752,2026-03-22,CUST76859,Delhi,Grocery,Wallet,10080.98
TXN002753,2026-04-15,CUST62061,Hyderabad,Restaurants,Debit Card,25475.65
TXN002754,2026-05-04,CUST81614, Visakhapatnam ,Fashion,Credit Card,80859.81
TXN002755,2026-06-28,CUST73044,Indore,Utilities,Wallet,74763.02
TXN002756,2026-05-31,CUST85359,Pune,Grocery,NetBanking,38739.64
TXN002757,2026-03-04,CUST13046,COIMBATORE,Grocery,Wallet,4378.66
TXN002758,2026-04-28,CUST13811,Chennai,Travel,NetBanking,54288.02
TXN002759,2026-02-18,CUST24427,Delhi,Fashion,UPI,71408.27
TXN002760,2026-06-16,CUST30466,Visakhapatnam,Electronics,UPI,15585.79
TXN002761,2026-05-28,CUST17780,Nagpur,Restaurants,Debit Card,50286.35
TXN002762,2026-02-09,CUST17226,Jaipur,Fuel,Debit Card,517.4
TXN002763,2026-04-10,CUST87456,Bengaluru,Restaurants,Wallet,48731.09
TXN002764,2026-06-25,CUST60024,CHENNAI,Grocery,Wallet,53075.46
TXN002765,2026-06-24,CUST13108,Nagpur,Utilities,Credit Card,31231.67
TXN002766,2026-05-25,CUST61620,Jaipur,Grocery,NetBanking,71782.23
TXN002767,2026-04-12,CUST15302,chennai,Utilities,Credit Card,60598.77
TXN002768,2026-03-29,CUST90626,DELHI,Utilities,UPI,26258.86
TXN002769,2026-02-03,CUST80919,Vijayawada,Fuel,NetBanking,46029.58
TXN002770,2026-06-20,CUST66870,Pune,Electronics,Debit Card,60941.79
TXN002771,2026-02-22,CUST20523,Jaipur,Grocery,Wallet,61275.4
TXN002772,2026-06-22,CUST22286,Delhi,Fashion,Wallet,65865.6
TXN002773,2026-01-09,CUST57151,Nagpur,Electronics,NetBanking,71874.93
TXN002774,2026-01-26,CUST59264,Pune,Electronics,NetBanking,46519.98
TXN002775,2026-05-02,CUST58823,Chennai,Utilities,NetBanking,76271.74
TXN002776,2026-02-25,CUST95394,PUNE,Restaurants,NetBanking,26181.76
TXN002777,2026-01-28,CUST75837,Vijayawada,Travel,NetBanking,33447.36
TXN002778,2026-05-20,CUST19004,Coimbatore,Electronics,Debit Card,24430.01
TXN002779,2026-04-28,CUST15876, Indore ,Electronics,Debit Card,29173.75
TXN002780,2026-02-05,CUST42841,Jaipur,Fuel,Debit Card,12184.12
TXN002781,2026-05-09,CUST67744,Indore,Grocery,Debit Card,53616.78
TXN002782,2026-03-01,CUST54516,CHENNAI,Fuel,NetBanking,67021.51
TXN002783,2026-05-08,CUST29566,DELHI,Fashion,Debit Card,11887.57
TXN002784,2026-01-29,CUST56437, Visakhapatnam ,Grocery,NetBanking,51056.58
TXN002785,2026-03-11,CUST39950,Visakhapatnam,Restaurants,UPI,73242.37
TXN002786,2026-02-17,CUST44833,Vijayawada,Travel,NetBanking,33308.91
TXN002787,2026-01-24,CUST36138,Jaipur,Travel,Credit Card,41370.94
TXN002788,2026-03-25,CUST18123,HYDERABAD,Utilities,UPI,13940.66
TXN002789,2026-03-04,CUST28944,Bengaluru,Fashion,NetBanking,13957.7
TXN002790,2026-02-11,CUST99966,Nagpur,Restaurants,UPI,46880.99
TXN002791,2026-06-06,CUST59107,CHENNAI,Travel,NetBanking,33270.39
TXN002792,2026-04-22,CUST48681, Indore ,Electronics,Wallet,20845.61
TXN002793,2026-01-24,CUST31304,Vijayawada,Healthcare,UPI,81213.28
TXN002794,2026-04-29,CUST88011,Lucknow,Fuel,Debit Card,59329.17
TXN002795,2026-05-19,CUST54891,Lucknow,Travel,Debit Card,9228.1
TXN002796,2026-02-18,CUST66175,Bengaluru,Travel,Debit Card,28654.04
TXN002797,2026-02-22,CUST55479,Coimbatore,Healthcare,Debit Card,81755.27
TXN002798,2026-03-08,CUST38333, Kolkata ,Fashion,Credit Card,71032.68
TXN002799,2026-01-27,CUST22669,Hyderabad,Grocery,Debit Card,15258.36
TXN002800,2026-01-19,CUST20677,Hyderabad,Grocery,NetBanking,33360.66
TXN002801,2026-04-20,CUST96827, Jaipur ,Travel,Debit Card,83362.41
TXN002802,2026-06-02,CUST67494,Delhi,Grocery,UPI,49145.93
TXN002803,2026-03-07,CUST68801,Kolkata,Restaurants,Credit Card,11003.5
TXN002804,2026-01-04,CUST96706, Coimbatore ,Fashion,Credit Card,12803.37
TXN002805,2026-01-14,CUST36496, Visakhapatnam ,Travel,UPI,56771.16
TXN002806,2026-03-01,CUST39727,delhi,Fashion,UPI,35934.7
TXN002807,2026-04-23,CUST41154,Delhi,Travel,Debit Card,31712.37
TXN002808,2026-02-07,CUST15726,Vijayawada,Utilities,Debit Card,47898.65
TXN002809,2026-06-28,CUST22634,Coimbatore,Restaurants,Debit Card,20109.67
TXN002810,2026-05-28,CUST72270,COIMBATORE,Fuel,Debit Card,20232.94
TXN002811,2026-06-16,CUST79049,Jaipur,Fuel,UPI,59635.39
TXN002812,2026-04-07,CUST47668, Pune ,Fuel,Credit Card,70732.59
TXN002813,2026-04-29,CUST66361, Bengaluru ,Utilities,UPI,66983.71
TXN002814,2026-01-22,CUST39833,Nagpur,Fuel,UPI,62240.69
TXN002815,2026-02-07,CUST78097, Coimbatore ,Electronics,Wallet,40567.5
TXN002816,2026-06-04,CUST47251, Nagpur ,Travel,Credit Card,27276.76
TXN002817,2026-06-28,CUST41525,Nagpur,Restaurants,Wallet,14786.82
TXN002818,2026-03-24,CUST17330,LUCKNOW,Utilities,Debit Card,61231.96
TXN002819,2026-03-29,CUST52876,Delhi,Restaurants,UPI,72350.62
TXN002820,2026-02-22,CUST50641,Indore,Fashion,NetBanking,84916.01
TXN002821,2026-02-09,CUST65845,Bengaluru,Electronics,Wallet,8426.9
TXN002822,2026-06-27,CUST76578,nagpur,Healthcare,Wallet,26318.54
TXN002823,2026-01-10,CUST91826,Mumbai,Healthcare,NetBanking,27022.77
TXN002824,2026-02-16,CUST95629,Pune,Fuel,Wallet,78548.61
TXN002825,2026-02-19,CUST76486,Bengaluru,Restaurants,UPI,84485.96
TXN002826,2026-01-06,CUST92613,Bengaluru,Electronics,UPI,62303.78
TXN002827,2026-05-17,CUST31679,Bengaluru,Electronics,NetBanking,35517.33
TXN002828,2026-01-23,CUST68473,vijayawada,Travel,Credit Card,82560.07
TXN002829,2026-02-28,CUST85523,Pune,Healthcare,Debit Card,259.62
TXN002830,2026-02-10,CUST61332,Chennai,Healthcare,Wallet,46152.69
TXN002831,2026-04-14,CUST13239,Delhi,Fuel,NetBanking,16091.13
TXN002832,2026-03-09,CUST27564,Nagpur,Travel,Wallet,41646.73
TXN002833,2026-02-17,CUST32922,Hyderabad,Healthcare,Credit Card,64638.9
TXN002834,2026-06-01,CUST52629, Lucknow ,Travel,Debit Card,51117.48
TXN002835,2026-04-20,CUST89407,mumbai,Restaurants,NetBanking,4867.59
TXN002836,2026-06-21,CUST85143,Bengaluru,Healthcare,NetBanking,55503.55
TXN002837,2026-06-14,CUST28535,delhi,Fashion,UPI,50601.62
TXN002838,2026-06-02,CUST73546,Mumbai,Travel,NetBanking,29872.47
TXN002839,2026-04-02,CUST10891,HYDERABAD,Grocery,Credit Card,40197.08
TXN002840,2026-06-27,CUST29960,CHENNAI,Healthcare,Wallet,38363.39
TXN002841,2026-02-09,CUST73375,Mumbai,Utilities,Wallet,24015.62
TXN002842,2026-05-09,CUST58198,Bengaluru,Healthcare,Debit Card,42652.25
TXN002843,2026-06-16,CUST83226,Coimbatore,Travel,Credit Card,55113.57
TXN002844,2026-06-01,CUST82165, Bengaluru ,Fashion,Credit Card,36281.59
TXN002845,2026-05-07,CUST86697,Vijayawada,Fashion,UPI,84814.87
TXN002846,2026-06-16,CUST70880,Pune,Electronics,UPI,76096.9
TXN002847,2026-02-09,CUST43628,hyderabad,Travel,Wallet,81126.04
TXN002848,2026-03-31,CUST27612,Coimbatore,Electronics,Wallet,53036.24
TXN002849,2026-06-14,CUST10278,Mumbai,Fashion,NetBanking,9025.49
TXN002850,2026-06-07,CUST60952,MUMBAI,Fashion,Wallet,64309.66
TXN002851,2026-04-30,CUST42149,Indore,Utilities,NetBanking,11811.94
TXN002852,2026-04-04,CUST48611,Visakhapatnam,Fuel,Debit Card,19849.48
TXN002853,2026-02-11,CUST28185,Visakhapatnam,Fuel,Wallet,16504.22
TXN002854,2026-02-03,CUST56455,Bengaluru,Travel,NetBanking,2658.46
TXN002855,2026-06-20,CUST32136,Pune,Utilities,NetBanking,9770.16
TXN002856,2026-03-09,CUST97092,kolkata,Electronics,UPI,62343.67
TXN002857,2026-06-07,CUST31268,Jaipur,Electronics,NetBanking,51958.13
TXN002858,2026-06-25,CUST48194,Hyderabad,Fashion,Credit Card,12955.99
TXN002859,2026-01-30,CUST13049,Indore,Fashion,Wallet,36485.86
TXN002860,2026-03-16,CUST28237,Pune,Restaurants,Wallet,53591.25
TXN002861,2026-03-01,CUST55557,DELHI,Healthcare,NetBanking,55046.02
TXN002862,2026-01-23,CUST59904,Chennai,Fuel,NetBanking,24642.69
TXN002863,2026-05-06,CUST14438,Jaipur,Utilities,Credit Card,50225.08
TXN002864,2026-03-03,CUST36713,visakhapatnam,Grocery,UPI,64780.59
TXN002865,2026-05-15,CUST24531,kolkata,Utilities,NetBanking,53010.71
TXN002866,2026-06-30,CUST52434,Vijayawada,Grocery,Debit Card,25234.72
TXN002867,2026-02-17,CUST66484,Bengaluru,Healthcare,Wallet,69450.08
TXN002868,2026-05-12,CUST47727,Jaipur,Healthcare,UPI,56392.63
TXN002869,2026-02-05,CUST64934,Pune,Fashion,Credit Card,430.44
TXN002870,2026-06-07,CUST37414,Jaipur,Utilities,Credit Card,42949.85
TXN002871,2026-03-30,CUST43524,Nagpur,Fuel,NetBanking,46176.11
TXN002872,2026-05-27,CUST47999,Vijayawada,Fuel,NetBanking,64348.16
TXN002873,2026-05-06,CUST86919,Lucknow,Restaurants,Debit Card,5182.72
TXN002874,2026-03-05,CUST60615, Hyderabad ,Restaurants,Credit Card,19700.64
TXN002875,2026-01-24,CUST67914,Vijayawada,Fuel,NetBanking,53571.91
TXN002876,2026-02-19,CUST17895,Chennai,Fuel,NetBanking,64868.57
TXN002877,2026-03-09,CUST89921,CHENNAI,Grocery,NetBanking,37760.07
TXN002878,2026-06-20,CUST72707,Hyderabad,Fashion,Wallet,5470.11
TXN002879,2026-03-06,CUST95340,Delhi,Travel,NetBanking,9676.44
TXN002880,2026-05-24,CUST48638,Indore,Fashion,Debit Card,15136.53
TXN002881,2026-03-23,CUST61248,Mumbai,Utilities,Credit Card,1098.26
TXN002882,2026-02-27,CUST94400,Hyderabad,Healthcare,NetBanking,67254.17
TXN002883,2026-04-26,CUST43587,jaipur,Grocery,NetBanking,75013.69
TXN002884,2026-04-15,CUST66959,Delhi,Healthcare,Wallet,15118.35
TXN002885,2026-04-22,CUST22721,INDORE,Utilities,Debit Card,55388.99
TXN002886,2026-01-27,CUST15974,Indore,Grocery,Wallet,25354.66
TXN002887,2026-04-26,CUST11353,Pune,Restaurants,NetBanking,10809.18
TXN002888,2026-06-19,CUST73762,Lucknow,Electronics,NetBanking,27712.16
TXN002889,2026-06-03,CUST91860,Chennai,Healthcare,Credit Card,20283.25
TXN002890,2026-04-05,CUST80540,CHENNAI,Utilities,Debit Card,41414.75
TXN002891,2026-01-19,CUST61373,Chennai,Healthcare,Debit Card,71774.47
TXN002892,2026-06-15,CUST16068, Hyderabad ,Fashion,UPI,36036.17
TXN002893,2026-03-02,CUST44733,Hyderabad,Fuel,Credit Card,57359.63
TXN002894,2026-01-10,CUST60492,hyderabad,Fashion,UPI,71883.82
TXN002895,2026-03-01,CUST16696,Kolkata,Healthcare,Credit Card,3375.18
TXN002896,2026-04-10,CUST55587,Delhi,Fashion,Wallet,53615.97
TXN002897,2026-02-17,CUST20484,Delhi,Travel,Wallet,21097.94
TXN002898,2026-06-05,CUST59086,Indore,Grocery,NetBanking,13651.39
TXN002899,2026-04-01,CUST16801,Lucknow,Utilities,Credit Card,7822.76
TXN002900,2026-04-06,CUST49048,Delhi,Travel,Wallet,72479.75
TXN002901,2026-06-05,CUST94255,Lucknow,Electronics,UPI,38246.31
TXN002902,2026-05-14,CUST16733,jaipur,Fuel,Debit Card,50056.67
TXN002903,2026-04-07,CUST47964,mumbai,Fuel,Debit Card,69559.48
TXN002904,2026-06-27,CUST30326,Bengaluru,Electronics,Wallet,2033.32
TXN002905,2026-06-27,CUST77549,Lucknow,Healthcare,UPI,3434.05
TXN002906,2026-06-24,CUST18507,Delhi,Fashion,NetBanking,81228.25
TXN002907,2026-04-11,CUST57904,Vijayawada,Fuel,UPI,53546.74
TXN002908,2026-04-06,CUST89582, Visakhapatnam ,Fuel,Credit Card,81487.02
TXN002909,2026-06-05,CUST41393,Bengaluru,Fashion,UPI,69563.97
TXN002910,2026-01-12,CUST50626,Delhi,Electronics,Wallet,25183.96
TXN002911,2026-03-16,CUST57373, Coimbatore ,Grocery,Credit Card,41710.36
TXN002912,2026-06-10,CUST94320,Indore,Electronics,Debit Card,22576.19
TXN002913,2026-01-22,CUST56355,Hyderabad,Restaurants,Wallet,69501.39
TXN002914,2026-06-26,CUST50226,kolkata,Utilities,Debit Card,50159.39
TXN002915,2026-03-13,CUST39142,Jaipur,Travel,UPI,70987.75
TXN002916,2026-06-17,CUST73645,Chennai,Fuel,NetBanking,58113.47
TXN002917,2026-01-26,CUST40682,Nagpur,Grocery,Credit Card,3017.26
TXN002918,2026-01-26,CUST88766,Chennai,Healthcare,Credit Card,63912.76
TXN002919,2026-01-25,CUST43318,Mumbai,Healthcare,Debit Card,8645.73
TXN002920,2026-04-02,CUST89678,Jaipur,Fashion,UPI,48836.74
TXN002921,2026-06-10,CUST84738,Pune,Restaurants,UPI,21852.95
TXN002922,2026-03-06,CUST35321,Indore,Utilities,Credit Card,27489.75
TXN002923,2026-04-17,CUST41484,Pune,Utilities,UPI,18622.4
TXN002924,2026-01-10,CUST19701,Visakhapatnam,Fashion,NetBanking,17170.73
TXN002925,2026-01-19,CUST77230, Nagpur ,Travel,NetBanking,10632.12
TXN002926,2026-01-06,CUST97315,Visakhapatnam,Restaurants,Wallet,310.4
TXN002927,2026-01-06,CUST75677,INDORE,Restaurants,Credit Card,82713.82
TXN002928,2026-05-23,CUST16774,jaipur,Grocery,UPI,78985.02
TXN002929,2026-04-08,CUST39726,Delhi,Restaurants,UPI,48672.5
TXN002930,2026-03-12,CUST21017,Indore,Fashion,NetBanking,15410.39
TXN002931,2026-03-29,CUST85014,Lucknow,Healthcare,Wallet,82146.01
TXN002932,2026-02-15,CUST73705,Pune,Electronics,UPI,74301.76
TXN002933,2026-05-13,CUST27436,Chennai,Utilities,NetBanking,39720.23
TXN002934,2026-02-13,CUST47536,Jaipur,Restaurants,Debit Card,84931.25
TXN002935,2026-05-04,CUST77030,Jaipur,Travel,Credit Card,37769.75
TXN002936,2026-05-13,CUST10907,Jaipur,Fashion,NetBanking,79240.66
TXN002937,2026-02-16,CUST50248, Vijayawada ,Fuel,Credit Card,42059.87
TXN002938,2026-04-07,CUST98798,BENGALURU,Healthcare,Wallet,53420.76
TXN002939,2026-02-18,CUST13456,Lucknow,Grocery,Credit Card,77566.33
TXN002940,2026-06-25,CUST50179,Delhi,Grocery,Credit Card,11222.66
TXN002941,2026-02-14,CUST48964, Visakhapatnam ,Fuel,Wallet,25418.27
TXN002942,2026-05-14,CUST42510,lucknow,Fuel,Wallet,42353.12
TXN002943,2026-05-08,CUST62595,Lucknow,Travel,Wallet,58637.49
TXN002944,2026-05-07,CUST21821,Hyderabad,Healthcare,UPI,66503.16
TXN002945,2026-06-20,CUST26752,Vijayawada,Utilities,NetBanking,7097.8
TXN002946,2026-03-17,CUST62998,Pune,Travel,Debit Card,72244.28
TXN002947,2026-02-08,CUST64240,Mumbai,Utilities,Debit Card,58358.91
TXN002948,2026-03-24,CUST46267,BENGALURU,Fashion,NetBanking,28751.33
TXN002949,2026-04-19,CUST58970,Bengaluru,Fashion,Debit Card,8039.89
TXN002950,2026-04-25,CUST56187,BENGALURU,Restaurants,Debit Card,6493.57
TXN002951,2026-01-06,CUST54341,Mumbai,Fashion,Debit Card,64446.9
TXN002952,2026-03-28,CUST61775,Mumbai,Healthcare,Credit Card,54747.14
TXN002953,2026-02-10,CUST58306,Nagpur,Healthcare,Debit Card,953.42
TXN002954,2026-01-04,CUST95477,Indore,Fuel,Debit Card,1928.06
TXN002955,2026-05-24,CUST90240,Pune,Grocery,UPI,46541.8
TXN002956,2026-01-19,CUST39145, Pune ,Restaurants,NetBanking,76955.34
TXN002957,2026-06-21,CUST40534,Chennai,Travel,Debit Card,6396.05
TXN002958,2026-05-26,CUST61971,mumbai,Restaurants,Debit Card,13439.79
TXN002959,2026-01-22,CUST42892,Jaipur,Utilities,Credit Card,46758.35
TXN002960,2026-01-31,CUST87173,Delhi,Utilities,Debit Card,39021.79
TXN002961,2026-05-20,CUST45857,Mumbai,Utilities,Credit Card,10845.33
TXN002962,2026-06-02,CUST15769,LUCKNOW,Fuel,Credit Card,46171.44
TXN002963,2026-06-26,CUST54634,Lucknow,Travel,Credit Card,22765.2
TXN002964,2026-06-05,CUST95743,Vijayawada,Fuel,Wallet,74563.39
TXN002965,2026-03-14,CUST36123,Kolkata,Fuel,Credit Card,55695.84
TXN002966,2026-06-25,CUST66711,Hyderabad,Electronics,UPI,22694.15
TXN002967,2026-06-28,CUST66629,Lucknow,Fuel,Credit Card,43166.95
TXN002968,2026-06-03,CUST62256,HYDERABAD,Electronics,Credit Card,19208.35
TXN002969,2026-03-24,CUST40922,Coimbatore,Electronics,Wallet,53134.25
TXN002970,2026-06-20,CUST45378,chennai,Restaurants,Wallet,39942.17
TXN002971,2026-02-13,CUST93515,indore,Grocery,UPI,77239.99
TXN002972,2026-06-14,CUST74009,Pune,Grocery,Wallet,11363.96
TXN002973,2026-02-08,CUST83616,Hyderabad,Utilities,Debit Card,27009.84
TXN002974,2026-01-07,CUST13866,visakhapatnam,Utilities,NetBanking,55219.55
TXN002975,2026-02-02,CUST78338,vijayawada,Travel,Credit Card,79427.22
TXN002976,2026-04-04,CUST10262, Visakhapatnam ,Electronics,Credit Card,71395.61
TXN002977,2026-04-02,CUST95397,Pune,Electronics,Debit Card,4663.65
TXN002978,2026-05-04,CUST52038,Chennai,Healthcare,UPI,65233.44
TXN002979,2026-06-08,CUST88163, Indore ,Utilities,NetBanking,22160.88
TXN002980,2026-02-19,CUST74262,Visakhapatnam,Restaurants,Debit Card,68407.83
TXN002981,2026-06-17,CUST14129, Lucknow ,Healthcare,Wallet,39572.97
TXN002982,2026-04-19,CUST90832,Lucknow,Healthcare,NetBanking,38249.96
TXN002983,2026-02-13,CUST85583,Mumbai,Electronics,Debit Card,32665.1
TXN002984,2026-05-29,CUST67807,Pune,Grocery,Wallet,52064.48
TXN002985,2026-06-03,CUST43103,Jaipur,Electronics,NetBanking,24584.15
TXN002986,2026-04-17,CUST26950, Delhi ,Fashion,UPI,72449.69
TXN002987,2026-04-26,CUST29989,Indore,Fashion,NetBanking,3975.03
TXN002988,2026-01-28,CUST66198,delhi,Travel,UPI,61388.26
TXN002989,2026-02-02,CUST93311,LUCKNOW,Restaurants,Wallet,42676.74
TXN002990,2026-04-09,CUST34522,lucknow,Utilities,NetBanking,51587.28
TXN002991,2026-06-17,CUST77440,HYDERABAD,Utilities,Credit Card,18529.21
TXN002992,2026-04-25,CUST78750,Delhi,Restaurants,UPI,21421.89
TXN002993,2026-03-27,CUST67143,Lucknow,Utilities,Wallet,5277.84
TXN002994,2026-01-04,CUST18438, Kolkata ,Healthcare,NetBanking,54900.05
TXN002995,2026-04-04,CUST93207,Lucknow,Grocery,NetBanking,60925.94
TXN002996,2026-05-18,CUST54286,lucknow,Travel,Credit Card,70815.95
TXN002997,2026-04-30,CUST26537,Lucknow,Healthcare,Debit Card,9965.88
TXN002998,2026-06-11,CUST53622,HYDERABAD,Electronics,Credit Card,75255.35
TXN002999,2026-01-02,CUST98784,Indore,Utilities,NetBanking,84572.26
TXN003000,2026-04-24,CUST63970,jaipur,Restaurants,Debit Card,63483.21
TXN003001,2026-05-11,CUST61026,lucknow,Utilities,NetBanking,53000.23
TXN003002,2026-01-13,CUST80713,Bengaluru,Electronics,Debit Card,82683.02
TXN003003,2026-01-18,CUST13968,Chennai,Electronics,UPI,11324.96
TXN003004,2026-06-25,CUST69891,Chennai,Utilities,Credit Card,41868.01
TXN003005,2026-04-27,CUST50275,mumbai,Electronics,Wallet,29027.59
TXN003006,2026-04-09,CUST93088,coimbatore,Healthcare,Debit Card,67078.58
TXN003007,2026-06-13,CUST98298,Pune,Fuel,Wallet,22568.14
TXN003008,2026-02-23,CUST10862,Kolkata,Grocery,Wallet,7703.5
TXN003009,2026-06-22,CUST78841,Indore,Utilities,Wallet,4689.67
TXN003010,2026-06-10,CUST62707,Hyderabad,Travel,NetBanking,46866.75
TXN003011,2026-06-27,CUST95306,Coimbatore,Healthcare,Debit Card,73394.2
TXN003012,2026-06-10,CUST69125,Hyderabad,Restaurants,Credit Card,49816.81
TXN003013,2026-03-28,CUST44707,kolkata,Fuel,UPI,45978.26
TXN003014,2026-06-08,CUST27171,Hyderabad,Restaurants,Credit Card,56755.81
TXN003015,2026-05-14,CUST61698,Visakhapatnam,Travel,NetBanking,47841.39
TXN003016,2026-05-10,CUST64365,Coimbatore,Fashion,Credit Card,52742.17
TXN003017,2026-05-23,CUST52270,NAGPUR,Travel,Wallet,74047.86
TXN003018,2026-02-20,CUST99272,Vijayawada,Electronics,Credit Card,28701.03
TXN003019,2026-05-05,CUST23539,Coimbatore,Restaurants,Debit Card,67807.86
TXN003020,2026-01-06,CUST23259,Delhi,Fuel,Debit Card,23948.85
TXN003021,2026-06-07,CUST14613,Coimbatore,Utilities,Wallet,14967.98
TXN003022,2026-02-24,CUST36109,Chennai,Fuel,Debit Card,33131.84
TXN003023,2026-06-17,CUST44137,Indore,Electronics,NetBanking,43983.85
TXN003024,2026-06-24,CUST86467,Lucknow,Healthcare,UPI,75125.95
TXN003025,2026-02-06,CUST15504,Vijayawada,Fuel,Wallet,32871.64
TXN003026,2026-03-10,CUST59217,Nagpur,Fashion,Credit Card,67048.76
TXN003027,2026-05-23,CUST84263,Vijayawada,Grocery,Credit Card,65424.56
TXN003028,2026-05-23,CUST12985, Nagpur ,Restaurants,UPI,61054.96
TXN003029,2026-06-01,CUST92410,Nagpur,Restaurants,Wallet,68877.01
TXN003030,2026-01-23,CUST97264,PUNE,Grocery,UPI,77696.34
TXN003031,2026-05-27,CUST24449,Visakhapatnam,Grocery,Debit Card,25543.33
TXN003032,2026-01-24,CUST95612,BENGALURU,Healthcare,NetBanking,66547.85
TXN003033,2026-05-31,CUST72920,Pune,Electronics,UPI,24664.28
TXN003034,2026-01-07,CUST27102,Indore,Grocery,Debit Card,46007.31
TXN003035,2026-05-06,CUST65110,Lucknow,Utilities,Credit Card,11430.51
TXN003036,2026-03-17,CUST87775,Coimbatore,Grocery,Credit Card,25894.72
TXN003037,2026-05-31,CUST63399,Chennai,Fuel,NetBanking,48128.22
TXN003038,2026-01-30,CUST53229,Mumbai,Electronics,UPI,40768.37
TXN003039,2026-01-10,CUST22327,Delhi,Utilities,UPI,41382.02
TXN003040,2026-06-11,CUST51015,Jaipur,Utilities,Wallet,62427.48
TXN003041,2026-05-24,CUST37233, Visakhapatnam ,Electronics,Debit Card,48925.91
TXN003042,2026-06-27,CUST79664, Kolkata ,Grocery,Debit Card,44921.22
TXN003043,2026-01-07,CUST52273,Vijayawada,Travel,NetBanking,33449.02
TXN003044,2026-05-26,CUST35954,Hyderabad,Fashion,Credit Card,30389.26
TXN003045,2026-06-08,CUST37940,Chennai,Utilities,Debit Card,156.27
TXN003046,2026-05-19,CUST42802,Lucknow,Fashion,Debit Card,45527.22
TXN003047,2026-03-13,CUST76076,MUMBAI,Grocery,NetBanking,53727.71
TXN003048,2026-01-09,CUST11117,Visakhapatnam,Restaurants,Debit Card,50591.87
TXN003049,2026-05-28,CUST41251,Bengaluru,Travel,NetBanking,20899.13
TXN003050,2026-06-13,CUST89057, Vijayawada ,Utilities,Wallet,10215.29
TXN003051,2026-06-23,CUST58784,jaipur,Travel,Wallet,24786.69
TXN003052,2026-03-28,CUST23472,Bengaluru,Electronics,Credit Card,59366.78
TXN003053,2026-02-20,CUST98124,CHENNAI,Healthcare,Wallet,63889.73
TXN003054,2026-04-14,CUST55851,Lucknow,Utilities,Debit Card,7270.32
TXN003055,2026-04-23,CUST16695,Nagpur,Fuel,Wallet,40154.76
TXN003056,2026-02-15,CUST62556,Mumbai,Fuel,Debit Card,4282.45
TXN003057,2026-06-05,CUST42207,Delhi,Grocery,UPI,78756.52
TXN003058,2026-01-28,CUST10554,Vijayawada,Restaurants,UPI,30261.12
TXN003059,2026-01-05,CUST61890,coimbatore,Electronics,NetBanking,58647.04
TXN003060,2026-06-29,CUST81111,Jaipur,Fashion,NetBanking,72250.65
TXN003061,2026-02-08,CUST12815,Coimbatore,Electronics,Debit Card,42282.43
TXN003062,2026-02-13,CUST20063,kolkata,Fashion,NetBanking,43726.52
TXN003063,2026-01-20,CUST49011,Mumbai,Healthcare,Wallet,77998.36
TXN003064,2026-02-14,CUST34601,pune,Electronics,NetBanking,40889.43
TXN003065,2026-02-24,CUST90163,Nagpur,Fashion,UPI,36668.27
TXN003066,2026-01-01,CUST21375, Pune ,Fuel,Wallet,72216.1
TXN003067,2026-05-18,CUST22548,Kolkata,Healthcare,Credit Card,41672.39
TXN003068,2026-06-10,CUST43844,Mumbai,Fashion,NetBanking,3345.48
TXN003069,2026-01-19,CUST36331,vijayawada,Utilities,UPI,24902.78
TXN003070,2026-02-18,CUST53230,delhi,Travel,UPI,78267.79
TXN003071,2026-05-01,CUST42625,Mumbai,Fashion,UPI,83452.44
TXN003072,2026-02-05,CUST63881,Nagpur,Electronics,Debit Card,29271.04
TXN003073,2026-03-05,CUST35361,mumbai,Restaurants,Wallet,14878.48
TXN003074,2026-05-09,CUST73544, Hyderabad ,Fuel,Wallet,28109.71
TXN003075,2026-01-05,CUST57007,Kolkata,Utilities,NetBanking,37330.72
TXN003076,2026-02-10,CUST58533,Indore,Healthcare,Wallet,12263.59
TXN003077,2026-06-12,CUST21361,Bengaluru,Utilities,Credit Card,10581.01
TXN003078,2026-04-23,CUST56329,PUNE,Fashion,Credit Card,23894.55
TXN003079,2026-06-19,CUST73153,nagpur,Grocery,Wallet,28601.05
TXN003080,2026-02-08,CUST13907,Chennai,Electronics,UPI,38475.63
TXN003081,2026-05-10,CUST14008,Mumbai,Fashion,NetBanking,50972.15
TXN003082,2026-04-23,CUST27603,hyderabad,Fuel,Debit Card,23125.65
TXN003083,2026-06-07,CUST24367,INDORE,Utilities,UPI,23430.5
TXN003084,2026-05-18,CUST17235,COIMBATORE,Fashion,NetBanking,17771.62
TXN003085,2026-05-16,CUST67028,Vijayawada,Fashion,NetBanking,68799.87
TXN003086,2026-06-18,CUST68922, Indore ,Healthcare,Credit Card,75367.51
TXN003087,2026-06-19,CUST49381,bengaluru,Electronics,Wallet,64294.08
TXN003088,2026-06-25,CUST54506,Chennai,Fashion,Credit Card,22444.2
TXN003089,2026-02-22,CUST80215,Pune,Travel,Wallet,12902.55
TXN003090,2026-01-21,CUST52550,Visakhapatnam,Restaurants,UPI,83601.69
TXN003091,2026-04-22,CUST37693,Indore,Grocery,NetBanking,60884.71
TXN003092,2026-06-15,CUST23593,Bengaluru,Restaurants,Debit Card,52739.16
TXN003093,2026-03-01,CUST47036,kolkata,Travel,NetBanking,7172.84
TXN003094,2026-06-17,CUST58641,Chennai,Fuel,Credit Card,43101.5
TXN003095,2026-02-13,CUST82681,coimbatore,Restaurants,UPI,73903.04
TXN003096,2026-03-31,CUST61922,Kolkata,Electronics,UPI,27388.38
TXN003097,2026-06-11,CUST93789,Mumbai,Restaurants,Debit Card,14378.18
TXN003098,2026-02-12,CUST85603,Visakhapatnam,Grocery,NetBanking,78034.23
TXN003099,2026-01-20,CUST47415,Hyderabad,Travel,Wallet,64673.13
TXN003100,2026-05-23,CUST41837,Mumbai,Travel,Debit Card,43158.6
TXN003101,2026-01-01,CUST95458,Mumbai,Restaurants,NetBanking,8851.04
TXN003102,2026-01-22,CUST22079,Mumbai,Healthcare,Wallet,47549.41
TXN003103,2026-03-17,CUST41480,Nagpur,Grocery,Debit Card,19472.75
TXN003104,2026-03-24,CUST74264,Delhi,Fashion,UPI,65057.61
TXN003105,2026-01-08,CUST75321, Delhi ,Restaurants,Debit Card,49652.2
TXN003106,2026-05-31,CUST22617,nagpur,Fashion,NetBanking,33973.98
TXN003107,2026-03-10,CUST99265,Indore,Restaurants,Wallet,46754.16
TXN003108,2026-02-22,CUST11624,Chennai,Healthcare,Debit Card,11618.38
TXN003109,2026-02-27,CUST88973,Lucknow,Grocery,NetBanking,69389.75
TXN003110,2026-05-29,CUST92282,pune,Grocery,UPI,63631.04
TXN003111,2026-03-03,CUST86749,Coimbatore,Grocery,Credit Card,37276.41
TXN003112,2026-05-10,CUST62444,hyderabad,Grocery,UPI,9876.69
TXN003113,2026-04-02,CUST33346,Lucknow,Fuel,Wallet,19401.77
TXN003114,2026-05-26,CUST28227,Mumbai,Travel,Debit Card,14943.97
TXN003115,2026-01-06,CUST71733, Chennai ,Electronics,Debit Card,63121.59
TXN003116,2026-06-07,CUST16917,Bengaluru,Utilities,Credit Card,31457.38
TXN003117,2026-05-30,CUST26122,Visakhapatnam,Electronics,Credit Card,4546.11
TXN003118,2026-02-28,CUST14421,Coimbatore,Fuel,Debit Card,39861.73
TXN003119,2026-06-08,CUST14284,Chennai,Fuel,Credit Card,26581.84
TXN003120,2026-06-02,CUST12651, Kolkata ,Travel,Credit Card,31845.7
TXN003121,2026-05-11,CUST30189,Mumbai,Restaurants,UPI,34832.38
TXN003122,2026-03-23,CUST36807,Mumbai,Healthcare,UPI,72355.92
TXN003123,2026-03-16,CUST90543,KOLKATA,Grocery,NetBanking,23521.57
TXN003124,2026-01-19,CUST23850,PUNE,Healthcare,Debit Card,62461.09
TXN003125,2026-04-28,CUST46625,Delhi,Fashion,NetBanking,35878.45
TXN003126,2026-03-15,CUST16089,chennai,Restaurants,UPI,77900.43
TXN003127,2026-04-15,CUST70981,Pune,Utilities,UPI,22018.38
TXN003128,2026-04-29,CUST19349,MUMBAI,Restaurants,UPI,16034.43
TXN003129,2026-01-04,CUST74492,Kolkata,Electronics,Credit Card,18925.23
TXN003130,2026-03-06,CUST21611,Vijayawada,Utilities,Credit Card,78053.45
TXN003131,2026-03-24,CUST44764,Vijayawada,Utilities,NetBanking,41280.63
TXN003132,2026-04-02,CUST30824, Lucknow ,Fashion,Debit Card,79196.95
TXN003133,2026-03-24,CUST35195,Jaipur,Restaurants,Wallet,49227.66
TXN003134,2026-02-12,CUST79814,Delhi,Healthcare,Debit Card,58580.51
TXN003135,2026-01-06,CUST75393,Vijayawada,Electronics,Debit Card,29827.02
TXN003136,2026-01-23,CUST66279,Coimbatore,Fashion,Credit Card,31116.58
TXN003137,2026-05-10,CUST10855,Indore,Travel,NetBanking,51078.81
TXN003138,2026-05-22,CUST65562,Hyderabad,Grocery,NetBanking,72369.08
TXN003139,2026-03-14,CUST55915,chennai,Fashion,UPI,6317.88
TXN003140,2026-05-29,CUST66779,Vijayawada,Travel,UPI,41032.05
TXN003141,2026-06-11,CUST94100,Hyderabad,Grocery,Debit Card,18902.05
TXN003142,2026-03-31,CUST82642,coimbatore,Fuel,Credit Card,74439.5
TXN003143,2026-03-26,CUST24499,Lucknow,Fashion,Credit Card,40741.96
TXN003144,2026-01-29,CUST17510,Pune,Healthcare,Credit Card,36903.24
TXN003145,2026-02-13,CUST23978,Nagpur,Electronics,Wallet,58097.19
TXN003146,2026-03-09,CUST35080, Jaipur ,Healthcare,Credit Card,65462.73
TXN003147,2026-02-27,CUST51361,Visakhapatnam,Travel,NetBanking,27370.07
TXN003148,2026-03-03,CUST56436,Bengaluru,Restaurants,UPI,6339.28
TXN003149,2026-02-17,CUST21993,VIJAYAWADA,Travel,Credit Card,53580.54
TXN003150,2026-02-17,CUST43095,Pune,Grocery,Debit Card,49901.2
TXN003151,2026-05-22,CUST81226,Hyderabad,Fuel,NetBanking,64794.13
TXN003152,2026-05-11,CUST72442,Bengaluru,Restaurants,Debit Card,18497.39
TXN003153,2026-05-15,CUST11551,Chennai,Grocery,UPI,19986.43
TXN003154,2026-05-20,CUST38984, Chennai ,Restaurants,Wallet,84526.98
TXN003155,2026-01-02,CUST54383,Pune,Healthcare,Wallet,59449.34
TXN003156,2026-05-27,CUST75623,Delhi,Travel,NetBanking,59381.67
TXN003157,2026-03-27,CUST89549,Bengaluru,Utilities,NetBanking,83606.74
TXN003158,2026-02-04,CUST86885,Jaipur,Fashion,NetBanking,72861.49
TXN003159,2026-01-02,CUST93463,Mumbai,Fuel,Credit Card,25449.27
TXN003160,2026-05-08,CUST69631,Chennai,Travel,Credit Card,62053.68
TXN003161,2026-01-27,CUST40938,Jaipur,Restaurants,Wallet,291.21
TXN003162,2026-02-20,CUST82536, Jaipur ,Restaurants,Credit Card,49171.64
TXN003163,2026-06-17,CUST61763,Bengaluru,Utilities,Debit Card,12817.03
TXN003164,2026-03-29,CUST58132, Indore ,Fuel,Wallet,30681.54
TXN003165,2026-04-18,CUST23696,Pune,Travel,Debit Card,8894.91
TXN003166,2026-06-24,CUST45427,Vijayawada,Restaurants,UPI,18124.03
TXN003167,2026-05-17,CUST88774,delhi,Electronics,UPI,6365.39
TXN003168,2026-03-10,CUST40645,Coimbatore,Healthcare,Debit Card,59909.7
TXN003169,2026-04-14,CUST25914,chennai,Travel,Debit Card,8016.0
TXN003170,2026-05-08,CUST39856, Indore ,Restaurants,Credit Card,73720.56
TXN003171,2026-05-07,CUST93473,delhi,Electronics,UPI,82930.43
TXN003172,2026-03-05,CUST90787,Mumbai,Healthcare,UPI,40714.26
TXN003173,2026-04-21,CUST18855,PUNE,Fuel,Wallet,34876.28
TXN003174,2026-02-18,CUST89463,Bengaluru,Restaurants,Credit Card,29912.93
TXN003175,2026-05-13,CUST65716,Nagpur,Utilities,NetBanking,77562.28
TXN003176,2026-03-24,CUST35334,Pune,Healthcare,Wallet,68462.4
TXN003177,2026-02-28,CUST96013,Jaipur,Electronics,UPI,80677.55
TXN003178,2026-03-20,CUST92770,Chennai,Restaurants,NetBanking,55924.23
TXN003179,2026-04-01,CUST19004,Mumbai,Utilities,Debit Card,25827.82
TXN003180,2026-06-29,CUST97274,Lucknow,Grocery,Debit Card,14555.82
TXN003181,2026-01-14,CUST80075,JAIPUR,Utilities,NetBanking,55907.0
TXN003182,2026-03-08,CUST95720,Chennai,Electronics,Credit Card,66579.48
TXN003183,2026-04-30,CUST11718,Lucknow,Travel,Credit Card,60380.38
TXN003184,2026-02-03,CUST38127,Chennai,Travel,Wallet,75420.79
TXN003185,2026-05-16,CUST44767,KOLKATA,Travel,UPI,70949.86
TXN003186,2026-06-10,CUST59516,pune,Electronics,Wallet,57662.25
TXN003187,2026-04-20,CUST20600,hyderabad,Healthcare,Wallet,70114.1
TXN003188,2026-04-03,CUST34600,Kolkata,Fuel,Debit Card,513.11
TXN003189,2026-01-24,CUST59326,Indore,Restaurants,Wallet,67006.85
TXN003190,2026-06-08,CUST46804,Coimbatore,Travel,Debit Card,49956.67
TXN003191,2026-06-30,CUST13478,Delhi,Healthcare,Credit Card,27768.95
TXN003192,2026-04-20,CUST96679,Pune,Travel,Wallet,74604.76
TXN003193,2026-05-26,CUST72787,jaipur,Grocery,Wallet,52684.48
TXN003194,2026-04-09,CUST66446,Nagpur,Utilities,UPI,2450.53
TXN003195,2026-01-16,CUST71159, Pune ,Fashion,Debit Card,13334.78
TXN003196,2026-03-13,CUST62619,jaipur,Travel,UPI,23858.25
TXN003197,2026-04-16,CUST61661,pune,Grocery,Wallet,26064.25
TXN003198,2026-03-01,CUST69807,Vijayawada,Travel,UPI,13068.69
TXN003199,2026-01-12,CUST97976,Bengaluru,Fashion,Debit Card,65509.66
TXN003200,2026-02-28,CUST42400,Vijayawada,Restaurants,NetBanking,12853.31
TXN003201,2026-05-26,CUST39154,Bengaluru,Electronics,Wallet,39384.88
TXN003202,2026-01-21,CUST79857,Visakhapatnam,Utilities,Credit Card,20284.63
TXN003203,2026-05-11,CUST77525,coimbatore,Fuel,Debit Card,80597.14
TXN003204,2026-02-12,CUST19539,Coimbatore,Electronics,UPI,7886.45
TXN003205,2026-04-14,CUST66854,Visakhapatnam,Grocery,NetBanking,49715.24
TXN003206,2026-02-17,CUST64415,Mumbai,Electronics,Wallet,77896.21
TXN003207,2026-06-16,CUST13760,Pune,Grocery,Wallet,44274.02
TXN003208,2026-01-07,CUST19387,Vijayawada,Utilities,NetBanking,67321.91
TXN003209,2026-06-11,CUST29919,Kolkata,Restaurants,NetBanking,41972.43
TXN003210,2026-04-26,CUST59796,delhi,Fuel,Wallet,22358.48
TXN003211,2026-05-17,CUST46818,Visakhapatnam,Electronics,Credit Card,57835.76
TXN003212,2026-04-20,CUST25650,Coimbatore,Restaurants,Wallet,50301.33
TXN003213,2026-05-29,CUST73800, Hyderabad ,Travel,Debit Card,82447.21
TXN003214,2026-02-28,CUST29399,Chennai,Grocery,Debit Card,1552.65
TXN003215,2026-06-03,CUST87415,hyderabad,Utilities,NetBanking,54074.88
TXN003216,2026-02-22,CUST86923,Delhi,Healthcare,Credit Card,14351.45
TXN003217,2026-06-10,CUST56261, Nagpur ,Healthcare,Credit Card,45909.43
TXN003218,2026-05-17,CUST82313,Delhi,Restaurants,Debit Card,78219.75
TXN003219,2026-06-20,CUST76444,Bengaluru,Restaurants,Credit Card,45461.32
TXN003220,2026-02-13,CUST34881,Hyderabad,Electronics,UPI,17911.4
TXN003221,2026-05-25,CUST21737,hyderabad,Fuel,NetBanking,65514.42
TXN003222,2026-03-14,CUST39357,NAGPUR,Fuel,Debit Card,45736.61
TXN003223,2026-06-28,CUST35343,Bengaluru,Travel,NetBanking,63652.41
TXN003224,2026-03-10,CUST42186,Jaipur,Fashion,Debit Card,48553.19
TXN003225,2026-03-31,CUST23103,Indore,Fuel,NetBanking,26640.7
TXN003226,2026-05-15,CUST68080,Mumbai,Travel,Credit Card,60472.72
TXN003227,2026-06-05,CUST53571,Mumbai,Electronics,NetBanking,25655.36
TXN003228,2026-01-09,CUST79939, Nagpur ,Fuel,NetBanking,77360.32
TXN003229,2026-04-19,CUST76407,Jaipur,Travel,Debit Card,67339.77
TXN003230,2026-03-23,CUST33020,Jaipur,Grocery,NetBanking,20796.66
TXN003231,2026-06-06,CUST71078,Mumbai,Restaurants,UPI,7703.03
TXN003232,2026-05-03,CUST96036,Delhi,Travel,Debit Card,38488.64
TXN003233,2026-02-08,CUST87238,Delhi,Travel,Credit Card,71730.87
TXN003234,2026-05-22,CUST10392,kolkata,Electronics,NetBanking,15152.3
TXN003235,2026-04-11,CUST21040,Hyderabad,Healthcare,Credit Card,63844.96
TXN003236,2026-06-10,CUST46507,Coimbatore,Grocery,UPI,55103.46
TXN003237,2026-02-10,CUST71710,Mumbai,Restaurants,Wallet,42072.32
TXN003238,2026-05-29,CUST73669,Pune,Healthcare,UPI,84690.13
TXN003239,2026-01-30,CUST74656,Jaipur,Healthcare,Wallet,73632.71
TXN003240,2026-06-04,CUST78384,Visakhapatnam,Utilities,Credit Card,70679.73
TXN003241,2026-02-03,CUST87480, Vijayawada ,Restaurants,NetBanking,27516.35
TXN003242,2026-03-16,CUST56408,mumbai,Restaurants,UPI,51841.63
TXN003243,2026-05-11,CUST54604,Lucknow,Fashion,NetBanking,23389.5
TXN003244,2026-02-11,CUST58512,Mumbai,Healthcare,Credit Card,9998.25
TXN003245,2026-04-09,CUST75801,bengaluru,Travel,Debit Card,76350.93
TXN003246,2026-01-08,CUST58375,Visakhapatnam,Fuel,UPI,54897.16
TXN003247,2026-04-03,CUST90271,Kolkata,Healthcare,Credit Card,31256.05
TXN003248,2026-06-11,CUST41682,Pune,Travel,Credit Card,9197.32
TXN003249,2026-02-21,CUST16294,PUNE,Fuel,NetBanking,46592.87
TXN003250,2026-03-28,CUST35479,Bengaluru,Grocery,Debit Card,55363.66
TXN003251,2026-06-13,CUST10271,DELHI,Travel,Credit Card,56659.97
TXN003252,2026-03-01,CUST94545, Mumbai ,Restaurants,UPI,29999.51
TXN003253,2026-01-14,CUST70760,indore,Grocery,NetBanking,59461.71
TXN003254,2026-01-05,CUST84849,Visakhapatnam,Fashion,NetBanking,80171.91
TXN003255,2026-03-16,CUST83185,Indore,Restaurants,NetBanking,52695.76
TXN003256,2026-06-21,CUST56255,lucknow,Fashion,NetBanking,6402.27
TXN003257,2026-04-16,CUST39365,Pune,Grocery,NetBanking,27039.75
TXN003258,2026-03-17,CUST97841,Chennai,Healthcare,Debit Card,36862.74
TXN003259,2026-01-11,CUST97015,Delhi,Fashion,UPI,73583.31
TXN003260,2026-05-14,CUST36395,nagpur,Healthcare,Debit Card,36925.87
TXN003261,2026-02-09,CUST33130,Delhi,Fuel,Wallet,67253.52
TXN003262,2026-06-30,CUST76049,Mumbai,Utilities,UPI,28963.63
TXN003263,2026-06-24,CUST48395, Delhi ,Fuel,NetBanking,29003.91
TXN003264,2026-01-22,CUST54577,Kolkata,Restaurants,UPI,58581.32
TXN003265,2026-02-08,CUST82437,Lucknow,Grocery,Credit Card,57188.36
TXN003266,2026-06-01,CUST52200,Coimbatore,Healthcare,NetBanking,59897.9
TXN003267,2026-04-13,CUST18733,delhi,Fuel,Debit Card,27896.08
TXN003268,2026-04-04,CUST40248,kolkata,Restaurants,UPI,15459.73
TXN003269,2026-03-03,CUST42559,Hyderabad,Utilities,Wallet,71731.36
TXN003270,2026-06-28,CUST29831,Bengaluru,Electronics,Credit Card,30566.46
TXN003271,2026-05-25,CUST81746,Lucknow,Healthcare,Wallet,50119.51
TXN003272,2026-01-09,CUST64792,Indore,Utilities,Credit Card,55532.64
TXN003273,2026-06-03,CUST33071,Mumbai,Utilities,Wallet,41005.98
TXN003274,2026-01-15,CUST95263,Delhi,Fashion,Credit Card,33207.87
TXN003275,2026-05-01,CUST63531,Visakhapatnam,Utilities,Debit Card,28301.62
TXN003276,2026-03-04,CUST74863,Chennai,Restaurants,Wallet,81485.04
TXN003277,2026-02-25,CUST49752,Delhi,Restaurants,Wallet,77677.05
TXN003278,2026-04-10,CUST63992,Bengaluru,Grocery,Wallet,26114.28
TXN003279,2026-03-14,CUST56666,Visakhapatnam,Grocery,Debit Card,52805.4
TXN003280,2026-04-09,CUST18309,Kolkata,Electronics,Wallet,13609.61
TXN003281,2026-03-20,CUST69759,MUMBAI,Healthcare,Wallet,80959.14
TXN003282,2026-01-09,CUST32303,Mumbai,Fuel,Credit Card,43381.27
TXN003283,2026-05-13,CUST11742,Chennai,Utilities,Wallet,21093.03
TXN003284,2026-04-28,CUST84595,Kolkata,Fashion,UPI,46237.4
TXN003285,2026-02-25,CUST46156,Coimbatore,Travel,Debit Card,55022.91
TXN003286,2026-06-10,CUST73003,Hyderabad,Fuel,Credit Card,36785.95
TXN003287,2026-03-31,CUST76394,Chennai,Restaurants,UPI,55765.29
TXN003288,2026-04-09,CUST53744,BENGALURU,Utilities,Credit Card,12481.61
TXN003289,2026-02-05,CUST93161,Indore,Healthcare,Debit Card,26274.12
TXN003290,2026-04-12,CUST21930,Mumbai,Grocery,NetBanking,63625.52
TXN003291,2026-04-24,CUST51983,Coimbatore,Fuel,Debit Card,1622.31
TXN003292,2026-05-31,CUST72847,Nagpur,Fuel,NetBanking,46940.63
TXN003293,2026-05-30,CUST85427,Nagpur,Travel,Credit Card,12144.78
TXN003294,2026-04-21,CUST87850,Hyderabad,Electronics,UPI,28223.06
TXN003295,2026-02-09,CUST22420,chennai,Healthcare,Debit Card,64730.97
TXN003296,2026-05-21,CUST50774,Pune,Fuel,Wallet,17539.73
TXN003297,2026-06-24,CUST12912,Indore,Electronics,Debit Card,26426.51
TXN003298,2026-06-27,CUST55730, Vijayawada ,Travel,NetBanking,57807.41
TXN003299,2026-05-05,CUST27559,Indore,Grocery,NetBanking,54159.12
TXN003300,2026-06-16,CUST38267,Jaipur,Healthcare,UPI,48570.83
TXN003301,2026-03-12,CUST64228,Mumbai,Grocery,NetBanking,59051.99
TXN003302,2026-05-16,CUST16483,Vijayawada,Fashion,Credit Card,39453.59
TXN003303,2026-04-04,CUST13650,Lucknow,Restaurants,Debit Card,32696.04
TXN003304,2026-02-20,CUST15188,kolkata,Fashion,Debit Card,17905.65
TXN003305,2026-01-04,CUST60717,Bengaluru,Electronics,Credit Card,78294.0
TXN003306,2026-01-13,CUST73871, Nagpur ,Utilities,Wallet,20299.35
TXN003307,2026-01-23,CUST10954, Kolkata ,Grocery,Wallet,26558.68
TXN003308,2026-05-15,CUST10259, Pune ,Restaurants,NetBanking,819.84
TXN003309,2026-05-18,CUST11146,COIMBATORE,Travel,NetBanking,69079.37
TXN003310,2026-06-30,CUST24942,Coimbatore,Fashion,Wallet,3513.22
TXN003311,2026-04-15,CUST57751,HYDERABAD,Utilities,Debit Card,43703.69
TXN003312,2026-04-30,CUST78340, Delhi ,Restaurants,UPI,68647.26
TXN003313,2026-05-13,CUST60686,Lucknow,Electronics,Credit Card,52162.9
TXN003314,2026-03-14,CUST53150,kolkata,Fuel,Debit Card,14492.03
TXN003315,2026-01-18,CUST37857,LUCKNOW,Fuel,UPI,8793.14
TXN003316,2026-02-05,CUST98279,Hyderabad,Electronics,Debit Card,19828.98
TXN003317,2026-02-12,CUST43332,Bengaluru,Healthcare,UPI,10905.88
TXN003318,2026-04-15,CUST22306,Visakhapatnam,Grocery,NetBanking,40515.62
TXN003319,2026-03-06,CUST83100,Pune,Grocery,Credit Card,70758.48
TXN003320,2026-01-03,CUST35714,Delhi,Utilities,UPI,71366.99
TXN003321,2026-06-19,CUST81192,Visakhapatnam,Fashion,UPI,14281.04
TXN003322,2026-03-14,CUST53610,Nagpur,Travel,UPI,1943.22
TXN003323,2026-06-19,CUST11609,Indore,Grocery,Wallet,70473.99
TXN003324,2026-01-07,CUST11030,Chennai,Fuel,Wallet,4950.99
TXN003325,2026-03-15,CUST92640,Coimbatore,Fuel,Wallet,49792.91
TXN003326,2026-03-30,CUST59421, Jaipur ,Fuel,Debit Card,73206.97
TXN003327,2026-02-26,CUST98929,Hyderabad,Travel,Debit Card,29691.22
TXN003328,2026-04-15,CUST31173,jaipur,Healthcare,NetBanking,28380.51
TXN003329,2026-04-09,CUST13671,Bengaluru,Utilities,Wallet,22093.8
TXN003330,2026-06-09,CUST57127,Chennai,Electronics,Credit Card,78670.18
TXN003331,2026-06-07,CUST20794, Chennai ,Fashion,Debit Card,74095.38
TXN003332,2026-06-25,CUST49401,Pune,Healthcare,NetBanking,56114.63
TXN003333,2026-01-19,CUST95296, Bengaluru ,Grocery,Wallet,4934.27
TXN003334,2026-06-06,CUST93405,Bengaluru,Travel,NetBanking,47776.92
TXN003335,2026-06-22,CUST28205,Pune,Fashion,Credit Card,34757.1
TXN003336,2026-03-24,CUST68981,indore,Restaurants,Wallet,40302.98
TXN003337,2026-06-09,CUST83654,LUCKNOW,Travel,Wallet,81971.27
TXN003338,2026-06-13,CUST28863,Indore,Restaurants,NetBanking,67942.11
TXN003339,2026-03-07,CUST93462,Lucknow,Fashion,Credit Card,3867.92
TXN003340,2026-02-15,CUST26871,Nagpur,Fuel,NetBanking,35779.73
TXN003341,2026-03-28,CUST98797,DELHI,Fashion,Debit Card,65706.56
TXN003342,2026-02-23,CUST62993,Mumbai,Healthcare,Credit Card,17497.09
TXN003343,2026-03-08,CUST11356,Pune,Electronics,Debit Card,9504.52
TXN003344,2026-05-05,CUST37893,Kolkata,Travel,Credit Card,65375.55
TXN003345,2026-03-25,CUST44055,Chennai,Grocery,UPI,53570.36
TXN003346,2026-05-25,CUST94969,Vijayawada,Utilities,Debit Card,14553.13
TXN003347,2026-04-03,CUST32150,Chennai,Restaurants,UPI,6385.5
TXN003348,2026-03-25,CUST91665,Delhi,Healthcare,Credit Card,66693.07
TXN003349,2026-03-09,CUST20126,vijayawada,Fuel,UPI,23200.52
TXN003350,2026-03-02,CUST27666,Hyderabad,Travel,NetBanking,11468.87
TXN003351,2026-02-03,CUST77331,Vijayawada,Healthcare,Credit Card,83429.56
TXN003352,2026-04-10,CUST42492,Jaipur,Healthcare,Debit Card,62956.1
TXN003353,2026-05-21,CUST14584,Lucknow,Fuel,NetBanking,41875.6
TXN003354,2026-02-24,CUST24430,Pune,Electronics,Debit Card,35515.19
TXN003355,2026-03-13,CUST67140, Kolkata ,Travel,Wallet,51090.37
TXN003356,2026-01-06,CUST17855,Lucknow,Fuel,Debit Card,23271.03
TXN003357,2026-06-14,CUST58822,MUMBAI,Fuel,Debit Card,81897.29
TXN003358,2026-04-09,CUST28097,Chennai,Fashion,Wallet,59071.98
TXN003359,2026-02-13,CUST70430,Hyderabad,Grocery,Debit Card,31370.32
TXN003360,2026-01-29,CUST60050,Indore,Travel,Credit Card,8416.15
TXN003361,2026-06-05,CUST56803,Bengaluru,Fuel,Wallet,62439.33
TXN003362,2026-04-07,CUST62276,Visakhapatnam,Electronics,Wallet,78626.76
TXN003363,2026-04-25,CUST86772,Hyderabad,Healthcare,NetBanking,35539.53
TXN003364,2026-02-09,CUST68364,Chennai,Grocery,Debit Card,8712.29
TXN003365,2026-04-02,CUST14585,Delhi,Restaurants,UPI,29890.12
TXN003366,2026-05-26,CUST76005,Nagpur,Utilities,Wallet,18412.04
TXN003367,2026-06-14,CUST29959,Lucknow,Travel,Debit Card,54780.27
TXN003368,2026-05-19,CUST26015,visakhapatnam,Electronics,Debit Card,83171.19
TXN003369,2026-05-02,CUST37458,LUCKNOW,Fuel,NetBanking,82156.7
TXN003370,2026-01-08,CUST80058,Visakhapatnam,Utilities,NetBanking,81178.07
TXN003371,2026-01-29,CUST16093,Jaipur,Travel,Wallet,72632.16
TXN003372,2026-06-10,CUST70038,Visakhapatnam,Fuel,NetBanking,74799.42
TXN003373,2026-03-06,CUST71572,Delhi,Restaurants,Credit Card,44211.03
TXN003374,2026-04-14,CUST31867,Pune,Travel,UPI,65231.85
TXN003375,2026-03-04,CUST86363,Coimbatore,Fuel,Credit Card,4567.69
TXN003376,2026-05-20,CUST34837,Jaipur,Healthcare,Debit Card,78572.42
TXN003377,2026-03-23,CUST12696,Coimbatore,Fashion,Debit Card,22898.24
TXN003378,2026-03-20,CUST60434,Jaipur,Utilities,Credit Card,72069.95
TXN003379,2026-05-29,CUST28294,DELHI,Electronics,UPI,75879.04
TXN003380,2026-03-19,CUST85914,Chennai,Travel,UPI,17781.47
TXN003381,2026-05-02,CUST65928,PUNE,Healthcare,Debit Card,69739.06
TXN003382,2026-02-10,CUST24691,Pune,Fuel,UPI,22029.0
TXN003383,2026-02-01,CUST80341,Bengaluru,Utilities,Wallet,37536.82
TXN003384,2026-01-30,CUST90572,Chennai,Travel,Credit Card,81320.14
TXN003385,2026-05-15,CUST11528,Hyderabad,Grocery,NetBanking,34142.5
TXN003386,2026-02-07,CUST99609,Visakhapatnam,Fashion,Wallet,14052.48
TXN003387,2026-05-09,CUST78409,JAIPUR,Travel,Debit Card,30530.02
TXN003388,2026-05-16,CUST25766,Nagpur,Fuel,Wallet,21053.25
TXN003389,2026-05-01,CUST98819,Pune,Fashion,Wallet,66615.12
TXN003390,2026-05-29,CUST60467,Kolkata,Healthcare,UPI,16208.8
TXN003391,2026-02-19,CUST35171,Hyderabad,Electronics,Debit Card,36260.34
TXN003392,2026-02-01,CUST28385,Pune,Grocery,Credit Card,35307.89
TXN003393,2026-06-02,CUST82698,Vijayawada,Travel,Debit Card,33291.63
TXN003394,2026-05-08,CUST18041,Bengaluru,Electronics,Wallet,47763.06
TXN003395,2026-03-17,CUST31970,Nagpur,Restaurants,UPI,81659.95
TXN003396,2026-06-25,CUST76153, Indore ,Grocery,Wallet,37337.18
TXN003397,2026-03-23,CUST99241,Hyderabad,Electronics,Credit Card,31430.41
TXN003398,2026-04-25,CUST48667,Visakhapatnam,Travel,NetBanking,73584.22
TXN003399,2026-01-01,CUST36539,Bengaluru,Electronics,Wallet,18981.97
TXN003400,2026-02-14,CUST67507,Coimbatore,Grocery,Debit Card,43085.79
TXN003401,2026-03-10,CUST64707,Delhi,Healthcare,Credit Card,8376.94
TXN003402,2026-05-25,CUST87265,Visakhapatnam,Travel,NetBanking,83140.05
TXN003403,2026-05-12,CUST17854,Bengaluru,Fashion,Wallet,81923.54
TXN003404,2026-06-30,CUST43544,Jaipur,Travel,UPI,59499.94
TXN003405,2026-06-26,CUST13154,Indore,Utilities,Wallet,58463.59
TXN003406,2026-04-28,CUST31386,DELHI,Fuel,Debit Card,410.77
TXN003407,2026-02-13,CUST32623,PUNE,Travel,Credit Card,18765.6
TXN003408,2026-06-03,CUST84910,Coimbatore,Travel,Debit Card,48535.71
TXN003409,2026-02-09,CUST82559,lucknow,Utilities,Debit Card,61183.77
TXN003410,2026-05-28,CUST67495, Visakhapatnam ,Healthcare,NetBanking,72671.35
TXN003411,2026-06-18,CUST93763,Pune,Grocery,Debit Card,9862.84
TXN003412,2026-01-08,CUST17206,Visakhapatnam,Fuel,Credit Card,4523.22
TXN003413,2026-05-03,CUST97850,Pune,Healthcare,Debit Card,59987.54
TXN003414,2026-03-17,CUST75722, Indore ,Healthcare,Debit Card,39934.94
TXN003415,2026-02-14,CUST90553,Coimbatore,Fuel,Debit Card,32519.19
TXN003416,2026-03-04,CUST67022,Pune,Travel,Credit Card,79499.53
TXN003417,2026-06-20,CUST86101, Indore ,Electronics,Wallet,36261.39
TXN003418,2026-05-09,CUST30272,vijayawada,Utilities,NetBanking,34045.05
TXN003419,2026-05-02,CUST75839,Coimbatore,Travel,NetBanking,38639.11
TXN003420,2026-02-02,CUST82941,Hyderabad,Travel,NetBanking,65487.71
TXN003421,2026-02-25,CUST40786,Vijayawada,Utilities,Debit Card,17396.36
TXN003422,2026-02-01,CUST48237,Hyderabad,Restaurants,UPI,14713.26
TXN003423,2026-03-20,CUST68269,LUCKNOW,Travel,Credit Card,15554.86
TXN003424,2026-06-13,CUST66135,Visakhapatnam,Utilities,Wallet,28367.21
TXN003425,2026-06-24,CUST57271,Mumbai,Utilities,UPI,43136.67
TXN003426,2026-03-15,CUST39333,Hyderabad,Fashion,Credit Card,60834.1
TXN003427,2026-03-14,CUST75034,Indore,Fashion,Debit Card,25291.33
TXN003428,2026-05-27,CUST60992,Chennai,Restaurants,UPI,16841.07
TXN003429,2026-03-06,CUST82452,Nagpur,Healthcare,Debit Card,15690.54
TXN003430,2026-05-25,CUST47209,NAGPUR,Healthcare,Credit Card,22773.53
TXN003431,2026-01-18,CUST44164,Jaipur,Fashion,NetBanking,81808.42
TXN003432,2026-01-02,CUST99794,Nagpur,Fashion,NetBanking,14813.67
TXN003433,2026-03-19,CUST39212,BENGALURU,Grocery,Debit Card,6727.78
TXN003434,2026-06-19,CUST33319,jaipur,Electronics,Wallet,58179.95
TXN003435,2026-04-30,CUST33360, Pune ,Utilities,NetBanking,14319.61
TXN003436,2026-05-28,CUST29756,mumbai,Fashion,UPI,3059.94
TXN003437,2026-03-04,CUST85973,Visakhapatnam,Fuel,UPI,65277.84
TXN003438,2026-04-28,CUST63142,Delhi,Fuel,NetBanking,1554.36
TXN003439,2026-01-24,CUST89991,mumbai,Electronics,Debit Card,9437.02
TXN003440,2026-04-23,CUST48554,Jaipur,Restaurants,Wallet,45159.43
TXN003441,2026-04-24,CUST83587,Lucknow,Healthcare,Debit Card,65716.62
TXN003442,2026-06-18,CUST18689,Coimbatore,Utilities,NetBanking,58437.12
TXN003443,2026-03-10,CUST75661,Coimbatore,Electronics,Credit Card,37131.45
TXN003444,2026-06-21,CUST95818,BENGALURU,Travel,NetBanking,56692.42
TXN003445,2026-04-08,CUST20079,Pune,Restaurants,NetBanking,12229.87
TXN003446,2026-06-09,CUST32334,Nagpur,Electronics,Debit Card,57055.56
TXN003447,2026-01-19,CUST91737,Bengaluru,Grocery,NetBanking,76539.01
TXN003448,2026-03-15,CUST83574,Coimbatore,Fashion,UPI,38791.62
TXN003449,2026-05-24,CUST23303, Chennai ,Fashion,NetBanking,8918.91
TXN003450,2026-05-02,CUST37041,chennai,Utilities,Credit Card,56052.54
TXN003451,2026-02-16,CUST54290,Pune,Fashion,NetBanking,79581.91
TXN003452,2026-06-05,CUST59555,VISAKHAPATNAM,Electronics,Credit Card,71140.9
TXN003453,2026-02-02,CUST77966,Kolkata,Restaurants,UPI,52039.28
TXN003454,2026-03-31,CUST46205,Kolkata,Travel,Credit Card,82316.35
TXN003455,2026-06-27,CUST14302,Hyderabad,Fashion,NetBanking,45916.86
TXN003456,2026-05-03,CUST78185,Pune,Travel,UPI,16919.79
TXN003457,2026-01-25,CUST38668,chennai,Healthcare,Debit Card,37180.58
TXN003458,2026-04-21,CUST31416,Indore,Travel,Debit Card,31667.09
TXN003459,2026-03-18,CUST47562,Coimbatore,Fashion,NetBanking,30493.59
TXN003460,2026-06-09,CUST32831,Coimbatore,Restaurants,NetBanking,27243.66
TXN003461,2026-02-04,CUST40035,Mumbai,Restaurants,UPI,58572.68
TXN003462,2026-02-01,CUST73207,Indore,Travel,Credit Card,30912.32
TXN003463,2026-01-23,CUST89766,Hyderabad,Grocery,Credit Card,32751.0
TXN003464,2026-03-30,CUST11488,Kolkata,Fashion,Debit Card,68469.01
TXN003465,2026-03-18,CUST64373,jaipur,Utilities,Debit Card,19736.46
TXN003466,2026-05-29,CUST75048, Coimbatore ,Utilities,Credit Card,77424.31
TXN003467,2026-02-18,CUST71435,Lucknow,Fashion,Debit Card,63701.2
TXN003468,2026-05-11,CUST84557,Hyderabad,Healthcare,Credit Card,331.89
TXN003469,2026-01-12,CUST52477,Jaipur,Fashion,Debit Card,6857.21
TXN003470,2026-04-23,CUST71346, Indore ,Fashion,Debit Card,77364.66
TXN003471,2026-01-15,CUST78621,Chennai,Utilities,Credit Card,33740.16
TXN003472,2026-03-23,CUST66072, Lucknow ,Healthcare,Credit Card,51305.55
TXN003473,2026-06-16,CUST35330,Chennai,Grocery,NetBanking,24372.74
TXN003474,2026-02-09,CUST10271,Vijayawada,Fashion,Credit Card,30884.17
TXN003475,2026-05-31,CUST80842, Chennai ,Utilities,Credit Card,51707.12
TXN003476,2026-01-01,CUST57369,kolkata,Grocery,Credit Card,60047.44
TXN003477,2026-04-03,CUST63937,mumbai,Fuel,NetBanking,82267.7
TXN003478,2026-02-14,CUST31998,Lucknow,Utilities,Credit Card,79232.04
TXN003479,2026-03-07,CUST30795,Lucknow,Electronics,Credit Card,78566.99
TXN003480,2026-05-24,CUST90872,Chennai,Electronics,Credit Card,20814.03
TXN003481,2026-01-27,CUST36614,Vijayawada,Fuel,Credit Card,19935.27
TXN003482,2026-05-10,CUST34820,Mumbai,Healthcare,Debit Card,57686.41
TXN003483,2026-04-25,CUST70256,Kolkata,Healthcare,Credit Card,5798.07
TXN003484,2026-06-23,CUST57771,Jaipur,Travel,Wallet,1756.96
TXN003485,2026-01-12,CUST74435,Bengaluru,Grocery,Debit Card,23475.67
TXN003486,2026-04-17,CUST61690, Kolkata ,Fashion,Debit Card,31349.5
TXN003487,2026-06-06,CUST11800,indore,Healthcare,NetBanking,42898.81
TXN003488,2026-06-23,CUST35516,Visakhapatnam,Healthcare,Debit Card,84985.63
TXN003489,2026-06-29,CUST17350,Nagpur,Fashion,Debit Card,4903.43
TXN003490,2026-01-10,CUST46841,Kolkata,Utilities,UPI,36002.92
TXN003491,2026-03-25,CUST86270,MUMBAI,Healthcare,Wallet,29197.7
TXN003492,2026-03-22,CUST77053,Chennai,Electronics,NetBanking,64790.79
TXN003493,2026-04-27,CUST71672,DELHI,Travel,Wallet,39772.92
TXN003494,2026-05-13,CUST22324,Vijayawada,Travel,NetBanking,4323.24
TXN003495,2026-01-26,CUST42409,VIJAYAWADA,Electronics,Credit Card,56337.14
TXN003496,2026-04-26,CUST44263,Coimbatore,Healthcare,Wallet,74628.93
TXN003497,2026-03-28,CUST19885,Lucknow,Travel,Credit Card,53905.77
TXN003498,2026-06-29,CUST34590, Pune ,Electronics,UPI,32962.54
TXN003499,2026-04-22,CUST75702,NAGPUR,Utilities,Credit Card,55023.47
TXN003500,2026-01-27,CUST12291,Nagpur,Healthcare,UPI,43316.82
TXN003501,2026-03-13,CUST89460,Jaipur,Electronics,Credit Card,16946.63
TXN003502,2026-02-05,CUST90407,Mumbai,Healthcare,UPI,22826.47
TXN003503,2026-04-07,CUST36521, Mumbai ,Restaurants,UPI,52010.43
TXN003504,2026-02-04,CUST94115,Vijayawada,Restaurants,NetBanking,21556.33
TXN003505,2026-06-12,CUST46430,pune,Healthcare,Wallet,21666.72
TXN003506,2026-04-29,CUST75818,Hyderabad,Utilities,NetBanking,57557.07
TXN003507,2026-02-16,CUST95564,Pune,Fuel,Wallet,44325.72
TXN003508,2026-05-03,CUST77656,PUNE,Restaurants,Wallet,36829.55
TXN003509,2026-04-23,CUST87033,Coimbatore,Healthcare,Credit Card,76002.22
TXN003510,2026-01-14,CUST42821,pune,Healthcare,Wallet,48861.05
TXN003511,2026-04-06,CUST23153,Indore,Healthcare,Debit Card,17152.52
TXN003512,2026-02-14,CUST77254,Mumbai,Fuel,UPI,10406.28
TXN003513,2026-02-19,CUST34755,Hyderabad,Utilities,UPI,12390.09
TXN003514,2026-03-13,CUST76380,pune,Electronics,NetBanking,10782.15
TXN003515,2026-03-03,CUST91635,Lucknow,Restaurants,Credit Card,33383.88
TXN003516,2026-04-10,CUST40739,INDORE,Restaurants,NetBanking,40110.48
TXN003517,2026-02-13,CUST70641,Pune,Restaurants,NetBanking,20742.37
TXN003518,2026-05-21,CUST41955, Mumbai ,Electronics,Wallet,52463.98
TXN003519,2026-02-20,CUST26896,Jaipur,Utilities,UPI,71489.36
TXN003520,2026-03-09,CUST62719,CHENNAI,Grocery,Credit Card,5762.05
TXN003521,2026-02-27,CUST29810,Vijayawada,Travel,NetBanking,25702.03
TXN003522,2026-04-13,CUST55065,Jaipur,Grocery,Wallet,32807.08
TXN003523,2026-03-18,CUST33550,Indore,Fashion,NetBanking,81289.39
TXN003524,2026-02-28,CUST26355,LUCKNOW,Electronics,Debit Card,77254.06
TXN003525,2026-06-17,CUST35074,Hyderabad,Healthcare,Wallet,7156.54
TXN003526,2026-06-11,CUST96058,Lucknow,Utilities,Credit Card,84462.62
TXN003527,2026-06-28,CUST18599,Visakhapatnam,Healthcare,UPI,43092.03
TXN003528,2026-06-20,CUST63270,Lucknow,Fashion,Wallet,37637.36
TXN003529,2026-06-27,CUST33574,Jaipur,Utilities,Debit Card,23001.65
TXN003530,2026-02-21,CUST36830,Lucknow,Grocery,NetBanking,65427.51
TXN003531,2026-06-27,CUST78360,Lucknow,Electronics,UPI,33324.63
TXN003532,2026-04-26,CUST34424,Nagpur,Healthcare,Credit Card,51337.77
TXN003533,2026-04-13,CUST13058,DELHI,Travel,Credit Card,28687.87
TXN003534,2026-06-11,CUST99129,Bengaluru,Healthcare,Debit Card,7482.33
TXN003535,2026-01-06,CUST76241,Hyderabad,Healthcare,Wallet,83788.23
TXN003536,2026-04-20,CUST97210,Lucknow,Utilities,Credit Card,40143.89
TXN003537,2026-04-10,CUST73278,kolkata,Electronics,NetBanking,48944.88
TXN003538,2026-04-10,CUST42093,Coimbatore,Utilities,Wallet,75054.9
TXN003539,2026-05-02,CUST43940,Pune,Utilities,Wallet,46405.22
TXN003540,2026-01-28,CUST47533,Indore,Restaurants,Debit Card,56211.4
TXN003541,2026-05-21,CUST25830,Delhi,Electronics,Wallet,8507.96
TXN003542,2026-05-22,CUST68098,Vijayawada,Grocery,Debit Card,35768.65
TXN003543,2026-02-15,CUST28081,Vijayawada,Grocery,Wallet,29696.81
TXN003544,2026-04-01,CUST59157,hyderabad,Utilities,NetBanking,7584.8
TXN003545,2026-04-23,CUST44249,Vijayawada,Electronics,Credit Card,25303.96
TXN003546,2026-01-08,CUST19097,indore,Fashion,UPI,63059.57
TXN003547,2026-05-23,CUST23572,Visakhapatnam,Grocery,Credit Card,5883.7
TXN003548,2026-04-27,CUST92735,Kolkata,Electronics,Credit Card,36401.13
TXN003549,2026-01-18,CUST90403,Chennai,Electronics,Credit Card,32598.19
TXN003550,2026-04-29,CUST13953,Coimbatore,Fuel,UPI,30792.33
TXN003551,2026-02-25,CUST26340,Delhi,Fuel,Debit Card,4765.78
TXN003552,2026-01-06,CUST77987,visakhapatnam,Grocery,NetBanking,18035.93
TXN003553,2026-02-15,CUST27391,NAGPUR,Grocery,Debit Card,47333.62
TXN003554,2026-01-28,CUST56969, Coimbatore ,Restaurants,Debit Card,31943.39
TXN003555,2026-05-27,CUST57234,Jaipur,Healthcare,Credit Card,22361.37
TXN003556,2026-06-29,CUST32758,Coimbatore,Fashion,Wallet,15394.03
TXN003557,2026-03-17,CUST83305,Pune,Healthcare,UPI,53441.29
TXN003558,2026-04-14,CUST71389,visakhapatnam,Electronics,Wallet,78070.45
TXN003559,2026-03-08,CUST12454,bengaluru,Fuel,Credit Card,51974.07
TXN003560,2026-01-16,CUST50159,CHENNAI,Utilities,NetBanking,1592.42
TXN003561,2026-02-10,CUST69996,Hyderabad,Travel,Debit Card,56068.48
TXN003562,2026-04-11,CUST34051, Delhi ,Utilities,UPI,40734.48
TXN003563,2026-06-11,CUST84662, Jaipur ,Utilities,Wallet,64749.29
TXN003564,2026-04-15,CUST50626,pune,Travel,Wallet,24684.92
TXN003565,2026-05-23,CUST64584,Bengaluru,Electronics,Credit Card,50869.02
TXN003566,2026-05-07,CUST36115,Visakhapatnam,Restaurants,NetBanking,56310.47
TXN003567,2026-01-16,CUST19717,BENGALURU,Electronics,UPI,68292.3
TXN003568,2026-02-13,CUST86052,Hyderabad,Grocery,Credit Card,50942.7
TXN003569,2026-03-16,CUST70411,Delhi,Healthcare,NetBanking,57620.0
TXN003570,2026-05-04,CUST12650,Jaipur,Travel,Credit Card,73176.79
TXN003571,2026-03-29,CUST28301,Hyderabad,Fashion,Credit Card,67219.49
TXN003572,2026-02-01,CUST95874,Mumbai,Healthcare,UPI,46128.86
TXN003573,2026-03-13,CUST74382,Kolkata,Fashion,Debit Card,31071.26
TXN003574,2026-01-06,CUST87478, Coimbatore ,Travel,Credit Card,498.68
TXN003575,2026-06-10,CUST50151, Chennai ,Electronics,Credit Card,35909.62
TXN003576,2026-03-05,CUST41341,Chennai,Travel,Credit Card,36524.81
TXN003577,2026-05-22,CUST63081,Visakhapatnam,Travel,Credit Card,2394.57
TXN003578,2026-04-27,CUST82962, Pune ,Travel,Credit Card,59357.52
TXN003579,2026-06-22,CUST14124,Kolkata,Restaurants,Credit Card,84651.64
TXN003580,2026-04-01,CUST23920,Chennai,Healthcare,NetBanking,34544.85
TXN003581,2026-01-14,CUST23111,HYDERABAD,Electronics,Credit Card,26956.18
TXN003582,2026-03-06,CUST19559,Indore,Fuel,Credit Card,8016.95
TXN003583,2026-06-11,CUST31681,Nagpur,Healthcare,UPI,56738.7
TXN003584,2026-04-21,CUST25826,Hyderabad,Grocery,Wallet,8910.65
TXN003585,2026-06-27,CUST30006,Mumbai,Fuel,Debit Card,45342.9
TXN003586,2026-05-23,CUST68715,KOLKATA,Restaurants,UPI,58081.51
TXN003587,2026-05-07,CUST53717,JAIPUR,Grocery,Credit Card,60082.01
TXN003588,2026-01-15,CUST25578,Chennai,Travel,UPI,4805.19
TXN003589,2026-01-26,CUST82513,Mumbai,Grocery,Wallet,8647.32
TXN003590,2026-04-11,CUST54840,JAIPUR,Fuel,UPI,50928.6
TXN003591,2026-05-29,CUST77539,Visakhapatnam,Fuel,Credit Card,6685.32
TXN003592,2026-05-22,CUST32266,Jaipur,Electronics,Debit Card,60637.28
TXN003593,2026-05-02,CUST19747,Hyderabad,Fashion,Credit Card,46888.07
TXN003594,2026-03-25,CUST15900,Bengaluru,Healthcare,NetBanking,52552.11
TXN003595,2026-04-20,CUST64574,PUNE,Electronics,Credit Card,64927.01
TXN003596,2026-06-22,CUST32590,Nagpur,Restaurants,NetBanking,71811.03
TXN003597,2026-03-25,CUST89153,hyderabad,Electronics,Debit Card,72997.31
TXN003598,2026-04-08,CUST35294,Nagpur,Utilities,Credit Card,48016.56
TXN003599,2026-01-15,CUST64288,Pune,Travel,Credit Card,53632.76
TXN003600,2026-05-29,CUST69918,Lucknow,Fashion,Wallet,60087.5
TXN003601,2026-01-08,CUST48255, Indore ,Travel,UPI,49911.92
TXN003602,2026-03-28,CUST12674,Visakhapatnam,Electronics,Wallet,42816.1
TXN003603,2026-03-29,CUST79101,Mumbai,Travel,NetBanking,25987.42
TXN003604,2026-05-31,CUST34375, Bengaluru ,Restaurants,Credit Card,33484.33
TXN003605,2026-01-03,CUST76959,Lucknow,Healthcare,Credit Card,56309.84
TXN003606,2026-06-02,CUST82843,Pune,Grocery,UPI,81959.97
TXN003607,2026-02-10,CUST33399,Hyderabad,Travel,Debit Card,55813.51
TXN003608,2026-05-14,CUST40110,Hyderabad,Fashion,Credit Card,63051.67
TXN003609,2026-05-08,CUST75610,Mumbai,Electronics,Wallet,66334.2
TXN003610,2026-03-23,CUST11060,COIMBATORE,Restaurants,Wallet,6607.51
TXN003611,2026-01-26,CUST22220, Indore ,Electronics,NetBanking,37420.65
TXN003612,2026-05-12,CUST56260,vijayawada,Fashion,NetBanking,69309.7
TXN003613,2026-03-06,CUST76791,Indore,Fashion,Debit Card,37215.81
TXN003614,2026-01-17,CUST24964,Delhi,Healthcare,Credit Card,51225.76
TXN003615,2026-05-13,CUST96407,BENGALURU,Fashion,Credit Card,67756.03
TXN003616,2026-01-29,CUST72531,Jaipur,Utilities,NetBanking,22088.23
TXN003617,2026-03-02,CUST28764, Bengaluru ,Utilities,Wallet,75195.5
TXN003618,2026-04-27,CUST42193,Jaipur,Grocery,UPI,75269.07
TXN003619,2026-01-27,CUST29197, Pune ,Travel,Credit Card,47521.19
TXN003620,2026-01-31,CUST55812, Mumbai ,Fuel,NetBanking,31946.3
TXN003621,2026-02-24,CUST62286,mumbai,Healthcare,Debit Card,21286.27
TXN003622,2026-04-12,CUST21933,Lucknow,Fuel,UPI,62322.7
TXN003623,2026-06-07,CUST98615,Kolkata,Restaurants,Wallet,60000.21
TXN003624,2026-04-09,CUST85588,pune,Electronics,Wallet,10845.1
TXN003625,2026-04-13,CUST88558,Hyderabad,Travel,Credit Card,70671.44
TXN003626,2026-06-28,CUST56818,KOLKATA,Electronics,Wallet,62641.91
TXN003627,2026-03-02,CUST31814,vijayawada,Utilities,NetBanking,15600.85
TXN003628,2026-06-12,CUST56686,Vijayawada,Healthcare,Wallet,80585.43
TXN003629,2026-04-02,CUST17541,indore,Healthcare,Debit Card,72006.75
TXN003630,2026-03-29,CUST88350,Vijayawada,Grocery,Debit Card,1327.65
TXN003631,2026-05-05,CUST72924,Delhi,Travel,Debit Card,63843.76
TXN003632,2026-02-03,CUST92841,Jaipur,Fuel,Wallet,26371.85
TXN003633,2026-04-25,CUST69608,Jaipur,Restaurants,Credit Card,50430.93
TXN003634,2026-05-31,CUST39353,Lucknow,Fashion,Debit Card,35094.08
TXN003635,2026-01-05,CUST87641,Vijayawada,Grocery,Wallet,18989.0
TXN003636,2026-04-06,CUST51448,Kolkata,Grocery,Credit Card,43755.75
TXN003637,2026-02-26,CUST68615,Mumbai,Travel,Wallet,69382.65
TXN003638,2026-01-07,CUST29498,VIJAYAWADA,Fashion,NetBanking,48886.32
TXN003639,2026-04-16,CUST86829, Mumbai ,Grocery,Wallet,16685.91
TXN003640,2026-03-26,CUST49388,Coimbatore,Utilities,Wallet,78807.9
TXN003641,2026-05-10,CUST73069,visakhapatnam,Fashion,NetBanking,1093.3
TXN003642,2026-06-03,CUST97729,Coimbatore,Utilities,Wallet,68814.92
TXN003643,2026-06-29,CUST19446,Mumbai,Utilities,Debit Card,79310.77
TXN003644,2026-05-06,CUST65100,Vijayawada,Electronics,Credit Card,69563.56
TXN003645,2026-03-12,CUST37774,nagpur,Electronics,Debit Card,64993.52
TXN003646,2026-05-15,CUST38141,Chennai,Grocery,Wallet,26970.74
TXN003647,2026-03-07,CUST70377,Kolkata,Restaurants,NetBanking,53922.96
TXN003648,2026-05-25,CUST20678,Lucknow,Travel,Debit Card,30190.38
TXN003649,2026-03-08,CUST26272,Indore,Grocery,UPI,16521.46
TXN003650,2026-02-11,CUST26706,Lucknow,Healthcare,UPI,60222.94
TXN003651,2026-05-02,CUST63375,vijayawada,Healthcare,NetBanking,16649.14
TXN003652,2026-01-08,CUST61599,Delhi,Travel,Debit Card,44084.11
TXN003653,2026-03-24,CUST84013,Indore,Grocery,UPI,80232.14
TXN003654,2026-02-03,CUST92390,VISAKHAPATNAM,Travel,NetBanking,5099.31
TXN003655,2026-03-27,CUST79788,Kolkata,Travel,UPI,37635.27
TXN003656,2026-01-31,CUST50244,chennai,Utilities,Wallet,66535.95
TXN003657,2026-05-29,CUST44143,Delhi,Restaurants,Wallet,44198.25
TXN003658,2026-01-12,CUST31338, Pune ,Travel,Wallet,41140.55
TXN003659,2026-01-12,CUST49580,Chennai,Healthcare,NetBanking,64830.68
TXN003660,2026-02-14,CUST36224,Mumbai,Utilities,Credit Card,71359.06
TXN003661,2026-04-01,CUST71641,Chennai,Restaurants,UPI,84117.55
TXN003662,2026-05-25,CUST71205, Delhi ,Grocery,UPI,62232.75
TXN003663,2026-06-04,CUST69018,Nagpur,Travel,Debit Card,77354.49
TXN003664,2026-06-11,CUST31321,JAIPUR,Restaurants,Debit Card,31779.88
TXN003665,2026-03-11,CUST66377,PUNE,Travel,Wallet,61753.48
TXN003666,2026-02-08,CUST43725,Visakhapatnam,Travel,Debit Card,22635.35
TXN003667,2026-01-01,CUST98332,Delhi,Electronics,UPI,887.55
TXN003668,2026-05-13,CUST93450,Jaipur,Utilities,Wallet,10738.84
TXN003669,2026-02-03,CUST21538,INDORE,Utilities,UPI,28968.8
TXN003670,2026-06-17,CUST20829,Visakhapatnam,Electronics,Credit Card,71881.85
TXN003671,2026-06-14,CUST55487,Lucknow,Restaurants,UPI,6397.51
TXN003672,2026-01-24,CUST55282,Chennai,Grocery,Debit Card,46947.58
TXN003673,2026-03-25,CUST94060,Delhi,Grocery,Credit Card,36480.84
TXN003674,2026-05-22,CUST26992,Indore,Electronics,UPI,60477.06
TXN003675,2026-03-17,CUST12897,Vijayawada,Restaurants,Credit Card,54657.48
TXN003676,2026-01-08,CUST13977,KOLKATA,Travel,NetBanking,35579.23
TXN003677,2026-02-28,CUST81921,Nagpur,Restaurants,NetBanking,40056.18
TXN003678,2026-01-11,CUST48496,LUCKNOW,Restaurants,NetBanking,30573.73
TXN003679,2026-01-15,CUST74100,lucknow,Fuel,Credit Card,9907.47
TXN003680,2026-04-03,CUST56787,Bengaluru,Travel,Wallet,44624.67
TXN003681,2026-01-09,CUST51927,Jaipur,Electronics,UPI,55880.1
TXN003682,2026-04-09,CUST83329,Pune,Travel,UPI,44266.14
TXN003683,2026-01-31,CUST64824,Visakhapatnam,Travel,NetBanking,66659.73
TXN003684,2026-01-03,CUST86085,COIMBATORE,Restaurants,Wallet,8384.1
TXN003685,2026-04-10,CUST24333,Nagpur,Grocery,Debit Card,66843.68
TXN003686,2026-06-29,CUST71769,Hyderabad,Grocery,Credit Card,5516.55
TXN003687,2026-06-24,CUST29158,Hyderabad,Fuel,Wallet,36258.35
TXN003688,2026-01-21,CUST85492,Nagpur,Healthcare,UPI,28871.29
TXN003689,2026-04-18,CUST90856, Lucknow ,Healthcare,Debit Card,25010.89
TXN003690,2026-05-08,CUST69924,MUMBAI,Travel,Wallet,314.87
TXN003691,2026-01-22,CUST50887,Lucknow,Travel,Debit Card,48812.95
TXN003692,2026-06-06,CUST72427,Vijayawada,Electronics,Credit Card,4709.01
TXN003693,2026-05-01,CUST68884, Hyderabad ,Fashion,Debit Card,67279.41
TXN003694,2026-04-10,CUST36889,VIJAYAWADA,Healthcare,Wallet,84070.36
TXN003695,2026-05-06,CUST67219, Kolkata ,Restaurants,Wallet,10511.55
TXN003696,2026-02-08,CUST75774,Chennai,Healthcare,Debit Card,7650.23
TXN003697,2026-04-03,CUST67325,Vijayawada,Electronics,Debit Card,62060.38
TXN003698,2026-04-18,CUST12358,KOLKATA,Utilities,Credit Card,61499.8
TXN003699,2026-03-12,CUST23414,Kolkata,Healthcare,Credit Card,62358.37
TXN003700,2026-05-28,CUST22073,Lucknow,Travel,UPI,66482.96
TXN003701,2026-06-25,CUST74603, Nagpur ,Travel,Debit Card,43377.16
TXN003702,2026-01-16,CUST27602, Coimbatore ,Fashion,Debit Card,84877.69
TXN003703,2026-03-19,CUST69495,Chennai,Utilities,NetBanking,56080.47
TXN003704,2026-05-02,CUST23109,Delhi,Grocery,Wallet,29324.71
TXN003705,2026-06-19,CUST62504,delhi,Fuel,UPI,22620.28
TXN003706,2026-05-15,CUST78705, Jaipur ,Healthcare,Credit Card,76761.45
TXN003707,2026-04-02,CUST43128,Hyderabad,Utilities,Debit Card,72275.62
TXN003708,2026-01-19,CUST58479,Hyderabad,Fashion,NetBanking,62058.66
TXN003709,2026-04-25,CUST68744,Coimbatore,Grocery,UPI,19625.49
TXN003710,2026-04-13,CUST26668, Mumbai ,Healthcare,UPI,9871.59
TXN003711,2026-06-13,CUST86042,Kolkata,Travel,Debit Card,21930.18
TXN003712,2026-04-08,CUST80082,Coimbatore,Grocery,Debit Card,11020.44
TXN003713,2026-06-25,CUST66939,Pune,Restaurants,Debit Card,64036.84
TXN003714,2026-03-30,CUST67824,Bengaluru,Healthcare,NetBanking,50510.93
TXN003715,2026-02-12,CUST30077,Bengaluru,Fuel,NetBanking,72251.53
TXN003716,2026-02-24,CUST39866,Delhi,Travel,Credit Card,26142.33
TXN003717,2026-01-16,CUST96862,Coimbatore,Grocery,NetBanking,11110.75
TXN003718,2026-04-13,CUST51661,Bengaluru,Fuel,Credit Card,64582.13
TXN003719,2026-02-03,CUST81418,Jaipur,Utilities,Debit Card,73773.01
TXN003720,2026-04-29,CUST33078,Hyderabad,Electronics,Debit Card,49565.85
TXN003721,2026-02-17,CUST72122,Nagpur,Utilities,Credit Card,61854.4
TXN003722,2026-03-16,CUST58640,Hyderabad,Electronics,Wallet,69747.07
TXN003723,2026-04-09,CUST89832,Coimbatore,Healthcare,Credit Card,34167.89
TXN003724,2026-03-22,CUST53974,DELHI,Restaurants,Wallet,42111.11
TXN003725,2026-01-10,CUST74909,Hyderabad,Fuel,UPI,18169.4
TXN003726,2026-06-04,CUST35698,chennai,Fuel,Debit Card,27560.6
TXN003727,2026-06-28,CUST29744,Hyderabad,Grocery,NetBanking,77289.69
TXN003728,2026-02-04,CUST32601,Lucknow,Healthcare,Wallet,60247.29
TXN003729,2026-02-21,CUST61564,Vijayawada,Travel,Wallet,13948.34
TXN003730,2026-04-18,CUST67101,hyderabad,Electronics,Credit Card,25847.55
TXN003731,2026-06-21,CUST85352,Indore,Restaurants,NetBanking,29919.04
TXN003732,2026-06-10,CUST12735,Chennai,Electronics,Credit Card,73929.94
TXN003733,2026-03-20,CUST92179,Hyderabad,Utilities,Debit Card,11272.84
TXN003734,2026-02-28,CUST70281,Vijayawada,Travel,Credit Card,41324.9
TXN003735,2026-03-04,CUST14449,JAIPUR,Healthcare,Credit Card,40694.19
TXN003736,2026-05-24,CUST52520,Delhi,Fashion,Credit Card,38254.12
TXN003737,2026-03-22,CUST46416,Coimbatore,Grocery,UPI,49037.98
TXN003738,2026-05-02,CUST65785,Hyderabad,Restaurants,UPI,39807.68
TXN003739,2026-04-09,CUST95244,Indore,Restaurants,Credit Card,10390.29
TXN003740,2026-01-25,CUST48806,HYDERABAD,Fashion,Debit Card,80717.97
TXN003741,2026-01-24,CUST78322, Coimbatore ,Travel,Credit Card,76886.89
TXN003742,2026-06-11,CUST99796,Hyderabad,Healthcare,NetBanking,21903.94
TXN003743,2026-02-25,CUST81531,Delhi,Restaurants,Wallet,74775.11
TXN003744,2026-04-09,CUST27468,Nagpur,Fuel,Credit Card,65495.77
TXN003745,2026-02-02,CUST82302,Pune,Fuel,Credit Card,46621.39
TXN003746,2026-04-20,CUST32690,Bengaluru,Fuel,Wallet,80712.65
TXN003747,2026-05-03,CUST80113,Lucknow,Travel,Credit Card,74814.26
TXN003748,2026-04-01,CUST83369,Pune,Electronics,Debit Card,41958.69
TXN003749,2026-03-17,CUST70513,Mumbai,Fuel,UPI,17781.32
TXN003750,2026-05-16,CUST64095,Chennai,Electronics,Debit Card,67017.45
TXN003751,2026-01-26,CUST25528,Jaipur,Travel,Credit Card,57545.22
TXN003752,2026-02-21,CUST17378,LUCKNOW,Utilities,Credit Card,8704.04
TXN003753,2026-06-14,CUST42265,pune,Travel,Debit Card,30494.45
TXN003754,2026-05-10,CUST60785,Visakhapatnam,Fashion,Wallet,9106.83
TXN003755,2026-06-06,CUST95576,Kolkata,Fuel,UPI,75114.99
TXN003756,2026-03-31,CUST86488,hyderabad,Utilities,UPI,22058.87
TXN003757,2026-01-05,CUST13962,bengaluru,Electronics,NetBanking,42596.66
TXN003758,2026-04-10,CUST95821, Coimbatore ,Utilities,UPI,40215.09
TXN003759,2026-02-08,CUST36095, Delhi ,Fuel,Wallet,23742.87
TXN003760,2026-03-18,CUST64653,Jaipur,Electronics,UPI,3524.64
TXN003761,2026-03-19,CUST20488,Hyderabad,Healthcare,Debit Card,44208.56
TXN003762,2026-03-07,CUST41071,Kolkata,Fuel,Credit Card,26457.37
TXN003763,2026-04-28,CUST77915,Mumbai,Grocery,Debit Card,32991.2
TXN003764,2026-05-03,CUST44213,Kolkata,Restaurants,Debit Card,53735.42
TXN003765,2026-05-26,CUST83473,Visakhapatnam,Travel,Credit Card,41780.27
TXN003766,2026-05-05,CUST25768, Kolkata ,Fashion,Credit Card,69579.68
TXN003767,2026-06-30,CUST71670,Jaipur,Healthcare,Debit Card,12108.52
TXN003768,2026-05-22,CUST23450,Visakhapatnam,Travel,Credit Card,9093.95
TXN003769,2026-03-19,CUST17079,Coimbatore,Restaurants,Debit Card,72411.46
TXN003770,2026-04-20,CUST81269, Coimbatore ,Fashion,Credit Card,1995.72
TXN003771,2026-01-22,CUST74949,Visakhapatnam,Fuel,Credit Card,52931.27
TXN003772,2026-04-01,CUST56013,Jaipur,Restaurants,Wallet,807.81
TXN003773,2026-01-19,CUST94747,mumbai,Restaurants,UPI,18921.84
TXN003774,2026-02-21,CUST89541, Nagpur ,Restaurants,Credit Card,54124.95
TXN003775,2026-05-15,CUST98929,Indore,Fashion,NetBanking,1060.3
TXN003776,2026-01-04,CUST57834, Hyderabad ,Healthcare,Wallet,18690.68
TXN003777,2026-01-04,CUST92967, Jaipur ,Grocery,Credit Card,37052.21
TXN003778,2026-01-25,CUST45600, Nagpur ,Restaurants,UPI,3418.94
TXN003779,2026-04-18,CUST54137,Vijayawada,Fuel,UPI,21703.38
TXN003780,2026-01-01,CUST53666,Bengaluru,Restaurants,NetBanking,34740.26
TXN003781,2026-03-12,CUST98928,Pune,Electronics,Credit Card,68430.06
TXN003782,2026-04-15,CUST66773,Bengaluru,Healthcare,Debit Card,59016.65
TXN003783,2026-03-16,CUST68697,kolkata,Fashion,Credit Card,45549.01
TXN003784,2026-05-16,CUST23584,Kolkata,Fashion,Wallet,33239.5
TXN003785,2026-05-29,CUST94716,coimbatore,Electronics,UPI,60748.37
TXN003786,2026-05-12,CUST75268,Pune,Utilities,Credit Card,28925.3
TXN003787,2026-05-14,CUST68004,NAGPUR,Fashion,Debit Card,30097.33
TXN003788,2026-04-22,CUST62085,BENGALURU,Fuel,Wallet,83402.45
TXN003789,2026-06-23,CUST14345,Jaipur,Travel,Credit Card,22771.95
TXN003790,2026-01-01,CUST18178,Lucknow,Utilities,Credit Card,63328.47
TXN003791,2026-06-24,CUST85316, Lucknow ,Restaurants,Credit Card,62191.03
TXN003792,2026-06-19,CUST78174, Pune ,Grocery,Credit Card,79652.42
TXN003793,2026-01-18,CUST40769,Jaipur,Electronics,Credit Card,35078.63
TXN003794,2026-05-19,CUST76636,Nagpur,Fashion,Debit Card,41078.71
TXN003795,2026-01-16,CUST36739,Visakhapatnam,Fuel,UPI,73545.99
TXN003796,2026-05-17,CUST31894,indore,Electronics,Debit Card,12499.02
TXN003797,2026-06-30,CUST97365,DELHI,Electronics,NetBanking,49966.44
TXN003798,2026-01-23,CUST94470, Lucknow ,Electronics,Debit Card,56201.75
TXN003799,2026-03-08,CUST14520,Jaipur,Utilities,Credit Card,61332.44
TXN003800,2026-06-04,CUST63483,Lucknow,Restaurants,NetBanking,45645.39
TXN003801,2026-04-10,CUST51092,Vijayawada,Healthcare,UPI,48396.62
TXN003802,2026-02-07,CUST78155,Mumbai,Healthcare,NetBanking,38674.97
TXN003803,2026-01-06,CUST93000,Delhi,Restaurants,UPI,63685.65
TXN003804,2026-02-04,CUST17392,Indore,Electronics,Credit Card,29046.32
TXN003805,2026-06-13,CUST85835,Visakhapatnam,Restaurants,Wallet,34088.51
TXN003806,2026-04-01,CUST24429,Pune,Fashion,Wallet,30923.65
TXN003807,2026-06-08,CUST19301,chennai,Fuel,Wallet,594.53
TXN003808,2026-01-30,CUST90701,Chennai,Fuel,Debit Card,17792.9
TXN003809,2026-01-24,CUST81419,Indore,Utilities,Credit Card,82362.79
TXN003810,2026-01-24,CUST52506, Kolkata ,Fuel,Debit Card,13712.79
TXN003811,2026-05-20,CUST31466,Indore,Electronics,Credit Card,8631.41
TXN003812,2026-03-02,CUST15941,KOLKATA,Restaurants,Credit Card,22348.54
TXN003813,2026-03-13,CUST75402,Hyderabad,Restaurants,Credit Card,54177.19
TXN003814,2026-05-08,CUST12352,visakhapatnam,Fuel,NetBanking,6071.88
TXN003815,2026-03-07,CUST53044, Vijayawada ,Travel,Debit Card,27412.06
TXN003816,2026-05-03,CUST13654,Kolkata,Grocery,Wallet,32226.6
TXN003817,2026-05-20,CUST29199,jaipur,Electronics,NetBanking,52684.33
TXN003818,2026-02-25,CUST34188,Chennai,Healthcare,Wallet,57420.48
TXN003819,2026-03-30,CUST37275,Bengaluru,Grocery,Wallet,18767.45
TXN003820,2026-06-21,CUST92062,Chennai,Healthcare,NetBanking,35606.7
TXN003821,2026-06-16,CUST98174,KOLKATA,Restaurants,Credit Card,4948.52
TXN003822,2026-05-31,CUST22143,Nagpur,Restaurants,Debit Card,5808.59
TXN003823,2026-06-13,CUST41595,Mumbai,Fashion,Wallet,52829.62
TXN003824,2026-04-16,CUST52769,CHENNAI,Restaurants,Debit Card,11402.53
TXN003825,2026-02-28,CUST30332,Lucknow,Fuel,Wallet,69317.83
TXN003826,2026-01-13,CUST73901,Pune,Fashion,NetBanking,21510.34
TXN003827,2026-05-22,CUST11299,Hyderabad,Restaurants,Credit Card,84701.56
TXN003828,2026-03-16,CUST34621,delhi,Utilities,Credit Card,66666.5
TXN003829,2026-01-31,CUST95612,Vijayawada,Fuel,Credit Card,168.99
TXN003830,2026-01-12,CUST41823,Delhi,Electronics,Debit Card,7285.97
TXN003831,2026-04-21,CUST74203,Pune,Fashion,Credit Card,75431.04
TXN003832,2026-06-16,CUST63264,hyderabad,Utilities,Credit Card,33912.31
TXN003833,2026-03-30,CUST18152,JAIPUR,Grocery,UPI,51011.87
TXN003834,2026-03-04,CUST52058,delhi,Fashion,Debit Card,81552.77
TXN003835,2026-03-14,CUST26918,Chennai,Travel,Wallet,42595.95
TXN003836,2026-04-11,CUST40351,Coimbatore,Electronics,UPI,74960.42
TXN003837,2026-03-24,CUST71293,Vijayawada,Fashion,Wallet,58887.01
TXN003838,2026-01-27,CUST59629,chennai,Fuel,Wallet,17312.57
TXN003839,2026-01-07,CUST62739,Coimbatore,Healthcare,NetBanking,67811.55
TXN003840,2026-04-22,CUST64157,Chennai,Utilities,Credit Card,30099.58
TXN003841,2026-02-15,CUST31896,Bengaluru,Healthcare,Credit Card,71025.38
TXN003842,2026-03-12,CUST59434,Jaipur,Grocery,UPI,5037.8
TXN003843,2026-01-20,CUST30917,MUMBAI,Grocery,UPI,34193.74
TXN003844,2026-01-17,CUST35974,Nagpur,Utilities,Debit Card,29105.0
TXN003845,2026-05-24,CUST94304, Indore ,Travel,NetBanking,39743.54
TXN003846,2026-06-24,CUST31140,indore,Fashion,Wallet,82725.5
TXN003847,2026-06-02,CUST43049,Indore,Travel,Wallet,18174.6
TXN003848,2026-03-23,CUST97787,Nagpur,Utilities,Wallet,39352.32
TXN003849,2026-06-15,CUST88483,Pune,Electronics,UPI,13308.36
TXN003850,2026-01-05,CUST53175,Lucknow,Healthcare,Wallet,74676.67
TXN003851,2026-01-01,CUST64229,Vijayawada,Healthcare,Credit Card,39778.45
TXN003852,2026-02-16,CUST81439,Hyderabad,Travel,Wallet,1376.4
TXN003853,2026-04-26,CUST72628, Bengaluru ,Fuel,Credit Card,55913.7
TXN003854,2026-03-12,CUST60925,Nagpur,Electronics,Debit Card,81218.9
TXN003855,2026-02-11,CUST91133,MUMBAI,Fuel,UPI,2644.2
TXN003856,2026-06-10,CUST94573,LUCKNOW,Grocery,NetBanking,33332.74
TXN003857,2026-06-30,CUST70151,VISAKHAPATNAM,Grocery,Wallet,65007.41
TXN003858,2026-03-14,CUST44090,chennai,Utilities,Credit Card,63284.07
TXN003859,2026-01-17,CUST65442,Kolkata,Utilities,UPI,1448.88
TXN003860,2026-06-20,CUST39388,Bengaluru,Healthcare,Debit Card,69087.5
TXN003861,2026-05-27,CUST54996,Indore,Fuel,UPI,45416.11
TXN003862,2026-02-04,CUST51141,Vijayawada,Fashion,UPI,4050.99
TXN003863,2026-01-20,CUST93095, Kolkata ,Fashion,Wallet,25360.83
TXN003864,2026-06-13,CUST45116,Jaipur,Electronics,UPI,22735.39
TXN003865,2026-03-03,CUST45373,Delhi,Restaurants,Credit Card,84353.22
TXN003866,2026-05-25,CUST96071,indore,Grocery,Credit Card,41683.03
TXN003867,2026-04-22,CUST47059,Jaipur,Fashion,UPI,74690.35
TXN003868,2026-05-31,CUST57528,Lucknow,Fashion,Credit Card,78444.65
TXN003869,2026-04-14,CUST78706,Bengaluru,Utilities,Credit Card,69300.07
TXN003870,2026-04-26,CUST16255,Delhi,Restaurants,NetBanking,11033.34
TXN003871,2026-02-20,CUST96302,Nagpur,Healthcare,Debit Card,48380.71
TXN003872,2026-05-03,CUST62081,visakhapatnam,Utilities,Credit Card,37587.03
TXN003873,2026-06-25,CUST67194, Coimbatore ,Restaurants,Credit Card,15220.71
TXN003874,2026-04-06,CUST86998,delhi,Restaurants,UPI,75975.11
TXN003875,2026-03-06,CUST48906,Delhi,Restaurants,Credit Card,37198.2
TXN003876,2026-04-27,CUST25355,Vijayawada,Utilities,Credit Card,83055.49
TXN003877,2026-05-06,CUST74680,indore,Fashion,UPI,69338.14
TXN003878,2026-01-24,CUST80113, Lucknow ,Fashion,UPI,57810.95
TXN003879,2026-02-16,CUST65046,JAIPUR,Travel,NetBanking,73589.93
TXN003880,2026-05-29,CUST60341,HYDERABAD,Electronics,UPI,8631.3
TXN003881,2026-06-15,CUST94788,chennai,Restaurants,Wallet,62782.11
TXN003882,2026-06-30,CUST77781,Visakhapatnam,Grocery,Debit Card,18958.67
TXN003883,2026-02-06,CUST24720, Chennai ,Grocery,Wallet,69896.46
TXN003884,2026-02-08,CUST43114,COIMBATORE,Fuel,Wallet,36915.15
TXN003885,2026-05-13,CUST67991,Jaipur,Fuel,Debit Card,76915.42
TXN003886,2026-02-11,CUST84089,visakhapatnam,Grocery,Wallet,12497.19
TXN003887,2026-02-08,CUST24345,Hyderabad,Electronics,Debit Card,35732.37
TXN003888,2026-05-06,CUST23367,Nagpur,Grocery,Wallet,80447.35
TXN003889,2026-01-27,CUST87612,chennai,Fashion,Debit Card,18225.25
TXN003890,2026-04-05,CUST97348,Mumbai,Restaurants,UPI,70822.66
TXN003891,2026-03-25,CUST29321,Chennai,Travel,UPI,65498.16
TXN003892,2026-05-20,CUST37688,Delhi,Fashion,Credit Card,58393.57
TXN003893,2026-03-03,CUST56660, Chennai ,Travel,Wallet,73260.92
TXN003894,2026-06-27,CUST68004,Hyderabad,Electronics,Debit Card,53275.78
TXN003895,2026-01-07,CUST19645,HYDERABAD,Travel,NetBanking,61787.28
TXN003896,2026-04-06,CUST25755,hyderabad,Utilities,Debit Card,71869.23
TXN003897,2026-06-18,CUST75405,Visakhapatnam,Electronics,Wallet,55192.14
TXN003898,2026-04-06,CUST15622,vijayawada,Grocery,Credit Card,57042.09
TXN003899,2026-05-07,CUST23137, Visakhapatnam ,Utilities,Credit Card,32645.08
TXN003900,2026-05-08,CUST40829,delhi,Healthcare,Credit Card,68577.69
TXN003901,2026-01-22,CUST48268,Vijayawada,Utilities,NetBanking,39603.64
TXN003902,2026-03-24,CUST75967,Coimbatore,Travel,Credit Card,44349.78
TXN003903,2026-04-22,CUST38246,Delhi,Restaurants,Debit Card,3080.38
TXN003904,2026-06-27,CUST54795,Chennai,Grocery,NetBanking,72406.86
TXN003905,2026-03-17,CUST64636,Lucknow,Fuel,Debit Card,21740.62
TXN003906,2026-05-31,CUST85732,Visakhapatnam,Grocery,NetBanking,33917.79
TXN003907,2026-06-20,CUST13027,Bengaluru,Restaurants,UPI,30430.6
TXN003908,2026-04-16,CUST21038,PUNE,Healthcare,NetBanking,56257.16
TXN003909,2026-04-28,CUST67290,Delhi,Fashion,Debit Card,2425.95
TXN003910,2026-02-25,CUST28252,Vijayawada,Electronics,Debit Card,7343.94
TXN003911,2026-06-11,CUST96278, Lucknow ,Utilities,Wallet,61548.13
TXN003912,2026-03-03,CUST83806,Coimbatore,Restaurants,NetBanking,2317.08
TXN003913,2026-03-28,CUST26214,kolkata,Healthcare,Debit Card,22830.55
TXN003914,2026-05-01,CUST33932,delhi,Fuel,Credit Card,68166.59
TXN003915,2026-06-05,CUST21849,VIJAYAWADA,Healthcare,NetBanking,14739.73
TXN003916,2026-01-03,CUST36792,Nagpur,Utilities,Debit Card,58559.05
TXN003917,2026-02-15,CUST73176,chennai,Restaurants,Wallet,53845.1
TXN003918,2026-05-21,CUST34209,Pune,Utilities,NetBanking,46699.33
TXN003919,2026-03-20,CUST26251,Hyderabad,Healthcare,Wallet,26078.78
TXN003920,2026-01-09,CUST24587,Indore,Fuel,Debit Card,45701.08
TXN003921,2026-03-30,CUST64615,Jaipur,Utilities,UPI,63202.67
TXN003922,2026-05-14,CUST12413,Bengaluru,Restaurants,NetBanking,28227.55
TXN003923,2026-02-12,CUST24281,Chennai,Travel,UPI,36108.27
TXN003924,2026-04-02,CUST87763,Mumbai,Utilities,Debit Card,21597.03
TXN003925,2026-02-08,CUST92054,Vijayawada,Travel,NetBanking,48501.89
TXN003926,2026-03-22,CUST83024,Mumbai,Utilities,Wallet,8681.08
TXN003927,2026-02-25,CUST68836,CHENNAI,Restaurants,Credit Card,32299.54
TXN003928,2026-05-28,CUST77907,Kolkata,Restaurants,Debit Card,69189.0
TXN003929,2026-06-08,CUST37383,Coimbatore,Restaurants,UPI,47571.12
TXN003930,2026-04-11,CUST37112,Chennai,Electronics,Credit Card,79304.96
TXN003931,2026-03-27,CUST20123,Bengaluru,Grocery,Credit Card,4440.95
TXN003932,2026-02-22,CUST96994,Delhi,Grocery,Wallet,82583.7
TXN003933,2026-01-22,CUST36204,Jaipur,Restaurants,Debit Card,49905.29
TXN003934,2026-02-07,CUST15110,Pune,Healthcare,Credit Card,19112.17
TXN003935,2026-01-15,CUST65466,mumbai,Travel,Wallet,51141.77
TXN003936,2026-05-09,CUST12210,Visakhapatnam,Utilities,NetBanking,40552.35
TXN003937,2026-04-02,CUST67550,Delhi,Restaurants,Debit Card,31781.05
TXN003938,2026-04-06,CUST36710,coimbatore,Fuel,Debit Card,74493.42
TXN003939,2026-04-10,CUST69372,Visakhapatnam,Utilities,Wallet,513.43
TXN003940,2026-06-17,CUST99152, Kolkata ,Electronics,Wallet,78291.8
TXN003941,2026-04-25,CUST48995,PUNE,Fuel,Wallet,80874.37
TXN003942,2026-03-15,CUST22894,Delhi,Travel,NetBanking,13223.66
TXN003943,2026-04-25,CUST68408,Chennai,Fashion,NetBanking,68952.44
TXN003944,2026-06-05,CUST16749,Visakhapatnam,Healthcare,NetBanking,68326.24
TXN003945,2026-01-25,CUST30785,Mumbai,Healthcare,Wallet,50093.91
TXN003946,2026-04-08,CUST19425, Bengaluru ,Restaurants,Debit Card,70303.71
TXN003947,2026-04-29,CUST42551,mumbai,Grocery,Debit Card,59079.67
TXN003948,2026-02-06,CUST39803,Bengaluru,Healthcare,Wallet,76677.3
TXN003949,2026-06-04,CUST63774,HYDERABAD,Travel,Debit Card,41004.57
TXN003950,2026-03-24,CUST13434,Visakhapatnam,Grocery,Debit Card,72153.89
TXN003951,2026-03-21,CUST73860,chennai,Grocery,Debit Card,71512.52
TXN003952,2026-01-13,CUST92909,Visakhapatnam,Utilities,Wallet,21377.85
TXN003953,2026-06-27,CUST24657, Indore ,Electronics,Wallet,23233.32
TXN003954,2026-04-03,CUST90660, Lucknow ,Electronics,Credit Card,42479.14
TXN003955,2026-03-20,CUST12832,Nagpur,Utilities,Credit Card,46098.8
TXN003956,2026-05-29,CUST93938, Kolkata ,Fuel,UPI,24142.2
TXN003957,2026-03-31,CUST60920,Jaipur,Healthcare,NetBanking,57525.14
TXN003958,2026-02-05,CUST96102,Delhi,Fuel,Wallet,49977.88
TXN003959,2026-03-06,CUST86624,NAGPUR,Fuel,Wallet,25310.01
TXN003960,2026-04-08,CUST70431,Lucknow,Travel,Wallet,60816.0
TXN003961,2026-02-24,CUST88449,Hyderabad,Healthcare,Debit Card,66583.22
TXN003962,2026-05-30,CUST36112,Indore,Fashion,Credit Card,67554.36
TXN003963,2026-03-09,CUST85836,LUCKNOW,Fuel,Debit Card,10203.37
TXN003964,2026-05-21,CUST10411,Lucknow,Grocery,Wallet,39116.02
TXN003965,2026-01-28,CUST27729,Bengaluru,Utilities,UPI,72071.75
TXN003966,2026-03-30,CUST53335,Vijayawada,Electronics,Credit Card,49132.45
TXN003967,2026-05-11,CUST23343,Kolkata,Healthcare,Wallet,51861.22
TXN003968,2026-04-13,CUST13752,Delhi,Fashion,NetBanking,34348.87
TXN003969,2026-01-22,CUST74134, Pune ,Travel,UPI,71257.72
TXN003970,2026-01-27,CUST83877, Indore ,Electronics,UPI,41886.53
TXN003971,2026-01-12,CUST72469,Delhi,Grocery,UPI,16853.74
TXN003972,2026-05-13,CUST55689,Visakhapatnam,Fashion,Debit Card,18808.15
TXN003973,2026-06-30,CUST87413,Bengaluru,Fashion,Wallet,31586.99
TXN003974,2026-06-04,CUST44415,bengaluru,Grocery,NetBanking,7851.56
TXN003975,2026-03-23,CUST79056,Chennai,Fuel,Debit Card,32936.57
TXN003976,2026-05-10,CUST88352,Pune,Grocery,NetBanking,43035.37
TXN003977,2026-02-20,CUST17723,Vijayawada,Electronics,Credit Card,57140.15
TXN003978,2026-01-27,CUST67229,Vijayawada,Healthcare,Wallet,21950.44
TXN003979,2026-02-10,CUST45060,Kolkata,Electronics,NetBanking,81239.54
TXN003980,2026-04-12,CUST62775,Indore,Restaurants,Debit Card,37918.8
TXN003981,2026-03-14,CUST19356,Indore,Fashion,Wallet,707.84
TXN003982,2026-04-25,CUST26323,Bengaluru,Healthcare,UPI,35458.54
TXN003983,2026-06-01,CUST48982, Bengaluru ,Utilities,Credit Card,73982.26
TXN003984,2026-06-13,CUST38027, Vijayawada ,Fuel,Debit Card,28886.97
TXN003985,2026-05-16,CUST41570,Mumbai,Fuel,UPI,28154.82
TXN003986,2026-02-23,CUST48626,Delhi,Restaurants,NetBanking,77075.05
TXN003987,2026-04-17,CUST61946,Vijayawada,Electronics,UPI,73324.06
TXN003988,2026-02-05,CUST31968, Bengaluru ,Healthcare,NetBanking,22444.16
TXN003989,2026-06-03,CUST59674,VIJAYAWADA,Grocery,Credit Card,80237.6
TXN003990,2026-05-26,CUST55814,indore,Fashion,UPI,81905.09
TXN003991,2026-03-29,CUST95545,Vijayawada,Healthcare,Credit Card,43419.04
TXN003992,2026-02-13,CUST39662,Indore,Utilities,UPI,71671.99
TXN003993,2026-06-15,CUST55204,Indore,Travel,UPI,31930.81
TXN003994,2026-03-29,CUST97740,Jaipur,Electronics,Wallet,38562.32
TXN003995,2026-03-19,CUST19703,Jaipur,Healthcare,Wallet,10178.69
TXN003996,2026-03-30,CUST27431,Bengaluru,Electronics,NetBanking,31530.82
TXN003997,2026-03-24,CUST90955,Lucknow,Utilities,Credit Card,3595.29
TXN003998,2026-04-28,CUST45521,pune,Grocery,UPI,3272.41
TXN003999,2026-03-04,CUST77739,Chennai,Fuel,NetBanking,56873.5
TXN004000,2026-05-02,CUST87938,Hyderabad,Electronics,Wallet,1584.14
TXN004001,2026-04-19,CUST11831,Kolkata,Electronics,UPI,82533.32
TXN004002,2026-04-09,CUST43729, Bengaluru ,Grocery,Credit Card,35395.7
TXN004003,2026-01-17,CUST80981,Vijayawada,Electronics,Debit Card,72128.31
TXN004004,2026-04-21,CUST93810,Bengaluru,Restaurants,Wallet,83600.17
TXN004005,2026-06-21,CUST70667,Nagpur,Fuel,NetBanking,82697.28
TXN004006,2026-06-26,CUST34650,Coimbatore,Restaurants,Debit Card,53087.87
TXN004007,2026-05-03,CUST69248,Mumbai,Fuel,NetBanking,84127.85
TXN004008,2026-03-11,CUST30424,Coimbatore,Fashion,Credit Card,16376.37
TXN004009,2026-01-04,CUST11017,Nagpur,Utilities,NetBanking,42535.21
TXN004010,2026-03-22,CUST61805,Coimbatore,Grocery,NetBanking,61461.36
TXN004011,2026-05-19,CUST39695,Pune,Fuel,NetBanking,46965.87
TXN004012,2026-03-21,CUST19676,Pune,Grocery,UPI,27618.28
TXN004013,2026-06-27,CUST76426,Bengaluru,Grocery,Debit Card,71404.79
TXN004014,2026-02-28,CUST27150,Lucknow,Utilities,Credit Card,22420.69
TXN004015,2026-04-08,CUST73304,Pune,Fuel,Wallet,28321.93
TXN004016,2026-02-19,CUST12073,Vijayawada,Grocery,UPI,13401.61
TXN004017,2026-02-06,CUST18163,Pune,Fuel,NetBanking,16958.24
TXN004018,2026-06-09,CUST57288,Jaipur,Healthcare,Debit Card,66110.36
TXN004019,2026-01-01,CUST44014,MUMBAI,Healthcare,UPI,42494.26
TXN004020,2026-06-15,CUST99895,Jaipur,Restaurants,NetBanking,4896.47
TXN004021,2026-05-23,CUST55370,NAGPUR,Restaurants,Debit Card,47060.23
TXN004022,2026-02-02,CUST25158,Nagpur,Electronics,Wallet,12077.96
TXN004023,2026-04-11,CUST44660,Delhi,Fuel,NetBanking,45820.65
TXN004024,2026-02-26,CUST57350,Pune,Healthcare,UPI,58267.78
TXN004025,2026-03-10,CUST96094,Bengaluru,Restaurants,NetBanking,33666.85
TXN004026,2026-02-21,CUST96800, Visakhapatnam ,Restaurants,Credit Card,69403.27
TXN004027,2026-04-13,CUST81829,Lucknow,Grocery,Wallet,78596.02
TXN004028,2026-05-07,CUST71299,Lucknow,Travel,UPI,82563.17
TXN004029,2026-05-06,CUST65719,Pune,Utilities,UPI,28328.45
TXN004030,2026-06-11,CUST45816,VISAKHAPATNAM,Grocery,NetBanking,67177.58
TXN004031,2026-03-15,CUST79505,Visakhapatnam,Grocery,Wallet,57435.71
TXN004032,2026-04-05,CUST70607,DELHI,Fuel,Credit Card,61483.04
TXN004033,2026-04-26,CUST77017,lucknow,Restaurants,NetBanking,65325.6
TXN004034,2026-06-07,CUST75053,COIMBATORE,Fuel,UPI,80135.54
TXN004035,2026-01-12,CUST68999, Lucknow ,Healthcare,UPI,50802.38
TXN004036,2026-04-04,CUST28208, Lucknow ,Grocery,Debit Card,79831.91
TXN004037,2026-03-11,CUST83430,Lucknow,Healthcare,Wallet,42166.76
TXN004038,2026-02-10,CUST46254,Lucknow,Fashion,Wallet,51348.57
TXN004039,2026-04-25,CUST95944,HYDERABAD,Restaurants,Credit Card,48464.54
TXN004040,2026-03-04,CUST81761,Vijayawada,Healthcare,Debit Card,84557.97
TXN004041,2026-03-16,CUST20357, Visakhapatnam ,Fashion,UPI,52889.09
TXN004042,2026-03-07,CUST81422,Hyderabad,Grocery,Credit Card,51938.01
TXN004043,2026-04-11,CUST58528,Chennai,Grocery,NetBanking,4675.42
TXN004044,2026-01-12,CUST28623,Nagpur,Utilities,Credit Card,52112.1
TXN004045,2026-04-28,CUST23678,Chennai,Healthcare,Debit Card,38495.16
TXN004046,2026-02-02,CUST61856, Lucknow ,Grocery,NetBanking,57444.65
TXN004047,2026-06-21,CUST14344,Visakhapatnam,Utilities,Debit Card,74569.39
TXN004048,2026-06-23,CUST29530,Chennai,Utilities,Credit Card,46079.64
TXN004049,2026-01-30,CUST30036,Chennai,Fuel,Debit Card,29062.85
TXN004050,2026-04-26,CUST27036,Mumbai,Grocery,UPI,37429.07
TXN004051,2026-03-24,CUST75627,MUMBAI,Restaurants,Credit Card,75995.21
TXN004052,2026-05-29,CUST53485,Bengaluru,Travel,Wallet,21552.89
TXN004053,2026-04-13,CUST34221,Mumbai,Restaurants,Credit Card,1703.36
TXN004054,2026-01-23,CUST93123,Chennai,Grocery,Credit Card,50697.11
TXN004055,2026-04-11,CUST75966,Bengaluru,Healthcare,Debit Card,13252.21
TXN004056,2026-01-08,CUST68927,PUNE,Fashion,UPI,48011.99
TXN004057,2026-04-28,CUST17539,Chennai,Restaurants,UPI,76393.1
TXN004058,2026-06-28,CUST71701,Delhi,Grocery,NetBanking,20927.01
TXN004059,2026-04-20,CUST17123,Mumbai,Fashion,Credit Card,80080.29
TXN004060,2026-02-14,CUST18625,Visakhapatnam,Utilities,Credit Card,57282.59
TXN004061,2026-01-01,CUST66510,INDORE,Electronics,Credit Card,35760.53
TXN004062,2026-06-27,CUST81350,Lucknow,Restaurants,NetBanking,44549.43
TXN004063,2026-01-03,CUST39104,delhi,Healthcare,Debit Card,25753.19
TXN004064,2026-02-06,CUST25958,Chennai,Travel,Debit Card,78331.32
TXN004065,2026-05-27,CUST37219,Hyderabad,Fashion,Credit Card,31109.61
TXN004066,2026-06-21,CUST53653,Delhi,Fashion,Debit Card,50126.04
TXN004067,2026-05-17,CUST69913,Indore,Travel,Wallet,67036.14
TXN004068,2026-03-06,CUST60225,NAGPUR,Healthcare,Debit Card,72890.56
TXN004069,2026-06-19,CUST58129,Pune,Electronics,Wallet,62401.29
TXN004070,2026-05-08,CUST95317,Delhi,Fuel,Credit Card,59980.27
TXN004071,2026-02-02,CUST13011,Hyderabad,Utilities,Debit Card,2398.9
TXN004072,2026-01-05,CUST34225,Bengaluru,Restaurants,UPI,7930.43
TXN004073,2026-02-12,CUST58460,Coimbatore,Healthcare,Wallet,42005.94
TXN004074,2026-01-31,CUST43813,kolkata,Grocery,Wallet,4445.04
TXN004075,2026-03-06,CUST86374,Lucknow,Utilities,NetBanking,18905.57
TXN004076,2026-05-29,CUST42679,COIMBATORE,Travel,Credit Card,23801.05
TXN004077,2026-04-25,CUST12501,Kolkata,Fuel,UPI,21935.9
TXN004078,2026-02-04,CUST61366,Pune,Utilities,Credit Card,62384.02
TXN004079,2026-05-03,CUST65948,Hyderabad,Fuel,Wallet,18168.53
TXN004080,2026-05-11,CUST52683,Chennai,Fuel,Debit Card,63726.24
TXN004081,2026-04-04,CUST96942,Chennai,Electronics,UPI,34498.39
TXN004082,2026-03-09,CUST48666,Delhi,Healthcare,Wallet,52062.79
TXN004083,2026-05-20,CUST95041,Lucknow,Healthcare,Wallet,14493.72
TXN004084,2026-02-01,CUST15720, Chennai ,Electronics,NetBanking,14652.63
TXN004085,2026-01-25,CUST79725,lucknow,Fashion,NetBanking,79004.74
TXN004086,2026-04-21,CUST13941, Coimbatore ,Restaurants,Wallet,8030.48
TXN004087,2026-02-01,CUST15507,Hyderabad,Fashion,Wallet,59346.94
TXN004088,2026-03-23,CUST45599,Nagpur,Grocery,Debit Card,61052.63
TXN004089,2026-01-20,CUST50675,Vijayawada,Utilities,NetBanking,76602.06
TXN004090,2026-05-27,CUST67640,Nagpur,Fuel,UPI,26633.1
TXN004091,2026-05-03,CUST12149,Visakhapatnam,Electronics,NetBanking,60538.5
TXN004092,2026-06-04,CUST46979,Indore,Fuel,NetBanking,53778.73
TXN004093,2026-01-17,CUST15375,Chennai,Grocery,Debit Card,60964.82
TXN004094,2026-05-08,CUST95858,MUMBAI,Fuel,Wallet,81248.89
TXN004095,2026-02-12,CUST83725,Chennai,Healthcare,UPI,80978.11
TXN004096,2026-01-16,CUST72889,Hyderabad,Healthcare,NetBanking,34968.17
TXN004097,2026-03-09,CUST47710, Chennai ,Grocery,NetBanking,68965.83
TXN004098,2026-06-17,CUST15008,VISAKHAPATNAM,Travel,UPI,32726.56
TXN004099,2026-04-26,CUST19519,Pune,Utilities,Debit Card,46123.98
TXN004100,2026-06-28,CUST60683,Visakhapatnam,Fuel,UPI,10680.88
TXN004101,2026-05-29,CUST54836,MUMBAI,Grocery,UPI,6542.14
TXN004102,2026-06-17,CUST17025,Vijayawada,Restaurants,UPI,30791.71
TXN004103,2026-04-14,CUST28475,Lucknow,Grocery,NetBanking,59224.18
TXN004104,2026-01-05,CUST22816,Jaipur,Fashion,NetBanking,7733.21
TXN004105,2026-02-03,CUST50071,Coimbatore,Utilities,Debit Card,65943.98
TXN004106,2026-05-07,CUST99889,Nagpur,Grocery,UPI,83506.42
TXN004107,2026-06-17,CUST30266,Coimbatore,Restaurants,Wallet,46205.22
TXN004108,2026-04-30,CUST56940,Kolkata,Fashion,Credit Card,14740.11
TXN004109,2026-02-10,CUST18179,Hyderabad,Travel,NetBanking,60148.42
TXN004110,2026-05-19,CUST89483,Lucknow,Utilities,NetBanking,34456.24
TXN004111,2026-05-27,CUST67068,Mumbai,Restaurants,Credit Card,37518.22
TXN004112,2026-05-25,CUST20535,NAGPUR,Restaurants,UPI,66270.04
TXN004113,2026-04-03,CUST18118,Jaipur,Electronics,Wallet,49138.86
TXN004114,2026-05-20,CUST32565,Hyderabad,Fashion,Debit Card,78939.37
TXN004115,2026-04-02,CUST96051,Jaipur,Electronics,UPI,17605.32
TXN004116,2026-04-13,CUST25722,Nagpur,Fashion,NetBanking,49886.53
TXN004117,2026-06-10,CUST79592,Coimbatore,Fashion,Wallet,32331.88
TXN004118,2026-06-28,CUST35740, Visakhapatnam ,Fashion,Debit Card,70202.8
TXN004119,2026-05-24,CUST98533,Delhi,Electronics,UPI,40868.7
TXN004120,2026-04-03,CUST73776,Lucknow,Fashion,Credit Card,53729.17
TXN004121,2026-03-29,CUST10909,Vijayawada,Travel,Credit Card,26300.37
TXN004122,2026-03-27,CUST10747,Indore,Fashion,Credit Card,60757.24
TXN004123,2026-06-04,CUST49263, Coimbatore ,Fashion,NetBanking,23927.88
TXN004124,2026-02-12,CUST19417,Indore,Electronics,Debit Card,1700.44
TXN004125,2026-04-28,CUST34364,Chennai,Electronics,NetBanking,2937.41
TXN004126,2026-05-16,CUST49954,Chennai,Fashion,Wallet,48680.67
TXN004127,2026-06-17,CUST81587,BENGALURU,Travel,Debit Card,64739.57
TXN004128,2026-03-01,CUST26677,Indore,Utilities,Credit Card,77106.59
TXN004129,2026-05-18,CUST22393,CHENNAI,Healthcare,NetBanking,6301.41
TXN004130,2026-06-29,CUST55957,Lucknow,Fuel,Credit Card,44584.36
TXN004131,2026-01-28,CUST14305,Vijayawada,Utilities,NetBanking,29120.36
TXN004132,2026-03-18,CUST16931,Pune,Fashion,UPI,42385.95
TXN004133,2026-04-05,CUST89852,coimbatore,Healthcare,UPI,5003.63
TXN004134,2026-04-13,CUST11978,Indore,Electronics,Wallet,25926.1
TXN004135,2026-06-20,CUST44474,Jaipur,Utilities,Credit Card,20466.97
TXN004136,2026-02-20,CUST94583,Lucknow,Fuel,Debit Card,12426.06
TXN004137,2026-03-20,CUST56396,Lucknow,Fashion,Wallet,46435.98
TXN004138,2026-05-29,CUST65278, Delhi ,Fuel,UPI,37104.77
TXN004139,2026-06-07,CUST78097,Vijayawada,Travel,Credit Card,56391.88
TXN004140,2026-01-10,CUST35373,Nagpur,Restaurants,UPI,21969.16
TXN004141,2026-05-27,CUST90145,Chennai,Electronics,Debit Card,27811.45
TXN004142,2026-06-10,CUST76112,Nagpur,Healthcare,Credit Card,24880.33
TXN004143,2026-06-05,CUST63349,Chennai,Utilities,Debit Card,19791.32
TXN004144,2026-02-27,CUST73982, Delhi ,Restaurants,Wallet,68083.09
TXN004145,2026-05-23,CUST80136,Hyderabad,Utilities,Wallet,30410.26
TXN004146,2026-04-19,CUST19580,Chennai,Utilities,Debit Card,68913.68
TXN004147,2026-04-26,CUST82815,hyderabad,Utilities,NetBanking,53171.72
TXN004148,2026-03-17,CUST85367, Indore ,Restaurants,NetBanking,52015.17
TXN004149,2026-04-20,CUST47777,Chennai,Utilities,NetBanking,4704.06
TXN004150,2026-06-01,CUST44224,Vijayawada,Grocery,NetBanking,73467.33
TXN004151,2026-04-17,CUST73015,Kolkata,Fuel,Wallet,46012.14
TXN004152,2026-02-01,CUST24215,NAGPUR,Electronics,Debit Card,37688.0
TXN004153,2026-03-09,CUST61554,Lucknow,Travel,NetBanking,24362.4
TXN004154,2026-04-23,CUST93076,Vijayawada,Electronics,Debit Card,11664.87
TXN004155,2026-01-17,CUST49871,Hyderabad,Restaurants,Debit Card,48321.12
TXN004156,2026-03-09,CUST81800,KOLKATA,Fashion,UPI,32300.63
TXN004157,2026-02-10,CUST14579,Mumbai,Grocery,NetBanking,8511.23
TXN004158,2026-06-18,CUST95582,Chennai,Fashion,Credit Card,46576.12
TXN004159,2026-04-25,CUST32541,bengaluru,Grocery,UPI,35797.52
TXN004160,2026-01-02,CUST94080,Nagpur,Grocery,Debit Card,82233.85
TXN004161,2026-02-12,CUST19967,DELHI,Fuel,Wallet,37057.22
TXN004162,2026-05-22,CUST24538,Nagpur,Restaurants,UPI,64934.05
TXN004163,2026-05-21,CUST22051,Mumbai,Utilities,NetBanking,19548.51
TXN004164,2026-02-09,CUST77451,mumbai,Grocery,Wallet,21146.77
TXN004165,2026-02-13,CUST49027,Hyderabad,Fuel,Wallet,1494.17
TXN004166,2026-06-19,CUST75184,Jaipur,Grocery,Credit Card,72831.93
TXN004167,2026-04-09,CUST56898,Kolkata,Electronics,Credit Card,24942.11
TXN004168,2026-05-22,CUST40016,Kolkata,Travel,Credit Card,18044.23
TXN004169,2026-02-28,CUST41802,Lucknow,Fuel,Wallet,21319.05
TXN004170,2026-06-02,CUST60753,Chennai,Electronics,Wallet,58640.46
TXN004171,2026-05-02,CUST28401,nagpur,Travel,UPI,28039.62
TXN004172,2026-04-10,CUST23229,Visakhapatnam,Restaurants,Wallet,18438.41
TXN004173,2026-05-17,CUST22362, Mumbai ,Grocery,Credit Card,20219.35
TXN004174,2026-02-15,CUST74878,Hyderabad,Grocery,Wallet,17411.32
TXN004175,2026-06-25,CUST91572,bengaluru,Grocery,Debit Card,56171.47
TXN004176,2026-06-03,CUST86638,Chennai,Travel,NetBanking,53457.88
TXN004177,2026-01-17,CUST59721,jaipur,Electronics,Credit Card,54765.06
TXN004178,2026-04-11,CUST27660,Jaipur,Healthcare,Wallet,40093.01
TXN004179,2026-01-13,CUST41922, Visakhapatnam ,Healthcare,Wallet,34194.75
TXN004180,2026-01-25,CUST78544,Vijayawada,Travel,UPI,61199.42
TXN004181,2026-05-10,CUST80619,Indore,Electronics,Wallet,17610.25
TXN004182,2026-02-25,CUST55206,MUMBAI,Electronics,Debit Card,58076.02
TXN004183,2026-06-07,CUST57351,Lucknow,Electronics,Wallet,18887.26
TXN004184,2026-02-10,CUST14126,Bengaluru,Fashion,Credit Card,7015.67
TXN004185,2026-04-16,CUST53292,Visakhapatnam,Grocery,UPI,29067.74
TXN004186,2026-06-30,CUST31311,Jaipur,Fashion,Debit Card,43748.09
TXN004187,2026-02-10,CUST31171,Mumbai,Restaurants,Credit Card,29542.47
TXN004188,2026-01-03,CUST84464,Bengaluru,Restaurants,Wallet,25268.82
TXN004189,2026-05-13,CUST14738,INDORE,Healthcare,Credit Card,13100.77
TXN004190,2026-06-22,CUST73307, Jaipur ,Fuel,Wallet,43729.32
TXN004191,2026-01-11,CUST13175,Coimbatore,Restaurants,UPI,2120.57
TXN004192,2026-03-29,CUST79330,Indore,Grocery,Wallet,55140.54
TXN004193,2026-05-17,CUST49830,Mumbai,Restaurants,NetBanking,63167.7
TXN004194,2026-04-07,CUST24841,JAIPUR,Healthcare,NetBanking,80811.23
TXN004195,2026-05-07,CUST58615,PUNE,Travel,UPI,57449.07
TXN004196,2026-02-12,CUST25641, Indore ,Grocery,Wallet,65520.83
TXN004197,2026-06-26,CUST46861,Vijayawada,Electronics,Wallet,2026.63
TXN004198,2026-03-13,CUST52868,Nagpur,Grocery,Debit Card,3256.8
TXN004199,2026-01-20,CUST44022, Chennai ,Utilities,Credit Card,11855.65
TXN004200,2026-05-25,CUST88728,Bengaluru,Fashion,NetBanking,72013.23
TXN004201,2026-03-11,CUST27122,Chennai,Fuel,Debit Card,79947.37
TXN004202,2026-04-24,CUST91458,nagpur,Fuel,NetBanking,40362.85
TXN004203,2026-05-19,CUST19781,Vijayawada,Fuel,UPI,25468.0
TXN004204,2026-03-10,CUST61990,Pune,Utilities,Credit Card,82175.3
TXN004205,2026-04-19,CUST70673,Chennai,Restaurants,UPI,61787.68
TXN004206,2026-04-06,CUST90258,Hyderabad,Healthcare,Wallet,47249.23
TXN004207,2026-04-29,CUST20348,Jaipur,Travel,Debit Card,79097.21
TXN004208,2026-05-10,CUST58555, Pune ,Fashion,Wallet,14182.8
TXN004209,2026-01-13,CUST27946,Vijayawada,Electronics,Debit Card,51303.18
TXN004210,2026-06-29,CUST28802,Mumbai,Grocery,Wallet,70619.58
TXN004211,2026-04-27,CUST31657,Chennai,Grocery,Wallet,36572.96
TXN004212,2026-06-06,CUST76000,Indore,Travel,NetBanking,8456.84
TXN004213,2026-04-19,CUST64389,Vijayawada,Travel,NetBanking,23916.28
TXN004214,2026-05-17,CUST71531,Pune,Travel,NetBanking,30965.45
TXN004215,2026-01-04,CUST47013, Indore ,Electronics,UPI,64821.09
TXN004216,2026-01-18,CUST95873, Kolkata ,Electronics,Credit Card,27675.62
TXN004217,2026-02-27,CUST18414,Delhi,Healthcare,Debit Card,70507.81
TXN004218,2026-02-21,CUST37462,Jaipur,Restaurants,Debit Card,67142.31
TXN004219,2026-03-29,CUST33683,Visakhapatnam,Grocery,UPI,73650.38
TXN004220,2026-05-29,CUST31081, Indore ,Electronics,Credit Card,44377.45
TXN004221,2026-03-29,CUST89385,Visakhapatnam,Grocery,NetBanking,57184.68
TXN004222,2026-01-11,CUST87820,Pune,Healthcare,UPI,66111.01
TXN004223,2026-02-13,CUST50849,hyderabad,Electronics,Wallet,37476.35
TXN004224,2026-05-16,CUST84682,Bengaluru,Fuel,NetBanking,31863.94
TXN004225,2026-03-08,CUST15349,Mumbai,Electronics,Wallet,5013.36
TXN004226,2026-01-22,CUST88400,Chennai,Electronics,Debit Card,36643.12
TXN004227,2026-01-01,CUST52103,Delhi,Utilities,UPI,74655.46
TXN004228,2026-01-10,CUST79119,INDORE,Electronics,NetBanking,47649.85
TXN004229,2026-02-17,CUST27998,Visakhapatnam,Travel,Wallet,44760.15
TXN004230,2026-06-15,CUST90813,Kolkata,Grocery,UPI,18258.8
TXN004231,2026-02-15,CUST92324,Coimbatore,Grocery,NetBanking,39714.76
TXN004232,2026-04-05,CUST40820,DELHI,Healthcare,Credit Card,690.54
TXN004233,2026-05-05,CUST68984,Chennai,Utilities,Wallet,8262.95
TXN004234,2026-06-03,CUST57356,Kolkata,Fuel,Wallet,38013.67
TXN004235,2026-02-21,CUST30264,Bengaluru,Healthcare,Wallet,7596.41
TXN004236,2026-03-06,CUST11507,Jaipur,Fuel,Debit Card,65894.27
TXN004237,2026-05-31,CUST58357,Delhi,Grocery,Wallet,55389.62
TXN004238,2026-06-21,CUST61753,delhi,Electronics,UPI,83184.65
TXN004239,2026-01-22,CUST25931,Mumbai,Travel,Debit Card,70534.18
TXN004240,2026-02-05,CUST74284,Delhi,Grocery,UPI,9929.16
TXN004241,2026-05-16,CUST57839,Jaipur,Healthcare,NetBanking,47852.07
TXN004242,2026-02-24,CUST15572,Vijayawada,Restaurants,NetBanking,79496.76
TXN004243,2026-01-06,CUST18975,Hyderabad,Grocery,Wallet,49593.36
TXN004244,2026-06-07,CUST89710,Hyderabad,Restaurants,Debit Card,53338.67
TXN004245,2026-03-18,CUST46202,Vijayawada,Electronics,UPI,45142.25
TXN004246,2026-05-19,CUST23448, Kolkata ,Restaurants,NetBanking,42235.22
TXN004247,2026-01-12,CUST12212,Nagpur,Fuel,UPI,75835.51
TXN004248,2026-05-29,CUST35902,Delhi,Fuel,UPI,53436.2
TXN004249,2026-01-09,CUST74497, Hyderabad ,Fuel,Credit Card,49352.08
TXN004250,2026-04-30,CUST18613,Indore,Utilities,UPI,38184.65
TXN004251,2026-02-01,CUST61779, Pune ,Grocery,Wallet,24794.83
TXN004252,2026-03-27,CUST21876,Bengaluru,Travel,Wallet,33310.19
TXN004253,2026-04-23,CUST29374,Chennai,Electronics,NetBanking,59270.79
TXN004254,2026-04-17,CUST67576,Nagpur,Utilities,UPI,22281.45
TXN004255,2026-02-14,CUST96494,Hyderabad,Travel,UPI,17508.36
TXN004256,2026-06-23,CUST90782, Kolkata ,Grocery,Debit Card,27807.0
TXN004257,2026-04-17,CUST16021,VIJAYAWADA,Utilities,UPI,70540.29
TXN004258,2026-05-10,CUST11798,Delhi,Utilities,Wallet,59594.76
TXN004259,2026-06-01,CUST87840,Coimbatore,Fuel,UPI,58710.64
TXN004260,2026-06-01,CUST36782,Chennai,Utilities,NetBanking,78985.27
TXN004261,2026-03-26,CUST52048,Chennai,Electronics,Wallet,2157.11
TXN004262,2026-06-09,CUST68580,Coimbatore,Restaurants,NetBanking,36568.53
TXN004263,2026-05-30,CUST39280, Indore ,Fashion,Credit Card,80277.33
TXN004264,2026-04-14,CUST29796, Mumbai ,Grocery,Credit Card,26390.87
TXN004265,2026-04-14,CUST83374,Nagpur,Electronics,UPI,28029.49
TXN004266,2026-04-19,CUST13839,JAIPUR,Healthcare,NetBanking,81143.21
TXN004267,2026-03-02,CUST30691,Bengaluru,Travel,Credit Card,4874.25
TXN004268,2026-02-28,CUST30684, Visakhapatnam ,Utilities,NetBanking,39831.18
TXN004269,2026-06-08,CUST22424,NAGPUR,Travel,NetBanking,14795.55
TXN004270,2026-06-02,CUST68660, Jaipur ,Utilities,UPI,11768.7
TXN004271,2026-01-15,CUST96069,Jaipur,Travel,Credit Card,73938.4
TXN004272,2026-01-11,CUST64958,Indore,Fashion,Wallet,23411.94
TXN004273,2026-04-12,CUST27737,Nagpur,Fuel,Wallet,48776.03
TXN004274,2026-01-08,CUST46675,Jaipur,Fashion,NetBanking,66206.55
TXN004275,2026-02-03,CUST55993,Vijayawada,Restaurants,Wallet,77096.62
TXN004276,2026-03-11,CUST85025,Pune,Fuel,Credit Card,68804.41
TXN004277,2026-02-28,CUST38221,BENGALURU,Healthcare,UPI,1708.52
TXN004278,2026-03-25,CUST73533,Pune,Restaurants,Debit Card,24119.79
TXN004279,2026-04-07,CUST64987,Mumbai,Fashion,Wallet,13442.82
TXN004280,2026-03-19,CUST37112,Pune,Electronics,Wallet,50561.79
TXN004281,2026-01-30,CUST54591,VIJAYAWADA,Fashion,NetBanking,77375.93
TXN004282,2026-03-20,CUST70275,nagpur,Utilities,UPI,53857.46
TXN004283,2026-05-03,CUST62390,Bengaluru,Healthcare,Wallet,65161.02
TXN004284,2026-02-01,CUST57479,Delhi,Travel,Credit Card,58395.25
TXN004285,2026-06-10,CUST90344,Delhi,Travel,Credit Card,7279.36
TXN004286,2026-03-12,CUST44094,hyderabad,Fashion,UPI,20791.22
TXN004287,2026-06-02,CUST53550,pune,Fashion,Wallet,78363.28
TXN004288,2026-03-02,CUST10997,Lucknow,Fashion,NetBanking,56734.14
TXN004289,2026-01-08,CUST85438,Jaipur,Healthcare,Wallet,68508.5
TXN004290,2026-03-29,CUST13395,Indore,Restaurants,UPI,2490.58
TXN004291,2026-06-09,CUST63355,Hyderabad,Travel,Credit Card,69185.91
TXN004292,2026-01-14,CUST34490,Nagpur,Grocery,UPI,78371.13
TXN004293,2026-03-09,CUST18980,hyderabad,Grocery,UPI,53707.42
TXN004294,2026-01-12,CUST22552,Jaipur,Healthcare,Credit Card,40141.11
TXN004295,2026-03-14,CUST14162,Coimbatore,Fashion,Credit Card,35625.21
TXN004296,2026-05-03,CUST88060,Nagpur,Healthcare,NetBanking,75605.21
TXN004297,2026-01-02,CUST26017,Lucknow,Utilities,UPI,83121.84
TXN004298,2026-05-01,CUST76236,Kolkata,Restaurants,Debit Card,77544.73
TXN004299,2026-04-17,CUST88625,Chennai,Fashion,NetBanking,54851.53
TXN004300,2026-04-26,CUST80479,PUNE,Fashion,NetBanking,80415.22
TXN004301,2026-05-20,CUST98076,Mumbai,Grocery,Debit Card,57646.64
TXN004302,2026-01-02,CUST37693,Pune,Travel,Wallet,32173.89
TXN004303,2026-05-09,CUST64415,Mumbai,Utilities,Credit Card,67998.71
TXN004304,2026-05-24,CUST31255,Jaipur,Fashion,Credit Card,22685.66
TXN004305,2026-06-19,CUST69057,Nagpur,Healthcare,Credit Card,71972.97
TXN004306,2026-03-19,CUST25937,Bengaluru,Electronics,NetBanking,14507.59
TXN004307,2026-01-02,CUST27386, Visakhapatnam ,Grocery,UPI,43092.15
TXN004308,2026-05-03,CUST87113,Indore,Fuel,Debit Card,78739.92
TXN004309,2026-05-22,CUST21396,lucknow,Restaurants,Credit Card,20742.29
TXN004310,2026-04-17,CUST43496,Coimbatore,Travel,Credit Card,35772.54
TXN004311,2026-01-09,CUST79497,Kolkata,Healthcare,Credit Card,56302.52
TXN004312,2026-02-23,CUST22603,Delhi,Travel,UPI,21145.06
TXN004313,2026-04-27,CUST25716,Kolkata,Travel,Wallet,71224.36
TXN004314,2026-05-14,CUST15847,Chennai,Healthcare,UPI,22578.16
TXN004315,2026-03-21,CUST23518,Visakhapatnam,Utilities,Wallet,77261.3
TXN004316,2026-02-20,CUST68750,Pune,Travel,Wallet,58305.38
TXN004317,2026-03-26,CUST57594,vijayawada,Healthcare,UPI,84820.99
TXN004318,2026-02-17,CUST25090,COIMBATORE,Fuel,NetBanking,27853.98
TXN004319,2026-05-14,CUST58037,Delhi,Restaurants,NetBanking,78678.37
TXN004320,2026-06-21,CUST50918,Visakhapatnam,Restaurants,Credit Card,14208.66
TXN004321,2026-05-11,CUST51657,Nagpur,Fuel,NetBanking,42652.55
TXN004322,2026-06-10,CUST78398,Nagpur,Electronics,UPI,24349.43
TXN004323,2026-02-26,CUST38443,BENGALURU,Travel,Wallet,72731.61
TXN004324,2026-05-15,CUST20925,Chennai,Fuel,Debit Card,51657.9
TXN004325,2026-02-10,CUST10087,Kolkata,Restaurants,Credit Card,63489.39
TXN004326,2026-05-05,CUST11678,PUNE,Utilities,Debit Card,938.54
TXN004327,2026-06-17,CUST48896,Hyderabad,Travel,Wallet,75650.95
TXN004328,2026-02-03,CUST59071,vijayawada,Electronics,Wallet,54476.32
TXN004329,2026-03-22,CUST62829,Lucknow,Fuel,UPI,80261.48
TXN004330,2026-06-20,CUST66024,Hyderabad,Fashion,NetBanking,67520.34
TXN004331,2026-03-14,CUST16825,Pune,Grocery,Debit Card,10874.28
TXN004332,2026-04-14,CUST94717, Visakhapatnam ,Healthcare,Wallet,81328.07
TXN004333,2026-03-04,CUST75640,PUNE,Restaurants,NetBanking,29819.74
TXN004334,2026-04-20,CUST99578,Mumbai,Electronics,UPI,69783.77
TXN004335,2026-05-09,CUST54302,Kolkata,Utilities,NetBanking,1944.9
TXN004336,2026-04-16,CUST64033,Bengaluru,Fashion,UPI,14717.57
TXN004337,2026-06-15,CUST85359,Coimbatore,Grocery,Credit Card,74990.2
TXN004338,2026-03-22,CUST59558,Mumbai,Restaurants,Debit Card,5466.41
TXN004339,2026-02-17,CUST10269,Jaipur,Grocery,UPI,6223.08
TXN004340,2026-03-29,CUST49579,Kolkata,Electronics,Wallet,72776.48
TXN004341,2026-01-17,CUST53320,Visakhapatnam,Fuel,UPI,47715.81
TXN004342,2026-02-17,CUST33454,COIMBATORE,Fuel,NetBanking,40729.15
TXN004343,2026-03-24,CUST52223,chennai,Grocery,UPI,66507.53
TXN004344,2026-01-01,CUST60720,vijayawada,Fuel,Wallet,74373.51
TXN004345,2026-04-04,CUST84355,Chennai,Utilities,NetBanking,64391.66
TXN004346,2026-03-08,CUST68612, Coimbatore ,Healthcare,Credit Card,48978.04
TXN004347,2026-03-04,CUST86126,bengaluru,Fuel,NetBanking,10224.86
TXN004348,2026-02-17,CUST17939,VISAKHAPATNAM,Electronics,Credit Card,45831.41
TXN004349,2026-03-22,CUST14796,Mumbai,Electronics,Wallet,78905.17
TXN004350,2026-02-16,CUST87800,Visakhapatnam,Travel,Credit Card,73063.06
TXN004351,2026-02-10,CUST44512, Pune ,Utilities,Debit Card,5752.66
TXN004352,2026-01-28,CUST15071,Chennai,Utilities,Credit Card,82875.6
TXN004353,2026-01-20,CUST28226,Mumbai,Utilities,NetBanking,50850.51
TXN004354,2026-01-20,CUST28991,Hyderabad,Travel,Wallet,14981.34
TXN004355,2026-01-08,CUST99962,Jaipur,Grocery,NetBanking,33516.93
TXN004356,2026-01-06,CUST49111,Delhi,Fashion,Credit Card,46367.81
TXN004357,2026-03-14,CUST49373,hyderabad,Utilities,Debit Card,11756.3
TXN004358,2026-02-09,CUST86553,Coimbatore,Grocery,Debit Card,56685.16
TXN004359,2026-06-16,CUST62745,nagpur,Electronics,Debit Card,62192.14
TXN004360,2026-02-12,CUST20836,Nagpur,Restaurants,Debit Card,14471.16
TXN004361,2026-03-11,CUST51798,delhi,Travel,UPI,11978.06
TXN004362,2026-05-02,CUST46000,Mumbai,Utilities,NetBanking,78452.41
TXN004363,2026-02-25,CUST96095,Pune,Utilities,UPI,56104.9
TXN004364,2026-01-21,CUST28872,Pune,Grocery,Wallet,65375.23
TXN004365,2026-01-21,CUST61860,Delhi,Fashion,Credit Card,57094.26
TXN004366,2026-06-08,CUST40373,Bengaluru,Grocery,NetBanking,781.94
TXN004367,2026-01-06,CUST77205,Pune,Restaurants,UPI,31393.57
TXN004368,2026-05-05,CUST32786,Vijayawada,Utilities,NetBanking,39617.17
TXN004369,2026-03-17,CUST61799,Visakhapatnam,Healthcare,NetBanking,10297.89
TXN004370,2026-04-12,CUST72473,Hyderabad,Healthcare,UPI,72364.02
TXN004371,2026-05-25,CUST24247,Pune,Healthcare,UPI,55770.05
TXN004372,2026-05-29,CUST72098,Delhi,Electronics,NetBanking,11415.54
TXN004373,2026-06-10,CUST24815,Bengaluru,Grocery,UPI,30643.74
TXN004374,2026-05-31,CUST43270,Visakhapatnam,Fashion,NetBanking,70385.47
TXN004375,2026-06-01,CUST49180,Kolkata,Grocery,NetBanking,80625.03
TXN004376,2026-01-26,CUST44675, Pune ,Restaurants,Credit Card,20894.02
TXN004377,2026-02-27,CUST47533,Chennai,Utilities,Wallet,66522.89
TXN004378,2026-06-20,CUST25820,Jaipur,Grocery,UPI,42264.18
TXN004379,2026-02-09,CUST14021,Bengaluru,Utilities,NetBanking,42162.44
TXN004380,2026-05-01,CUST59519,bengaluru,Travel,Credit Card,16053.36
TXN004381,2026-04-27,CUST31866,Hyderabad,Healthcare,UPI,67066.96
TXN004382,2026-04-02,CUST87544,Bengaluru,Travel,Credit Card,56945.33
TXN004383,2026-04-02,CUST18403,Nagpur,Travel,Credit Card,39621.81
TXN004384,2026-04-30,CUST17210,CHENNAI,Fuel,NetBanking,24037.8
TXN004385,2026-02-28,CUST54184,Bengaluru,Fuel,NetBanking,25841.63
TXN004386,2026-03-02,CUST84862,Kolkata,Fashion,NetBanking,77282.35
TXN004387,2026-01-28,CUST16762,Delhi,Utilities,UPI,73625.09
TXN004388,2026-04-06,CUST58756,Jaipur,Healthcare,UPI,62260.45
TXN004389,2026-04-26,CUST83605, Chennai ,Fuel,Credit Card,63174.02
TXN004390,2026-04-13,CUST81972,Bengaluru,Grocery,UPI,15169.09
TXN004391,2026-06-23,CUST92381,Indore,Electronics,Debit Card,69212.71
TXN004392,2026-06-09,CUST43046,Hyderabad,Fuel,Wallet,38770.39
TXN004393,2026-05-21,CUST52135,coimbatore,Fuel,UPI,50011.7
TXN004394,2026-06-17,CUST26731, Nagpur ,Travel,Credit Card,32388.18
TXN004395,2026-04-16,CUST53755,Visakhapatnam,Electronics,Debit Card,64622.27
TXN004396,2026-06-18,CUST65517,Bengaluru,Fuel,Wallet,43021.14
TXN004397,2026-03-07,CUST65362,Nagpur,Utilities,Debit Card,46876.57
TXN004398,2026-06-22,CUST53608,Nagpur,Travel,UPI,34994.69
TXN004399,2026-02-17,CUST35667,Vijayawada,Healthcare,Wallet,33393.26
TXN004400,2026-06-25,CUST38401,delhi,Grocery,Credit Card,52816.15
TXN004401,2026-06-12,CUST39213,Vijayawada,Utilities,Wallet,69267.43
TXN004402,2026-06-09,CUST81961,Bengaluru,Healthcare,Credit Card,9109.98
TXN004403,2026-05-20,CUST77286,Bengaluru,Grocery,Credit Card,78922.76
TXN004404,2026-01-16,CUST11688,Kolkata,Utilities,Wallet,52715.93
TXN004405,2026-01-16,CUST51856,bengaluru,Healthcare,NetBanking,81164.91
TXN004406,2026-05-31,CUST32127,Mumbai,Restaurants,Credit Card,67736.16
TXN004407,2026-01-08,CUST19623,Chennai,Utilities,Debit Card,83735.41
TXN004408,2026-02-12,CUST34411, Indore ,Grocery,Credit Card,45114.24
TXN004409,2026-05-11,CUST71311,Hyderabad,Fuel,Credit Card,49663.37
TXN004410,2026-05-18,CUST59203,Lucknow,Utilities,Credit Card,44379.46
TXN004411,2026-04-02,CUST41433, Pune ,Electronics,Debit Card,84543.07
TXN004412,2026-05-08,CUST58773,nagpur,Travel,NetBanking,17267.08
TXN004413,2026-01-20,CUST41532,PUNE,Electronics,Credit Card,24533.68
TXN004414,2026-01-27,CUST80481,Nagpur,Fashion,UPI,20586.52
TXN004415,2026-04-25,CUST56237,Coimbatore,Grocery,UPI,47129.43
TXN004416,2026-02-13,CUST96133,Visakhapatnam,Travel,NetBanking,23309.85
TXN004417,2026-03-23,CUST67036,Lucknow,Fuel,UPI,16566.72
TXN004418,2026-04-02,CUST16563,Coimbatore,Electronics,UPI,27039.25
TXN004419,2026-01-05,CUST62741,Kolkata,Fashion,UPI,19577.36
TXN004420,2026-03-26,CUST61635,Delhi,Travel,Wallet,70770.47
TXN004421,2026-02-06,CUST31483,Visakhapatnam,Healthcare,Debit Card,30841.94
TXN004422,2026-06-11,CUST10536,Delhi,Fuel,Debit Card,14062.07
TXN004423,2026-01-30,CUST74058,Lucknow,Travel,Wallet,79866.04
TXN004424,2026-06-21,CUST72895,Delhi,Healthcare,Credit Card,80542.92
TXN004425,2026-04-18,CUST28268,Indore,Travel,UPI,37728.93
TXN004426,2026-01-17,CUST37381,nagpur,Electronics,Credit Card,48426.48
TXN004427,2026-01-25,CUST63084,Pune,Fashion,Credit Card,13355.36
TXN004428,2026-02-08,CUST80413, Delhi ,Electronics,NetBanking,49434.55
TXN004429,2026-04-08,CUST69613,Jaipur,Utilities,NetBanking,59080.54
TXN004430,2026-06-12,CUST76424, Mumbai ,Grocery,Wallet,72191.42
TXN004431,2026-06-16,CUST49872, Visakhapatnam ,Healthcare,Credit Card,7192.88
TXN004432,2026-02-13,CUST80463,Nagpur,Travel,Debit Card,11936.35
TXN004433,2026-04-06,CUST47811,visakhapatnam,Electronics,Credit Card,4617.75
TXN004434,2026-03-23,CUST89525, Lucknow ,Restaurants,Debit Card,4249.41
TXN004435,2026-04-20,CUST12875,VIJAYAWADA,Fashion,UPI,59426.16
TXN004436,2026-06-12,CUST48275,Coimbatore,Utilities,Credit Card,40408.53
TXN004437,2026-05-20,CUST21937,Delhi,Electronics,Credit Card,77719.89
TXN004438,2026-06-10,CUST42997,JAIPUR,Grocery,Wallet,83442.49
TXN004439,2026-05-05,CUST68848,Coimbatore,Utilities,Debit Card,62476.94
TXN004440,2026-03-30,CUST48443,Mumbai,Healthcare,Wallet,57050.02
TXN004441,2026-05-08,CUST36830,Hyderabad,Travel,UPI,82299.5
TXN004442,2026-01-26,CUST71476,lucknow,Utilities,Debit Card,20919.23
TXN004443,2026-04-18,CUST92225,jaipur,Fashion,Debit Card,18945.79
TXN004444,2026-05-18,CUST78226,Delhi,Fuel,NetBanking,69690.82
TXN004445,2026-05-07,CUST45311,Bengaluru,Healthcare,UPI,29957.13
TXN004446,2026-03-21,CUST67469,Vijayawada,Fashion,Credit Card,47668.25
TXN004447,2026-01-14,CUST83207,Indore,Healthcare,NetBanking,60337.85
TXN004448,2026-01-21,CUST34017,Nagpur,Electronics,NetBanking,31806.27
TXN004449,2026-03-16,CUST82172,VIJAYAWADA,Restaurants,Credit Card,31180.17
TXN004450,2026-05-23,CUST58741,Jaipur,Healthcare,Credit Card,50335.67
TXN004451,2026-03-05,CUST99797,pune,Grocery,NetBanking,12848.98
TXN004452,2026-06-29,CUST14506,bengaluru,Fuel,UPI,73174.4
TXN004453,2026-03-08,CUST54572,Kolkata,Grocery,Debit Card,77441.66
TXN004454,2026-01-20,CUST68690,Nagpur,Fuel,Debit Card,77278.42
TXN004455,2026-06-11,CUST25590,Kolkata,Electronics,NetBanking,14599.95
TXN004456,2026-03-03,CUST59851,HYDERABAD,Fuel,Wallet,39990.18
TXN004457,2026-02-02,CUST48134,Chennai,Fuel,Wallet,44721.53
TXN004458,2026-04-14,CUST78312,lucknow,Utilities,Credit Card,45837.39
TXN004459,2026-06-21,CUST80584, Indore ,Fuel,Credit Card,36886.59
TXN004460,2026-02-04,CUST36971,vijayawada,Restaurants,UPI,73472.45
TXN004461,2026-05-02,CUST24323,Indore,Fashion,Wallet,2191.69
TXN004462,2026-03-15,CUST13699,Mumbai,Restaurants,Debit Card,55310.87
TXN004463,2026-02-10,CUST43631,Kolkata,Utilities,UPI,61509.91
TXN004464,2026-02-24,CUST39197,Chennai,Restaurants,Wallet,24411.93
TXN004465,2026-02-01,CUST60548,Nagpur,Grocery,NetBanking,20288.57
TXN004466,2026-04-06,CUST98342,Chennai,Fuel,UPI,81088.86
TXN004467,2026-03-06,CUST48103,JAIPUR,Restaurants,Credit Card,35494.97
TXN004468,2026-04-09,CUST38557,Indore,Grocery,Credit Card,80826.57
TXN004469,2026-01-11,CUST18419,Pune,Grocery,Wallet,39521.42
TXN004470,2026-03-29,CUST57393,Coimbatore,Travel,Credit Card,44779.7
TXN004471,2026-06-23,CUST57267, Jaipur ,Restaurants,Debit Card,31567.73
TXN004472,2026-02-06,CUST15784,Indore,Restaurants,UPI,7028.8
TXN004473,2026-02-07,CUST21673,INDORE,Electronics,NetBanking,77783.13
TXN004474,2026-03-17,CUST64709,Pune,Fashion,Debit Card,74234.7
TXN004475,2026-02-11,CUST16784, Visakhapatnam ,Grocery,Wallet,215.16
TXN004476,2026-03-18,CUST22639, Mumbai ,Grocery,Wallet,62683.18
TXN004477,2026-01-20,CUST66530,Lucknow,Grocery,NetBanking,63221.35
TXN004478,2026-04-13,CUST18502,Bengaluru,Utilities,UPI,79295.38
TXN004479,2026-04-24,CUST99057,VIJAYAWADA,Travel,UPI,62198.4
TXN004480,2026-01-16,CUST70431,Vijayawada,Healthcare,Debit Card,4359.06
TXN004481,2026-04-14,CUST21989,Kolkata,Electronics,Credit Card,40529.02
TXN004482,2026-04-18,CUST14221, Lucknow ,Grocery,NetBanking,72941.4
TXN004483,2026-04-08,CUST89468,hyderabad,Fashion,Debit Card,6301.19
TXN004484,2026-03-28,CUST32830,Pune,Restaurants,Credit Card,27280.34
TXN004485,2026-03-04,CUST60647,Nagpur,Restaurants,UPI,34333.29
TXN004486,2026-02-06,CUST81493,Jaipur,Fuel,Wallet,15819.02
TXN004487,2026-05-05,CUST12261, Vijayawada ,Restaurants,Debit Card,70228.84
TXN004488,2026-05-11,CUST86179,lucknow,Fuel,Wallet,54072.45
TXN004489,2026-02-17,CUST24186,Jaipur,Travel,UPI,37389.9
TXN004490,2026-01-04,CUST85045,Pune,Restaurants,Debit Card,42672.71
TXN004491,2026-04-04,CUST47279,Bengaluru,Fashion,Wallet,9827.19
TXN004492,2026-03-20,CUST37551, Bengaluru ,Electronics,Credit Card,506.59
TXN004493,2026-04-07,CUST76282,Vijayawada,Electronics,UPI,80727.68
TXN004494,2026-01-18,CUST61570,Chennai,Fuel,NetBanking,8419.17
TXN004495,2026-04-18,CUST62085,Mumbai,Healthcare,Debit Card,34500.05
TXN004496,2026-06-23,CUST64699,Kolkata,Fashion,Wallet,41609.0
TXN004497,2026-03-02,CUST58362, Lucknow ,Fuel,Debit Card,30127.76
TXN004498,2026-02-15,CUST18994,Delhi,Healthcare,UPI,75437.87
TXN004499,2026-01-04,CUST43652, Jaipur ,Grocery,NetBanking,75130.16
TXN004500,2026-02-17,CUST28385, Hyderabad ,Grocery,NetBanking,71244.43
TXN004501,2026-02-28,CUST20147,Kolkata,Grocery,UPI,7820.0
TXN004502,2026-02-21,CUST84107,Indore,Restaurants,NetBanking,83766.09
TXN004503,2026-03-21,CUST39929,Indore,Restaurants,NetBanking,48022.6
TXN004504,2026-04-22,CUST25695,Visakhapatnam,Grocery,Debit Card,6764.94
TXN004505,2026-03-27,CUST60126,Vijayawada,Utilities,Debit Card,82102.65
TXN004506,2026-03-31,CUST58347,Chennai,Healthcare,UPI,13057.64
TXN004507,2026-01-23,CUST20986,Lucknow,Fashion,UPI,9125.5
TXN004508,2026-01-17,CUST24418,Bengaluru,Fuel,NetBanking,12000.85
TXN004509,2026-05-19,CUST54721,Bengaluru,Electronics,UPI,68807.08
TXN004510,2026-01-30,CUST20346,Kolkata,Fuel,Credit Card,30042.09
TXN004511,2026-03-06,CUST34770,Hyderabad,Electronics,NetBanking,27491.09
TXN004512,2026-02-16,CUST32112,Indore,Fashion,UPI,5850.92
TXN004513,2026-02-15,CUST54254, Nagpur ,Restaurants,Credit Card,44389.36
TXN004514,2026-01-18,CUST31687,Nagpur,Electronics,Debit Card,2508.42
TXN004515,2026-05-25,CUST37915,Pune,Fuel,Wallet,55413.19
TXN004516,2026-05-30,CUST26177,DELHI,Grocery,Wallet,75212.34
TXN004517,2026-02-14,CUST54100,Nagpur,Travel,NetBanking,42140.25
TXN004518,2026-06-30,CUST87159,Mumbai,Restaurants,Credit Card,69415.83
TXN004519,2026-06-30,CUST44246,PUNE,Healthcare,UPI,10331.97
TXN004520,2026-02-15,CUST33370,Mumbai,Utilities,UPI,45863.86
TXN004521,2026-04-02,CUST92770,Bengaluru,Grocery,Debit Card,36544.85
TXN004522,2026-04-25,CUST73070,INDORE,Fuel,NetBanking,78754.69
TXN004523,2026-06-29,CUST63309,coimbatore,Travel,Debit Card,78847.57
TXN004524,2026-05-29,CUST31579,Lucknow,Electronics,Debit Card,56120.0
TXN004525,2026-06-18,CUST53157, Chennai ,Restaurants,UPI,34207.38
TXN004526,2026-06-23,CUST31146,Bengaluru,Fashion,Wallet,38954.28
TXN004527,2026-05-24,CUST45025,Lucknow,Healthcare,NetBanking,23392.77
TXN004528,2026-01-22,CUST72831,Mumbai,Travel,Credit Card,57810.47
TXN004529,2026-06-16,CUST82296, Coimbatore ,Electronics,NetBanking,70997.93
TXN004530,2026-04-08,CUST72155,Indore,Electronics,Wallet,84204.72
TXN004531,2026-04-15,CUST36435, Chennai ,Restaurants,Debit Card,4426.48
TXN004532,2026-05-03,CUST42617,Coimbatore,Fuel,Debit Card,39546.29
TXN004533,2026-04-23,CUST39895,Hyderabad,Utilities,NetBanking,81078.94
TXN004534,2026-01-15,CUST10120,Jaipur,Travel,UPI,75856.07
TXN004535,2026-06-14,CUST15263,Hyderabad,Utilities,Debit Card,83542.57
TXN004536,2026-01-16,CUST82307,Jaipur,Healthcare,Debit Card,4698.35
TXN004537,2026-04-29,CUST55839,Lucknow,Travel,NetBanking,73883.58
TXN004538,2026-05-30,CUST16034,Mumbai,Restaurants,NetBanking,70162.02
TXN004539,2026-01-18,CUST73130,Delhi,Electronics,Credit Card,5188.5
TXN004540,2026-03-24,CUST96612,Coimbatore,Electronics,Credit Card,52469.77
TXN004541,2026-02-27,CUST13039,Coimbatore,Travel,Wallet,26015.9
TXN004542,2026-03-28,CUST84681,Bengaluru,Fashion,Debit Card,25210.34
TXN004543,2026-01-20,CUST83935,Jaipur,Electronics,Debit Card,73496.84
TXN004544,2026-01-15,CUST12633,Visakhapatnam,Fuel,NetBanking,5274.33
TXN004545,2026-05-21,CUST28906,Visakhapatnam,Fashion,Wallet,44548.51
TXN004546,2026-06-05,CUST74830,pune,Restaurants,Wallet,78788.97
TXN004547,2026-04-14,CUST31726, Indore ,Healthcare,Debit Card,37330.42
TXN004548,2026-04-27,CUST47605,delhi,Travel,Wallet,71743.51
TXN004549,2026-03-21,CUST36958, Jaipur ,Fuel,UPI,69429.53
TXN004550,2026-05-19,CUST33736,LUCKNOW,Grocery,UPI,27809.66
TXN004551,2026-02-04,CUST99443,Nagpur,Healthcare,UPI,70900.27
TXN004552,2026-01-10,CUST14230,Visakhapatnam,Fashion,Debit Card,11911.97
TXN004553,2026-02-21,CUST88742,Lucknow,Grocery,NetBanking,78812.85
TXN004554,2026-05-26,CUST29161,Visakhapatnam,Fuel,Wallet,54349.95
TXN004555,2026-02-20,CUST81054, Visakhapatnam ,Grocery,Wallet,9609.77
TXN004556,2026-01-26,CUST21059,Pune,Travel,Credit Card,42524.38
TXN004557,2026-01-19,CUST97666,Kolkata,Fuel,Wallet,28009.64
TXN004558,2026-02-02,CUST51557,Indore,Fashion,Debit Card,45170.65
TXN004559,2026-05-31,CUST22670,Kolkata,Travel,Credit Card,33503.96
TXN004560,2026-04-25,CUST70216,Bengaluru,Grocery,Credit Card,54727.46
TXN004561,2026-05-06,CUST26335,Pune,Travel,UPI,56915.96
TXN004562,2026-01-01,CUST50176,Coimbatore,Healthcare,NetBanking,11398.47
TXN004563,2026-05-27,CUST60855,Pune,Restaurants,Debit Card,69170.53
TXN004564,2026-06-27,CUST94424,Jaipur,Restaurants,Wallet,8480.86
TXN004565,2026-02-13,CUST84284,Chennai,Grocery,NetBanking,23504.89
TXN004566,2026-04-07,CUST73926,Hyderabad,Utilities,UPI,29958.89
TXN004567,2026-06-13,CUST54977, Mumbai ,Restaurants,UPI,46029.12
TXN004568,2026-06-20,CUST80684,Jaipur,Grocery,Wallet,58952.32
TXN004569,2026-01-01,CUST48223, Nagpur ,Fashion,Wallet,18182.25
TXN004570,2026-01-20,CUST16944,Pune,Utilities,Debit Card,82408.0
TXN004571,2026-06-17,CUST96117,NAGPUR,Electronics,Debit Card,16326.3
TXN004572,2026-04-25,CUST23895,Hyderabad,Travel,NetBanking,69297.6
TXN004573,2026-05-04,CUST58310,Lucknow,Grocery,NetBanking,62569.93
TXN004574,2026-02-08,CUST21924,Chennai,Healthcare,Wallet,50518.73
TXN004575,2026-06-18,CUST34217, Delhi ,Healthcare,Wallet,25250.81
TXN004576,2026-04-16,CUST38800,Vijayawada,Healthcare,Debit Card,8687.43
TXN004577,2026-03-18,CUST32360,Coimbatore,Restaurants,Credit Card,71058.58
TXN004578,2026-02-23,CUST52360,Lucknow,Electronics,Credit Card,59204.79
TXN004579,2026-06-07,CUST14444,Indore,Healthcare,Debit Card,11810.22
TXN004580,2026-01-22,CUST80477,Chennai,Fashion,NetBanking,82139.62
TXN004581,2026-01-07,CUST33659,Coimbatore,Utilities,Wallet,32964.5
TXN004582,2026-05-11,CUST77136,VISAKHAPATNAM,Fuel,Credit Card,16162.22
TXN004583,2026-02-05,CUST55581,Nagpur,Grocery,Wallet,30575.28
TXN004584,2026-04-03,CUST93100,Coimbatore,Travel,UPI,22762.42
TXN004585,2026-01-04,CUST30715,Visakhapatnam,Restaurants,Wallet,13849.96
TXN004586,2026-05-17,CUST97541,Mumbai,Travel,Wallet,84571.47
TXN004587,2026-05-13,CUST79362,Vijayawada,Fuel,Wallet,16617.35
TXN004588,2026-04-06,CUST56152,VIJAYAWADA,Travel,NetBanking,13906.02
TXN004589,2026-05-07,CUST76345,Mumbai,Restaurants,Debit Card,48275.66
TXN004590,2026-06-12,CUST92744,indore,Travel,UPI,15065.47
TXN004591,2026-01-03,CUST73806,Delhi,Fuel,Debit Card,24432.04
TXN004592,2026-06-02,CUST81374,MUMBAI,Travel,Credit Card,79969.07
TXN004593,2026-04-14,CUST31496,kolkata,Travel,NetBanking,32811.69
TXN004594,2026-05-31,CUST78013,Hyderabad,Fuel,UPI,54666.27
TXN004595,2026-05-22,CUST57284,Chennai,Utilities,NetBanking,28898.15
TXN004596,2026-01-15,CUST73478,Jaipur,Utilities,Credit Card,12961.65
TXN004597,2026-01-25,CUST60803,Jaipur,Travel,UPI,11384.96
TXN004598,2026-06-07,CUST21233,Chennai,Grocery,Credit Card,81201.18
TXN004599,2026-06-20,CUST20175,Chennai,Fashion,NetBanking,4571.41
TXN004600,2026-03-26,CUST47245,VIJAYAWADA,Fuel,Wallet,78470.41
TXN004601,2026-05-03,CUST34754,Chennai,Electronics,Wallet,75528.25
TXN004602,2026-04-10,CUST66093,Nagpur,Restaurants,Credit Card,55098.63
TXN004603,2026-01-17,CUST78241,Pune,Fashion,Debit Card,46167.07
TXN004604,2026-03-06,CUST17715,indore,Restaurants,UPI,56761.83
TXN004605,2026-05-25,CUST84149,Vijayawada,Fashion,Credit Card,76721.07
TXN004606,2026-03-23,CUST79979,visakhapatnam,Electronics,Credit Card,68922.05
TXN004607,2026-02-15,CUST63477,chennai,Restaurants,Credit Card,40784.57
TXN004608,2026-02-02,CUST33820,mumbai,Fuel,NetBanking,11091.85
TXN004609,2026-06-14,CUST77545,Jaipur,Fuel,NetBanking,47243.43
TXN004610,2026-06-13,CUST23582,Jaipur,Utilities,UPI,3091.74
TXN004611,2026-05-28,CUST12839,Indore,Restaurants,NetBanking,4662.13
TXN004612,2026-02-05,CUST15504,Nagpur,Healthcare,UPI,42474.94
TXN004613,2026-04-04,CUST24145,Indore,Fuel,UPI,13930.47
TXN004614,2026-01-18,CUST77645,Delhi,Grocery,Credit Card,45720.3
TXN004615,2026-05-25,CUST23688,Chennai,Fuel,Credit Card,11230.97
TXN004616,2026-05-17,CUST90549, Indore ,Travel,UPI,76571.8
TXN004617,2026-02-13,CUST53011,Mumbai,Grocery,Wallet,46593.79
TXN004618,2026-05-04,CUST91378,Indore,Grocery,UPI,45340.33
TXN004619,2026-05-17,CUST49006, Jaipur ,Travel,Credit Card,71744.23
TXN004620,2026-03-06,CUST79914,Jaipur,Electronics,Debit Card,40622.7
TXN004621,2026-03-31,CUST92829, Mumbai ,Healthcare,Credit Card,43530.89
TXN004622,2026-02-02,CUST73044,lucknow,Fashion,UPI,40164.15
TXN004623,2026-05-07,CUST53029,Visakhapatnam,Travel,Credit Card,56564.98
TXN004624,2026-02-02,CUST84816,Chennai,Restaurants,Wallet,26539.25
TXN004625,2026-03-29,CUST65665,Kolkata,Utilities,Credit Card,23012.28
TXN004626,2026-03-19,CUST76874,Nagpur,Utilities,Wallet,20699.28
TXN004627,2026-03-29,CUST22421,Bengaluru,Grocery,UPI,4668.82
TXN004628,2026-02-06,CUST53423,Kolkata,Healthcare,Credit Card,43460.94
TXN004629,2026-01-10,CUST85192,Visakhapatnam,Grocery,Wallet,81584.7
TXN004630,2026-02-12,CUST72335,Lucknow,Fashion,Debit Card,56095.04
TXN004631,2026-06-12,CUST23052,Mumbai,Electronics,Wallet,80234.51
TXN004632,2026-06-20,CUST79444,Delhi,Electronics,UPI,65914.06
TXN004633,2026-03-18,CUST87739,Lucknow,Fashion,Credit Card,82636.87
TXN004634,2026-01-14,CUST40168,Nagpur,Fashion,Wallet,52984.24
TXN004635,2026-04-02,CUST42956,Delhi,Restaurants,NetBanking,65846.24
TXN004636,2026-03-27,CUST88948,Pune,Fuel,Wallet,48456.35
TXN004637,2026-06-12,CUST15467,lucknow,Utilities,Credit Card,4817.69
TXN004638,2026-02-28,CUST89341,Nagpur,Utilities,Debit Card,34549.29
TXN004639,2026-05-05,CUST31704,pune,Fashion,UPI,27942.02
TXN004640,2026-04-01,CUST20753, Jaipur ,Utilities,Debit Card,60823.65
TXN004641,2026-02-02,CUST75262,Chennai,Travel,NetBanking,46375.92
TXN004642,2026-05-11,CUST70789,Bengaluru,Utilities,Credit Card,29268.91
TXN004643,2026-06-10,CUST55138,Visakhapatnam,Healthcare,UPI,82934.5
TXN004644,2026-01-27,CUST49718,Indore,Restaurants,Debit Card,40141.95
TXN004645,2026-06-29,CUST73044, Coimbatore ,Healthcare,Debit Card,11178.88
TXN004646,2026-04-20,CUST44248,LUCKNOW,Electronics,UPI,45694.7
TXN004647,2026-02-12,CUST35087,Mumbai,Utilities,NetBanking,12492.73
TXN004648,2026-06-01,CUST91531,Hyderabad,Electronics,Credit Card,78563.71
TXN004649,2026-02-06,CUST94904,NAGPUR,Grocery,Wallet,56662.23
TXN004650,2026-06-20,CUST83494,Chennai,Healthcare,Debit Card,55101.55
TXN004651,2026-04-20,CUST40920,Visakhapatnam,Fashion,Debit Card,36194.53
TXN004652,2026-06-29,CUST30996,Hyderabad,Grocery,Credit Card,63584.63
TXN004653,2026-01-01,CUST26423,lucknow,Utilities,Debit Card,36785.14
TXN004654,2026-03-16,CUST72955,Chennai,Fashion,NetBanking,70711.1
TXN004655,2026-03-10,CUST21287,Lucknow,Travel,Debit Card,46184.12
TXN004656,2026-03-16,CUST97234,Lucknow,Utilities,UPI,24674.91
TXN004657,2026-01-27,CUST24311,Nagpur,Healthcare,Credit Card,44531.76
TXN004658,2026-06-03,CUST45848,Hyderabad,Travel,Credit Card,64635.31
TXN004659,2026-03-04,CUST33079,Pune,Fuel,UPI,83013.04
TXN004660,2026-03-28,CUST27984,CHENNAI,Restaurants,Debit Card,57399.47
TXN004661,2026-01-06,CUST68163,chennai,Healthcare,NetBanking,19441.38
TXN004662,2026-06-20,CUST21276,Vijayawada,Grocery,Credit Card,49937.83
TXN004663,2026-03-11,CUST70741,Vijayawada,Fashion,NetBanking,25915.87
TXN004664,2026-03-31,CUST56800,Delhi,Electronics,Wallet,22650.43
TXN004665,2026-05-20,CUST98729,CHENNAI,Grocery,NetBanking,32842.86
TXN004666,2026-04-11,CUST23532,Mumbai,Healthcare,UPI,43727.37
TXN004667,2026-03-13,CUST27767,Chennai,Travel,NetBanking,34663.52
TXN004668,2026-06-17,CUST27106,Coimbatore,Restaurants,Debit Card,4861.58
TXN004669,2026-03-31,CUST68449, Indore ,Travel,NetBanking,71485.38
TXN004670,2026-01-17,CUST49944,Jaipur,Travel,Credit Card,58647.03
TXN004671,2026-03-14,CUST17932,Chennai,Healthcare,NetBanking,3087.42
TXN004672,2026-03-04,CUST54650,CHENNAI,Electronics,NetBanking,79549.87
TXN004673,2026-05-27,CUST66495,mumbai,Utilities,Wallet,10353.51
TXN004674,2026-06-29,CUST63922,Lucknow,Grocery,Wallet,31523.94
TXN004675,2026-03-12,CUST15283,Kolkata,Travel,UPI,59360.13
TXN004676,2026-04-15,CUST55651,Indore,Fashion,Wallet,81013.57
TXN004677,2026-05-18,CUST75651,Bengaluru,Electronics,UPI,11024.42
TXN004678,2026-01-22,CUST15141,Bengaluru,Electronics,NetBanking,49617.16
TXN004679,2026-04-20,CUST67149,KOLKATA,Utilities,Credit Card,19737.42
TXN004680,2026-05-12,CUST16906,BENGALURU,Travel,NetBanking,38429.03
TXN004681,2026-04-11,CUST53136, Mumbai ,Healthcare,Credit Card,40006.65
TXN004682,2026-03-01,CUST10364,Visakhapatnam,Fashion,NetBanking,57297.31
TXN004683,2026-01-13,CUST37117,Kolkata,Fashion,NetBanking,17932.09
TXN004684,2026-05-06,CUST29768,Bengaluru,Travel,UPI,29529.38
TXN004685,2026-02-05,CUST10902,indore,Travel,UPI,26780.79
TXN004686,2026-02-12,CUST69319,Pune,Restaurants,Credit Card,45995.36
TXN004687,2026-04-02,CUST53342,KOLKATA,Grocery,Credit Card,82285.32
TXN004688,2026-04-06,CUST53903,CHENNAI,Grocery,NetBanking,75195.85
TXN004689,2026-04-12,CUST62594,Hyderabad,Restaurants,Credit Card,59596.12
TXN004690,2026-05-24,CUST70190,Mumbai,Fuel,UPI,34879.97
TXN004691,2026-01-24,CUST86008,Mumbai,Fashion,Debit Card,3025.42
TXN004692,2026-01-17,CUST77471,COIMBATORE,Grocery,Credit Card,61788.03
TXN004693,2026-05-01,CUST66545,Chennai,Fashion,Wallet,56329.3
TXN004694,2026-04-03,CUST69215,Coimbatore,Fuel,UPI,22380.53
TXN004695,2026-01-04,CUST60161,Pune,Fuel,Debit Card,46634.97
TXN004696,2026-05-09,CUST17023,Pune,Fashion,Wallet,63933.86
TXN004697,2026-05-19,CUST75410,Coimbatore,Restaurants,Credit Card,14508.86
TXN004698,2026-04-26,CUST11624,Vijayawada,Utilities,Credit Card,52778.73
TXN004699,2026-03-16,CUST27057,COIMBATORE,Travel,Credit Card,39972.02
TXN004700,2026-04-09,CUST29915,Nagpur,Travel,UPI,61047.68
TXN004701,2026-03-05,CUST93527,NAGPUR,Utilities,NetBanking,502.06
TXN004702,2026-02-05,CUST48021,Visakhapatnam,Grocery,Debit Card,77001.65
TXN004703,2026-02-16,CUST73385,bengaluru,Healthcare,UPI,67704.92
TXN004704,2026-02-02,CUST45557,Hyderabad,Healthcare,Credit Card,65524.41
TXN004705,2026-04-09,CUST69774,Chennai,Utilities,Debit Card,31853.8
TXN004706,2026-02-21,CUST54744,Vijayawada,Electronics,Credit Card,14046.99
TXN004707,2026-02-10,CUST80793,Hyderabad,Fashion,UPI,288.24
TXN004708,2026-03-12,CUST99391,Coimbatore,Grocery,Credit Card,64087.49
TXN004709,2026-02-16,CUST91845,Indore,Fashion,NetBanking,31506.4
TXN004710,2026-05-09,CUST68113,Indore,Fashion,UPI,49184.44
TXN004711,2026-06-25,CUST94399,Delhi,Electronics,Credit Card,52950.42
TXN004712,2026-04-21,CUST59245,Bengaluru,Electronics,Wallet,16764.95
TXN004713,2026-03-22,CUST22082,Mumbai,Fuel,Debit Card,16850.35
TXN004714,2026-04-19,CUST32530,Coimbatore,Fuel,Debit Card,36506.17
TXN004715,2026-04-06,CUST77456,Coimbatore,Grocery,Credit Card,76021.94
TXN004716,2026-05-23,CUST28203,Lucknow,Fuel,Credit Card,18340.94
TXN004717,2026-02-26,CUST11517,Pune,Healthcare,Wallet,61901.81
TXN004718,2026-02-05,CUST93277,visakhapatnam,Fuel,UPI,82957.07
TXN004719,2026-05-30,CUST14554,Pune,Grocery,Debit Card,54436.29
TXN004720,2026-03-11,CUST50876,Delhi,Healthcare,NetBanking,77198.36
TXN004721,2026-01-01,CUST96243,Pune,Travel,Wallet,43232.53
TXN004722,2026-04-13,CUST95855,Kolkata,Electronics,Debit Card,72097.51
TXN004723,2026-04-07,CUST15646,Pune,Travel,Credit Card,15916.34
TXN004724,2026-03-25,CUST21725,coimbatore,Healthcare,Credit Card,45832.87
TXN004725,2026-03-09,CUST32229,Vijayawada,Grocery,UPI,14497.27
TXN004726,2026-03-18,CUST41982,Coimbatore,Fashion,Debit Card,45027.2
TXN004727,2026-06-15,CUST81744,Kolkata,Fuel,Debit Card,75052.26
TXN004728,2026-02-19,CUST26222,Delhi,Electronics,UPI,65501.85
TXN004729,2026-03-22,CUST65189,Indore,Utilities,Credit Card,31791.19
TXN004730,2026-02-18,CUST36297,HYDERABAD,Utilities,Wallet,22405.34
TXN004731,2026-01-05,CUST19233, Pune ,Utilities,NetBanking,62655.24
TXN004732,2026-02-04,CUST75915,Chennai,Grocery,NetBanking,21861.32
TXN004733,2026-03-05,CUST10525,Hyderabad,Utilities,UPI,57223.11
TXN004734,2026-02-25,CUST99652,Visakhapatnam,Healthcare,Debit Card,28369.4
TXN004735,2026-03-02,CUST38101,Vijayawada,Electronics,Wallet,38175.61
TXN004736,2026-02-13,CUST79017,Mumbai,Utilities,NetBanking,50809.21
TXN004737,2026-01-24,CUST23187,chennai,Grocery,NetBanking,46973.99
TXN004738,2026-02-26,CUST55039,Indore,Restaurants,Wallet,54979.53
TXN004739,2026-05-04,CUST90096,Indore,Fuel,Wallet,60139.08
TXN004740,2026-01-31,CUST38296,kolkata,Grocery,Debit Card,19261.61
TXN004741,2026-02-09,CUST33786,Kolkata,Electronics,Debit Card,7278.35
TXN004742,2026-05-27,CUST97398,INDORE,Utilities,Wallet,40578.05
TXN004743,2026-02-25,CUST84617,Coimbatore,Fuel,UPI,51208.54
TXN004744,2026-01-17,CUST16276,Nagpur,Fashion,NetBanking,68974.69
TXN004745,2026-06-19,CUST26123,Pune,Utilities,UPI,39641.32
TXN004746,2026-05-23,CUST53533,Kolkata,Travel,Debit Card,28172.28
TXN004747,2026-06-20,CUST32430,coimbatore,Travel,Wallet,81525.08
TXN004748,2026-04-01,CUST45092,jaipur,Fashion,Credit Card,52261.96
TXN004749,2026-02-14,CUST66110,Nagpur,Travel,UPI,1559.63
TXN004750,2026-05-07,CUST31403,Chennai,Grocery,Wallet,61593.39
TXN004751,2026-01-04,CUST16748,vijayawada,Restaurants,UPI,49087.31
TXN004752,2026-03-24,CUST70192,Chennai,Travel,Credit Card,2486.49
TXN004753,2026-03-27,CUST53833,Coimbatore,Travel,NetBanking,17826.93
TXN004754,2026-05-17,CUST85072,Kolkata,Fuel,Credit Card,40795.0
TXN004755,2026-01-31,CUST97615,Chennai,Fashion,Credit Card,54618.79
TXN004756,2026-04-11,CUST56788,Kolkata,Grocery,Credit Card,35963.99
TXN004757,2026-04-10,CUST22621,Nagpur,Utilities,Wallet,78889.88
TXN004758,2026-05-05,CUST90154,chennai,Restaurants,Debit Card,59644.78
TXN004759,2026-06-11,CUST64559,LUCKNOW,Electronics,UPI,10432.44
TXN004760,2026-05-23,CUST55104,Lucknow,Grocery,Credit Card,49713.65
TXN004761,2026-02-11,CUST22799,indore,Utilities,Credit Card,7418.21
TXN004762,2026-05-23,CUST81044, Delhi ,Fuel,Debit Card,54315.83
TXN004763,2026-01-01,CUST69566,Chennai,Restaurants,Credit Card,856.56
TXN004764,2026-06-08,CUST28254,Hyderabad,Fashion,UPI,78416.87
TXN004765,2026-01-04,CUST15422,Indore,Fashion,Wallet,76721.27
TXN004766,2026-05-29,CUST95031,Coimbatore,Utilities,Credit Card,84915.02
TXN004767,2026-06-20,CUST41850,pune,Fuel,NetBanking,36908.52
TXN004768,2026-06-18,CUST73899,Bengaluru,Fashion,Wallet,38734.34
TXN004769,2026-02-27,CUST57449, Jaipur ,Travel,UPI,2613.14
TXN004770,2026-06-26,CUST49699,Lucknow,Utilities,UPI,77875.04
TXN004771,2026-01-06,CUST15194,Vijayawada,Restaurants,Debit Card,30084.11
TXN004772,2026-04-20,CUST83302,Chennai,Utilities,Wallet,27895.7
TXN004773,2026-04-04,CUST79911,Lucknow,Fuel,UPI,70246.31
TXN004774,2026-01-08,CUST52098, Indore ,Travel,Wallet,70107.4
TXN004775,2026-03-28,CUST35197,Coimbatore,Restaurants,NetBanking,19969.73
TXN004776,2026-01-04,CUST73671,Hyderabad,Restaurants,Credit Card,40632.51
TXN004777,2026-06-12,CUST93521,Chennai,Grocery,NetBanking,74066.99
TXN004778,2026-06-24,CUST15904,Delhi,Fuel,Credit Card,52903.39
TXN004779,2026-02-09,CUST28595,Jaipur,Fashion,Credit Card,49736.18
TXN004780,2026-04-12,CUST27424,Jaipur,Fashion,Credit Card,61449.77
TXN004781,2026-04-09,CUST67558,Pune,Fuel,Credit Card,56232.33
TXN004782,2026-03-30,CUST61997,BENGALURU,Electronics,Debit Card,1586.06
TXN004783,2026-06-18,CUST81156,Kolkata,Fuel,Credit Card,35255.89
TXN004784,2026-01-09,CUST22104, Kolkata ,Fuel,UPI,68884.7
TXN004785,2026-06-17,CUST51481,Indore,Grocery,UPI,9132.15
TXN004786,2026-02-22,CUST92321,vijayawada,Grocery,UPI,43272.21
TXN004787,2026-03-29,CUST81899,Lucknow,Travel,UPI,16787.37
TXN004788,2026-06-29,CUST26842,Lucknow,Healthcare,Debit Card,42061.13
TXN004789,2026-04-29,CUST93918,jaipur,Restaurants,Credit Card,73964.77
TXN004790,2026-05-15,CUST49009, Lucknow ,Fuel,Debit Card,63599.13
TXN004791,2026-04-27,CUST37096,LUCKNOW,Healthcare,Wallet,53579.47
TXN004792,2026-01-24,CUST95135, Indore ,Fuel,Credit Card,76309.9
TXN004793,2026-04-18,CUST66248,Kolkata,Restaurants,Credit Card,58186.89
TXN004794,2026-02-03,CUST53162,Kolkata,Electronics,UPI,48096.36
TXN004795,2026-01-28,CUST99148, Visakhapatnam ,Fashion,UPI,5183.49
TXN004796,2026-06-15,CUST49770,LUCKNOW,Electronics,UPI,8688.14
TXN004797,2026-01-08,CUST85475,Visakhapatnam,Grocery,NetBanking,3006.95
TXN004798,2026-06-06,CUST72925,MUMBAI,Grocery,Wallet,59092.59
TXN004799,2026-04-15,CUST18010,Visakhapatnam,Grocery,UPI,40524.24
TXN004800,2026-06-17,CUST69342, Jaipur ,Electronics,Wallet,50902.67
TXN004801,2026-02-13,CUST73876,Bengaluru,Utilities,Debit Card,17648.68
TXN004802,2026-06-01,CUST21047,Mumbai,Restaurants,NetBanking,46487.8
TXN004803,2026-05-19,CUST98502,Jaipur,Electronics,NetBanking,65746.34
TXN004804,2026-02-02,CUST82488,Kolkata,Utilities,Wallet,28941.86
TXN004805,2026-03-05,CUST63873,Mumbai,Grocery,UPI,19180.99
TXN004806,2026-01-22,CUST93191,DELHI,Travel,Credit Card,52700.23
TXN004807,2026-01-30,CUST45082,Nagpur,Fashion,UPI,52601.24
TXN004808,2026-05-05,CUST17090,Delhi,Travel,Wallet,62858.88
TXN004809,2026-01-08,CUST87218,JAIPUR,Grocery,Wallet,56924.48
TXN004810,2026-01-24,CUST47946,Mumbai,Grocery,Wallet,65252.57
TXN004811,2026-05-12,CUST95950,Bengaluru,Grocery,NetBanking,22225.26
TXN004812,2026-01-24,CUST72430,Jaipur,Grocery,UPI,4406.89
TXN004813,2026-02-24,CUST60797,Kolkata,Fuel,Wallet,72041.22
TXN004814,2026-04-22,CUST99132,Pune,Fuel,NetBanking,43000.14
TXN004815,2026-04-02,CUST45714,Vijayawada,Restaurants,NetBanking,44997.53
TXN004816,2026-02-18,CUST13387,Bengaluru,Fuel,Credit Card,49533.34
TXN004817,2026-02-11,CUST94833,chennai,Restaurants,NetBanking,58098.44
TXN004818,2026-03-27,CUST56521,Hyderabad,Healthcare,Wallet,59846.8
TXN004819,2026-05-01,CUST66458,Bengaluru,Utilities,Credit Card,1351.98
TXN004820,2026-01-20,CUST53187,Indore,Restaurants,Debit Card,61126.86
TXN004821,2026-03-01,CUST55513,Indore,Grocery,NetBanking,5852.6
TXN004822,2026-04-29,CUST42233, Mumbai ,Restaurants,Wallet,78503.23
TXN004823,2026-04-06,CUST74676,Bengaluru,Electronics,Credit Card,55498.69
TXN004824,2026-04-20,CUST34913,Nagpur,Healthcare,Debit Card,29823.82
TXN004825,2026-01-28,CUST22101,Vijayawada,Electronics,NetBanking,42744.12
TXN004826,2026-02-13,CUST13710,Visakhapatnam,Fashion,Credit Card,7032.89
TXN004827,2026-04-11,CUST45499,Jaipur,Restaurants,UPI,26365.74
TXN004828,2026-06-04,CUST55585,NAGPUR,Travel,Credit Card,32341.41
TXN004829,2026-06-25,CUST93368,Delhi,Healthcare,Wallet,18463.63
TXN004830,2026-01-17,CUST33829, Lucknow ,Electronics,Wallet,55429.25
TXN004831,2026-01-07,CUST45167,Mumbai,Grocery,Credit Card,48634.68
TXN004832,2026-04-01,CUST24461,VISAKHAPATNAM,Healthcare,NetBanking,39814.25
TXN004833,2026-03-22,CUST14836,Visakhapatnam,Travel,UPI,45672.62
TXN004834,2026-05-08,CUST16936,Jaipur,Grocery,Credit Card,80901.79
TXN004835,2026-06-21,CUST16921,Nagpur,Restaurants,Credit Card,57279.01
TXN004836,2026-03-09,CUST28435,Chennai,Grocery,Wallet,65906.68
TXN004837,2026-04-27,CUST27317,Bengaluru,Fashion,UPI,3648.56
TXN004838,2026-06-19,CUST53955,Bengaluru,Electronics,NetBanking,21883.07
TXN004839,2026-05-03,CUST65618,vijayawada,Restaurants,Wallet,41102.3
TXN004840,2026-01-09,CUST61007,Delhi,Electronics,NetBanking,79907.24
TXN004841,2026-01-29,CUST72450,Mumbai,Healthcare,Wallet,29691.34
TXN004842,2026-06-12,CUST98010,Chennai,Travel,Debit Card,39219.25
TXN004843,2026-05-26,CUST27624,pune,Healthcare,Credit Card,31562.47
TXN004844,2026-03-08,CUST46688,Hyderabad,Electronics,Debit Card,46769.82
TXN004845,2026-05-01,CUST89239,Nagpur,Travel,UPI,29699.96
TXN004846,2026-05-30,CUST11775,Chennai,Healthcare,Debit Card,32997.74
TXN004847,2026-01-14,CUST31740,Indore,Healthcare,Credit Card,3976.46
TXN004848,2026-06-15,CUST53195,Delhi,Healthcare,UPI,15486.1
TXN004849,2026-06-14,CUST82565, Jaipur ,Restaurants,Credit Card,64355.81
TXN004850,2026-02-21,CUST18825,Delhi,Fuel,Debit Card,26427.55
TXN004851,2026-04-16,CUST39503,Coimbatore,Restaurants,Debit Card,44714.65
TXN004852,2026-06-23,CUST64202,Bengaluru,Healthcare,Wallet,63775.92
TXN004853,2026-04-02,CUST11998,Kolkata,Fuel,Credit Card,70956.59
TXN004854,2026-05-26,CUST41609,Indore,Grocery,NetBanking,19043.76
TXN004855,2026-01-14,CUST21024, Nagpur ,Grocery,NetBanking,75769.59
TXN004856,2026-05-12,CUST45674,Delhi,Restaurants,Wallet,5735.45
TXN004857,2026-04-18,CUST74534,Pune,Grocery,Wallet,48688.24
TXN004858,2026-04-03,CUST55106,Visakhapatnam,Healthcare,UPI,44478.73
TXN004859,2026-03-11,CUST22203,visakhapatnam,Grocery,Wallet,35291.34
TXN004860,2026-05-04,CUST81176, Hyderabad ,Fashion,NetBanking,6488.12
TXN004861,2026-04-09,CUST65664,kolkata,Fashion,NetBanking,3032.67
TXN004862,2026-06-26,CUST87443,Coimbatore,Healthcare,NetBanking,52498.69
TXN004863,2026-06-21,CUST29159,Bengaluru,Fashion,Credit Card,70552.87
TXN004864,2026-06-09,CUST96800,Bengaluru,Restaurants,UPI,12631.6
TXN004865,2026-05-31,CUST42403, Chennai ,Fuel,UPI,48660.1
TXN004866,2026-03-20,CUST14842,Lucknow,Restaurants,Credit Card,52509.46
TXN004867,2026-04-08,CUST20425,CHENNAI,Utilities,NetBanking,79494.13
TXN004868,2026-04-07,CUST32653,vijayawada,Utilities,Wallet,52077.51
TXN004869,2026-03-01,CUST28620,Pune,Fashion,NetBanking,48335.13
TXN004870,2026-04-12,CUST38795,COIMBATORE,Fuel,Wallet,6377.4
TXN004871,2026-04-27,CUST79686,Hyderabad,Restaurants,Wallet,24063.22
TXN004872,2026-06-14,CUST23933,Chennai,Fuel,Wallet,28477.12
TXN004873,2026-04-02,CUST70755, Mumbai ,Electronics,Debit Card,52369.06
TXN004874,2026-01-31,CUST45589,CHENNAI,Fashion,Wallet,84703.97
TXN004875,2026-04-03,CUST92234,Nagpur,Electronics,Credit Card,21256.54
TXN004876,2026-05-24,CUST59529,Mumbai,Healthcare,NetBanking,54301.14
TXN004877,2026-06-29,CUST86954, Pune ,Restaurants,UPI,72751.61
TXN004878,2026-01-22,CUST66885,Bengaluru,Fashion,UPI,61758.18
TXN004879,2026-01-28,CUST31898,kolkata,Utilities,NetBanking,79232.43
TXN004880,2026-03-17,CUST40992, Jaipur ,Electronics,UPI,40173.71
TXN004881,2026-01-27,CUST41553,Lucknow,Restaurants,Credit Card,43427.61
TXN004882,2026-01-03,CUST61318,nagpur,Travel,Debit Card,81663.99
TXN004883,2026-05-14,CUST45662,Hyderabad,Utilities,NetBanking,4778.07
TXN004884,2026-06-04,CUST90923,Chennai,Grocery,UPI,39743.69
TXN004885,2026-06-18,CUST28535,kolkata,Restaurants,UPI,55695.53
TXN004886,2026-02-22,CUST42858,Coimbatore,Electronics,Wallet,52918.86
TXN004887,2026-02-14,CUST96147,Chennai,Grocery,Wallet,44887.89
TXN004888,2026-06-19,CUST23779, Chennai ,Fashion,UPI,9995.66
TXN004889,2026-03-27,CUST83376,Mumbai,Travel,Debit Card,78984.63
TXN004890,2026-05-31,CUST47446,KOLKATA,Electronics,Debit Card,47814.59
TXN004891,2026-01-07,CUST98277,Visakhapatnam,Utilities,Credit Card,36611.06
TXN004892,2026-03-27,CUST30672, Kolkata ,Restaurants,Debit Card,24818.67
TXN004893,2026-04-18,CUST17241,Delhi,Utilities,UPI,22986.01
TXN004894,2026-03-11,CUST85283, Delhi ,Grocery,Wallet,47009.35
TXN004895,2026-03-23,CUST77043,Visakhapatnam,Utilities,Debit Card,51243.2
TXN004896,2026-04-15,CUST87815,Hyderabad,Grocery,Credit Card,83178.1
TXN004897,2026-06-27,CUST67475,Lucknow,Utilities,Wallet,66328.79
TXN004898,2026-06-09,CUST77656,Jaipur,Grocery,Debit Card,61998.04
TXN004899,2026-03-09,CUST74378,Bengaluru,Healthcare,UPI,64850.38
TXN004900,2026-04-03,CUST82138,Vijayawada,Travel,Credit Card,81700.45
TXN004901,2026-06-01,CUST58643,Delhi,Fashion,Wallet,21541.5
TXN004902,2026-05-21,CUST48653,Coimbatore,Fuel,Credit Card,13931.53
TXN004903,2026-03-25,CUST55581, Pune ,Utilities,NetBanking,39820.99
TXN004904,2026-05-04,CUST48497,Indore,Fuel,Credit Card,59730.29
TXN004905,2026-06-14,CUST84144,Delhi,Electronics,Wallet,56727.74
TXN004906,2026-04-26,CUST14673,HYDERABAD,Restaurants,Wallet,14688.87
TXN004907,2026-01-05,CUST87874,visakhapatnam,Fuel,Wallet,74430.86
TXN004908,2026-03-03,CUST41985, Indore ,Electronics,NetBanking,52532.1
TXN004909,2026-02-20,CUST92023,Bengaluru,Grocery,UPI,40681.73
TXN004910,2026-02-05,CUST62667, Hyderabad ,Grocery,Credit Card,27259.2
TXN004911,2026-06-24,CUST71911,Nagpur,Grocery,Debit Card,33994.47
TXN004912,2026-02-23,CUST92710,Coimbatore,Healthcare,NetBanking,36039.05
TXN004913,2026-01-23,CUST88832, Visakhapatnam ,Restaurants,NetBanking,52575.2
TXN004914,2026-06-10,CUST12630,Jaipur,Electronics,UPI,53332.38
TXN004915,2026-03-29,CUST81339,Nagpur,Travel,NetBanking,57962.3
TXN004916,2026-01-03,CUST99232,Indore,Restaurants,Credit Card,13769.55
TXN004917,2026-04-17,CUST30518,Mumbai,Fashion,Wallet,53066.56
TXN004918,2026-04-10,CUST16014,Lucknow,Restaurants,Wallet,1603.48
TXN004919,2026-02-14,CUST35737, Visakhapatnam ,Grocery,UPI,45941.39
TXN004920,2026-03-07,CUST19319,Vijayawada,Fuel,Debit Card,4532.31
TXN004921,2026-03-02,CUST36058,Chennai,Utilities,Wallet,62152.39
TXN004922,2026-05-15,CUST18164,Hyderabad,Fuel,UPI,42553.55
TXN004923,2026-04-18,CUST39188,Indore,Fuel,UPI,30204.87
TXN004924,2026-01-31,CUST40682, Pune ,Electronics,Wallet,16157.4
TXN004925,2026-02-14,CUST40867,Indore,Fuel,Wallet,26580.46
TXN004926,2026-01-07,CUST82589,Indore,Travel,NetBanking,2746.18
TXN004927,2026-06-02,CUST15692,Chennai,Electronics,NetBanking,79222.22
TXN004928,2026-01-12,CUST25133,pune,Healthcare,NetBanking,37748.99
TXN004929,2026-04-22,CUST17914,Bengaluru,Utilities,NetBanking,54046.09
TXN004930,2026-01-29,CUST10686,Visakhapatnam,Travel,Debit Card,8495.38
TXN004931,2026-02-03,CUST94330, Vijayawada ,Healthcare,Credit Card,43907.24
TXN004932,2026-01-24,CUST55032,Jaipur,Utilities,Credit Card,58910.3
TXN004933,2026-01-16,CUST16821,Bengaluru,Travel,Credit Card,2036.74
TXN004934,2026-05-02,CUST65621,Vijayawada,Electronics,Credit Card,7520.43
TXN004935,2026-03-31,CUST48818,Coimbatore,Restaurants,UPI,2843.82
TXN004936,2026-06-25,CUST24360,CHENNAI,Electronics,Credit Card,65232.02
TXN004937,2026-01-02,CUST37792,Vijayawada,Electronics,Wallet,9760.19
TXN004938,2026-02-08,CUST87320,Nagpur,Fashion,UPI,46369.14
TXN004939,2026-02-13,CUST52397,Delhi,Utilities,Debit Card,27800.3
TXN004940,2026-01-23,CUST29645,Hyderabad,Utilities,NetBanking,36786.94
TXN004941,2026-04-08,CUST40172,Vijayawada,Fashion,NetBanking,33342.96
TXN004942,2026-05-18,CUST95384, Kolkata ,Fashion,UPI,79177.74
TXN004943,2026-01-18,CUST10778,vijayawada,Restaurants,UPI,14568.63
TXN004944,2026-06-24,CUST94009,Vijayawada,Electronics,UPI,84392.96
TXN004945,2026-06-09,CUST53656,vijayawada,Restaurants,UPI,59888.61
TXN004946,2026-05-04,CUST47589, Chennai ,Fuel,Credit Card,56331.17
TXN004947,2026-06-01,CUST61634,Lucknow,Travel,UPI,30500.62
TXN004948,2026-06-15,CUST62046,Chennai,Utilities,Debit Card,37786.91
TXN004949,2026-01-19,CUST46163,COIMBATORE,Grocery,NetBanking,38946.4
TXN004950,2026-03-16,CUST18250,Kolkata,Utilities,NetBanking,56135.71
TXN004951,2026-04-26,CUST25775,Pune,Fuel,NetBanking,82197.19
TXN004952,2026-03-30,CUST62238,Visakhapatnam,Fashion,NetBanking,74416.08
TXN004953,2026-03-19,CUST98480, Pune ,Healthcare,UPI,55200.67
TXN004954,2026-04-25,CUST44651,Nagpur,Healthcare,Wallet,46653.85
TXN004955,2026-01-07,CUST26602,Hyderabad,Fuel,NetBanking,7389.16
TXN004956,2026-06-20,CUST52557, Jaipur ,Travel,Debit Card,56237.39
TXN004957,2026-06-08,CUST80401,Bengaluru,Travel,Wallet,4450.66
TXN004958,2026-02-13,CUST49350, Lucknow ,Travel,NetBanking,52112.67
TXN004959,2026-02-13,CUST60356,Lucknow,Grocery,Wallet,6691.59
TXN004960,2026-01-13,CUST41429,Visakhapatnam,Travel,Wallet,56480.3
TXN004961,2026-05-13,CUST94293, Bengaluru ,Grocery,Credit Card,67517.38
TXN004962,2026-03-05,CUST25278,Delhi,Electronics,Credit Card,57118.09
TXN004963,2026-04-20,CUST35713,Mumbai,Grocery,Wallet,65055.19
TXN004964,2026-06-22,CUST25329, Coimbatore ,Fashion,NetBanking,22298.43
TXN004965,2026-05-31,CUST12881,Coimbatore,Healthcare,UPI,44810.51
TXN004966,2026-02-09,CUST73578,Nagpur,Fuel,UPI,40880.99
TXN004967,2026-03-23,CUST70741,chennai,Grocery,Wallet,49089.36
TXN004968,2026-05-20,CUST57290,Kolkata,Restaurants,Credit Card,77468.36
TXN004969,2026-01-23,CUST23600,DELHI,Grocery,Debit Card,59275.91
TXN004970,2026-03-18,CUST93786,HYDERABAD,Utilities,Wallet,14315.64
TXN004971,2026-01-16,CUST82622,NAGPUR,Utilities,Credit Card,28551.69
TXN004972,2026-05-05,CUST55584,Chennai,Fashion,Credit Card,42929.79
TXN004973,2026-03-28,CUST28756,Kolkata,Fashion,UPI,82587.77
TXN004974,2026-05-18,CUST24397,Pune,Fashion,NetBanking,40013.89
TXN004975,2026-03-08,CUST52661,Coimbatore,Grocery,Wallet,5374.66
TXN004976,2026-04-19,CUST42769,Kolkata,Travel,Debit Card,63709.95
TXN004977,2026-01-26,CUST79007,lucknow,Travel,Debit Card,61476.35
TXN004978,2026-01-04,CUST62859,Bengaluru,Fashion,Credit Card,32353.19
TXN004979,2026-06-21,CUST57496,Mumbai,Fashion,Debit Card,70595.04
TXN004980,2026-03-27,CUST23157,Kolkata,Grocery,UPI,60441.52
TXN004981,2026-02-24,CUST96835,Delhi,Fashion,Credit Card,25525.06
TXN004982,2026-01-15,CUST79810,mumbai,Restaurants,Wallet,8473.32
TXN004983,2026-01-16,CUST84414, Pune ,Fashion,Debit Card,33988.48
TXN004984,2026-03-31,CUST68946,Indore,Fashion,UPI,19694.87
TXN004985,2026-06-13,CUST66367,COIMBATORE,Electronics,Wallet,17377.93
TXN004986,2026-04-17,CUST64770,Lucknow,Electronics,Credit Card,41634.29
TXN004987,2026-06-07,CUST90971,INDORE,Grocery,Wallet,18323.78
TXN004988,2026-05-12,CUST36285,Coimbatore,Healthcare,NetBanking,14535.73
TXN004989,2026-06-11,CUST14703,Mumbai,Utilities,NetBanking,31895.76
TXN004990,2026-01-20,CUST58095,Pune,Travel,NetBanking,73580.91
TXN004991,2026-04-08,CUST73608, Jaipur ,Utilities,Wallet,21562.06
TXN004992,2026-03-19,CUST96565,Indore,Restaurants,Wallet,7931.73
TXN004993,2026-02-20,CUST37735,Nagpur,Utilities,Wallet,56491.3
TXN004994,2026-04-20,CUST77829,Bengaluru,Grocery,Debit Card,10365.58
TXN004995,2026-05-13,CUST87655, Coimbatore ,Grocery,UPI,81515.24
TXN004996,2026-02-19,CUST29802,Delhi,Fashion,Debit Card,45657.72
TXN004997,2026-06-19,CUST77920,Hyderabad,Travel,Wallet,68200.06
TXN004998,2026-01-21,CUST64506,bengaluru,Healthcare,Credit Card,29113.27
TXN004999,2026-02-27,CUST62828,MUMBAI,Utilities,Credit Card,63495.56
TXN005000,2026-02-19,CUST84129,Delhi,Fashion,Credit Card,47645.93
